{"type": "FeatureCollection", "features": [{"type": "Feature", "properties": {"stop_id": "4240058", "stop_name": "KU EDWARDS", "route_count": 2, "frequent": false}, "geometry": {"type": "Point", "coordinates": [-94.725339, 38.900841]}}, {"type": "Feature", "properties": {"stop_id": "4239509", "stop_name": "JOHNSON COUNTY COMMUNITY COLLEGE CARLSEN CENTER", "route_count": 5, "frequent": false}, "geometry": {"type": "Point", "coordinates": [-94.727834, 38.925719]}}, {"type": "Feature", "properties": {"stop_id": "4245752", "stop_name": "Central Station", "route_count": 1, "frequent": false}, "geometry": {"type": "Point", "coordinates": [-95.26621888099625, 38.95645010449644]}}, {"type": "Feature", "properties": {"stop_id": "4240019", "stop_name": "ON TROOST AT 51ST SB", "route_count": 1, "frequent": false}, "geometry": {"type": "Point", "coordinates": [-94.573454, 39.034312]}}, {"type": "Feature", "properties": {"stop_id": "4240889", "stop_name": "ON ROCKHILL AT 52ND NORTHBOUND FARSIDE", "route_count": 1, "frequent": false}, "geometry": {"type": "Point", "coordinates": [-94.575701, 39.032806]}}, {"type": "Feature", "properties": {"stop_id": "4240922", "stop_name": "ON ROCKHILL ROAD AT 51ST ST NORTHBOUND", "route_count": 1, "frequent": false}, "geometry": {"type": "Point", "coordinates": [-94.575598, 39.034413]}}, {"type": "Feature", "properties": {"stop_id": "4241043", "stop_name": "ON CLEAVER II BLVD AT OAK WESTBOUND", "route_count": 1, "frequent": false}, "geometry": {"type": "Point", "coordinates": [-94.583365, 39.042144]}}, {"type": "Feature", "properties": {"stop_id": "4241044", "stop_name": "ON CLEAVER II BLVD AT MAIN WESTBOUND", "route_count": 1, "frequent": false}, "geometry": {"type": "Point", "coordinates": [-94.586276, 39.042254]}}, {"type": "Feature", "properties": {"stop_id": "4240929", "stop_name": "ON W 47TH AT JC NICHOLS WESTBOUND NEARSIDE", "route_count": 1, "frequent": false}, "geometry": {"type": "Point", "coordinates": [-94.587911, 39.042317]}}, {"type": "Feature", "properties": {"stop_id": "4238538", "stop_name": "ON 47TH AT WYANDOTTE WESTBOUND NEARSIDE", "route_count": 1, "frequent": false}, "geometry": {"type": "Point", "coordinates": [-94.589156, 39.042347]}}, {"type": "Feature", "properties": {"stop_id": "4241045", "stop_name": "ON 47TH AT BROADWAY WESTBOUND FARSIDE", "route_count": 1, "frequent": false}, "geometry": {"type": "Point", "coordinates": [-94.591758, 39.042437]}}, {"type": "Feature", "properties": {"stop_id": "4240920", "stop_name": "ON 47TH ST AT JEFFERSON ST WESTBOUND FARSIDE", "route_count": 1, "frequent": false}, "geometry": {"type": "Point", "coordinates": [-94.595442, 39.042505]}}, {"type": "Feature", "properties": {"stop_id": "4241171", "stop_name": "ON BELLEVIEW AT 48TH SOUTHBOUND", "route_count": 1, "frequent": false}, "geometry": {"type": "Point", "coordinates": [-94.598681, 39.040906]}}, {"type": "Feature", "properties": {"stop_id": "4241172", "stop_name": "ON WARD PKWY AT 51ST SOUTHBOUND", "route_count": 1, "frequent": false}, "geometry": {"type": "Point", "coordinates": [-94.602217, 39.0356]}}, {"type": "Feature", "properties": {"stop_id": "4240918", "stop_name": "SHAWNEE MISSION PKWY AT BELINDER ROAD WB", "route_count": 1, "frequent": false}, "geometry": {"type": "Point", "coordinates": [-94.616412, 39.033367]}}, {"type": "Feature", "properties": {"stop_id": "4240916", "stop_name": "SHAWNEE MISSION PKWY AT MISSION ROAD WB", "route_count": 1, "frequent": false}, "geometry": {"type": "Point", "coordinates": [-94.626686, 39.029742]}}, {"type": "Feature", "properties": {"stop_id": "4240914", "stop_name": "ON JOHNSON DR AT ROE AVE WB", "route_count": 3, "frequent": false}, "geometry": {"type": "Point", "coordinates": [-94.640652, 39.024967]}}, {"type": "Feature", "properties": {"stop_id": "4241786", "stop_name": "MISSION TRANSIT CENTER BAY #2", "route_count": 1, "frequent": false}, "geometry": {"type": "Point", "coordinates": [-94.645852, 39.023112]}}, {"type": "Feature", "properties": {"stop_id": "4240769", "stop_name": "ON MARTWAY BETWEEN OUTLOOK & WOODSON WB", "route_count": 3, "frequent": false}, "geometry": {"type": "Point", "coordinates": [-94.65307, 39.019919]}}, {"type": "Feature", "properties": {"stop_id": "4240912", "stop_name": "ON MARTWAY ST AT LAMAR AVE WB", "route_count": 3, "frequent": false}, "geometry": {"type": "Point", "coordinates": [-94.657325, 39.019863]}}, {"type": "Feature", "properties": {"stop_id": "4240927", "stop_name": "ON BROADMOOR ST AT MARTWAY ST", "route_count": 1, "frequent": false}, "geometry": {"type": "Point", "coordinates": [-94.665706, 39.020367]}}, {"type": "Feature", "properties": {"stop_id": "4240926", "stop_name": "ON METCALF AT 65TH ST SOUTHBOUND", "route_count": 2, "frequent": false}, "geometry": {"type": "Point", "coordinates": [-94.667821, 39.011412]}}, {"type": "Feature", "properties": {"stop_id": "4240925", "stop_name": "ON METCALF AT 71ST ST SOUTHBOUND", "route_count": 2, "frequent": false}, "geometry": {"type": "Point", "coordinates": [-94.667836, 39.000137]}}, {"type": "Feature", "properties": {"stop_id": "4240924", "stop_name": "ON METCALF AT 75TH ST SOUTHBOUND", "route_count": 2, "frequent": false}, "geometry": {"type": "Point", "coordinates": [-94.667858, 38.993326]}}, {"type": "Feature", "properties": {"stop_id": "4249127", "stop_name": "Metcalf Ave and Floyd St", "route_count": 2, "frequent": false}, "geometry": {"type": "Point", "coordinates": [-94.66775718486825, 38.98175034531596]}}, {"type": "Feature", "properties": {"stop_id": "4240906", "stop_name": "ON METCALF AT 87TH ST SOUTHBOUND", "route_count": 2, "frequent": false}, "geometry": {"type": "Point", "coordinates": [-94.667812, 38.970974]}}, {"type": "Feature", "properties": {"stop_id": "4240904", "stop_name": "ON METCALF AT 91ST ST SB", "route_count": 2, "frequent": false}, "geometry": {"type": "Point", "coordinates": [-94.667855, 38.963601]}}, {"type": "Feature", "properties": {"stop_id": "4239459", "stop_name": "ON METCALF AT 95TH ST SOUTHBOUND FARSIDE", "route_count": 2, "frequent": false}, "geometry": {"type": "Point", "coordinates": [-94.667817, 38.956475]}}, {"type": "Feature", "properties": {"stop_id": "4240902", "stop_name": "ON METCALF BETWEEN 99TH ST AND 101ST ST SB", "route_count": 2, "frequent": false}, "geometry": {"type": "Point", "coordinates": [-94.667743, 38.946221]}}, {"type": "Feature", "properties": {"stop_id": "4238783", "stop_name": "ON METCALF AT W 105TH SB", "route_count": 2, "frequent": false}, "geometry": {"type": "Point", "coordinates": [-94.667726, 38.938501]}}, {"type": "Feature", "properties": {"stop_id": "4240760", "stop_name": "ON METCALF AT 110TH SOUTHBOUND", "route_count": 2, "frequent": false}, "geometry": {"type": "Point", "coordinates": [-94.667995, 38.928886]}}, {"type": "Feature", "properties": {"stop_id": "4238781", "stop_name": "ON 115TH AT KOHL'S ACCESS RD EB", "route_count": 2, "frequent": false}, "geometry": {"type": "Point", "coordinates": [-94.665781, 38.917367]}}, {"type": "Feature", "properties": {"stop_id": "4238784", "stop_name": "119TH & METCALF WALMART", "route_count": 1, "frequent": false}, "geometry": {"type": "Point", "coordinates": [-94.666812, 38.914768]}}, {"type": "Feature", "properties": {"stop_id": "4240745", "stop_name": "ON 119TH AT LOWELL WESTBOUND NEARSIDE", "route_count": 1, "frequent": false}, "geometry": {"type": "Point", "coordinates": [-94.676932, 38.913022]}}, {"type": "Feature", "properties": {"stop_id": "4240747", "stop_name": "ON 119TH AT HEMLOCK WESTBOUND NEARSIDE", "route_count": 1, "frequent": false}, "geometry": {"type": "Point", "coordinates": [-94.682712, 38.913008]}}, {"type": "Feature", "properties": {"stop_id": "4240749", "stop_name": "ON 119TH AT GRANT WESTBOUND FARSIDE", "route_count": 1, "frequent": false}, "geometry": {"type": "Point", "coordinates": [-94.690597, 38.912991]}}, {"type": "Feature", "properties": {"stop_id": "4240751", "stop_name": "ON W 119TH AT FARLEY WESTBOUND FARSIDE", "route_count": 1, "frequent": false}, "geometry": {"type": "Point", "coordinates": [-94.695112, 38.912982]}}, {"type": "Feature", "properties": {"stop_id": "4240754", "stop_name": "ON 119TH AT SWITZER WESTBOUND FARSIDE", "route_count": 1, "frequent": false}, "geometry": {"type": "Point", "coordinates": [-94.705399, 38.912951]}}, {"type": "Feature", "properties": {"stop_id": "4240757", "stop_name": "ON 119TH AT NIEMAN WESTBOUND", "route_count": 1, "frequent": false}, "geometry": {"type": "Point", "coordinates": [-94.713066, 38.912949]}}, {"type": "Feature", "properties": {"stop_id": "4240759", "stop_name": "ON 119TH AT INDIAN CREEK PARKWAY WESTBOUND", "route_count": 1, "frequent": false}, "geometry": {"type": "Point", "coordinates": [-94.719951, 38.912968]}}, {"type": "Feature", "properties": {"stop_id": "4241441", "stop_name": "ON QUIVIRA AT 119TH NORTHBOUND FARSIDE", "route_count": 2, "frequent": false}, "geometry": {"type": "Point", "coordinates": [-94.723536, 38.913037]}}, {"type": "Feature", "properties": {"stop_id": "4241443", "stop_name": "ON QUIVIRA AT 116TH ST NORTHBOUND FARSIDE", "route_count": 2, "frequent": false}, "geometry": {"type": "Point", "coordinates": [-94.723484, 38.918806]}}, {"type": "Feature", "properties": {"stop_id": "4240980", "stop_name": "Lenexa City Center", "route_count": 3, "frequent": false}, "geometry": {"type": "Point", "coordinates": [-94.781781, 38.970277]}}, {"type": "Feature", "properties": {"stop_id": "4238723", "stop_name": "City Center Drive", "route_count": 1, "frequent": false}, "geometry": {"type": "Point", "coordinates": [-94.78009382539607, 38.968935816341016]}}, {"type": "Feature", "properties": {"stop_id": "4238722", "stop_name": "Renner Road", "route_count": 1, "frequent": false}, "geometry": {"type": "Point", "coordinates": [-94.77957822812962, 38.97055626837572]}}, {"type": "Feature", "properties": {"stop_id": "4238721", "stop_name": "Maurer Road EB", "route_count": 1, "frequent": false}, "geometry": {"type": "Point", "coordinates": [-94.77195899271338, 38.97094578630639]}}, {"type": "Feature", "properties": {"stop_id": "4238720", "stop_name": "Allman Road EB", "route_count": 1, "frequent": false}, "geometry": {"type": "Point", "coordinates": [-94.76645763389423, 38.970948213574275]}}, {"type": "Feature", "properties": {"stop_id": "4238719", "stop_name": "Lackman Road EB", "route_count": 1, "frequent": false}, "geometry": {"type": "Point", "coordinates": [-94.7607886187938, 38.9709513912869]}}, {"type": "Feature", "properties": {"stop_id": "4238718", "stop_name": "Greenway Lane EB", "route_count": 1, "frequent": false}, "geometry": {"type": "Point", "coordinates": [-94.75322293951324, 38.97096717699392]}}, {"type": "Feature", "properties": {"stop_id": "4238717", "stop_name": "Candlelight Lane EB", "route_count": 1, "frequent": false}, "geometry": {"type": "Point", "coordinates": [-94.74610355993467, 38.97107288768089]}}, {"type": "Feature", "properties": {"stop_id": "4238716", "stop_name": "Haskins Place EB", "route_count": 1, "frequent": false}, "geometry": {"type": "Point", "coordinates": [-94.74123620609319, 38.97095394890757]}}, {"type": "Feature", "properties": {"stop_id": "4238715", "stop_name": "Westchester Square (87th & Noland Rd)", "route_count": 1, "frequent": false}, "geometry": {"type": "Point", "coordinates": [-94.73840875889569, 38.9709222155766]}}, {"type": "Feature", "properties": {"stop_id": "4238714", "stop_name": "Rosehill Road EB", "route_count": 1, "frequent": false}, "geometry": {"type": "Point", "coordinates": [-94.7328201437453, 38.970920429772875]}}, {"type": "Feature", "properties": {"stop_id": "4238713", "stop_name": "Monrovia Street EB", "route_count": 1, "frequent": false}, "geometry": {"type": "Point", "coordinates": [-94.7284430191932, 38.9709309177142]}}, {"type": "Feature", "properties": {"stop_id": "4238712", "stop_name": "Quivira Road EB", "route_count": 1, "frequent": false}, "geometry": {"type": "Point", "coordinates": [-94.7234454076227, 38.970970014546]}}, {"type": "Feature", "properties": {"stop_id": "4238711", "stop_name": "Ballentine Street EB", "route_count": 1, "frequent": false}, "geometry": {"type": "Point", "coordinates": [-94.71081374536423, 38.970985949487854]}}, {"type": "Feature", "properties": {"stop_id": "4238710", "stop_name": "Switzer Street EB", "route_count": 1, "frequent": false}, "geometry": {"type": "Point", "coordinates": [-94.70511490309391, 38.97105343695446]}}, {"type": "Feature", "properties": {"stop_id": "4238709", "stop_name": "Central Resource Library (87th & Farley St)", "route_count": 1, "frequent": false}, "geometry": {"type": "Point", "coordinates": [-94.69972381888665, 38.97105906715656]}}, {"type": "Feature", "properties": {"stop_id": "4238708", "stop_name": "Grant Street EB", "route_count": 1, "frequent": false}, "geometry": {"type": "Point", "coordinates": [-94.6960234120016, 38.97108608550826]}}, {"type": "Feature", "properties": {"stop_id": "4238707", "stop_name": "Santa Fe Lane EB", "route_count": 1, "frequent": false}, "geometry": {"type": "Point", "coordinates": [-94.69186362571918, 38.97118536750106]}}, {"type": "Feature", "properties": {"stop_id": "4238706", "stop_name": "Santa Fe Drive & Antioch Road EB", "route_count": 1, "frequent": false}, "geometry": {"type": "Point", "coordinates": [-94.68644708256838, 38.97298433698813]}}, {"type": "Feature", "properties": {"stop_id": "4238705", "stop_name": "Santa Fe Drive & Shawnee Drive EB", "route_count": 1, "frequent": false}, "geometry": {"type": "Point", "coordinates": [-94.68009491452992, 38.97728863022939]}}, {"type": "Feature", "properties": {"stop_id": "4238704", "stop_name": "Santa Fe Drive & Newton Street EB", "route_count": 1, "frequent": false}, "geometry": {"type": "Point", "coordinates": [-94.67452232810342, 38.98141663381312]}}, {"type": "Feature", "properties": {"stop_id": "4249124", "stop_name": "W 80th St and Floyd St", "route_count": 1, "frequent": false}, "geometry": {"type": "Point", "coordinates": [-94.66909799489109, 38.98393549644305]}}, {"type": "Feature", "properties": {"stop_id": "4240909", "stop_name": "ON METCALF AT 75TH ST NORTHBOUND", "route_count": 3, "frequent": false}, "geometry": {"type": "Point", "coordinates": [-94.667561, 38.992933]}}, {"type": "Feature", "properties": {"stop_id": "4241505", "stop_name": "ON 75TH AT RIGGS ST EB", "route_count": 2, "frequent": false}, "geometry": {"type": "Point", "coordinates": [-94.662579, 38.993072]}}, {"type": "Feature", "properties": {"stop_id": "4241507", "stop_name": "ON 75TH ST AT LAMAR EB", "route_count": 2, "frequent": false}, "geometry": {"type": "Point", "coordinates": [-94.65848, 38.993056]}}, {"type": "Feature", "properties": {"stop_id": "4241671", "stop_name": "ON 75TH ST AT WOODSON EASTBOUND NEARSIDE", "route_count": 2, "frequent": false}, "geometry": {"type": "Point", "coordinates": [-94.653636, 38.99306]}}, {"type": "Feature", "properties": {"stop_id": "4238702", "stop_name": "Nall Avenue & Tomahawk Road EB", "route_count": 1, "frequent": false}, "geometry": {"type": "Point", "coordinates": [-94.64892603784601, 38.99369831659672]}}, {"type": "Feature", "properties": {"stop_id": "4238701", "stop_name": "Nall Avenue & 71st Street EB", "route_count": 1, "frequent": false}, "geometry": {"type": "Point", "coordinates": [-94.64899744012207, 39.00026113990515]}}, {"type": "Feature", "properties": {"stop_id": "4238700", "stop_name": "Nall Avenue & 67th Street EB", "route_count": 1, "frequent": false}, "geometry": {"type": "Point", "coordinates": [-94.64898948728091, 39.007009486557536]}}, {"type": "Feature", "properties": {"stop_id": "4238699", "stop_name": "Nall Avenue & 63rd Street EB", "route_count": 1, "frequent": false}, "geometry": {"type": "Point", "coordinates": [-94.64887152398887, 39.01461065371472]}}, {"type": "Feature", "properties": {"stop_id": "4240974", "stop_name": "ON NALL AT 61ST PLACE NORTHBOUND", "route_count": 1, "frequent": false}, "geometry": {"type": "Point", "coordinates": [-94.648918, 39.01744]}}, {"type": "Feature", "properties": {"stop_id": "4238697", "stop_name": "MISSION TRANSIT CENTER BAY #6", "route_count": 3, "frequent": false}, "geometry": {"type": "Point", "coordinates": [-94.64554582978346, 39.022589774422386]}}, {"type": "Feature", "properties": {"stop_id": "4240977", "stop_name": "ON NALL AT 61ST STREET SOUTHBOUND", "route_count": 1, "frequent": false}, "geometry": {"type": "Point", "coordinates": [-94.649144, 39.018634]}}, {"type": "Feature", "properties": {"stop_id": "4238388", "stop_name": "Nall Avenue & 63rd Terrace WB", "route_count": 1, "frequent": false}, "geometry": {"type": "Point", "coordinates": [-94.6491528516373, 39.01422004510679]}}, {"type": "Feature", "properties": {"stop_id": "4238387", "stop_name": "Nall Avenue & 67th Street WB", "route_count": 1, "frequent": false}, "geometry": {"type": "Point", "coordinates": [-94.64911961675095, 39.00791330213474]}}, {"type": "Feature", "properties": {"stop_id": "4238386", "stop_name": "Nall Avenue & 71st Street WB", "route_count": 1, "frequent": false}, "geometry": {"type": "Point", "coordinates": [-94.64912475984876, 39.000757506037175]}}, {"type": "Feature", "properties": {"stop_id": "4238385", "stop_name": "Nall Avenue & 75th Street WB", "route_count": 1, "frequent": false}, "geometry": {"type": "Point", "coordinates": [-94.64917920939851, 38.99376315457344]}}, {"type": "Feature", "properties": {"stop_id": "4241672", "stop_name": "ON 75TH AT WOODSON ST WB", "route_count": 2, "frequent": false}, "geometry": {"type": "Point", "coordinates": [-94.653608, 38.993168]}}, {"type": "Feature", "properties": {"stop_id": "4241508", "stop_name": "ON 75TH ST AT LAMAR AVE", "route_count": 2, "frequent": false}, "geometry": {"type": "Point", "coordinates": [-94.658246, 38.993161]}}, {"type": "Feature", "properties": {"stop_id": "4241506", "stop_name": "ON 75TH ST AT RIGGS WB FS", "route_count": 2, "frequent": false}, "geometry": {"type": "Point", "coordinates": [-94.662552, 38.993179]}}, {"type": "Feature", "properties": {"stop_id": "4249125", "stop_name": "W 80th St and Floyd St", "route_count": 1, "frequent": false}, "geometry": {"type": "Point", "coordinates": [-94.66876551888554, 38.984084458604144]}}, {"type": "Feature", "properties": {"stop_id": "4238383", "stop_name": "Santa Fe Drive & Newton Street WB", "route_count": 1, "frequent": false}, "geometry": {"type": "Point", "coordinates": [-94.6745708372209, 38.981485288515756]}}, {"type": "Feature", "properties": {"stop_id": "4238382", "stop_name": "Santa Fe Drive & Shawnee Drive WB", "route_count": 1, "frequent": false}, "geometry": {"type": "Point", "coordinates": [-94.68009985824436, 38.977401831455104]}}, {"type": "Feature", "properties": {"stop_id": "4241914", "stop_name": "ON ANTIOCH AT SANTA FE SOUTHBOUND", "route_count": 2, "frequent": false}, "geometry": {"type": "Point", "coordinates": [-94.686446, 38.973161]}}, {"type": "Feature", "properties": {"stop_id": "4238381", "stop_name": "Santa Fe Drive & Grandview Avenue WB", "route_count": 1, "frequent": false}, "geometry": {"type": "Point", "coordinates": [-94.69144516750994, 38.97134033674998]}}, {"type": "Feature", "properties": {"stop_id": "4238380", "stop_name": "87th Street & Grant Street WB", "route_count": 1, "frequent": false}, "geometry": {"type": "Point", "coordinates": [-94.69518553059594, 38.9712778922135]}}, {"type": "Feature", "properties": {"stop_id": "4238379", "stop_name": "Central Resource Library (87th & Farley St)", "route_count": 1, "frequent": false}, "geometry": {"type": "Point", "coordinates": [-94.70057284063506, 38.97124067873318]}}, {"type": "Feature", "properties": {"stop_id": "4238378", "stop_name": "87th Street & Switzer Street WB", "route_count": 1, "frequent": false}, "geometry": {"type": "Point", "coordinates": [-94.70488092523068, 38.97122840519029]}}, {"type": "Feature", "properties": {"stop_id": "4238377", "stop_name": "87th Street & Goddard Street WB", "route_count": 1, "frequent": false}, "geometry": {"type": "Point", "coordinates": [-94.70923912992451, 38.97119068285204]}}, {"type": "Feature", "properties": {"stop_id": "4238376", "stop_name": "Quivira Road WB", "route_count": 1, "frequent": false}, "geometry": {"type": "Point", "coordinates": [-94.72395546612621, 38.97121897667102]}}, {"type": "Feature", "properties": {"stop_id": "4238375", "stop_name": "Monrovia Street WB", "route_count": 1, "frequent": false}, "geometry": {"type": "Point", "coordinates": [-94.72855207155914, 38.971146558062614]}}, {"type": "Feature", "properties": {"stop_id": "4238374", "stop_name": "Rosehill Road WB", "route_count": 1, "frequent": false}, "geometry": {"type": "Point", "coordinates": [-94.73307253968257, 38.971126472638105]}}, {"type": "Feature", "properties": {"stop_id": "4238731", "stop_name": "Westchester Square (87th & Hauser Ct)", "route_count": 1, "frequent": false}, "geometry": {"type": "Point", "coordinates": [-94.73880789227343, 38.97110549112905]}}, {"type": "Feature", "properties": {"stop_id": "4238730", "stop_name": "Pflumm Road WB", "route_count": 1, "frequent": false}, "geometry": {"type": "Point", "coordinates": [-94.7424247956112, 38.97118872566735]}}, {"type": "Feature", "properties": {"stop_id": "4238729", "stop_name": "Candlelight Lane WB", "route_count": 1, "frequent": false}, "geometry": {"type": "Point", "coordinates": [-94.74598674826161, 38.97124115896335]}}, {"type": "Feature", "properties": {"stop_id": "4238728", "stop_name": "Acuff Lane WB", "route_count": 1, "frequent": false}, "geometry": {"type": "Point", "coordinates": [-94.75311200775799, 38.97113089179009]}}, {"type": "Feature", "properties": {"stop_id": "4238727", "stop_name": "Alden Street WB", "route_count": 1, "frequent": false}, "geometry": {"type": "Point", "coordinates": [-94.7579413197233, 38.971137736047616]}}, {"type": "Feature", "properties": {"stop_id": "4238726", "stop_name": "Lackman Road WB", "route_count": 1, "frequent": false}, "geometry": {"type": "Point", "coordinates": [-94.7612432469544, 38.97115411549103]}}, {"type": "Feature", "properties": {"stop_id": "4238725", "stop_name": "Allman Road WB", "route_count": 1, "frequent": false}, "geometry": {"type": "Point", "coordinates": [-94.7657196320037, 38.97114420956343]}}, {"type": "Feature", "properties": {"stop_id": "4238724", "stop_name": "Maurer Road WB", "route_count": 1, "frequent": false}, "geometry": {"type": "Point", "coordinates": [-94.77242015875579, 38.971100576789105]}}, {"type": "Feature", "properties": {"stop_id": "4241677", "stop_name": "STRANG LINE ROAD PARK AND RIDE", "route_count": 2, "frequent": false}, "geometry": {"type": "Point", "coordinates": [-94.77418304816104, 38.90824948036935]}}, {"type": "Feature", "properties": {"stop_id": "4239511", "stop_name": "OAK PARK MALL PARK AND RIDE", "route_count": 3, "frequent": false}, "geometry": {"type": "Point", "coordinates": [-94.715865, 38.954909]}}, {"type": "Feature", "properties": {"stop_id": "4241189", "stop_name": "ON BROADWAY AT SOUTHWEST BLVD SB", "route_count": 2, "frequent": false}, "geometry": {"type": "Point", "coordinates": [-94.589162, 39.08699]}}, {"type": "Feature", "properties": {"stop_id": "4241160", "stop_name": "ON PERSHING AT BROADWAY EASTBOUND", "route_count": 2, "frequent": false}, "geometry": {"type": "Point", "coordinates": [-94.589114, 39.083307]}}, {"type": "Feature", "properties": {"stop_id": "4239528", "stop_name": "ON PERSHING AT MAIN EB", "route_count": 2, "frequent": false}, "geometry": {"type": "Point", "coordinates": [-94.583887, 39.083933]}}, {"type": "Feature", "properties": {"stop_id": "4240446", "stop_name": "ON GRAND AT PERSHING FARSIDE NORTHBOUND", "route_count": 2, "frequent": false}, "geometry": {"type": "Point", "coordinates": [-94.581617, 39.084558]}}, {"type": "Feature", "properties": {"stop_id": "4240448", "stop_name": "ON GRAND AT 22ND NORTHBOUND NEARSIDE", "route_count": 2, "frequent": false}, "geometry": {"type": "Point", "coordinates": [-94.58152, 39.085939]}}, {"type": "Feature", "properties": {"stop_id": "4240450", "stop_name": "ON GRAND AT 19TH NORTHBOUND", "route_count": 2, "frequent": false}, "geometry": {"type": "Point", "coordinates": [-94.581339, 39.089983]}}, {"type": "Feature", "properties": {"stop_id": "4238555", "stop_name": "ON OAK AT TRUMAN RD NEARSIDE NB", "route_count": 2, "frequent": false}, "geometry": {"type": "Point", "coordinates": [-94.5787, 39.095512]}}, {"type": "Feature", "properties": {"stop_id": "4240832", "stop_name": "ON OAK AT 13TH NORTHBOUND NEARSIDE", "route_count": 2, "frequent": false}, "geometry": {"type": "Point", "coordinates": [-94.578552, 39.098291]}}, {"type": "Feature", "properties": {"stop_id": "4239733", "stop_name": "ON OAK AT 12TH NORTHBOUND FARSIDE", "route_count": 1, "frequent": false}, "geometry": {"type": "Point", "coordinates": [-94.578493, 39.099936]}}, {"type": "Feature", "properties": {"stop_id": "4241264", "stop_name": "ON 11TH AT GRAND WESTBOUND NEARSIDE", "route_count": 2, "frequent": false}, "geometry": {"type": "Point", "coordinates": [-94.580719, 39.101114]}}, {"type": "Feature", "properties": {"stop_id": "4239662", "stop_name": "ON 11TH/PETTICOAT LANE AT MAIN WESTBOUND", "route_count": 2, "frequent": false}, "geometry": {"type": "Point", "coordinates": [-94.58297, 39.101181]}}, {"type": "Feature", "properties": {"stop_id": "4238567", "stop_name": "ON 11TH AT CENTRAL WESTBOUND", "route_count": 2, "frequent": false}, "geometry": {"type": "Point", "coordinates": [-94.586833, 39.100989]}}, {"type": "Feature", "properties": {"stop_id": "4240565", "stop_name": "ON 11TH AT WASHINGTON WESTBOUND NEARSIDE", "route_count": 2, "frequent": false}, "geometry": {"type": "Point", "coordinates": [-94.589885, 39.101107]}}, {"type": "Feature", "properties": {"stop_id": "4240156", "stop_name": "ON PENNSYLVANIA AT 12TH SOUTHBOUND", "route_count": 2, "frequent": false}, "geometry": {"type": "Point", "coordinates": [-94.591243, 39.10032]}}, {"type": "Feature", "properties": {"stop_id": "4241193", "stop_name": "ON PERSHING AT BROADWAY WESTBOUND NEARSIDE", "route_count": 1, "frequent": false}, "geometry": {"type": "Point", "coordinates": [-94.588509, 39.083467]}}, {"type": "Feature", "properties": {"stop_id": "4241451", "stop_name": "ON QUIVIRA AT 116TH ST SB", "route_count": 2, "frequent": false}, "geometry": {"type": "Point", "coordinates": [-94.723797, 38.918786]}}, {"type": "Feature", "properties": {"stop_id": "4240761", "stop_name": "ON W 119TH AT QUIVIRA EASTBOUND", "route_count": 1, "frequent": false}, "geometry": {"type": "Point", "coordinates": [-94.723453, 38.912719]}}, {"type": "Feature", "properties": {"stop_id": "4240758", "stop_name": "ON 119TH AT INDIAN CREEK PARKWAY EASTBOUND", "route_count": 1, "frequent": false}, "geometry": {"type": "Point", "coordinates": [-94.720172, 38.912718]}}, {"type": "Feature", "properties": {"stop_id": "4240756", "stop_name": "ON 119TH AT NIEMAN EASTBOUND", "route_count": 1, "frequent": false}, "geometry": {"type": "Point", "coordinates": [-94.713319, 38.912697]}}, {"type": "Feature", "properties": {"stop_id": "4240755", "stop_name": "ON 119TH BETWEEN GOODARD AND SWITZER WESTBOUND", "route_count": 1, "frequent": false}, "geometry": {"type": "Point", "coordinates": [-94.706373, 38.91272]}}, {"type": "Feature", "properties": {"stop_id": "4240753", "stop_name": "ON 119TH AT GRANT EASTBOUND", "route_count": 1, "frequent": false}, "geometry": {"type": "Point", "coordinates": [-94.702664, 38.912731]}}, {"type": "Feature", "properties": {"stop_id": "4240752", "stop_name": "ON 119TH AT FARLEY EASTBOUND FARSIDE", "route_count": 1, "frequent": false}, "geometry": {"type": "Point", "coordinates": [-94.694426, 38.912737]}}, {"type": "Feature", "properties": {"stop_id": "4240750", "stop_name": "ON 119TH AT HAYES EASTBOUND", "route_count": 1, "frequent": false}, "geometry": {"type": "Point", "coordinates": [-94.690033, 38.912746]}}, {"type": "Feature", "properties": {"stop_id": "4240748", "stop_name": "ON W 119TH AT HEMLOCK EASTBOUND NEARSIDE", "route_count": 1, "frequent": false}, "geometry": {"type": "Point", "coordinates": [-94.683069, 38.912761]}}, {"type": "Feature", "properties": {"stop_id": "4240746", "stop_name": "ON 119TH AT LOWELL EASTBOUND", "route_count": 1, "frequent": false}, "geometry": {"type": "Point", "coordinates": [-94.676623, 38.912773]}}, {"type": "Feature", "properties": {"stop_id": "4241922", "stop_name": "119TH & METCALF WALMART #2", "route_count": 2, "frequent": false}, "geometry": {"type": "Point", "coordinates": [-94.666691, 38.914818]}}, {"type": "Feature", "properties": {"stop_id": "4238432", "stop_name": "ON METCALF AT 110TH NORTHBOUND FARSIDE", "route_count": 2, "frequent": false}, "geometry": {"type": "Point", "coordinates": [-94.66762, 38.928933]}}, {"type": "Feature", "properties": {"stop_id": "4238782", "stop_name": "ON METCALF AT W 105TH NB", "route_count": 2, "frequent": false}, "geometry": {"type": "Point", "coordinates": [-94.667355, 38.938536]}}, {"type": "Feature", "properties": {"stop_id": "4240901", "stop_name": "ON METCALF AT 99TH ST NORTHBOUND", "route_count": 2, "frequent": false}, "geometry": {"type": "Point", "coordinates": [-94.667403, 38.949531]}}, {"type": "Feature", "properties": {"stop_id": "4239461", "stop_name": "ON METCALF AT 95TH ST NORTHBOUND NEARSIDE", "route_count": 2, "frequent": false}, "geometry": {"type": "Point", "coordinates": [-94.667411, 38.956496]}}, {"type": "Feature", "properties": {"stop_id": "4240903", "stop_name": "ON METCALF AT 91ST ST NB", "route_count": 2, "frequent": false}, "geometry": {"type": "Point", "coordinates": [-94.66745500224675, 38.964635739932106]}}, {"type": "Feature", "properties": {"stop_id": "4240905", "stop_name": "ON METCALF AT 87TH ST NB", "route_count": 2, "frequent": false}, "geometry": {"type": "Point", "coordinates": [-94.66751, 38.971116]}}, {"type": "Feature", "properties": {"stop_id": "4249126", "stop_name": "Metcalf Ave and W 81st St", "route_count": 2, "frequent": false}, "geometry": {"type": "Point", "coordinates": [-94.6675729041413, 38.98172181971893]}}, {"type": "Feature", "properties": {"stop_id": "4240911", "stop_name": "ON METCALF AT 71ST ST NB", "route_count": 2, "frequent": false}, "geometry": {"type": "Point", "coordinates": [-94.667554, 39.000182]}}, {"type": "Feature", "properties": {"stop_id": "4240913", "stop_name": "ON METCALF AT 65TH ST NB", "route_count": 2, "frequent": false}, "geometry": {"type": "Point", "coordinates": [-94.667604, 39.010189]}}, {"type": "Feature", "properties": {"stop_id": "4240915", "stop_name": "ON MARTWAY ST AT BROADMOOR EASTBOUND", "route_count": 1, "frequent": false}, "geometry": {"type": "Point", "coordinates": [-94.665753, 39.020464]}}, {"type": "Feature", "properties": {"stop_id": "4240917", "stop_name": "ON MARTWAY ST AT LAMAR AVE EB", "route_count": 3, "frequent": false}, "geometry": {"type": "Point", "coordinates": [-94.657351, 39.019757]}}, {"type": "Feature", "properties": {"stop_id": "4240768", "stop_name": "ON MARTWAY DR BETWEEN WOODSON & OUTLOOK EB", "route_count": 3, "frequent": false}, "geometry": {"type": "Point", "coordinates": [-94.653137, 39.019798]}}, {"type": "Feature", "properties": {"stop_id": "4240975", "stop_name": "ON MARTWAY AT NALL EASTBOUND", "route_count": 2, "frequent": false}, "geometry": {"type": "Point", "coordinates": [-94.64825, 39.021499]}}, {"type": "Feature", "properties": {"stop_id": "4241276", "stop_name": "MISSION TRANSIT CENTER BAY #1", "route_count": 1, "frequent": false}, "geometry": {"type": "Point", "coordinates": [-94.646075, 39.023103]}}, {"type": "Feature", "properties": {"stop_id": "4240919", "stop_name": "ON JOHNSON DR AT ROE AVE EASTBOUND", "route_count": 1, "frequent": false}, "geometry": {"type": "Point", "coordinates": [-94.640654, 39.024737]}}, {"type": "Feature", "properties": {"stop_id": "4240921", "stop_name": "SHAWNEE MISSION PKWY AT MISSION ROAD EASTBOUN", "route_count": 1, "frequent": false}, "geometry": {"type": "Point", "coordinates": [-94.626376, 39.029624]}}, {"type": "Feature", "properties": {"stop_id": "4240923", "stop_name": "SHAWNEE MISSION PKWY AT BELINDER ROAD EB", "route_count": 1, "frequent": false}, "geometry": {"type": "Point", "coordinates": [-94.615868, 39.03325]}}, {"type": "Feature", "properties": {"stop_id": "4240991", "stop_name": "ON WARD PKWY AT 5115 WARD PKWY EASTBOUND", "route_count": 1, "frequent": false}, "geometry": {"type": "Point", "coordinates": [-94.601208, 39.03502]}}, {"type": "Feature", "properties": {"stop_id": "4240992", "stop_name": "ON ROANOKE AT 48TH NORTHBOUND", "route_count": 1, "frequent": false}, "geometry": {"type": "Point", "coordinates": [-94.597355, 39.040648]}}, {"type": "Feature", "properties": {"stop_id": "4240704", "stop_name": "ON 47TH AT JEFFERSON EASTBOUND NEARSIDE", "route_count": 1, "frequent": false}, "geometry": {"type": "Point", "coordinates": [-94.594846, 39.042264]}}, {"type": "Feature", "properties": {"stop_id": "4241392", "stop_name": "ON 47TH AT CENTRAL EASTBOUND FARSIDE", "route_count": 1, "frequent": false}, "geometry": {"type": "Point", "coordinates": [-94.590482, 39.042155]}}, {"type": "Feature", "properties": {"stop_id": "4240928", "stop_name": "ON W 47TH AT JC NICHOLS PARKWAY EASTBOUND NEARSIDE", "route_count": 1, "frequent": false}, "geometry": {"type": "Point", "coordinates": [-94.588148, 39.042088]}}, {"type": "Feature", "properties": {"stop_id": "4241051", "stop_name": "ON CLEAVER II BLVD AT MAIN EB FARSIDE", "route_count": 1, "frequent": false}, "geometry": {"type": "Point", "coordinates": [-94.585685, 39.042016]}}, {"type": "Feature", "properties": {"stop_id": "4241052", "stop_name": "ON CLEAVER II BLVD AT OAK EASTBOUND", "route_count": 1, "frequent": false}, "geometry": {"type": "Point", "coordinates": [-94.582451, 39.041922]}}, {"type": "Feature", "properties": {"stop_id": "4241053", "stop_name": "ON CLEAVER II BLVD AT ROCKHILL EB", "route_count": 1, "frequent": false}, "geometry": {"type": "Point", "coordinates": [-94.578787, 39.041844]}}, {"type": "Feature", "properties": {"stop_id": "4241056", "stop_name": "ON CLEAVER II BLVD AT TROOST EB", "route_count": 1, "frequent": false}, "geometry": {"type": "Point", "coordinates": [-94.573102, 39.041646]}}, {"type": "Feature", "properties": {"stop_id": "4241852", "stop_name": "WAL-MART PARK & RIDE AT K-7 & SANTA FE NB", "route_count": 1, "frequent": false}, "geometry": {"type": "Point", "coordinates": [-94.83543, 38.886741]}}, {"type": "Feature", "properties": {"stop_id": "4240798", "stop_name": "ON SANTA FE AT K-7/PARKER EASTBOUND FARSIDE", "route_count": 1, "frequent": false}, "geometry": {"type": "Point", "coordinates": [-94.832847, 38.883625]}}, {"type": "Feature", "properties": {"stop_id": "4240799", "stop_name": "ON SANTA FE AT LOGAN EASTBOUND", "route_count": 1, "frequent": false}, "geometry": {"type": "Point", "coordinates": [-94.827708, 38.883627]}}, {"type": "Feature", "properties": {"stop_id": "4240801", "stop_name": "ON SANTA FE AT PINE EASTBOUND", "route_count": 1, "frequent": false}, "geometry": {"type": "Point", "coordinates": [-94.82413, 38.883465]}}, {"type": "Feature", "properties": {"stop_id": "4241850", "stop_name": "ON E SANTA FE ST AT CHERRY ST EB", "route_count": 1, "frequent": false}, "geometry": {"type": "Point", "coordinates": [-94.819117, 38.88345]}}, {"type": "Feature", "properties": {"stop_id": "4240803", "stop_name": "ON SANTA FE AT KANSAS CITY ROAD EASTBOUND", "route_count": 1, "frequent": false}, "geometry": {"type": "Point", "coordinates": [-94.812436, 38.883471]}}, {"type": "Feature", "properties": {"stop_id": "4240805", "stop_name": "ON SANTA FE AT BUCHANAN EASTBOUND NEARSIDE", "route_count": 1, "frequent": false}, "geometry": {"type": "Point", "coordinates": [-94.807452, 38.883506]}}, {"type": "Feature", "properties": {"stop_id": "4240807", "stop_name": "ON SANTA FE AT CHURCH EASTBOUND", "route_count": 1, "frequent": false}, "geometry": {"type": "Point", "coordinates": [-94.803054, 38.883528]}}, {"type": "Feature", "properties": {"stop_id": "4240809", "stop_name": "ON SANTA FE AT RIDGEVIEW EASTBOUND NEARSIDE", "route_count": 1, "frequent": false}, "geometry": {"type": "Point", "coordinates": [-94.797461, 38.883547]}}, {"type": "Feature", "properties": {"stop_id": "4240811", "stop_name": "ON E SANTA FE AT LINDENWOOD EASTBOUND", "route_count": 1, "frequent": false}, "geometry": {"type": "Point", "coordinates": [-94.784301, 38.883559]}}, {"type": "Feature", "properties": {"stop_id": "4241916", "stop_name": "ON N MUR-LEN AT SANTA FE ST NORTHBOUND", "route_count": 1, "frequent": false}, "geometry": {"type": "Point", "coordinates": [-94.779357, 38.88425]}}, {"type": "Feature", "properties": {"stop_id": "4241198", "stop_name": "ON MUR-LEN AT 133RD NORTHBOUND NEARSIDE", "route_count": 1, "frequent": false}, "geometry": {"type": "Point", "coordinates": [-94.779454, 38.887742]}}, {"type": "Feature", "properties": {"stop_id": "4241200", "stop_name": "ON S MUR LEN AT INDIAN CREEK PARKWAY NORTHBOUND NS", "route_count": 1, "frequent": false}, "geometry": {"type": "Point", "coordinates": [-94.779406, 38.891556]}}, {"type": "Feature", "properties": {"stop_id": "4241918", "stop_name": "ON S MUR-LEN AT W 127TH ST NORTHBOUND NEARSIDE", "route_count": 2, "frequent": false}, "geometry": {"type": "Point", "coordinates": [-94.77943, 38.897345]}}, {"type": "Feature", "properties": {"stop_id": "4241202", "stop_name": "ON S MUR-LEN AT W 126TH NORTHBOUND FARSIDE", "route_count": 1, "frequent": false}, "geometry": {"type": "Point", "coordinates": [-94.779433, 38.899108]}}, {"type": "Feature", "properties": {"stop_id": "4241204", "stop_name": "ON S MUR-LEN AT ROGERS NORTHBOUND FARSIDE", "route_count": 1, "frequent": false}, "geometry": {"type": "Point", "coordinates": [-94.779485, 38.903494]}}, {"type": "Feature", "properties": {"stop_id": "4241206", "stop_name": "ON STRANG LINE AT W 123RD NORTHBOUND FARSIDE", "route_count": 1, "frequent": false}, "geometry": {"type": "Point", "coordinates": [-94.778722, 38.905316]}}, {"type": "Feature", "properties": {"stop_id": "4241920", "stop_name": "ON S STRANG LINE ROAD AT 119TH PLAZA NORTHBOUND", "route_count": 2, "frequent": false}, "geometry": {"type": "Point", "coordinates": [-94.76706, 38.910688]}}, {"type": "Feature", "properties": {"stop_id": "4240817", "stop_name": "ON STRANG LINE AT 118TH NORTHBOUND NEARSIDE", "route_count": 1, "frequent": false}, "geometry": {"type": "Point", "coordinates": [-94.765207, 38.914181]}}, {"type": "Feature", "properties": {"stop_id": "4240819", "stop_name": "ON STRANG LINE AT W 116TH NORTHBOUND NEARSIDE", "route_count": 1, "frequent": false}, "geometry": {"type": "Point", "coordinates": [-94.760795, 38.918354]}}, {"type": "Feature", "properties": {"stop_id": "4240821", "stop_name": "ON STRANG LINE RD AT RANDALL NORTHBOUND", "route_count": 1, "frequent": false}, "geometry": {"type": "Point", "coordinates": [-94.758293, 38.922053]}}, {"type": "Feature", "properties": {"stop_id": "4240854", "stop_name": "ON COLLEGE BLVD AT STRANG LINE ROAD EASTBOUND", "route_count": 2, "frequent": false}, "geometry": {"type": "Point", "coordinates": [-94.754224, 38.92718]}}, {"type": "Feature", "properties": {"stop_id": "4240856", "stop_name": "ON COLLEGE BLVD AT S GREENWOOD ST EASTBOUND", "route_count": 2, "frequent": false}, "geometry": {"type": "Point", "coordinates": [-94.749741, 38.927221]}}, {"type": "Feature", "properties": {"stop_id": "4240858", "stop_name": "ON COLLEGE BLVD AT PFLUMM RD EASTBOUND", "route_count": 2, "frequent": false}, "geometry": {"type": "Point", "coordinates": [-94.741809, 38.927256]}}, {"type": "Feature", "properties": {"stop_id": "4240860", "stop_name": "ON COLLEGE BLVD AT HAUSER ST EASTBOUND", "route_count": 2, "frequent": false}, "geometry": {"type": "Point", "coordinates": [-94.738815, 38.927251]}}, {"type": "Feature", "properties": {"stop_id": "4240862", "stop_name": "ON COLLEGE BLVD AT WESTGATE / CAMPUS DR EB", "route_count": 2, "frequent": false}, "geometry": {"type": "Point", "coordinates": [-94.733609, 38.92727]}}, {"type": "Feature", "properties": {"stop_id": "4241890", "stop_name": "ON COLLEGE BLVD AT CODY EASTBOUND", "route_count": 1, "frequent": false}, "geometry": {"type": "Point", "coordinates": [-94.723741, 38.92726]}}, {"type": "Feature", "properties": {"stop_id": "4241854", "stop_name": "ON COLLEGE BLVD AT NIEMAN RD EB", "route_count": 1, "frequent": false}, "geometry": {"type": "Point", "coordinates": [-94.71462, 38.927299]}}, {"type": "Feature", "properties": {"stop_id": "4241907", "stop_name": "ON COLLEGE AT 109TH ST EASTBOUND", "route_count": 1, "frequent": false}, "geometry": {"type": "Point", "coordinates": [-94.70974, 38.927273]}}, {"type": "Feature", "properties": {"stop_id": "4241855", "stop_name": "ON MASTIN AT COLLEGE NB", "route_count": 1, "frequent": false}, "geometry": {"type": "Point", "coordinates": [-94.700472, 38.927832]}}, {"type": "Feature", "properties": {"stop_id": "4241857", "stop_name": "ON MASTIN ST AT 109TH ST NB", "route_count": 1, "frequent": false}, "geometry": {"type": "Point", "coordinates": [-94.700485, 38.930074]}}, {"type": "Feature", "properties": {"stop_id": "4241859", "stop_name": "COURTESY ON W 109TH ST AT FARLEY NB", "route_count": 1, "frequent": false}, "geometry": {"type": "Point", "coordinates": [-94.698687, 38.930748]}}, {"type": "Feature", "properties": {"stop_id": "4241861", "stop_name": "ON INDIAN CREEK PKWY AT W 109TH ST FS", "route_count": 1, "frequent": false}, "geometry": {"type": "Point", "coordinates": [-94.696299, 38.9311]}}, {"type": "Feature", "properties": {"stop_id": "4241863", "stop_name": "ON INDIAN CREEK PKWY AT GRANDVIEW DR WESTBOUND", "route_count": 1, "frequent": false}, "geometry": {"type": "Point", "coordinates": [-94.690545, 38.931937]}}, {"type": "Feature", "properties": {"stop_id": "4241865", "stop_name": "ON ANTIOCH ROAD AT INDIAN CREEK PARKWAY NB", "route_count": 1, "frequent": false}, "geometry": {"type": "Point", "coordinates": [-94.68611, 38.932632]}}, {"type": "Feature", "properties": {"stop_id": "4241909", "stop_name": "ON ANTIOCH AT 106TH TER NORTHBOUND", "route_count": 1, "frequent": false}, "geometry": {"type": "Point", "coordinates": [-94.686156, 38.935905]}}, {"type": "Feature", "properties": {"stop_id": "4241867", "stop_name": "ON ANTIOCH RD AT W 103RD ST NB", "route_count": 1, "frequent": false}, "geometry": {"type": "Point", "coordinates": [-94.686188, 38.941933]}}, {"type": "Feature", "properties": {"stop_id": "4241911", "stop_name": "ON ANTIOCH AT 102ND TER NORTHBOUND", "route_count": 1, "frequent": false}, "geometry": {"type": "Point", "coordinates": [-94.686124, 38.943976]}}, {"type": "Feature", "properties": {"stop_id": "4241869", "stop_name": "ON ANTIOCH ROAD AT W 99TH TER NB", "route_count": 1, "frequent": false}, "geometry": {"type": "Point", "coordinates": [-94.686126, 38.948831]}}, {"type": "Feature", "properties": {"stop_id": "4241913", "stop_name": "ON ANTIOCH AT HADLEY NORTHBOUND", "route_count": 1, "frequent": false}, "geometry": {"type": "Point", "coordinates": [-94.686213, 38.952987]}}, {"type": "Feature", "properties": {"stop_id": "4241683", "stop_name": "ON ANTIOCH ROAD AT 96TH ST NB", "route_count": 1, "frequent": false}, "geometry": {"type": "Point", "coordinates": [-94.686166, 38.955094]}}, {"type": "Feature", "properties": {"stop_id": "4240814", "stop_name": "ON ANTIOCH AT 95TH NORTHBOUND FARSIDE", "route_count": 1, "frequent": false}, "geometry": {"type": "Point", "coordinates": [-94.686167, 38.957415]}}, {"type": "Feature", "properties": {"stop_id": "4241892", "stop_name": "ON ANTIOCH AT 93RD NORTHBOUND", "route_count": 1, "frequent": false}, "geometry": {"type": "Point", "coordinates": [-94.686253, 38.960212]}}, {"type": "Feature", "properties": {"stop_id": "4241871", "stop_name": "ON ANTIOCH ROAD AT W 91ST NB", "route_count": 1, "frequent": false}, "geometry": {"type": "Point", "coordinates": [-94.686178, 38.963773]}}, {"type": "Feature", "properties": {"stop_id": "4241895", "stop_name": "ON ANTIOCH AT 88TH TER/89TH ST NORTHBOUND", "route_count": 1, "frequent": false}, "geometry": {"type": "Point", "coordinates": [-94.686222, 38.966247]}}, {"type": "Feature", "properties": {"stop_id": "4241897", "stop_name": "ON ANTIOCH AT W 87TH NORTHBOUND", "route_count": 1, "frequent": false}, "geometry": {"type": "Point", "coordinates": [-94.686182, 38.971131]}}, {"type": "Feature", "properties": {"stop_id": "4241684", "stop_name": "ON ANTIOCH AT 86TH ST NORTHBOUND", "route_count": 1, "frequent": false}, "geometry": {"type": "Point", "coordinates": [-94.686181, 38.972189]}}, {"type": "Feature", "properties": {"stop_id": "4241685", "stop_name": "ON ANTIOCH AT SANTA FE NORTHBOUND", "route_count": 1, "frequent": false}, "geometry": {"type": "Point", "coordinates": [-94.686187, 38.973657]}}, {"type": "Feature", "properties": {"stop_id": "4241899", "stop_name": "ON ANTIOCH AT W 83RD ST NORTHBOUND", "route_count": 1, "frequent": false}, "geometry": {"type": "Point", "coordinates": [-94.68629, 38.978413]}}, {"type": "Feature", "properties": {"stop_id": "4241901", "stop_name": "ON ANTIOCH AT 81ST NORTHBOUND", "route_count": 1, "frequent": false}, "geometry": {"type": "Point", "coordinates": [-94.686303, 38.982054]}}, {"type": "Feature", "properties": {"stop_id": "4241873", "stop_name": "ON ANTIOCH ROAD AT 79TH ST NB", "route_count": 1, "frequent": false}, "geometry": {"type": "Point", "coordinates": [-94.686255, 38.985709]}}, {"type": "Feature", "properties": {"stop_id": "4241903", "stop_name": "ON ANTIOCH AT 77TH NORTHBOUND", "route_count": 1, "frequent": false}, "geometry": {"type": "Point", "coordinates": [-94.686324, 38.988977]}}, {"type": "Feature", "properties": {"stop_id": "4241851", "stop_name": "ON ANTIOCH ROAD AT 75TH ST NB", "route_count": 1, "frequent": false}, "geometry": {"type": "Point", "coordinates": [-94.68629, 38.992921]}}, {"type": "Feature", "properties": {"stop_id": "4241905", "stop_name": "ON ANTIOCH AT 73RD NORTHBOUND", "route_count": 1, "frequent": false}, "geometry": {"type": "Point", "coordinates": [-94.686368, 38.997933]}}, {"type": "Feature", "properties": {"stop_id": "4241875", "stop_name": "ON ANTIOCH ROAD AT 71ST ST NB", "route_count": 1, "frequent": false}, "geometry": {"type": "Point", "coordinates": [-94.686316, 39.000288]}}, {"type": "Feature", "properties": {"stop_id": "4241906", "stop_name": "ON ANTIOCH AT 69TH ST NORTHBOUND", "route_count": 1, "frequent": false}, "geometry": {"type": "Point", "coordinates": [-94.686374, 39.003593]}}, {"type": "Feature", "properties": {"stop_id": "4241877", "stop_name": "ON ANTIOCH ROAD AT W 67TH ST NORTHBOUND", "route_count": 1, "frequent": false}, "geometry": {"type": "Point", "coordinates": [-94.686328, 39.007575]}}, {"type": "Feature", "properties": {"stop_id": "4240813", "stop_name": "ON ANTIOCH AT 64TH TERR NORTHBOUND NEARSIDE", "route_count": 1, "frequent": false}, "geometry": {"type": "Point", "coordinates": [-94.686384, 39.011505]}}, {"type": "Feature", "properties": {"stop_id": "4241934", "stop_name": "ON SHAWNEE MISSION PARKWAY AT ANTIOCH RD EB", "route_count": 1, "frequent": false}, "geometry": {"type": "Point", "coordinates": [-94.685606, 39.014807]}}, {"type": "Feature", "properties": {"stop_id": "4240816", "stop_name": "ON SHAWNEE MISSION PARKWAY AT CRAIG EASTBOUND", "route_count": 1, "frequent": false}, "geometry": {"type": "Point", "coordinates": [-94.678744, 39.014829]}}, {"type": "Feature", "properties": {"stop_id": "4241879", "stop_name": "ON SHAWNEE MISSION PKWY AT FOSTER/SANTA FE DR EB", "route_count": 1, "frequent": false}, "geometry": {"type": "Point", "coordinates": [-94.672378, 39.014833]}}, {"type": "Feature", "properties": {"stop_id": "4241273", "stop_name": "MISSION TRANSIT CENTER BAY #3", "route_count": 1, "frequent": false}, "geometry": {"type": "Point", "coordinates": [-94.645962, 39.022723]}}, {"type": "Feature", "properties": {"stop_id": "4239115", "stop_name": "ON ROE AVE AT JOHNSON DRIVE NORTHBOUND FARSIDE", "route_count": 2, "frequent": false}, "geometry": {"type": "Point", "coordinates": [-94.639612, 39.025741]}}, {"type": "Feature", "properties": {"stop_id": "4241923", "stop_name": "ON ROE AT 55TH ST NORTHBOUND", "route_count": 2, "frequent": false}, "geometry": {"type": "Point", "coordinates": [-94.639583, 39.029445]}}, {"type": "Feature", "properties": {"stop_id": "4239117", "stop_name": "ON ROE AT 53RD TER NORTHBOUND", "route_count": 2, "frequent": false}, "geometry": {"type": "Point", "coordinates": [-94.63961, 39.032268]}}, {"type": "Feature", "properties": {"stop_id": "4239193", "stop_name": "ON ROE AT 51ST NORTHBOUND", "route_count": 2, "frequent": false}, "geometry": {"type": "Point", "coordinates": [-94.639642, 39.03643]}}, {"type": "Feature", "properties": {"stop_id": "4239119", "stop_name": "ON ROE AT 48TH NORTHBOUND", "route_count": 2, "frequent": false}, "geometry": {"type": "Point", "coordinates": [-94.640056, 39.039787]}}, {"type": "Feature", "properties": {"stop_id": "4239121", "stop_name": "ON W 48TH AT ROE LANE EASTBOUND", "route_count": 1, "frequent": false}, "geometry": {"type": "Point", "coordinates": [-94.639, 39.041193]}}, {"type": "Feature", "properties": {"stop_id": "4239123", "stop_name": "ON W 47TH AT FONTANA EASTBOUND", "route_count": 1, "frequent": false}, "geometry": {"type": "Point", "coordinates": [-94.637424, 39.044007]}}, {"type": "Feature", "properties": {"stop_id": "4239125", "stop_name": "ON W 47TH AT ALHAMBRA EASTBOUND", "route_count": 1, "frequent": false}, "geometry": {"type": "Point", "coordinates": [-94.631854, 39.044005]}}, {"type": "Feature", "properties": {"stop_id": "4241927", "stop_name": "ON W 47TH ST AT MOHAWK DR EB", "route_count": 1, "frequent": false}, "geometry": {"type": "Point", "coordinates": [-94.628348, 39.044008]}}, {"type": "Feature", "properties": {"stop_id": "4239127", "stop_name": "ON W 47TH ST AT REINHARDT EASTBOUND", "route_count": 1, "frequent": false}, "geometry": {"type": "Point", "coordinates": [-94.625216, 39.044013]}}, {"type": "Feature", "properties": {"stop_id": "4239105", "stop_name": "ON 47TH AT MISSION EASTBOUND", "route_count": 1, "frequent": false}, "geometry": {"type": "Point", "coordinates": [-94.620151, 39.044012]}}, {"type": "Feature", "properties": {"stop_id": "4239140", "stop_name": "ON W 47TH AT BELINDER RD EASTBOUND", "route_count": 1, "frequent": false}, "geometry": {"type": "Point", "coordinates": [-94.616731, 39.044009]}}, {"type": "Feature", "properties": {"stop_id": "4239107", "stop_name": "ON 47TH AT ADAMS EASTBOUND", "route_count": 1, "frequent": false}, "geometry": {"type": "Point", "coordinates": [-94.613212, 39.044032]}}, {"type": "Feature", "properties": {"stop_id": "4239464", "stop_name": "ON RAINBOW AT 46TH NORTHBOUND", "route_count": 1, "frequent": false}, "geometry": {"type": "Point", "coordinates": [-94.611854, 39.04452]}}, {"type": "Feature", "properties": {"stop_id": "4239466", "stop_name": "ON RAINBOW AT 45TH NORTHBOUND", "route_count": 1, "frequent": false}, "geometry": {"type": "Point", "coordinates": [-94.611826, 39.046261]}}, {"type": "Feature", "properties": {"stop_id": "4239430", "stop_name": "ON RAINBOW AT 43RD NORTHBOUND", "route_count": 1, "frequent": false}, "geometry": {"type": "Point", "coordinates": [-94.611698, 39.050409]}}, {"type": "Feature", "properties": {"stop_id": "4239432", "stop_name": "ON RAINBOW AT LUTHERAN CHURCH NORTHBOUND", "route_count": 1, "frequent": false}, "geometry": {"type": "Point", "coordinates": [-94.611778, 39.052591]}}, {"type": "Feature", "properties": {"stop_id": "4239434", "stop_name": "ON RAINBOW AT OLATHE BLVD  NORTHBOUND", "route_count": 1, "frequent": false}, "geometry": {"type": "Point", "coordinates": [-94.611762, 39.054427]}}, {"type": "Feature", "properties": {"stop_id": "4240709", "stop_name": "ON 39TH AT KU MED CENTER EASTBOUND", "route_count": 1, "frequent": false}, "geometry": {"type": "Point", "coordinates": [-94.609724, 39.057233]}}, {"type": "Feature", "properties": {"stop_id": "4241049", "stop_name": "ON STATE LINE AT 39TH SOUTHBOUND", "route_count": 1, "frequent": false}, "geometry": {"type": "Point", "coordinates": [-94.60737, 39.057174]}}, {"type": "Feature", "properties": {"stop_id": "4241050", "stop_name": "ON STATE LINE AT OLATHE BLVD SB", "route_count": 1, "frequent": false}, "geometry": {"type": "Point", "coordinates": [-94.607376, 39.054467]}}, {"type": "Feature", "properties": {"stop_id": "4239201", "stop_name": "ON RAINBOW AT 4140 RAINBOW SB", "route_count": 1, "frequent": false}, "geometry": {"type": "Point", "coordinates": [-94.611946, 39.052223]}}, {"type": "Feature", "properties": {"stop_id": "4240824", "stop_name": "ON RAINBOW AT 43RD AVE SOUTHBOUND", "route_count": 1, "frequent": false}, "geometry": {"type": "Point", "coordinates": [-94.61193, 39.050099]}}, {"type": "Feature", "properties": {"stop_id": "4240825", "stop_name": "ON RAINBOW AT 44TH AVE SOUTHBOUND", "route_count": 1, "frequent": false}, "geometry": {"type": "Point", "coordinates": [-94.611956, 39.047818]}}, {"type": "Feature", "properties": {"stop_id": "4240826", "stop_name": "ON W 47TH ST AT ADAMS WESTBOUND", "route_count": 1, "frequent": false}, "geometry": {"type": "Point", "coordinates": [-94.612978, 39.044145]}}, {"type": "Feature", "properties": {"stop_id": "4241929", "stop_name": "ON W 47TH AT BELINDER RD WB", "route_count": 1, "frequent": false}, "geometry": {"type": "Point", "coordinates": [-94.616498, 39.044116]}}, {"type": "Feature", "properties": {"stop_id": "4241928", "stop_name": "ON W 47TH AT MISSION RD WESTBOUND", "route_count": 1, "frequent": false}, "geometry": {"type": "Point", "coordinates": [-94.62188, 39.044116]}}, {"type": "Feature", "properties": {"stop_id": "4239129", "stop_name": "ON W 47TH AT S 6TH TER WESTBOUND", "route_count": 1, "frequent": false}, "geometry": {"type": "Point", "coordinates": [-94.624981, 39.044118]}}, {"type": "Feature", "properties": {"stop_id": "4241926", "stop_name": "ON W 47TH AT MOHAWK DR WESTBOUND", "route_count": 1, "frequent": false}, "geometry": {"type": "Point", "coordinates": [-94.628115, 39.044114]}}, {"type": "Feature", "properties": {"stop_id": "4239131", "stop_name": "ON W 47TH AT S 9TH STREET WESTBOUND", "route_count": 1, "frequent": false}, "geometry": {"type": "Point", "coordinates": [-94.631621, 39.044111]}}, {"type": "Feature", "properties": {"stop_id": "4241925", "stop_name": "ON W 47TH AT EL MONTE WESTBOUND", "route_count": 1, "frequent": false}, "geometry": {"type": "Point", "coordinates": [-94.636184, 39.044109]}}, {"type": "Feature", "properties": {"stop_id": "4239133", "stop_name": "ON W 47TH AT ROE LANE WESTBOUND", "route_count": 1, "frequent": false}, "geometry": {"type": "Point", "coordinates": [-94.638959, 39.041401]}}, {"type": "Feature", "properties": {"stop_id": "4239135", "stop_name": "ON ROE AT 48TH SOUTHBOUND", "route_count": 2, "frequent": false}, "geometry": {"type": "Point", "coordinates": [-94.640157, 39.039328]}}, {"type": "Feature", "properties": {"stop_id": "4239113", "stop_name": "ON ROE AT 51ST SB", "route_count": 2, "frequent": false}, "geometry": {"type": "Point", "coordinates": [-94.639921, 39.03597]}}, {"type": "Feature", "properties": {"stop_id": "4239137", "stop_name": "ON ROE AT W 53RD SOUTHBOUND", "route_count": 2, "frequent": false}, "geometry": {"type": "Point", "coordinates": [-94.639883, 39.032416]}}, {"type": "Feature", "properties": {"stop_id": "4241924", "stop_name": "ON ROE AT 55TH ST SB", "route_count": 2, "frequent": false}, "geometry": {"type": "Point", "coordinates": [-94.639864, 39.029627]}}, {"type": "Feature", "properties": {"stop_id": "4238698", "stop_name": "MISSION Transit CENTER BAY #4", "route_count": 1, "frequent": false}, "geometry": {"type": "Point", "coordinates": [-94.6456491743441, 39.0227866618733]}}, {"type": "Feature", "properties": {"stop_id": "4241878", "stop_name": "ON SHAWNEE MISSION PARKWAY AT FOSTER/SANTA FE WB", "route_count": 1, "frequent": false}, "geometry": {"type": "Point", "coordinates": [-94.672155, 39.015072]}}, {"type": "Feature", "properties": {"stop_id": "4241876", "stop_name": "ON SHAWNEE MISSION PKWY AT CRAIG RD WB", "route_count": 1, "frequent": false}, "geometry": {"type": "Point", "coordinates": [-94.67892, 39.015077]}}, {"type": "Feature", "properties": {"stop_id": "4241874", "stop_name": "ON ANTIOCH ROAD AT SHAWNEE MISSION PKWY SB FS", "route_count": 1, "frequent": false}, "geometry": {"type": "Point", "coordinates": [-94.686572, 39.013334]}}, {"type": "Feature", "properties": {"stop_id": "4241872", "stop_name": "ON ANTIOCH RD AT 64TH ST SB", "route_count": 1, "frequent": false}, "geometry": {"type": "Point", "coordinates": [-94.686522, 39.011686]}}, {"type": "Feature", "properties": {"stop_id": "4241870", "stop_name": "ON ANTIOCH ROAD AT W 67TH SB FS", "route_count": 1, "frequent": false}, "geometry": {"type": "Point", "coordinates": [-94.686554, 39.006617]}}, {"type": "Feature", "properties": {"stop_id": "4241868", "stop_name": "ON ANTIOCH AT 69TH ST SB NS", "route_count": 1, "frequent": false}, "geometry": {"type": "Point", "coordinates": [-94.686512, 39.003774]}}, {"type": "Feature", "properties": {"stop_id": "4241866", "stop_name": "ON ANTIOCH AT 71ST SB", "route_count": 1, "frequent": false}, "geometry": {"type": "Point", "coordinates": [-94.686559, 39.00017]}}, {"type": "Feature", "properties": {"stop_id": "4241864", "stop_name": "ON ANTIOCH AT 73RD SOUTHBOUND", "route_count": 1, "frequent": false}, "geometry": {"type": "Point", "coordinates": [-94.686503, 38.997081]}}, {"type": "Feature", "properties": {"stop_id": "4241862", "stop_name": "ON ANTIOCH AT 75TH ST SOUTHBOUND", "route_count": 1, "frequent": false}, "geometry": {"type": "Point", "coordinates": [-94.686557, 38.993213]}}, {"type": "Feature", "properties": {"stop_id": "4241904", "stop_name": "ON ANTIOCH AT 77TH SOUTHBOUND", "route_count": 1, "frequent": false}, "geometry": {"type": "Point", "coordinates": [-94.686461, 38.988947]}}, {"type": "Feature", "properties": {"stop_id": "4241860", "stop_name": "ON ANTIOCH AT 79TH SB", "route_count": 1, "frequent": false}, "geometry": {"type": "Point", "coordinates": [-94.686512, 38.98589]}}, {"type": "Feature", "properties": {"stop_id": "4241902", "stop_name": "ON ANTIOCH AT W 81ST SOUTHBOUND", "route_count": 1, "frequent": false}, "geometry": {"type": "Point", "coordinates": [-94.686441, 38.982234]}}, {"type": "Feature", "properties": {"stop_id": "4241856", "stop_name": "ON ANTIOCH AT 85TH DR SB", "route_count": 1, "frequent": false}, "geometry": {"type": "Point", "coordinates": [-94.686442, 38.972166]}}, {"type": "Feature", "properties": {"stop_id": "4241898", "stop_name": "ON ANTIOCH AT W 87TH SOUTHBOUND", "route_count": 1, "frequent": false}, "geometry": {"type": "Point", "coordinates": [-94.686443, 38.971317]}}, {"type": "Feature", "properties": {"stop_id": "4241896", "stop_name": "ON ANTIOCH AT W 89TH ST SOUTHBOUND", "route_count": 1, "frequent": false}, "geometry": {"type": "Point", "coordinates": [-94.686359, 38.966428]}}, {"type": "Feature", "properties": {"stop_id": "4241894", "stop_name": "ON ANTIOCH AT 91ST SOUTHBOUND", "route_count": 1, "frequent": false}, "geometry": {"type": "Point", "coordinates": [-94.68642358134306, 38.96426552331634]}}, {"type": "Feature", "properties": {"stop_id": "4241893", "stop_name": "ON ANTIOCH AT 93RD SOUTHBOUND", "route_count": 1, "frequent": false}, "geometry": {"type": "Point", "coordinates": [-94.686392, 38.960393]}}, {"type": "Feature", "properties": {"stop_id": "4240815", "stop_name": "ON ANTIOCH AT 95TH SOUTHBOUND NEARSIDE", "route_count": 1, "frequent": false}, "geometry": {"type": "Point", "coordinates": [-94.686406, 38.957298]}}, {"type": "Feature", "properties": {"stop_id": "4241891", "stop_name": "ON ANTIOCH AT HADLEY SOUTHBOUND", "route_count": 1, "frequent": false}, "geometry": {"type": "Point", "coordinates": [-94.68635, 38.952987]}}, {"type": "Feature", "properties": {"stop_id": "4241853", "stop_name": "ON ANTIOCH ROAD AT 99TH ST SB", "route_count": 1, "frequent": false}, "geometry": {"type": "Point", "coordinates": [-94.686381, 38.949014]}}, {"type": "Feature", "properties": {"stop_id": "4241912", "stop_name": "ON ANTIOCH AT 102ND TER SOUTHBOUND", "route_count": 1, "frequent": false}, "geometry": {"type": "Point", "coordinates": [-94.686381, 38.944085]}}, {"type": "Feature", "properties": {"stop_id": "4241881", "stop_name": "ON ANTIOCH ROAD AT W 103RD ST SB", "route_count": 1, "frequent": false}, "geometry": {"type": "Point", "coordinates": [-94.686323, 38.941766]}}, {"type": "Feature", "properties": {"stop_id": "4241910", "stop_name": "ON ANTIOCH AT 106TH TER SOUTHBOUND", "route_count": 1, "frequent": false}, "geometry": {"type": "Point", "coordinates": [-94.68642, 38.935857]}}, {"type": "Feature", "properties": {"stop_id": "4241882", "stop_name": "ON ANTIOCH AT INDIAN CREEK PARKWAY SB", "route_count": 1, "frequent": false}, "geometry": {"type": "Point", "coordinates": [-94.686455, 38.932415]}}, {"type": "Feature", "properties": {"stop_id": "4241883", "stop_name": "ON INDIAN CREEK PARKWAY AT GRANDVIEW WB", "route_count": 1, "frequent": false}, "geometry": {"type": "Point", "coordinates": [-94.690614, 38.932341]}}, {"type": "Feature", "properties": {"stop_id": "4241884", "stop_name": "ON INDIAN CREEK AT 109TH ST SB", "route_count": 1, "frequent": false}, "geometry": {"type": "Point", "coordinates": [-94.696809, 38.931414]}}, {"type": "Feature", "properties": {"stop_id": "4241885", "stop_name": "COURTESY ON W 109TH AT FARLEY SB FS", "route_count": 1, "frequent": false}, "geometry": {"type": "Point", "coordinates": [-94.698782, 38.930961]}}, {"type": "Feature", "properties": {"stop_id": "4241886", "stop_name": "ON MASTIN AT 109TH ST SB", "route_count": 1, "frequent": false}, "geometry": {"type": "Point", "coordinates": [-94.700824, 38.930138]}}, {"type": "Feature", "properties": {"stop_id": "4241858", "stop_name": "ON MASTIN & COLLEGE PARK AND RIDE", "route_count": 1, "frequent": false}, "geometry": {"type": "Point", "coordinates": [-94.700747, 38.928006]}}, {"type": "Feature", "properties": {"stop_id": "4241908", "stop_name": "ON COLLEGE BLVD AT 109TH ST WESTBOUND", "route_count": 1, "frequent": false}, "geometry": {"type": "Point", "coordinates": [-94.709353, 38.927554]}}, {"type": "Feature", "properties": {"stop_id": "4241887", "stop_name": "ON COLLEGE BLVD AT NIEMAN WB", "route_count": 1, "frequent": false}, "geometry": {"type": "Point", "coordinates": [-94.714718, 38.927586]}}, {"type": "Feature", "properties": {"stop_id": "4241888", "stop_name": "COURTESY ON COLLEGE BLVD AT QUIVIRA WB", "route_count": 1, "frequent": false}, "geometry": {"type": "Point", "coordinates": [-94.723291, 38.927569]}}, {"type": "Feature", "properties": {"stop_id": "4241900", "stop_name": "ON COLLEGE BLVD AT CODY WESTBOUND", "route_count": 1, "frequent": false}, "geometry": {"type": "Point", "coordinates": [-94.724388, 38.927563]}}, {"type": "Feature", "properties": {"stop_id": "4240857", "stop_name": "ON COLLEGE BLVD AT WESTGATE ST WESTBOUND", "route_count": 2, "frequent": false}, "geometry": {"type": "Point", "coordinates": [-94.733615, 38.927556]}}, {"type": "Feature", "properties": {"stop_id": "4240855", "stop_name": "ON COLLEGE BLVD AT HAUSER ST WESTBOUND", "route_count": 2, "frequent": false}, "geometry": {"type": "Point", "coordinates": [-94.738821, 38.927531]}}, {"type": "Feature", "properties": {"stop_id": "4240853", "stop_name": "ON COLLEGE BLVD AT PFLUMM ROAD WESTBOUND", "route_count": 2, "frequent": false}, "geometry": {"type": "Point", "coordinates": [-94.74195, 38.927555]}}, {"type": "Feature", "properties": {"stop_id": "4240851", "stop_name": "ON COLLEGE BLVD AT S GREENWOOD ST WESTBOUND FS", "route_count": 2, "frequent": false}, "geometry": {"type": "Point", "coordinates": [-94.750131, 38.927507]}}, {"type": "Feature", "properties": {"stop_id": "4240823", "stop_name": "ON STRANG LINE ROAD AT W 112TH SOUTHBOUND", "route_count": 1, "frequent": false}, "geometry": {"type": "Point", "coordinates": [-94.754526, 38.925593]}}, {"type": "Feature", "properties": {"stop_id": "4240822", "stop_name": "ON STRANG LINE AT RANDALL SOUTHBOUND NEARSIDE", "route_count": 1, "frequent": false}, "geometry": {"type": "Point", "coordinates": [-94.758282, 38.922336]}}, {"type": "Feature", "properties": {"stop_id": "4240820", "stop_name": "ON STRANG LINE AT 116TH SOUTHBOUND", "route_count": 1, "frequent": false}, "geometry": {"type": "Point", "coordinates": [-94.761124, 38.918262]}}, {"type": "Feature", "properties": {"stop_id": "4240818", "stop_name": "ON STRANG LINE AT 118TH SOUTHBOUND NEARSIDE", "route_count": 1, "frequent": false}, "geometry": {"type": "Point", "coordinates": [-94.765285, 38.91447]}}, {"type": "Feature", "properties": {"stop_id": "4241919", "stop_name": "ON S STRANG LINE ROAD AT W 119TH PLAZA SOUTHBOUND", "route_count": 2, "frequent": false}, "geometry": {"type": "Point", "coordinates": [-94.767193, 38.911058]}}, {"type": "Feature", "properties": {"stop_id": "4241207", "stop_name": "ON STRANG LINE AT 123RD SOUTHBOUND NEARSIDE", "route_count": 1, "frequent": false}, "geometry": {"type": "Point", "coordinates": [-94.778936, 38.90548]}}, {"type": "Feature", "properties": {"stop_id": "4241205", "stop_name": "ON S MUR-LEN AT ROGERS SOUTHBOUND FARSIDE", "route_count": 1, "frequent": false}, "geometry": {"type": "Point", "coordinates": [-94.779783, 38.903428]}}, {"type": "Feature", "properties": {"stop_id": "4241203", "stop_name": "ON S MUR-LEN AT 126TH TER SOUTHBOUND FARSIDE", "route_count": 1, "frequent": false}, "geometry": {"type": "Point", "coordinates": [-94.779709, 38.898887]}}, {"type": "Feature", "properties": {"stop_id": "4241917", "stop_name": "ON MUR-LEN ROAD AT W 127TH ST SOUTHBOUND FARSIDE", "route_count": 2, "frequent": false}, "geometry": {"type": "Point", "coordinates": [-94.779704, 38.897408]}}, {"type": "Feature", "properties": {"stop_id": "4241201", "stop_name": "ON S MUR-LEN AT INDIAN CREEK PARKWAY SOUTHBOUND FS", "route_count": 1, "frequent": false}, "geometry": {"type": "Point", "coordinates": [-94.77968, 38.89144]}}, {"type": "Feature", "properties": {"stop_id": "4241199", "stop_name": "ON S MUR-LEN AT W 133RD SOUTHBOUND NEARSIDE", "route_count": 1, "frequent": false}, "geometry": {"type": "Point", "coordinates": [-94.779594, 38.887923]}}, {"type": "Feature", "properties": {"stop_id": "4241915", "stop_name": "ON SANTA FE AT MUR LEN WESTBOUND FARSIDE", "route_count": 1, "frequent": false}, "geometry": {"type": "Point", "coordinates": [-94.780192, 38.883818]}}, {"type": "Feature", "properties": {"stop_id": "4240812", "stop_name": "ON E SANTA FE AT LINDENWOOD WESTBOUND", "route_count": 1, "frequent": false}, "geometry": {"type": "Point", "coordinates": [-94.785741, 38.883834]}}, {"type": "Feature", "properties": {"stop_id": "4240810", "stop_name": "ON SANTA FE AT RIDGEVIEW WESTBOUND FARSIDE", "route_count": 1, "frequent": false}, "geometry": {"type": "Point", "coordinates": [-94.798259, 38.883754]}}, {"type": "Feature", "properties": {"stop_id": "4240808", "stop_name": "ON SANTA FE AT CHURCH WESTBOUND NEARSIDE", "route_count": 1, "frequent": false}, "geometry": {"type": "Point", "coordinates": [-94.802827, 38.883738]}}, {"type": "Feature", "properties": {"stop_id": "4240806", "stop_name": "ON SANTA FE AT BUCHANAN WESTBOUND", "route_count": 1, "frequent": false}, "geometry": {"type": "Point", "coordinates": [-94.808711, 38.883701]}}, {"type": "Feature", "properties": {"stop_id": "4240804", "stop_name": "ON SANTA FE AT KANSAS CITY ROAD WESTBOUND", "route_count": 1, "frequent": false}, "geometry": {"type": "Point", "coordinates": [-94.81226, 38.883688]}}, {"type": "Feature", "properties": {"stop_id": "4241889", "stop_name": "ON SANTA FE AT S CHERRY ST WESTBOUND NEARSIDE", "route_count": 1, "frequent": false}, "geometry": {"type": "Point", "coordinates": [-94.818889, 38.883575]}}, {"type": "Feature", "properties": {"stop_id": "4240802", "stop_name": "ON SANTA FE AT PINE WESTBOUND FARSIDE", "route_count": 1, "frequent": false}, "geometry": {"type": "Point", "coordinates": [-94.824439, 38.883584]}}, {"type": "Feature", "properties": {"stop_id": "4240800", "stop_name": "ON SANTA FE AT LOGAN WESTBOUND FARSIDE", "route_count": 1, "frequent": false}, "geometry": {"type": "Point", "coordinates": [-94.828616, 38.883746]}}, {"type": "Feature", "properties": {"stop_id": "4240797", "stop_name": "ON SANTA-FE AT K-7 HIGHWAY WESTBOUND", "route_count": 1, "frequent": false}, "geometry": {"type": "Point", "coordinates": [-94.832926, 38.883861]}}, {"type": "Feature", "properties": {"stop_id": "4241260", "stop_name": "MISSION TRANSIT CENTER BAY #5", "route_count": 1, "frequent": false}, "geometry": {"type": "Point", "coordinates": [-94.645792, 39.022312]}}, {"type": "Feature", "properties": {"stop_id": "4240174", "stop_name": "ON 12TH AT LOCUST EASTBOUND", "route_count": 1, "frequent": false}, "geometry": {"type": "Point", "coordinates": [-94.577598, 39.099698]}}, {"type": "Feature", "properties": {"stop_id": "4238957", "stop_name": "EAST VILLAGE - BAY B", "route_count": 1, "frequent": false}, "geometry": {"type": "Point", "coordinates": [-94.573453, 39.09926]}}, {"type": "Feature", "properties": {"stop_id": "4239659", "stop_name": "ON 11TH BETWEEN CHARLOTTE AND HOLMES WESTBOUND", "route_count": 1, "frequent": false}, "geometry": {"type": "Point", "coordinates": [-94.574437, 39.100885]}}, {"type": "Feature", "properties": {"stop_id": "4239661", "stop_name": "11TH AT CHERRY", "route_count": 1, "frequent": false}, "geometry": {"type": "Point", "coordinates": [-94.576041, 39.10093]}}, {"type": "Feature", "properties": {"stop_id": "4240050", "stop_name": "ON 11TH AT OAK WESTBOUND", "route_count": 1, "frequent": false}, "geometry": {"type": "Point", "coordinates": [-94.578364, 39.101005]}}, {"type": "Feature", "properties": {"stop_id": "4241439", "stop_name": "ON QUIVIRA AT 121ST NB", "route_count": 1, "frequent": false}, "geometry": {"type": "Point", "coordinates": [-94.723562, 38.906352]}}, {"type": "Feature", "properties": {"stop_id": "4241440", "stop_name": "ON QUIVIRA AT 119TH CT NB", "route_count": 1, "frequent": false}, "geometry": {"type": "Point", "coordinates": [-94.723558, 38.910051]}}, {"type": "Feature", "properties": {"stop_id": "4241445", "stop_name": "ON OAKMONT AT 110TH ST NORTHBOUND", "route_count": 2, "frequent": false}, "geometry": {"type": "Point", "coordinates": [-94.729415, 38.928976]}}, {"type": "Feature", "properties": {"stop_id": "4241447", "stop_name": "ON 110TH ST AT QUIVIRA EASTBOUND", "route_count": 2, "frequent": false}, "geometry": {"type": "Point", "coordinates": [-94.72468, 38.930031]}}, {"type": "Feature", "properties": {"stop_id": "4241450", "stop_name": "ON QUIVIRA AT 105TH ST NB", "route_count": 2, "frequent": false}, "geometry": {"type": "Point", "coordinates": [-94.723375, 38.938694]}}, {"type": "Feature", "properties": {"stop_id": "4241452", "stop_name": "ON QUIVIRA AT 103RD ST NB FS", "route_count": 2, "frequent": false}, "geometry": {"type": "Point", "coordinates": [-94.723377, 38.942186]}}, {"type": "Feature", "properties": {"stop_id": "4241454", "stop_name": "ON QUIVIRA AT 101ST ST NB", "route_count": 2, "frequent": false}, "geometry": {"type": "Point", "coordinates": [-94.723396, 38.946036]}}, {"type": "Feature", "properties": {"stop_id": "4241456", "stop_name": "ON QUIVIRA AT 99TH ST NORTHBOUND NEARSIDE", "route_count": 2, "frequent": false}, "geometry": {"type": "Point", "coordinates": [-94.723422, 38.949272]}}, {"type": "Feature", "properties": {"stop_id": "4241458", "stop_name": "ON QUIVIRA AT 97TH ST NORTHBOUND NEARSIDE", "route_count": 2, "frequent": false}, "geometry": {"type": "Point", "coordinates": [-94.723427, 38.951484]}}, {"type": "Feature", "properties": {"stop_id": "4241465", "stop_name": "ON QUIVIRA AT 95TH ST NORTHBOUND", "route_count": 2, "frequent": false}, "geometry": {"type": "Point", "coordinates": [-94.723451, 38.957058]}}, {"type": "Feature", "properties": {"stop_id": "4241467", "stop_name": "ON QUIVIRA AT 93RD ST NORTHBOUND", "route_count": 2, "frequent": false}, "geometry": {"type": "Point", "coordinates": [-94.723536, 38.960637]}}, {"type": "Feature", "properties": {"stop_id": "4241469", "stop_name": "ON QUIVIRA AT 91ST NB", "route_count": 2, "frequent": false}, "geometry": {"type": "Point", "coordinates": [-94.723524, 38.963694]}}, {"type": "Feature", "properties": {"stop_id": "4241471", "stop_name": "ON QUIVIRA AT 85TH ST NB", "route_count": 2, "frequent": false}, "geometry": {"type": "Point", "coordinates": [-94.723492, 38.9746]}}, {"type": "Feature", "properties": {"stop_id": "4240968", "stop_name": "ON QUIVIRA AT 83RD NORTHBOUND NEARSIDE", "route_count": 2, "frequent": false}, "geometry": {"type": "Point", "coordinates": [-94.723494, 38.978257]}}, {"type": "Feature", "properties": {"stop_id": "4241473", "stop_name": "ON QUIVIRA AT 81ST ST NB", "route_count": 2, "frequent": false}, "geometry": {"type": "Point", "coordinates": [-94.723502, 38.981943]}}, {"type": "Feature", "properties": {"stop_id": "4241475", "stop_name": "ON QUIVIRA AT 79TH ST NB", "route_count": 2, "frequent": false}, "geometry": {"type": "Point", "coordinates": [-94.723512, 38.985511]}}, {"type": "Feature", "properties": {"stop_id": "4240962", "stop_name": "ON QUIVIRA AT 77TH NORTHBOUND NEARSIDE", "route_count": 2, "frequent": false}, "geometry": {"type": "Point", "coordinates": [-94.723517, 38.987757]}}, {"type": "Feature", "properties": {"stop_id": "4241478", "stop_name": "ON QUIVIRA AT 76TH ST NB", "route_count": 2, "frequent": false}, "geometry": {"type": "Point", "coordinates": [-94.72355, 38.990442]}}, {"type": "Feature", "properties": {"stop_id": "4240960", "stop_name": "ON QUIVIRA ROAD AT W 75TH NORTHBOUND", "route_count": 2, "frequent": false}, "geometry": {"type": "Point", "coordinates": [-94.723555, 38.992543]}}, {"type": "Feature", "properties": {"stop_id": "4241480", "stop_name": "ON 75TH AT LUCILLE ST EASTBOUND NEARSIDE", "route_count": 2, "frequent": false}, "geometry": {"type": "Point", "coordinates": [-94.720199, 38.992773]}}, {"type": "Feature", "properties": {"stop_id": "4241482", "stop_name": "ON 75TH ST AT FLINT EASTBOUND FARSIDE", "route_count": 2, "frequent": false}, "geometry": {"type": "Point", "coordinates": [-94.718752, 38.992795]}}, {"type": "Feature", "properties": {"stop_id": "4241484", "stop_name": "ON 75TH AT REEDER EASTBOUND FARSIDE", "route_count": 1, "frequent": false}, "geometry": {"type": "Point", "coordinates": [-94.712634, 38.9928]}}, {"type": "Feature", "properties": {"stop_id": "4241486", "stop_name": "ON 75TH ST AT GODDARD ST EASTBOUND", "route_count": 1, "frequent": false}, "geometry": {"type": "Point", "coordinates": [-94.709481, 38.992874]}}, {"type": "Feature", "properties": {"stop_id": "4241488", "stop_name": "ON 75TH ST AT SWITZER EASTBOUND NEARSIDE", "route_count": 1, "frequent": false}, "geometry": {"type": "Point", "coordinates": [-94.705187, 38.992898]}}, {"type": "Feature", "properties": {"stop_id": "4240963", "stop_name": "ON 75TH AT KINGS COVE EASTBOUND NEARSIDE", "route_count": 1, "frequent": false}, "geometry": {"type": "Point", "coordinates": [-94.701637, 38.992889]}}, {"type": "Feature", "properties": {"stop_id": "4241490", "stop_name": "ON 75TH AT FRONTAGE ROAD EB FS", "route_count": 1, "frequent": false}, "geometry": {"type": "Point", "coordinates": [-94.694995, 38.992928]}}, {"type": "Feature", "properties": {"stop_id": "4241492", "stop_name": "ON 75TH AT GRANDVIEW EASTBOUND NEARSIDE", "route_count": 1, "frequent": false}, "geometry": {"type": "Point", "coordinates": [-94.690391, 38.992953]}}, {"type": "Feature", "properties": {"stop_id": "4241494", "stop_name": "ON 75TH ST AT ANTIOCH EASTBOUND NEARSIDE", "route_count": 1, "frequent": false}, "geometry": {"type": "Point", "coordinates": [-94.686859, 38.99296]}}, {"type": "Feature", "properties": {"stop_id": "4241496", "stop_name": "ON 75TH ST AT HADLEY EB", "route_count": 1, "frequent": false}, "geometry": {"type": "Point", "coordinates": [-94.68296, 38.993038]}}, {"type": "Feature", "properties": {"stop_id": "4241499", "stop_name": "ON 75TH ST AT LOWELL EASTBOUND FARSIDE", "route_count": 1, "frequent": false}, "geometry": {"type": "Point", "coordinates": [-94.676859, 38.993039]}}, {"type": "Feature", "properties": {"stop_id": "4241501", "stop_name": "ON 75TH AT CONSER ST EASTBOUND NEARSIDE", "route_count": 1, "frequent": false}, "geometry": {"type": "Point", "coordinates": [-94.673666, 38.993043]}}, {"type": "Feature", "properties": {"stop_id": "4241503", "stop_name": "ON 75TH AT MARTY ST EASTBOUND FARSIDE", "route_count": 1, "frequent": false}, "geometry": {"type": "Point", "coordinates": [-94.669792, 38.993012]}}, {"type": "Feature", "properties": {"stop_id": "4241104", "stop_name": "ON W 75TH ST AT METCALF EASTBOUND FARSIDE", "route_count": 1, "frequent": false}, "geometry": {"type": "Point", "coordinates": [-94.667375, 38.99307]}}, {"type": "Feature", "properties": {"stop_id": "4241673", "stop_name": "ON 75TH ST AT NALL EASTBOUND NEARSIDE", "route_count": 1, "frequent": false}, "geometry": {"type": "Point", "coordinates": [-94.649427, 38.993028]}}, {"type": "Feature", "properties": {"stop_id": "4241675", "stop_name": "ON 75TH ST AT JUNIPER DR EASTBOUND NEARSIDE", "route_count": 1, "frequent": false}, "geometry": {"type": "Point", "coordinates": [-94.643931, 38.993112]}}, {"type": "Feature", "properties": {"stop_id": "4241243", "stop_name": "ON 75TH ST AT ROE EASTBOUND NEARSIDE", "route_count": 1, "frequent": false}, "geometry": {"type": "Point", "coordinates": [-94.639897, 38.993117]}}, {"type": "Feature", "properties": {"stop_id": "4241245", "stop_name": "ON 75TH ST AT DELMAR EASTBOUND NEARSIDE", "route_count": 1, "frequent": false}, "geometry": {"type": "Point", "coordinates": [-94.635195, 38.993162]}}, {"type": "Feature", "properties": {"stop_id": "4241247", "stop_name": "ON 75TH AT MISSION RD EASTBOUND NEARSIDE", "route_count": 1, "frequent": false}, "geometry": {"type": "Point", "coordinates": [-94.631067, 38.993148]}}, {"type": "Feature", "properties": {"stop_id": "4241249", "stop_name": "ON 75TH ST AT PAWNEE/REINHARDT EASTBOUND FARSIDE", "route_count": 1, "frequent": false}, "geometry": {"type": "Point", "coordinates": [-94.627333, 38.99321]}}, {"type": "Feature", "properties": {"stop_id": "4241251", "stop_name": "ON 75TH ST AT CHADWICK EASTBOUND NEARSIDE", "route_count": 1, "frequent": false}, "geometry": {"type": "Point", "coordinates": [-94.621118, 38.99321]}}, {"type": "Feature", "properties": {"stop_id": "4241253", "stop_name": "COURTESY ON 75TH AT BELINDER AVE EB NEARSIDE", "route_count": 1, "frequent": false}, "geometry": {"type": "Point", "coordinates": [-94.616617, 38.993152]}}, {"type": "Feature", "properties": {"stop_id": "4241255", "stop_name": "ON 75TH ST AT BOOTH EB FS", "route_count": 1, "frequent": false}, "geometry": {"type": "Point", "coordinates": [-94.613813, 38.993121]}}, {"type": "Feature", "properties": {"stop_id": "4241257", "stop_name": "ON 75TH ST AT STATE LINE RD EASTBOUND NEARSIDE", "route_count": 1, "frequent": false}, "geometry": {"type": "Point", "coordinates": [-94.608073, 38.992941]}}, {"type": "Feature", "properties": {"stop_id": "4238762", "stop_name": "ON 75TH AT STATE LINE EASTBOUND", "route_count": 2, "frequent": false}, "geometry": {"type": "Point", "coordinates": [-94.60736, 38.992897]}}, {"type": "Feature", "properties": {"stop_id": "4238763", "stop_name": "ON 75TH AT WARD PKWY EASTBOUND", "route_count": 2, "frequent": false}, "geometry": {"type": "Point", "coordinates": [-94.603934, 38.992791]}}, {"type": "Feature", "properties": {"stop_id": "4238764", "stop_name": "ON 75TH AT MADISON EASTBOUND", "route_count": 2, "frequent": false}, "geometry": {"type": "Point", "coordinates": [-94.600888, 38.992668]}}, {"type": "Feature", "properties": {"stop_id": "4238765", "stop_name": "ON 75TH AT JEFFERSON EASTBOUND", "route_count": 2, "frequent": false}, "geometry": {"type": "Point", "coordinates": [-94.597424, 38.992515]}}, {"type": "Feature", "properties": {"stop_id": "4241403", "stop_name": "ON 75TH AT MAIN EB", "route_count": 1, "frequent": false}, "geometry": {"type": "Point", "coordinates": [-94.589652, 38.992097]}}, {"type": "Feature", "properties": {"stop_id": "4241399", "stop_name": "ON 75TH AT GRAND EASTBOUND", "route_count": 1, "frequent": false}, "geometry": {"type": "Point", "coordinates": [-94.587357, 38.991986]}}, {"type": "Feature", "properties": {"stop_id": "4238768", "stop_name": "ON 75TH AT OAK EASTBOUND", "route_count": 1, "frequent": false}, "geometry": {"type": "Point", "coordinates": [-94.585071, 38.991899]}}, {"type": "Feature", "properties": {"stop_id": "4238769", "stop_name": "ON 75TH AT HOLMES EASTBOUND", "route_count": 1, "frequent": false}, "geometry": {"type": "Point", "coordinates": [-94.580402, 38.991684]}}, {"type": "Feature", "properties": {"stop_id": "4240031", "stop_name": "ON TROOST AT 75TH NORTHBOUND", "route_count": 1, "frequent": false}, "geometry": {"type": "Point", "coordinates": [-94.575583, 38.991685]}}, {"type": "Feature", "properties": {"stop_id": "4241569", "stop_name": "75TH & TROOST METROCENTER", "route_count": 2, "frequent": false}, "geometry": {"type": "Point", "coordinates": [-94.575411, 38.991635]}}, {"type": "Feature", "properties": {"stop_id": "4238741", "stop_name": "ON 75TH AT JEFFERSON WESTBOUND", "route_count": 2, "frequent": false}, "geometry": {"type": "Point", "coordinates": [-94.597268, 38.992609]}}, {"type": "Feature", "properties": {"stop_id": "4238742", "stop_name": "ON 75TH AT MADISON WESTBOUND", "route_count": 2, "frequent": false}, "geometry": {"type": "Point", "coordinates": [-94.601028, 38.992758]}}, {"type": "Feature", "properties": {"stop_id": "4238743", "stop_name": "ON 75TH AT WARD PKWY WESTBOUND", "route_count": 2, "frequent": false}, "geometry": {"type": "Point", "coordinates": [-94.603343, 38.992853]}}, {"type": "Feature", "properties": {"stop_id": "4238744", "stop_name": "ON 75TH AT WYOMING WESTBOUND", "route_count": 2, "frequent": false}, "geometry": {"type": "Point", "coordinates": [-94.606781, 38.992984]}}, {"type": "Feature", "properties": {"stop_id": "4238745", "stop_name": "ON STATE LINE AT 7532 STATE LINE SOUTHBOUND", "route_count": 1, "frequent": false}, "geometry": {"type": "Point", "coordinates": [-94.608024, 38.992249]}}, {"type": "Feature", "properties": {"stop_id": "4238746", "stop_name": "ON STATE LINE BETWEEN 76TH & MEADOWLAKE SB", "route_count": 1, "frequent": false}, "geometry": {"type": "Point", "coordinates": [-94.608043, 38.990357]}}, {"type": "Feature", "properties": {"stop_id": "4238747", "stop_name": "ON STATE LINE AT 79TH SOUTHBOUND", "route_count": 1, "frequent": false}, "geometry": {"type": "Point", "coordinates": [-94.608063, 38.987603]}}, {"type": "Feature", "properties": {"stop_id": "4238748", "stop_name": "ON STATE LINE AT 7920 SB", "route_count": 1, "frequent": false}, "geometry": {"type": "Point", "coordinates": [-94.60822, 38.985214]}}, {"type": "Feature", "properties": {"stop_id": "4238750", "stop_name": "ON STATE LINE AT 82ND STREET SOUTHBOUND", "route_count": 1, "frequent": false}, "geometry": {"type": "Point", "coordinates": [-94.608529, 38.980108]}}, {"type": "Feature", "properties": {"stop_id": "4238751", "stop_name": "ON STATE LINE AT 83RD SOUTHBOUND", "route_count": 1, "frequent": false}, "geometry": {"type": "Point", "coordinates": [-94.60858, 38.978906]}}, {"type": "Feature", "properties": {"stop_id": "4238752", "stop_name": "ON STATE LINE AT 84TH TERRACE SOUTHBOUND NEARSIDE", "route_count": 1, "frequent": false}, "geometry": {"type": "Point", "coordinates": [-94.608425, 38.975214]}}, {"type": "Feature", "properties": {"stop_id": "4239453", "stop_name": "ON STATE LINE AT 88TH ST SOUTHBOUND FARSIDE", "route_count": 1, "frequent": false}, "geometry": {"type": "Point", "coordinates": [-94.608338, 38.968466]}}, {"type": "Feature", "properties": {"stop_id": "4239463", "stop_name": "ON STATE LINE AT 90TH SOUTHBOUND", "route_count": 1, "frequent": false}, "geometry": {"type": "Point", "coordinates": [-94.608303, 38.965025]}}, {"type": "Feature", "properties": {"stop_id": "4238434", "stop_name": "ON STATE LINE AT 95TH SOUTBOUND NEARSIDE", "route_count": 1, "frequent": false}, "geometry": {"type": "Point", "coordinates": [-94.608271, 38.956864]}}, {"type": "Feature", "properties": {"stop_id": "4241732", "stop_name": "ON 95TH AT LEE WESTBOUND", "route_count": 1, "frequent": false}, "geometry": {"type": "Point", "coordinates": [-94.615354, 38.956923]}}, {"type": "Feature", "properties": {"stop_id": "4241733", "stop_name": "ON 95TH AT CHADWICK/ENSLEY WESTBOUND", "route_count": 1, "frequent": false}, "geometry": {"type": "Point", "coordinates": [-94.621705, 38.956909]}}, {"type": "Feature", "properties": {"stop_id": "4241735", "stop_name": "ON 95TH ST AT WENONGA WESTBOUND", "route_count": 1, "frequent": false}, "geometry": {"type": "Point", "coordinates": [-94.626373, 38.956952]}}, {"type": "Feature", "properties": {"stop_id": "4238435", "stop_name": "ON 95TH ST AT MISSION WESTBOUND NEARSIDE", "route_count": 1, "frequent": false}, "geometry": {"type": "Point", "coordinates": [-94.629969, 38.956944]}}, {"type": "Feature", "properties": {"stop_id": "4241736", "stop_name": "ON 95TH AT DELMAR WESTBOUND", "route_count": 1, "frequent": false}, "geometry": {"type": "Point", "coordinates": [-94.634986, 38.956877]}}, {"type": "Feature", "properties": {"stop_id": "4241734", "stop_name": "ON 95TH AT ROE WESTBOUND", "route_count": 1, "frequent": false}, "geometry": {"type": "Point", "coordinates": [-94.63967053462923, 38.95691605786021]}}, {"type": "Feature", "properties": {"stop_id": "4241737", "stop_name": "ON 95TH AT ROSEWOOD WESTBOUND NEARSIDE", "route_count": 1, "frequent": false}, "geometry": {"type": "Point", "coordinates": [-94.644876, 38.956917]}}, {"type": "Feature", "properties": {"stop_id": "4239457", "stop_name": "ON 95TH ST AT NALL WESTBOUND NEARSIDE", "route_count": 1, "frequent": false}, "geometry": {"type": "Point", "coordinates": [-94.648813, 38.956878]}}, {"type": "Feature", "properties": {"stop_id": "4241738", "stop_name": "ON 95TH AT OUTLOOK DR WESTBOUND", "route_count": 1, "frequent": false}, "geometry": {"type": "Point", "coordinates": [-94.652911, 38.956813]}}, {"type": "Feature", "properties": {"stop_id": "4241739", "stop_name": "ON 95TH AT LAMAR WESTBOUND NEARSIDE", "route_count": 1, "frequent": false}, "geometry": {"type": "Point", "coordinates": [-94.658227, 38.956843]}}, {"type": "Feature", "properties": {"stop_id": "4241740", "stop_name": "ON 95TH AT BARKLEY WESTBOUND", "route_count": 1, "frequent": false}, "geometry": {"type": "Point", "coordinates": [-94.66377, 38.956825]}}, {"type": "Feature", "properties": {"stop_id": "4241759", "stop_name": "ON 95TH AT METCALF WESTBOUND FARSIDE", "route_count": 1, "frequent": false}, "geometry": {"type": "Point", "coordinates": [-94.668507, 38.956806]}}, {"type": "Feature", "properties": {"stop_id": "4241741", "stop_name": "ON 95TH AT FOSTER/RILEY WESTBOUND", "route_count": 1, "frequent": false}, "geometry": {"type": "Point", "coordinates": [-94.672177, 38.956779]}}, {"type": "Feature", "properties": {"stop_id": "4241742", "stop_name": "ON 95TH AT LOWELL WESTBOUND", "route_count": 1, "frequent": false}, "geometry": {"type": "Point", "coordinates": [-94.676855, 38.95679]}}, {"type": "Feature", "properties": {"stop_id": "4241744", "stop_name": "ON 95TH AT HARDY DR WESTBOUND", "route_count": 1, "frequent": false}, "geometry": {"type": "Point", "coordinates": [-94.680976, 38.956783]}}, {"type": "Feature", "properties": {"stop_id": "4241754", "stop_name": "ON 95TH AT ANTIOCH WESTBOUND", "route_count": 1, "frequent": false}, "geometry": {"type": "Point", "coordinates": [-94.687357, 38.956759]}}, {"type": "Feature", "properties": {"stop_id": "4241745", "stop_name": "ON 95TH AT KESSLER WESTBOUND", "route_count": 1, "frequent": false}, "geometry": {"type": "Point", "coordinates": [-94.69067, 38.956748]}}, {"type": "Feature", "properties": {"stop_id": "4241746", "stop_name": "ON 95TH AT GRANT DR WESTBOUND", "route_count": 1, "frequent": false}, "geometry": {"type": "Point", "coordinates": [-94.694596, 38.956747]}}, {"type": "Feature", "properties": {"stop_id": "4241747", "stop_name": "ON 95TH AT CONNELL DR WESTBOUND", "route_count": 1, "frequent": false}, "geometry": {"type": "Point", "coordinates": [-94.698881, 38.956712]}}, {"type": "Feature", "properties": {"stop_id": "4241748", "stop_name": "ON 95TH AT SWITZER WESTBOUND FARSIDE", "route_count": 1, "frequent": false}, "geometry": {"type": "Point", "coordinates": [-94.705165, 38.956689]}}, {"type": "Feature", "properties": {"stop_id": "4241932", "stop_name": "ON W 95TH AT BLUEJACKET ST WESTBOUND FARSIDE", "route_count": 1, "frequent": false}, "geometry": {"type": "Point", "coordinates": [-94.711784, 38.956699]}}, {"type": "Feature", "properties": {"stop_id": "4241463", "stop_name": "ON W 95TH ST AT CODY ST WESTBOUND NEARSIDE", "route_count": 2, "frequent": false}, "geometry": {"type": "Point", "coordinates": [-94.72078, 38.956665]}}, {"type": "Feature", "properties": {"stop_id": "4240983", "stop_name": "ON 95TH AT MONROVIA ST WESTBOUND NEARSIDE", "route_count": 1, "frequent": false}, "geometry": {"type": "Point", "coordinates": [-94.728189, 38.956642]}}, {"type": "Feature", "properties": {"stop_id": "4241749", "stop_name": "ON 95TH AT NOLAND WESTBOUND", "route_count": 1, "frequent": false}, "geometry": {"type": "Point", "coordinates": [-94.737451, 38.956567]}}, {"type": "Feature", "properties": {"stop_id": "4241750", "stop_name": "ON 95TH AT PFLUMM WESTBOUND", "route_count": 1, "frequent": false}, "geometry": {"type": "Point", "coordinates": [-94.742558, 38.956624]}}, {"type": "Feature", "properties": {"stop_id": "4241751", "stop_name": "ON 95TH AT SANTA FE TRAIL DR WESTBOUND", "route_count": 1, "frequent": false}, "geometry": {"type": "Point", "coordinates": [-94.747633, 38.956383]}}, {"type": "Feature", "properties": {"stop_id": "4241752", "stop_name": "ON 95TH AT DICE LANE WESTBOUND", "route_count": 1, "frequent": false}, "geometry": {"type": "Point", "coordinates": [-94.754946, 38.956318]}}, {"type": "Feature", "properties": {"stop_id": "4241726", "stop_name": "ON 95TH AT LACKMAN WESTBOUND", "route_count": 1, "frequent": false}, "geometry": {"type": "Point", "coordinates": [-94.76106, 38.956536]}}, {"type": "Feature", "properties": {"stop_id": "4241753", "stop_name": "ON 95TH AT TWILIGHT WESTBOUND", "route_count": 1, "frequent": false}, "geometry": {"type": "Point", "coordinates": [-94.764637, 38.956535]}}, {"type": "Feature", "properties": {"stop_id": "4241755", "stop_name": "ON 95TH AT LOIRET BLVD WESTBOUND", "route_count": 1, "frequent": false}, "geometry": {"type": "Point", "coordinates": [-94.770092, 38.95654]}}, {"type": "Feature", "properties": {"stop_id": "4241756", "stop_name": "ON 95TH AT RIDGE DR WESTBOUND", "route_count": 1, "frequent": false}, "geometry": {"type": "Point", "coordinates": [-94.777281, 38.956513]}}, {"type": "Feature", "properties": {"stop_id": "4241757", "stop_name": "ON RENNER BLVD AT 94TH/I-435 NORTHBOUND", "route_count": 1, "frequent": false}, "geometry": {"type": "Point", "coordinates": [-94.779428, 38.959912]}}, {"type": "Feature", "properties": {"stop_id": "4240979", "stop_name": "ON RENNER AT MONROVIA NORTHBOUND NEARSIDE", "route_count": 1, "frequent": false}, "geometry": {"type": "Point", "coordinates": [-94.779466, 38.96347]}}, {"type": "Feature", "properties": {"stop_id": "4240981", "stop_name": "ON RENNER AT 89TH NORTHBOUND NEARSIDE", "route_count": 1, "frequent": false}, "geometry": {"type": "Point", "coordinates": [-94.779518, 38.967292]}}, {"type": "Feature", "properties": {"stop_id": "4240982", "stop_name": "ON RENNER AT MONROVIA SOUTHBOUND FARSIDE", "route_count": 1, "frequent": false}, "geometry": {"type": "Point", "coordinates": [-94.77993, 38.967112]}}, {"type": "Feature", "properties": {"stop_id": "4241760", "stop_name": "ON RENNER AT SHOPS AT PRAIRIE CREEK SOUTHBOUND", "route_count": 1, "frequent": false}, "geometry": {"type": "Point", "coordinates": [-94.779707, 38.960542]}}, {"type": "Feature", "properties": {"stop_id": "4241707", "stop_name": "ON 95TH BWTWEEN RENNER AND RIDGE EASTBOUND FARSIDE", "route_count": 1, "frequent": false}, "geometry": {"type": "Point", "coordinates": [-94.777051, 38.956292]}}, {"type": "Feature", "properties": {"stop_id": "4241708", "stop_name": "ON 95TH AT LOLIRET BLVD EASTBOUND FARSIDE", "route_count": 1, "frequent": false}, "geometry": {"type": "Point", "coordinates": [-94.769441, 38.956335]}}, {"type": "Feature", "properties": {"stop_id": "4241709", "stop_name": "ON 95TH AT TWILIGHT LANE NEARSIDE", "route_count": 1, "frequent": false}, "geometry": {"type": "Point", "coordinates": [-94.765011, 38.956333]}}, {"type": "Feature", "properties": {"stop_id": "4241715", "stop_name": "ON 95TH AT LACKMAN EASTBOUND NEARSIDE", "route_count": 1, "frequent": false}, "geometry": {"type": "Point", "coordinates": [-94.760999, 38.956333]}}, {"type": "Feature", "properties": {"stop_id": "4241710", "stop_name": "ON 95TH AT DICE LANE", "route_count": 1, "frequent": false}, "geometry": {"type": "Point", "coordinates": [-94.754908, 38.956211]}}, {"type": "Feature", "properties": {"stop_id": "4241711", "stop_name": "ON 95TH SANTA FE TRAIL DR EASTBOUND NEARSIDE", "route_count": 1, "frequent": false}, "geometry": {"type": "Point", "coordinates": [-94.747902, 38.956195]}}, {"type": "Feature", "properties": {"stop_id": "4241712", "stop_name": "ON 95TH AT PFLUMM RD EASTBOUND FARSIDE", "route_count": 1, "frequent": false}, "geometry": {"type": "Point", "coordinates": [-94.74203, 38.956418]}}, {"type": "Feature", "properties": {"stop_id": "4241713", "stop_name": "ON 95TH AT NOLAND EASTBOUND FARSIDE", "route_count": 1, "frequent": false}, "geometry": {"type": "Point", "coordinates": [-94.737498, 38.95646]}}, {"type": "Feature", "properties": {"stop_id": "4240984", "stop_name": "ON 95TH AT MONROVIA EASTBOUND NEARSIDE", "route_count": 1, "frequent": false}, "geometry": {"type": "Point", "coordinates": [-94.728413, 38.956421]}}, {"type": "Feature", "properties": {"stop_id": "4241931", "stop_name": "ON W 95TH ST AT NIEMAN ROAD EASTBOUND FARSIDE", "route_count": 1, "frequent": false}, "geometry": {"type": "Point", "coordinates": [-94.71426, 38.956449]}}, {"type": "Feature", "properties": {"stop_id": "4241714", "stop_name": "ON 95TH AT SWITZER EASTBOUND FARSIDE", "route_count": 1, "frequent": false}, "geometry": {"type": "Point", "coordinates": [-94.704392, 38.956479]}}, {"type": "Feature", "properties": {"stop_id": "4241716", "stop_name": "ON 95TH AT CONNELL DR EASTBOUND", "route_count": 1, "frequent": false}, "geometry": {"type": "Point", "coordinates": [-94.698758, 38.956495]}}, {"type": "Feature", "properties": {"stop_id": "4241717", "stop_name": "ON 95TH AT KESSLER EASTBOUND FARSIDE", "route_count": 1, "frequent": false}, "geometry": {"type": "Point", "coordinates": [-94.694024, 38.956531]}}, {"type": "Feature", "properties": {"stop_id": "4241743", "stop_name": "ON 95TH AT ANTIOCH EASTBOUND FARSIDE", "route_count": 1, "frequent": false}, "geometry": {"type": "Point", "coordinates": [-94.685158, 38.956555]}}, {"type": "Feature", "properties": {"stop_id": "4241718", "stop_name": "ON 95TH AT HARDY EASTBOUND NEARSIDE", "route_count": 1, "frequent": false}, "geometry": {"type": "Point", "coordinates": [-94.680798, 38.956567]}}, {"type": "Feature", "properties": {"stop_id": "4241719", "stop_name": "ON 95TH AT LOWELL EASTBOUND NEARSIDE", "route_count": 1, "frequent": false}, "geometry": {"type": "Point", "coordinates": [-94.677081, 38.956572]}}, {"type": "Feature", "properties": {"stop_id": "4241720", "stop_name": "ON 95TH AT FOSTER/RILEY EASTBOUND FARSIDE", "route_count": 1, "frequent": false}, "geometry": {"type": "Point", "coordinates": [-94.672092, 38.956567]}}, {"type": "Feature", "properties": {"stop_id": "4241758", "stop_name": "ON 95TH AT METCALF EASTBOUND FARSIDE", "route_count": 1, "frequent": false}, "geometry": {"type": "Point", "coordinates": [-94.667316, 38.956569]}}, {"type": "Feature", "properties": {"stop_id": "4241721", "stop_name": "ON 95TH AT BARKLEY ST", "route_count": 1, "frequent": false}, "geometry": {"type": "Point", "coordinates": [-94.664004, 38.956599]}}, {"type": "Feature", "properties": {"stop_id": "4241722", "stop_name": "ON 95TH AT LAMAR EASTBOUND FARSIDE", "route_count": 1, "frequent": false}, "geometry": {"type": "Point", "coordinates": [-94.657392, 38.956652]}}, {"type": "Feature", "properties": {"stop_id": "4241723", "stop_name": "ON 95TH AT OUTLOOK EASTBOUND", "route_count": 1, "frequent": false}, "geometry": {"type": "Point", "coordinates": [-94.652905, 38.956706]}}, {"type": "Feature", "properties": {"stop_id": "4239455", "stop_name": "ON 95TH ST AT NALL EASTBOUND NEARSIDE", "route_count": 1, "frequent": false}, "geometry": {"type": "Point", "coordinates": [-94.649279, 38.95666]}}, {"type": "Feature", "properties": {"stop_id": "4241724", "stop_name": "ON 95TH AT ROSEWOOD EASTBOUND", "route_count": 1, "frequent": false}, "geometry": {"type": "Point", "coordinates": [-94.645111, 38.956683]}}, {"type": "Feature", "properties": {"stop_id": "4241725", "stop_name": "ON 95TH AT ROE EASTBOUND", "route_count": 1, "frequent": false}, "geometry": {"type": "Point", "coordinates": [-94.639226, 38.956717]}}, {"type": "Feature", "properties": {"stop_id": "4241727", "stop_name": "ON 95TH AT DELMAR ST EASTBOUND", "route_count": 1, "frequent": false}, "geometry": {"type": "Point", "coordinates": [-94.63491, 38.956769]}}, {"type": "Feature", "properties": {"stop_id": "4241728", "stop_name": "ON 95TH AT MISSION EASTBOUND", "route_count": 1, "frequent": false}, "geometry": {"type": "Point", "coordinates": [-94.63053, 38.956716]}}, {"type": "Feature", "properties": {"stop_id": "4241729", "stop_name": "ON 95TH AT WENONGA RD EASTBOUND", "route_count": 1, "frequent": false}, "geometry": {"type": "Point", "coordinates": [-94.626038, 38.956736]}}, {"type": "Feature", "properties": {"stop_id": "4241730", "stop_name": "ON 95TH AT CHADWICK/ENSLEY EASTBOUND", "route_count": 1, "frequent": false}, "geometry": {"type": "Point", "coordinates": [-94.621628, 38.956802]}}, {"type": "Feature", "properties": {"stop_id": "4241731", "stop_name": "ON 95TH AT LEE EASTBOUND", "route_count": 1, "frequent": false}, "geometry": {"type": "Point", "coordinates": [-94.615588, 38.956817]}}, {"type": "Feature", "properties": {"stop_id": "4240987", "stop_name": "ON STATE LINE AT 93RD NORTHBOUND (ROCKHURST HS)", "route_count": 1, "frequent": false}, "geometry": {"type": "Point", "coordinates": [-94.608025, 38.959594]}}, {"type": "Feature", "properties": {"stop_id": "4240988", "stop_name": "ON STATE LINE AT 92ND NORTHBOUND", "route_count": 1, "frequent": false}, "geometry": {"type": "Point", "coordinates": [-94.608019, 38.962958]}}, {"type": "Feature", "properties": {"stop_id": "4240989", "stop_name": "ON STATE LINE AT 9001 NORTHBOUND", "route_count": 1, "frequent": false}, "geometry": {"type": "Point", "coordinates": [-94.607973, 38.96499]}}, {"type": "Feature", "properties": {"stop_id": "4240990", "stop_name": "ON STATE LINE AT 88TH NORTHBOUND", "route_count": 1, "frequent": false}, "geometry": {"type": "Point", "coordinates": [-94.608036, 38.968899]}}, {"type": "Feature", "properties": {"stop_id": "4238754", "stop_name": "ON STATE LINE BTWN AT 85TH TERR & 85TH ST NB", "route_count": 1, "frequent": false}, "geometry": {"type": "Point", "coordinates": [-94.608107, 38.974291]}}, {"type": "Feature", "properties": {"stop_id": "4238756", "stop_name": "ON STATE LINE AT 83RD NORTHBOUND", "route_count": 1, "frequent": false}, "geometry": {"type": "Point", "coordinates": [-94.608314, 38.978568]}}, {"type": "Feature", "properties": {"stop_id": "4238757", "stop_name": "ON STATE LINE AT 82ND SPRINT NORTHBOUND", "route_count": 1, "frequent": false}, "geometry": {"type": "Point", "coordinates": [-94.608263, 38.980221]}}, {"type": "Feature", "properties": {"stop_id": "4238758", "stop_name": "ON STATE LINE AT 8015 NORTHBOUND", "route_count": 1, "frequent": false}, "geometry": {"type": "Point", "coordinates": [-94.608184, 38.983417]}}, {"type": "Feature", "properties": {"stop_id": "4238759", "stop_name": "ON STATE LINE AT 79TH NB", "route_count": 1, "frequent": false}, "geometry": {"type": "Point", "coordinates": [-94.608066, 38.98521]}}, {"type": "Feature", "properties": {"stop_id": "4238760", "stop_name": "ON STATE LINE AT MEADOWLAKE TERR NORTHBOUND", "route_count": 1, "frequent": false}, "geometry": {"type": "Point", "coordinates": [-94.607937, 38.987588]}}, {"type": "Feature", "properties": {"stop_id": "4238761", "stop_name": "ON STATE LINE AT MEADOWLAKE NORTHBOUND", "route_count": 1, "frequent": false}, "geometry": {"type": "Point", "coordinates": [-94.607912, 38.989864]}}, {"type": "Feature", "properties": {"stop_id": "4238735", "stop_name": "ON 75TH AT TROOST WESTBOUND", "route_count": 1, "frequent": false}, "geometry": {"type": "Point", "coordinates": [-94.575539, 38.991603]}}, {"type": "Feature", "properties": {"stop_id": "4238736", "stop_name": "ON 75TH AT HOLMES WESTBOUND", "route_count": 1, "frequent": false}, "geometry": {"type": "Point", "coordinates": [-94.580222, 38.99177]}}, {"type": "Feature", "properties": {"stop_id": "4238737", "stop_name": "ON 75TH AT OAK WESTBOUND", "route_count": 1, "frequent": false}, "geometry": {"type": "Point", "coordinates": [-94.584798, 38.991985]}}, {"type": "Feature", "properties": {"stop_id": "4241398", "stop_name": "ON 75TH AT GRAND WESTBOUND NEARSIDE", "route_count": 1, "frequent": false}, "geometry": {"type": "Point", "coordinates": [-94.587431, 38.992097]}}, {"type": "Feature", "properties": {"stop_id": "4238738", "stop_name": "ON 75TH AT MAIN WESTBOUND", "route_count": 1, "frequent": false}, "geometry": {"type": "Point", "coordinates": [-94.589444, 38.992192]}}, {"type": "Feature", "properties": {"stop_id": "4238739", "stop_name": "ON 75TH AT WYANDOTTE WESTBOUND", "route_count": 1, "frequent": false}, "geometry": {"type": "Point", "coordinates": [-94.591748, 38.992301]}}, {"type": "Feature", "properties": {"stop_id": "4238740", "stop_name": "ON 75TH AT BROADWAY WESTBOUND", "route_count": 1, "frequent": false}, "geometry": {"type": "Point", "coordinates": [-94.593737, 38.992384]}}, {"type": "Feature", "properties": {"stop_id": "4241258", "stop_name": "ON 75TH AT STATE LINE/EATON WESTBOUND", "route_count": 1, "frequent": false}, "geometry": {"type": "Point", "coordinates": [-94.60884, 38.993202]}}, {"type": "Feature", "properties": {"stop_id": "4241256", "stop_name": "ON 75TH AT BOOTH WB", "route_count": 1, "frequent": false}, "geometry": {"type": "Point", "coordinates": [-94.614062, 38.993229]}}, {"type": "Feature", "properties": {"stop_id": "4241254", "stop_name": "COURTESY ON 75TH ST AT BELINDER WESTBOUND", "route_count": 1, "frequent": false}, "geometry": {"type": "Point", "coordinates": [-94.616382, 38.993254]}}, {"type": "Feature", "properties": {"stop_id": "4241252", "stop_name": "ON 75TH AT CHADWICK ST WB", "route_count": 1, "frequent": false}, "geometry": {"type": "Point", "coordinates": [-94.620882, 38.99331]}}, {"type": "Feature", "properties": {"stop_id": "4241250", "stop_name": "ON 75TH ST AT PAWNEE ST WB", "route_count": 1, "frequent": false}, "geometry": {"type": "Point", "coordinates": [-94.627375, 38.993317]}}, {"type": "Feature", "properties": {"stop_id": "4241248", "stop_name": "ON 75TH ST AT MISSION RD WESTBOUND NEARSIDE", "route_count": 1, "frequent": false}, "geometry": {"type": "Point", "coordinates": [-94.63023, 38.993341]}}, {"type": "Feature", "properties": {"stop_id": "4241246", "stop_name": "ON 75TH AT DELMAR ST WB", "route_count": 1, "frequent": false}, "geometry": {"type": "Point", "coordinates": [-94.634965, 38.993272]}}, {"type": "Feature", "properties": {"stop_id": "4241244", "stop_name": "ON 75TH ST AT ROE WESTBOUND NEARSIDE", "route_count": 1, "frequent": false}, "geometry": {"type": "Point", "coordinates": [-94.63956, 38.993307]}}, {"type": "Feature", "properties": {"stop_id": "4241242", "stop_name": "ON 75TH AT JUNIPER WB FS", "route_count": 1, "frequent": false}, "geometry": {"type": "Point", "coordinates": [-94.643936, 38.993219]}}, {"type": "Feature", "properties": {"stop_id": "4241674", "stop_name": "ON 75TH AT NALL AVE WESTBOUND NEARSIDE", "route_count": 1, "frequent": false}, "geometry": {"type": "Point", "coordinates": [-94.648833, 38.993224]}}, {"type": "Feature", "properties": {"stop_id": "4240961", "stop_name": "ON W 75TH ST AT METCALF AVE WESTBOUND NEARSIDE", "route_count": 1, "frequent": false}, "geometry": {"type": "Point", "coordinates": [-94.667527, 38.993177]}}, {"type": "Feature", "properties": {"stop_id": "4241504", "stop_name": "ON 75TH AT MARTY WB", "route_count": 1, "frequent": false}, "geometry": {"type": "Point", "coordinates": [-94.670237, 38.993206]}}, {"type": "Feature", "properties": {"stop_id": "4241502", "stop_name": "ON 75TH AT CONSER ST WB", "route_count": 1, "frequent": false}, "geometry": {"type": "Point", "coordinates": [-94.673435, 38.993151]}}, {"type": "Feature", "properties": {"stop_id": "4241500", "stop_name": "ON 75TH AT LOWELL/ROBINSON WESTBOUND", "route_count": 1, "frequent": false}, "geometry": {"type": "Point", "coordinates": [-94.676938, 38.993146]}}, {"type": "Feature", "properties": {"stop_id": "4241498", "stop_name": "ON 75TH AT HADLEY WB", "route_count": 1, "frequent": false}, "geometry": {"type": "Point", "coordinates": [-94.683212, 38.993143]}}, {"type": "Feature", "properties": {"stop_id": "4241497", "stop_name": "ON 75TH ST AT ANTIOCH RD WESTBOUND NEARSIDE", "route_count": 1, "frequent": false}, "geometry": {"type": "Point", "coordinates": [-94.685987, 38.993176]}}, {"type": "Feature", "properties": {"stop_id": "4241495", "stop_name": "ON 75TH AT GRANDVIEW WESTBOUND NEARSIDE", "route_count": 1, "frequent": false}, "geometry": {"type": "Point", "coordinates": [-94.690791, 38.993161]}}, {"type": "Feature", "properties": {"stop_id": "4241493", "stop_name": "ON 75TH AT I-35 FRONTAGE ROAD WESTBOUND", "route_count": 1, "frequent": false}, "geometry": {"type": "Point", "coordinates": [-94.695115, 38.993147]}}, {"type": "Feature", "properties": {"stop_id": "4240964", "stop_name": "ON 75TH AT KING COVE ROAD WESTBOUND", "route_count": 1, "frequent": false}, "geometry": {"type": "Point", "coordinates": [-94.70206, 38.993061]}}, {"type": "Feature", "properties": {"stop_id": "4241491", "stop_name": "ON 75TH AND SWITZER ROAD WESTBOUND NEARSIDE", "route_count": 1, "frequent": false}, "geometry": {"type": "Point", "coordinates": [-94.705243, 38.993005]}}, {"type": "Feature", "properties": {"stop_id": "4241489", "stop_name": "ON 75TH AT GODDARD ST WESTBOUND", "route_count": 1, "frequent": false}, "geometry": {"type": "Point", "coordinates": [-94.709744, 38.99297]}}, {"type": "Feature", "properties": {"stop_id": "4241487", "stop_name": "ON 75TH AT 10900 W 75TH ST WESTBOUND NEARSIDE", "route_count": 1, "frequent": false}, "geometry": {"type": "Point", "coordinates": [-94.711891, 38.992949]}}, {"type": "Feature", "properties": {"stop_id": "4240765", "stop_name": "ON W 75TH AT 11200 W 75TH STREET WESTBOUND FARSIDE", "route_count": 2, "frequent": false}, "geometry": {"type": "Point", "coordinates": [-94.71555444349671, 38.99300104285286]}}, {"type": "Feature", "properties": {"stop_id": "4240965", "stop_name": "ON 75TH BETWEEN KING AND FLINT WESTBOUND", "route_count": 2, "frequent": false}, "geometry": {"type": "Point", "coordinates": [-94.718522, 38.992905]}}, {"type": "Feature", "properties": {"stop_id": "4241485", "stop_name": "ON 75TH AT LUCILLE ST WESTBOUND", "route_count": 2, "frequent": false}, "geometry": {"type": "Point", "coordinates": [-94.719969, 38.992883]}}, {"type": "Feature", "properties": {"stop_id": "4240859", "stop_name": "ON W 75TH STREET AT QUIVIRA ROAD WESTBOUND", "route_count": 2, "frequent": false}, "geometry": {"type": "Point", "coordinates": [-94.722918, 38.992903]}}, {"type": "Feature", "properties": {"stop_id": "4241105", "stop_name": "ON QUIVIRA AT 75TH ST SOUTHBOUND", "route_count": 2, "frequent": false}, "geometry": {"type": "Point", "coordinates": [-94.723839, 38.992645]}}, {"type": "Feature", "properties": {"stop_id": "4241483", "stop_name": "ON QUIVIRA AT 76TH ST SB", "route_count": 2, "frequent": false}, "geometry": {"type": "Point", "coordinates": [-94.723822, 38.990619]}}, {"type": "Feature", "properties": {"stop_id": "4241481", "stop_name": "ON QUIVIRA AT 77TH TER SB FS", "route_count": 2, "frequent": false}, "geometry": {"type": "Point", "coordinates": [-94.723806, 38.98778]}}, {"type": "Feature", "properties": {"stop_id": "4241479", "stop_name": "ON QUIVIRA AT 79TH ST SB", "route_count": 2, "frequent": false}, "geometry": {"type": "Point", "coordinates": [-94.723801, 38.985532]}}, {"type": "Feature", "properties": {"stop_id": "4241477", "stop_name": "ON QUIVIRA AT 81ST SB", "route_count": 2, "frequent": false}, "geometry": {"type": "Point", "coordinates": [-94.72379, 38.982274]}}, {"type": "Feature", "properties": {"stop_id": "4240967", "stop_name": "ON QUIVIRA AT 83RD SOUTHBOUND NEARSIDE", "route_count": 2, "frequent": false}, "geometry": {"type": "Point", "coordinates": [-94.723776, 38.978435]}}, {"type": "Feature", "properties": {"stop_id": "4241476", "stop_name": "ON QUIVIRA AT 86TH ST SOUTHBOUND", "route_count": 2, "frequent": false}, "geometry": {"type": "Point", "coordinates": [-94.723778, 38.974784]}}, {"type": "Feature", "properties": {"stop_id": "4241474", "stop_name": "ON QUIVIRA AT 91ST SB", "route_count": 2, "frequent": false}, "geometry": {"type": "Point", "coordinates": [-94.723664, 38.963902]}}, {"type": "Feature", "properties": {"stop_id": "4241472", "stop_name": "ON QUIVIRA AT 93RD SOUTBOUND", "route_count": 2, "frequent": false}, "geometry": {"type": "Point", "coordinates": [-94.723673, 38.960685]}}, {"type": "Feature", "properties": {"stop_id": "4241470", "stop_name": "ON QUIVIRA AT 95TH SOUTHBOUND", "route_count": 2, "frequent": false}, "geometry": {"type": "Point", "coordinates": [-94.723773, 38.956109]}}, {"type": "Feature", "properties": {"stop_id": "4240966", "stop_name": "ON QUIVIRA AT 97TH SOUTHBOUND FARSIDE", "route_count": 2, "frequent": false}, "geometry": {"type": "Point", "coordinates": [-94.723778, 38.951432]}}, {"type": "Feature", "properties": {"stop_id": "4241464", "stop_name": "ON QUIVIRA AT 99TH TER SOUTHBOUND", "route_count": 2, "frequent": false}, "geometry": {"type": "Point", "coordinates": [-94.723739, 38.948574]}}, {"type": "Feature", "properties": {"stop_id": "4241462", "stop_name": "ON QUIVIRA AT 101ST SB", "route_count": 2, "frequent": false}, "geometry": {"type": "Point", "coordinates": [-94.723718, 38.946189]}}, {"type": "Feature", "properties": {"stop_id": "4241461", "stop_name": "ON QUIVIRA AT 103RD ST SB", "route_count": 2, "frequent": false}, "geometry": {"type": "Point", "coordinates": [-94.723679, 38.942185]}}, {"type": "Feature", "properties": {"stop_id": "4241459", "stop_name": "ON QUIVIRA AT 105TH STREET SOUTHBOUND", "route_count": 2, "frequent": false}, "geometry": {"type": "Point", "coordinates": [-94.723681, 38.938874]}}, {"type": "Feature", "properties": {"stop_id": "4241457", "stop_name": "ON QUIVIRA AT 109TH ST SB", "route_count": 2, "frequent": false}, "geometry": {"type": "Point", "coordinates": [-94.723672, 38.932315]}}, {"type": "Feature", "properties": {"stop_id": "4241455", "stop_name": "ON 110TH AT QUIVIRA WB", "route_count": 2, "frequent": false}, "geometry": {"type": "Point", "coordinates": [-94.724595, 38.930137]}}, {"type": "Feature", "properties": {"stop_id": "4241453", "stop_name": "ON OAKMONT AT 110TH SB", "route_count": 2, "frequent": false}, "geometry": {"type": "Point", "coordinates": [-94.72955, 38.92913]}}, {"type": "Feature", "properties": {"stop_id": "4241449", "stop_name": "ON QUIVIRA BETWEEN 118TH AND 119TH ST SOUTHBOUND", "route_count": 1, "frequent": false}, "geometry": {"type": "Point", "coordinates": [-94.723874, 38.913562]}}, {"type": "Feature", "properties": {"stop_id": "4241446", "stop_name": "ON QUIVIRA AT 119TH CT SB", "route_count": 1, "frequent": false}, "geometry": {"type": "Point", "coordinates": [-94.723865, 38.910237]}}, {"type": "Feature", "properties": {"stop_id": "4241444", "stop_name": "ON QUIVIRA AT 121ST SB", "route_count": 1, "frequent": false}, "geometry": {"type": "Point", "coordinates": [-94.723878, 38.906531]}}, {"type": "Feature", "properties": {"stop_id": "4241442", "stop_name": "COURTESY ON QUIVIRA AT 125TH ST SB", "route_count": 1, "frequent": false}, "geometry": {"type": "Point", "coordinates": [-94.723887, 38.901916]}}, {"type": "Feature", "properties": {"stop_id": "4240864", "stop_name": "ON NIEMAN RD AT 75TH ST NB", "route_count": 1, "frequent": false}, "geometry": {"type": "Point", "coordinates": [-94.714346, 38.994082]}}, {"type": "Feature", "properties": {"stop_id": "4240866", "stop_name": "ON NIEMAN RD AT 74TH ST NB", "route_count": 1, "frequent": false}, "geometry": {"type": "Point", "coordinates": [-94.714353, 38.995124]}}, {"type": "Feature", "properties": {"stop_id": "4240868", "stop_name": "ON NIEMAN RD AT 72ND TERR NB", "route_count": 1, "frequent": false}, "geometry": {"type": "Point", "coordinates": [-94.714366, 38.997471]}}, {"type": "Feature", "properties": {"stop_id": "4240870", "stop_name": "ON NIEMAN ROAD AT 71ST ST NB", "route_count": 1, "frequent": false}, "geometry": {"type": "Point", "coordinates": [-94.71438, 38.999859]}}, {"type": "Feature", "properties": {"stop_id": "4240872", "stop_name": "ON NIEMAN ROAD AT 69TH ST NORTHBOUND NEARSIDE", "route_count": 1, "frequent": false}, "geometry": {"type": "Point", "coordinates": [-94.714411, 39.003997]}}, {"type": "Feature", "properties": {"stop_id": "4240874", "stop_name": "ON NIEMAN ROAD ON 65TH ST NB", "route_count": 1, "frequent": false}, "geometry": {"type": "Point", "coordinates": [-94.714464, 39.010359]}}, {"type": "Feature", "properties": {"stop_id": "4240876", "stop_name": "ON NIEMAN ROAD AT 64TH ST NB", "route_count": 1, "frequent": false}, "geometry": {"type": "Point", "coordinates": [-94.714479, 39.013222]}}, {"type": "Feature", "properties": {"stop_id": "4240878", "stop_name": "ON NIEMAN ROAD AT 62ND ST NB", "route_count": 1, "frequent": false}, "geometry": {"type": "Point", "coordinates": [-94.714491, 39.016273]}}, {"type": "Feature", "properties": {"stop_id": "4240880", "stop_name": "ON NIEMAN ROAD AT 60TH ST NB", "route_count": 1, "frequent": false}, "geometry": {"type": "Point", "coordinates": [-94.714501, 39.020171]}}, {"type": "Feature", "properties": {"stop_id": "4241681", "stop_name": "ON NIEMAN ROAD AT JOHNSON DRIVE NB", "route_count": 1, "frequent": false}, "geometry": {"type": "Point", "coordinates": [-94.714508, 39.022645]}}, {"type": "Feature", "properties": {"stop_id": "4241362", "stop_name": "ON JOHNSON DR AT BLUEJACKET ST EB", "route_count": 1, "frequent": false}, "geometry": {"type": "Point", "coordinates": [-94.712359, 39.022895]}}, {"type": "Feature", "properties": {"stop_id": "4241364", "stop_name": "ON JOHNSON DRIVE AT GODDARD ST EB", "route_count": 1, "frequent": false}, "geometry": {"type": "Point", "coordinates": [-94.709931, 39.022912]}}, {"type": "Feature", "properties": {"stop_id": "4241366", "stop_name": "ON JOHNSON DRIVE AT BRITTANY/W 59TH PL EB", "route_count": 1, "frequent": false}, "geometry": {"type": "Point", "coordinates": [-94.705054, 39.022156]}}, {"type": "Feature", "properties": {"stop_id": "4241368", "stop_name": "ON JOHNSON DRIVE AT KNOX ST EB", "route_count": 1, "frequent": false}, "geometry": {"type": "Point", "coordinates": [-94.698399, 39.022111]}}, {"type": "Feature", "properties": {"stop_id": "4241370", "stop_name": "ON JOHNSON DRIVE AT MERRIAM DRIVE EB", "route_count": 1, "frequent": false}, "geometry": {"type": "Point", "coordinates": [-94.694363, 39.022123]}}, {"type": "Feature", "properties": {"stop_id": "4241372", "stop_name": "ON JOHNSON DRIVE AT IKEA WAY FS EB", "route_count": 1, "frequent": false}, "geometry": {"type": "Point", "coordinates": [-94.690152, 39.022193]}}, {"type": "Feature", "properties": {"stop_id": "4241374", "stop_name": "ON JOHNSON DRIVE AT ANTIOCH ROAD EB", "route_count": 1, "frequent": false}, "geometry": {"type": "Point", "coordinates": [-94.687205, 39.022142]}}, {"type": "Feature", "properties": {"stop_id": "4240882", "stop_name": "ON JOHNSON DRIVE AT GOODMAN ST EB FARSIDE", "route_count": 1, "frequent": false}, "geometry": {"type": "Point", "coordinates": [-94.679896, 39.022214]}}, {"type": "Feature", "properties": {"stop_id": "4240884", "stop_name": "ON JOHNSON DRIVE AT RILEY STREET EB", "route_count": 1, "frequent": false}, "geometry": {"type": "Point", "coordinates": [-94.671086, 39.022184]}}, {"type": "Feature", "properties": {"stop_id": "4240766", "stop_name": "ON JOHNSON DR AT BROADMOOR ST EASTBOUND", "route_count": 1, "frequent": false}, "geometry": {"type": "Point", "coordinates": [-94.665258, 39.022137]}}, {"type": "Feature", "properties": {"stop_id": "4240767", "stop_name": "ON JOHNSON DR AT LAMAR EASTBOUND NEARSIDE", "route_count": 1, "frequent": false}, "geometry": {"type": "Point", "coordinates": [-94.658812, 39.022092]}}, {"type": "Feature", "properties": {"stop_id": "4240969", "stop_name": "47TH & STATE AVE METROCENTER SOUTHBOUND LANE", "route_count": 1, "frequent": false}, "geometry": {"type": "Point", "coordinates": [-94.68557, 39.113478]}}, {"type": "Feature", "properties": {"stop_id": "4240846", "stop_name": "ON RENNER BLVD AT 116TH ST NB", "route_count": 1, "frequent": false}, "geometry": {"type": "Point", "coordinates": [-94.779342, 38.917918]}}, {"type": "Feature", "properties": {"stop_id": "4240764", "stop_name": "ON RENNER BLVD AT 113TH NORTHBOUND / AMAZON", "route_count": 1, "frequent": false}, "geometry": {"type": "Point", "coordinates": [-94.779278, 38.92233]}}, {"type": "Feature", "properties": {"stop_id": "4240848", "stop_name": "ON RENNER BLVD AT 112TH ST NB", "route_count": 1, "frequent": false}, "geometry": {"type": "Point", "coordinates": [-94.779253, 38.924681]}}, {"type": "Feature", "properties": {"stop_id": "4249029", "stop_name": "EB 402 @ Eicher Dr.", "route_count": 1, "frequent": false}, "geometry": {"type": "Point", "coordinates": [-94.77579471292492, 38.92721354900116]}}, {"type": "Feature", "properties": {"stop_id": "4240850", "stop_name": "ON COLLEGE BLVD AT LAKEVIEW AVE EASTBOUND", "route_count": 1, "frequent": false}, "geometry": {"type": "Point", "coordinates": [-94.769155, 38.9272]}}, {"type": "Feature", "properties": {"stop_id": "4240852", "stop_name": "ON COLLEGE BLVD AT LACKMAN EASTBOUND", "route_count": 1, "frequent": false}, "geometry": {"type": "Point", "coordinates": [-94.760975, 38.927158]}}, {"type": "Feature", "properties": {"stop_id": "4241460", "stop_name": "ON 97TH ST AT OAK PARK MALL EASTBOUND", "route_count": 1, "frequent": false}, "geometry": {"type": "Point", "coordinates": [-94.720626, 38.951182]}}, {"type": "Feature", "properties": {"stop_id": "4241376", "stop_name": "ON JOHNSON DRIVE AT HADLEY ST EB", "route_count": 1, "frequent": false}, "geometry": {"type": "Point", "coordinates": [-94.682689, 39.022201]}}, {"type": "Feature", "properties": {"stop_id": "4240770", "stop_name": "ON JOHNSON DR AT LAMAR WESTBOUND FARSIDE", "route_count": 1, "frequent": false}, "geometry": {"type": "Point", "coordinates": [-94.658624, 39.022295]}}, {"type": "Feature", "properties": {"stop_id": "4240796", "stop_name": "ON JOHNSON DRIVE AT BROADMOOR WESTBOUND", "route_count": 1, "frequent": false}, "geometry": {"type": "Point", "coordinates": [-94.665302, 39.022346]}}, {"type": "Feature", "properties": {"stop_id": "4240885", "stop_name": "ON JOHNSON DRIVE AT RILEY ST WB FS", "route_count": 1, "frequent": false}, "geometry": {"type": "Point", "coordinates": [-94.671318, 39.022291]}}, {"type": "Feature", "properties": {"stop_id": "4240883", "stop_name": "ON JOHNSON DRIVE AT GOODMAN ST WB NEARSIDE", "route_count": 1, "frequent": false}, "geometry": {"type": "Point", "coordinates": [-94.680106, 39.022323]}}, {"type": "Feature", "properties": {"stop_id": "4240881", "stop_name": "ON JOHNSON DRIVE AT HADLEY ST WB FS", "route_count": 1, "frequent": false}, "geometry": {"type": "Point", "coordinates": [-94.683001, 39.022304]}}, {"type": "Feature", "properties": {"stop_id": "4241375", "stop_name": "ON JOHNSON DRIVE AT ANTIOCH ROAD WB FARSIDE", "route_count": 1, "frequent": false}, "geometry": {"type": "Point", "coordinates": [-94.687046, 39.022358]}}, {"type": "Feature", "properties": {"stop_id": "4241373", "stop_name": "ON JOHNSON DRIVE AT IKEA WAY WB FARSIDE", "route_count": 1, "frequent": false}, "geometry": {"type": "Point", "coordinates": [-94.690601, 39.022292]}}, {"type": "Feature", "properties": {"stop_id": "4241371", "stop_name": "ON JOHNSON DRIVE AT MERRIAN DRIVE WB FARSIDE", "route_count": 1, "frequent": false}, "geometry": {"type": "Point", "coordinates": [-94.694555, 39.022229]}}, {"type": "Feature", "properties": {"stop_id": "4241369", "stop_name": "ON JOHNSON DRIVE AT KNOX STREET WESTBOUND", "route_count": 1, "frequent": false}, "geometry": {"type": "Point", "coordinates": [-94.698097, 39.02222]}}, {"type": "Feature", "properties": {"stop_id": "4241367", "stop_name": "ON JOHNSON DRIVE AT BRITTANY / W 59TH ST WB", "route_count": 1, "frequent": false}, "geometry": {"type": "Point", "coordinates": [-94.705141, 39.022277]}}, {"type": "Feature", "properties": {"stop_id": "4241365", "stop_name": "ON JOHNSON DRIVE AT GODDARD/LARSEN WESTBOUND", "route_count": 1, "frequent": false}, "geometry": {"type": "Point", "coordinates": [-94.710046, 39.023019]}}, {"type": "Feature", "properties": {"stop_id": "4241363", "stop_name": "ON JOHNSON DRIVE AT BLUEJACKET ST WESTBOUND", "route_count": 1, "frequent": false}, "geometry": {"type": "Point", "coordinates": [-94.71236, 39.023002]}}, {"type": "Feature", "properties": {"stop_id": "4241361", "stop_name": "ON NIEMAN ROAD AT JOHNSON DRIVE SOUTHBOUND MB", "route_count": 1, "frequent": false}, "geometry": {"type": "Point", "coordinates": [-94.714644, 39.022548]}}, {"type": "Feature", "properties": {"stop_id": "4240879", "stop_name": "ON NIEMAN ROAD AT 60TH SOUTHBOUND", "route_count": 1, "frequent": false}, "geometry": {"type": "Point", "coordinates": [-94.714638, 39.020152]}}, {"type": "Feature", "properties": {"stop_id": "4240877", "stop_name": "ON NIEMAN ROAD AT 62ND STREET SOUTHBOUND", "route_count": 1, "frequent": false}, "geometry": {"type": "Point", "coordinates": [-94.714628, 39.016296]}}, {"type": "Feature", "properties": {"stop_id": "4240875", "stop_name": "ON NIEMAN ROAD AT 64TH ST SOUTHBOUND", "route_count": 1, "frequent": false}, "geometry": {"type": "Point", "coordinates": [-94.714616, 39.013222]}}, {"type": "Feature", "properties": {"stop_id": "4240873", "stop_name": "ON NIEMAN ROAD AT 65TH ST SOUTHBOUND", "route_count": 1, "frequent": false}, "geometry": {"type": "Point", "coordinates": [-94.714602, 39.010326]}}, {"type": "Feature", "properties": {"stop_id": "4240865", "stop_name": "ON NIEMAN ROAD AT 67TH ST SOUTHBOUND NEARSIDE", "route_count": 1, "frequent": false}, "geometry": {"type": "Point", "coordinates": [-94.7146, 39.00753]}}, {"type": "Feature", "properties": {"stop_id": "4240871", "stop_name": "ON NIEMAN ROAD AT 69TH SOUTHBOUND", "route_count": 1, "frequent": false}, "geometry": {"type": "Point", "coordinates": [-94.714541, 39.003694]}}, {"type": "Feature", "properties": {"stop_id": "4240869", "stop_name": "ON NIEMAN ROAD AT 71ST ST SOUTHBOUND", "route_count": 1, "frequent": false}, "geometry": {"type": "Point", "coordinates": [-94.714518, 38.999759]}}, {"type": "Feature", "properties": {"stop_id": "4240863", "stop_name": "ON NIEMAN ROAD BETWEEN 72ND AND 71ST SOUTHBOUND", "route_count": 1, "frequent": false}, "geometry": {"type": "Point", "coordinates": [-94.714509, 38.997785]}}, {"type": "Feature", "properties": {"stop_id": "4240861", "stop_name": "ON NIEMAN ROAD AT 74TH STREET SOUTHBOUND", "route_count": 1, "frequent": false}, "geometry": {"type": "Point", "coordinates": [-94.71449, 38.995159]}}, {"type": "Feature", "properties": {"stop_id": "4240867", "stop_name": "ON NIEMAN ROAD AT 75TH STREET SOUTHBOUND NS", "route_count": 1, "frequent": false}, "geometry": {"type": "Point", "coordinates": [-94.714483, 38.994248]}}, {"type": "Feature", "properties": {"stop_id": "4241466", "stop_name": "ON 97TH AT OAK PARK MALL LOOP WESTBOUND NEARSIDE", "route_count": 1, "frequent": false}, "geometry": {"type": "Point", "coordinates": [-94.720299, 38.951347]}}, {"type": "Feature", "properties": {"stop_id": "4240849", "stop_name": "ON COLLEGE BLVD AT STRANGLINE ROAD WESTBOUND", "route_count": 1, "frequent": false}, "geometry": {"type": "Point", "coordinates": [-94.754663, 38.927473]}}, {"type": "Feature", "properties": {"stop_id": "4240847", "stop_name": "ON COLLEGE BLVD AT LACKMAN ROAD WESTBOUND FS", "route_count": 1, "frequent": false}, "geometry": {"type": "Point", "coordinates": [-94.761174, 38.927449]}}, {"type": "Feature", "properties": {"stop_id": "4249030", "stop_name": "WB 402 @ Eicher Dr.", "route_count": 1, "frequent": false}, "geometry": {"type": "Point", "coordinates": [-94.77620094506761, 38.92754123369499]}}, {"type": "Feature", "properties": {"stop_id": "4240845", "stop_name": "ON RENNER BLVD AT 112TH SOUTHBOUND / EPA", "route_count": 1, "frequent": false}, "geometry": {"type": "Point", "coordinates": [-94.779661, 38.92486]}}, {"type": "Feature", "properties": {"stop_id": "4240763", "stop_name": "ON RENNER BLVD AT 113TH SOUTHBOUND / AMAZON", "route_count": 1, "frequent": false}, "geometry": {"type": "Point", "coordinates": [-94.779692, 38.922275]}}, {"type": "Feature", "properties": {"stop_id": "4240886", "stop_name": "ON RENNER ROAD AT 116TH SOUTHBOUND", "route_count": 1, "frequent": false}, "geometry": {"type": "Point", "coordinates": [-94.779749, 38.917808]}}, {"type": "Feature", "properties": {"stop_id": "4260035", "stop_name": "Overland Park Convention Center", "route_count": 1, "frequent": false}, "geometry": {"type": "Point", "coordinates": [-94.65577863428463, 38.9291070301914]}}, {"type": "Feature", "properties": {"stop_id": "4238653", "stop_name": "KCI Airport Terminal", "route_count": 1, "frequent": false}, "geometry": {"type": "Point", "coordinates": [-94.718055, 39.298075]}}]}