{
  "type": "FeatureCollection",
  "features": [
    {
      "type": "Feature",
      "properties": {
        "route_number": "50",
        "name": "Troost\u2013Independence",
        "confidence": "medium",
        "note": null,
        "source": "Digitized from an October 1948 Kansas City Public Service Co. system map (user-provided scan) \u2014 an illustrative reconstruction, not a precise historical GIS record. Downtown segments use the map's own street-by-street boarding directions (high confidence); segments beyond downtown are traced from the route's name and the map's general path, geocoded onto real streets (lower confidence, and this map's own resolution limited how much detail could be read).",
        "year": 1948
      },
      "geometry": {
        "type": "LineString",
        "coordinates": [
          [
            -94.57132,
            39.070378
          ],
          [
            -94.571318,
            39.070412
          ],
          [
            -94.571313,
            39.070502
          ],
          [
            -94.571267,
            39.071456
          ],
          [
            -94.571252,
            39.071788
          ],
          [
            -94.571233,
            39.072178
          ],
          [
            -94.57123,
            39.072236
          ],
          [
            -94.571227,
            39.072303
          ],
          [
            -94.571223,
            39.072397
          ],
          [
            -94.571209,
            39.072687
          ],
          [
            -94.571182,
            39.073247
          ],
          [
            -94.571166,
            39.073596
          ],
          [
            -94.57115,
            39.073937
          ],
          [
            -94.571144,
            39.074049
          ],
          [
            -94.571141,
            39.074119
          ],
          [
            -94.571138,
            39.074192
          ],
          [
            -94.571123,
            39.074513
          ],
          [
            -94.571109,
            39.074801
          ],
          [
            -94.571084,
            39.075347
          ],
          [
            -94.571066,
            39.075739
          ],
          [
            -94.571052,
            39.076049
          ],
          [
            -94.571049,
            39.076108
          ],
          [
            -94.571045,
            39.076183
          ],
          [
            -94.57103,
            39.076498
          ],
          [
            -94.571016,
            39.076771
          ],
          [
            -94.571014,
            39.076825
          ],
          [
            -94.570997,
            39.077173
          ],
          [
            -94.570989,
            39.077342
          ],
          [
            -94.570974,
            39.077657
          ],
          [
            -94.570972,
            39.077689
          ],
          [
            -94.57097,
            39.077726
          ],
          [
            -94.570968,
            39.07778
          ],
          [
            -94.570966,
            39.077813
          ],
          [
            -94.570905,
            39.079086
          ],
          [
            -94.57089,
            39.079397
          ],
          [
            -94.570887,
            39.079469
          ],
          [
            -94.570882,
            39.079541
          ],
          [
            -94.570881,
            39.079819
          ],
          [
            -94.570836,
            39.079897
          ],
          [
            -94.570766,
            39.081257
          ],
          [
            -94.570762,
            39.081335
          ],
          [
            -94.570757,
            39.08143
          ],
          [
            -94.570736,
            39.081809
          ],
          [
            -94.57073,
            39.081932
          ],
          [
            -94.570708,
            39.082347
          ],
          [
            -94.570742,
            39.082402
          ],
          [
            -94.570716,
            39.082708
          ],
          [
            -94.570695,
            39.083012
          ],
          [
            -94.570684,
            39.083171
          ],
          [
            -94.570681,
            39.083209
          ],
          [
            -94.570653,
            39.083621
          ],
          [
            -94.57065,
            39.083677
          ],
          [
            -94.570645,
            39.083766
          ],
          [
            -94.570629,
            39.084088
          ],
          [
            -94.570609,
            39.084461
          ],
          [
            -94.570583,
            39.084957
          ],
          [
            -94.57058,
            39.085177
          ],
          [
            -94.570534,
            39.085424
          ],
          [
            -94.570486,
            39.085624
          ],
          [
            -94.570442,
            39.085778
          ],
          [
            -94.570398,
            39.085898
          ],
          [
            -94.57018,
            39.086374
          ],
          [
            -94.570121,
            39.086557
          ],
          [
            -94.570087,
            39.086814
          ],
          [
            -94.570084,
            39.087046
          ],
          [
            -94.570114,
            39.087182
          ],
          [
            -94.570306,
            39.087695
          ],
          [
            -94.570381,
            39.08797
          ],
          [
            -94.570409,
            39.088234
          ],
          [
            -94.570411,
            39.088458
          ],
          [
            -94.570389,
            39.088876
          ],
          [
            -94.570351,
            39.089642
          ],
          [
            -94.570338,
            39.089972
          ],
          [
            -94.570336,
            39.090035
          ],
          [
            -94.570333,
            39.0901
          ],
          [
            -94.570277,
            39.091301
          ],
          [
            -94.570276,
            39.091327
          ],
          [
            -94.570274,
            39.091376
          ],
          [
            -94.570272,
            39.091411
          ],
          [
            -94.57027,
            39.091455
          ],
          [
            -94.570248,
            39.091977
          ],
          [
            -94.570203,
            39.093012
          ],
          [
            -94.570182,
            39.09345
          ],
          [
            -94.570154,
            39.094087
          ],
          [
            -94.570119,
            39.094781
          ],
          [
            -94.570097,
            39.095239
          ],
          [
            -94.570095,
            39.095285
          ],
          [
            -94.570091,
            39.095365
          ],
          [
            -94.570084,
            39.095495
          ],
          [
            -94.570059,
            39.095961
          ],
          [
            -94.569986,
            39.096262
          ],
          [
            -94.569954,
            39.096699
          ],
          [
            -94.569984,
            39.097219
          ],
          [
            -94.569983,
            39.097486
          ],
          [
            -94.569969,
            39.097779
          ],
          [
            -94.569952,
            39.098122
          ],
          [
            -94.56995,
            39.098175
          ],
          [
            -94.569948,
            39.098227
          ],
          [
            -94.569904,
            39.09942
          ],
          [
            -94.569902,
            39.099485
          ],
          [
            -94.569899,
            39.099548
          ],
          [
            -94.569892,
            39.09968
          ],
          [
            -94.569886,
            39.099782
          ],
          [
            -94.569868,
            39.100109
          ],
          [
            -94.569865,
            39.100158
          ],
          [
            -94.569857,
            39.100305
          ],
          [
            -94.569839,
            39.100627
          ],
          [
            -94.569835,
            39.100693
          ],
          [
            -94.569831,
            39.100767
          ],
          [
            -94.569825,
            39.100895
          ],
          [
            -94.569816,
            39.101085
          ],
          [
            -94.569803,
            39.101357
          ],
          [
            -94.569782,
            39.101808
          ],
          [
            -94.569782,
            39.101851
          ],
          [
            -94.569782,
            39.101924
          ],
          [
            -94.569774,
            39.101985
          ],
          [
            -94.569774,
            39.101991
          ],
          [
            -94.569753,
            39.10249
          ],
          [
            -94.569745,
            39.102674
          ],
          [
            -94.569729,
            39.103054
          ],
          [
            -94.569728,
            39.103065
          ],
          [
            -94.569726,
            39.103129
          ],
          [
            -94.569682,
            39.103931
          ],
          [
            -94.569678,
            39.104
          ],
          [
            -94.569674,
            39.104065
          ],
          [
            -94.569671,
            39.104132
          ],
          [
            -94.569666,
            39.104239
          ],
          [
            -94.569658,
            39.104404
          ],
          [
            -94.569655,
            39.104468
          ],
          [
            -94.569623,
            39.105119
          ],
          [
            -94.569612,
            39.105343
          ],
          [
            -94.56961,
            39.105383
          ],
          [
            -94.569607,
            39.105447
          ],
          [
            -94.568803,
            39.105427
          ],
          [
            -94.568301,
            39.105415
          ],
          [
            -94.567635,
            39.105398
          ],
          [
            -94.566983,
            39.105382
          ],
          [
            -94.566668,
            39.105374
          ],
          [
            -94.56597,
            39.105357
          ],
          [
            -94.565471,
            39.105345
          ],
          [
            -94.564959,
            39.105332
          ],
          [
            -94.564375,
            39.105317
          ],
          [
            -94.564187,
            39.105313
          ],
          [
            -94.563913,
            39.105306
          ],
          [
            -94.563877,
            39.105305
          ],
          [
            -94.563724,
            39.105301
          ],
          [
            -94.563471,
            39.105296
          ],
          [
            -94.563366,
            39.105292
          ],
          [
            -94.563336,
            39.105291
          ],
          [
            -94.563276,
            39.105288
          ],
          [
            -94.563138,
            39.105283
          ],
          [
            -94.562733,
            39.105266
          ],
          [
            -94.562659,
            39.105263
          ],
          [
            -94.561524,
            39.105239
          ],
          [
            -94.561334,
            39.10541
          ],
          [
            -94.561303,
            39.106135
          ],
          [
            -94.561302,
            39.106179
          ],
          [
            -94.561294,
            39.106292
          ],
          [
            -94.561285,
            39.106414
          ],
          [
            -94.561269,
            39.106601
          ],
          [
            -94.561262,
            39.106688
          ],
          [
            -94.560936,
            39.106676
          ],
          [
            -94.560743,
            39.106669
          ],
          [
            -94.56064,
            39.106667
          ],
          [
            -94.560315,
            39.106652
          ],
          [
            -94.560147,
            39.106646
          ],
          [
            -94.56,
            39.106642
          ],
          [
            -94.558895,
            39.106612
          ],
          [
            -94.558696,
            39.106606
          ],
          [
            -94.558616,
            39.106604
          ],
          [
            -94.558519,
            39.1066
          ],
          [
            -94.558337,
            39.106592
          ],
          [
            -94.557974,
            39.106577
          ],
          [
            -94.557877,
            39.106573
          ],
          [
            -94.557145,
            39.106543
          ],
          [
            -94.557087,
            39.10654
          ],
          [
            -94.556462,
            39.106516
          ],
          [
            -94.55576,
            39.106489
          ],
          [
            -94.555689,
            39.106487
          ],
          [
            -94.555622,
            39.106484
          ],
          [
            -94.55458,
            39.106448
          ],
          [
            -94.554509,
            39.106445
          ],
          [
            -94.554422,
            39.106442
          ],
          [
            -94.553945,
            39.106423
          ],
          [
            -94.553737,
            39.106416
          ],
          [
            -94.553258,
            39.106398
          ],
          [
            -94.552645,
            39.106376
          ],
          [
            -94.5524,
            39.106365
          ],
          [
            -94.55191,
            39.106347
          ],
          [
            -94.551085,
            39.10632
          ],
          [
            -94.550953,
            39.106316
          ],
          [
            -94.550868,
            39.106311
          ],
          [
            -94.550088,
            39.106287
          ],
          [
            -94.550005,
            39.106283
          ],
          [
            -94.549681,
            39.106272
          ],
          [
            -94.54932,
            39.10626
          ],
          [
            -94.549217,
            39.106258
          ],
          [
            -94.54903,
            39.106253
          ],
          [
            -94.548963,
            39.106251
          ],
          [
            -94.548887,
            39.106249
          ],
          [
            -94.548717,
            39.106245
          ],
          [
            -94.548495,
            39.10624
          ],
          [
            -94.54837,
            39.106235
          ],
          [
            -94.548269,
            39.106232
          ],
          [
            -94.548165,
            39.106228
          ],
          [
            -94.547998,
            39.106223
          ],
          [
            -94.546941,
            39.106187
          ],
          [
            -94.54656,
            39.106174
          ],
          [
            -94.546169,
            39.106161
          ],
          [
            -94.546025,
            39.106156
          ],
          [
            -94.545947,
            39.106153
          ],
          [
            -94.545247,
            39.106129
          ],
          [
            -94.544968,
            39.10612
          ],
          [
            -94.544938,
            39.106119
          ],
          [
            -94.544587,
            39.106107
          ],
          [
            -94.54434,
            39.106098
          ],
          [
            -94.544123,
            39.106084
          ],
          [
            -94.543839,
            39.106074
          ],
          [
            -94.543717,
            39.10607
          ],
          [
            -94.543608,
            39.106067
          ],
          [
            -94.542302,
            39.106028
          ],
          [
            -94.541841,
            39.106013
          ],
          [
            -94.541272,
            39.105991
          ],
          [
            -94.541111,
            39.105985
          ],
          [
            -94.540493,
            39.10596
          ],
          [
            -94.540359,
            39.105956
          ],
          [
            -94.540328,
            39.105956
          ],
          [
            -94.540178,
            39.105951
          ],
          [
            -94.539088,
            39.105918
          ],
          [
            -94.538768,
            39.105903
          ],
          [
            -94.538491,
            39.105891
          ],
          [
            -94.537783,
            39.105867
          ],
          [
            -94.537685,
            39.105864
          ],
          [
            -94.537615,
            39.105862
          ],
          [
            -94.537477,
            39.105857
          ],
          [
            -94.537243,
            39.105852
          ],
          [
            -94.536879,
            39.10584
          ],
          [
            -94.535362,
            39.105791
          ],
          [
            -94.535253,
            39.105787
          ],
          [
            -94.53519,
            39.105785
          ]
        ]
      }
    },
    {
      "type": "Feature",
      "properties": {
        "route_number": "55",
        "name": "Swope Park\u2013Minnesota Ave.",
        "confidence": "medium",
        "note": null,
        "source": "Digitized from an October 1948 Kansas City Public Service Co. system map (user-provided scan) \u2014 an illustrative reconstruction, not a precise historical GIS record. Downtown segments use the map's own street-by-street boarding directions (high confidence); segments beyond downtown are traced from the route's name and the map's general path, geocoded onto real streets (lower confidence, and this map's own resolution limited how much detail could be read).",
        "year": 1948
      },
      "geometry": {
        "type": "LineString",
        "coordinates": [
          [
            -94.521338,
            38.999523
          ],
          [
            -94.521338,
            38.999523
          ],
          [
            -94.521315,
            38.999487
          ],
          [
            -94.521211,
            38.999317
          ],
          [
            -94.521158,
            38.99923
          ],
          [
            -94.521075,
            38.999072
          ],
          [
            -94.52102,
            38.998967
          ],
          [
            -94.520878,
            38.998674
          ],
          [
            -94.520847,
            38.998555
          ],
          [
            -94.520881,
            38.998467
          ],
          [
            -94.520911,
            38.998401
          ],
          [
            -94.520904,
            38.998349
          ],
          [
            -94.520869,
            38.998295
          ],
          [
            -94.520848,
            38.998277
          ],
          [
            -94.520833,
            38.998264
          ],
          [
            -94.520799,
            38.998253
          ],
          [
            -94.520784,
            38.998248
          ],
          [
            -94.520735,
            38.998232
          ],
          [
            -94.520716,
            38.998208
          ],
          [
            -94.520729,
            38.998107
          ],
          [
            -94.520748,
            38.99804
          ],
          [
            -94.520734,
            38.998004
          ],
          [
            -94.5207,
            38.997977
          ],
          [
            -94.520426,
            38.997896
          ],
          [
            -94.520606,
            38.997492
          ],
          [
            -94.520743,
            38.99718
          ],
          [
            -94.520744,
            38.997103
          ],
          [
            -94.520727,
            38.996642
          ],
          [
            -94.520747,
            38.996536
          ],
          [
            -94.5208,
            38.996447
          ],
          [
            -94.520831,
            38.996387
          ],
          [
            -94.520838,
            38.996333
          ],
          [
            -94.52083,
            38.9963
          ],
          [
            -94.520822,
            38.996266
          ],
          [
            -94.52079,
            38.996088
          ],
          [
            -94.520822,
            38.995998
          ],
          [
            -94.520818,
            38.995776
          ],
          [
            -94.520818,
            38.995483
          ],
          [
            -94.520834,
            38.995245
          ],
          [
            -94.520851,
            38.99519
          ],
          [
            -94.520871,
            38.995123
          ],
          [
            -94.520985,
            38.994958
          ],
          [
            -94.521574,
            38.994443
          ],
          [
            -94.521886,
            38.994383
          ],
          [
            -94.521972,
            38.994376
          ],
          [
            -94.522174,
            38.994376
          ],
          [
            -94.522468,
            38.994529
          ],
          [
            -94.522876,
            38.994784
          ],
          [
            -94.523251,
            38.995005
          ],
          [
            -94.523702,
            38.995246
          ],
          [
            -94.52486,
            38.995755
          ],
          [
            -94.5264,
            38.99636
          ],
          [
            -94.527022,
            38.996555
          ],
          [
            -94.527414,
            38.996639
          ],
          [
            -94.527617,
            38.996661
          ],
          [
            -94.527752,
            38.996676
          ],
          [
            -94.528137,
            38.996715
          ],
          [
            -94.530654,
            38.996806
          ],
          [
            -94.530901,
            38.996822
          ],
          [
            -94.53203,
            38.996885
          ],
          [
            -94.533504,
            38.996941
          ],
          [
            -94.5337,
            38.996953
          ],
          [
            -94.533913,
            38.996966
          ],
          [
            -94.534265,
            38.997035
          ],
          [
            -94.534477,
            38.997109
          ],
          [
            -94.534596,
            38.99715
          ],
          [
            -94.535091,
            38.997411
          ],
          [
            -94.535278,
            38.997489
          ],
          [
            -94.535431,
            38.997529
          ],
          [
            -94.53558,
            38.997567
          ],
          [
            -94.535934,
            38.997603
          ],
          [
            -94.536966,
            38.997591
          ],
          [
            -94.538046,
            38.99758
          ],
          [
            -94.538451,
            38.997578
          ],
          [
            -94.538704,
            38.997589
          ],
          [
            -94.538972,
            38.997641
          ],
          [
            -94.540157,
            38.998082
          ],
          [
            -94.5405,
            38.998161
          ],
          [
            -94.540837,
            38.998226
          ],
          [
            -94.540884,
            38.998231
          ],
          [
            -94.54116,
            38.998258
          ],
          [
            -94.54134,
            38.99827
          ],
          [
            -94.541462,
            38.998278
          ],
          [
            -94.542088,
            38.998293
          ],
          [
            -94.54237,
            38.9983
          ],
          [
            -94.542529,
            38.998301
          ],
          [
            -94.542666,
            38.998301
          ],
          [
            -94.542738,
            38.998303
          ],
          [
            -94.542824,
            38.998306
          ],
          [
            -94.54288,
            38.998307
          ],
          [
            -94.542956,
            38.998281
          ],
          [
            -94.54303,
            38.998255
          ],
          [
            -94.543231,
            38.998187
          ],
          [
            -94.543669,
            38.998036
          ],
          [
            -94.543923,
            38.997949
          ],
          [
            -94.545031,
            38.997569
          ],
          [
            -94.545254,
            38.997519
          ],
          [
            -94.545439,
            38.997516
          ],
          [
            -94.546354,
            38.997557
          ],
          [
            -94.546427,
            38.99756
          ],
          [
            -94.547591,
            38.997612
          ],
          [
            -94.548684,
            38.997663
          ],
          [
            -94.548752,
            38.997666
          ],
          [
            -94.548825,
            38.99767
          ],
          [
            -94.549914,
            38.997721
          ],
          [
            -94.551009,
            38.997773
          ],
          [
            -94.551084,
            38.997776
          ],
          [
            -94.552251,
            38.997831
          ],
          [
            -94.552313,
            38.997834
          ],
          [
            -94.553342,
            38.997881
          ],
          [
            -94.55342,
            38.997885
          ],
          [
            -94.553653,
            38.997894
          ],
          [
            -94.553821,
            38.997934
          ],
          [
            -94.554592,
            38.998019
          ],
          [
            -94.554724,
            38.99803
          ],
          [
            -94.554858,
            38.998041
          ],
          [
            -94.554852,
            38.998133
          ],
          [
            -94.554644,
            39.001548
          ],
          [
            -94.554563,
            39.004012
          ],
          [
            -94.554639,
            39.004536
          ],
          [
            -94.554775,
            39.006299
          ],
          [
            -94.554757,
            39.00667
          ],
          [
            -94.554387,
            39.013686
          ],
          [
            -94.554344,
            39.013998
          ],
          [
            -94.55429,
            39.014324
          ],
          [
            -94.554148,
            39.015045
          ],
          [
            -94.554032,
            39.015857
          ],
          [
            -94.553978,
            39.016086
          ],
          [
            -94.553893,
            39.017332
          ],
          [
            -94.553874,
            39.017611
          ],
          [
            -94.553817,
            39.019148
          ],
          [
            -94.553814,
            39.019237
          ],
          [
            -94.553807,
            39.019359
          ],
          [
            -94.553614,
            39.022613
          ],
          [
            -94.5536,
            39.022859
          ],
          [
            -94.553477,
            39.024878
          ],
          [
            -94.553294,
            39.026374
          ],
          [
            -94.553283,
            39.026464
          ],
          [
            -94.553268,
            39.026581
          ],
          [
            -94.553131,
            39.027683
          ],
          [
            -94.552983,
            39.030081
          ],
          [
            -94.552943,
            39.031109
          ],
          [
            -94.552976,
            39.032029
          ],
          [
            -94.553095,
            39.03314
          ],
          [
            -94.553208,
            39.034278
          ],
          [
            -94.553329,
            39.034802
          ],
          [
            -94.553618,
            39.035622
          ],
          [
            -94.554021,
            39.036289
          ],
          [
            -94.554224,
            39.036564
          ],
          [
            -94.554417,
            39.036757
          ],
          [
            -94.554876,
            39.03719
          ],
          [
            -94.555339,
            39.037597
          ],
          [
            -94.557485,
            39.03909
          ],
          [
            -94.557746,
            39.039303
          ],
          [
            -94.558081,
            39.039603
          ],
          [
            -94.558426,
            39.039972
          ],
          [
            -94.558682,
            39.040351
          ],
          [
            -94.559088,
            39.041059
          ],
          [
            -94.560114,
            39.043276
          ],
          [
            -94.561174,
            39.045713
          ],
          [
            -94.561343,
            39.046197
          ],
          [
            -94.561512,
            39.04686
          ],
          [
            -94.561608,
            39.047611
          ],
          [
            -94.561604,
            39.048218
          ],
          [
            -94.561563,
            39.048891
          ],
          [
            -94.561506,
            39.050133
          ],
          [
            -94.561222,
            39.055389
          ],
          [
            -94.560779,
            39.059728
          ],
          [
            -94.560513,
            39.063527
          ],
          [
            -94.560335,
            39.067029
          ],
          [
            -94.560185,
            39.068733
          ],
          [
            -94.560173,
            39.068863
          ],
          [
            -94.560164,
            39.069876
          ],
          [
            -94.560323,
            39.070946
          ],
          [
            -94.560624,
            39.072207
          ],
          [
            -94.561056,
            39.073524
          ],
          [
            -94.561222,
            39.074032
          ],
          [
            -94.562152,
            39.076916
          ],
          [
            -94.562235,
            39.077194
          ],
          [
            -94.562385,
            39.077651
          ],
          [
            -94.563002,
            39.079571
          ],
          [
            -94.563215,
            39.080039
          ],
          [
            -94.563338,
            39.080268
          ],
          [
            -94.563618,
            39.080752
          ],
          [
            -94.563986,
            39.081318
          ],
          [
            -94.564115,
            39.081467
          ],
          [
            -94.564293,
            39.081675
          ],
          [
            -94.564872,
            39.082245
          ],
          [
            -94.565481,
            39.082765
          ],
          [
            -94.56602,
            39.083176
          ],
          [
            -94.566827,
            39.083675
          ],
          [
            -94.56712,
            39.083857
          ],
          [
            -94.56802,
            39.084324
          ],
          [
            -94.56868,
            39.084672
          ],
          [
            -94.569286,
            39.08508
          ],
          [
            -94.569777,
            39.085533
          ],
          [
            -94.57016,
            39.085949
          ],
          [
            -94.570559,
            39.086506
          ],
          [
            -94.57075,
            39.086912
          ],
          [
            -94.570916,
            39.087361
          ],
          [
            -94.571076,
            39.088103
          ],
          [
            -94.571118,
            39.088458
          ],
          [
            -94.571128,
            39.088538
          ],
          [
            -94.571168,
            39.088851
          ],
          [
            -94.571318,
            39.089782
          ],
          [
            -94.571333,
            39.089878
          ],
          [
            -94.5714,
            39.09025
          ],
          [
            -94.571562,
            39.0912
          ],
          [
            -94.571648,
            39.091713
          ],
          [
            -94.571794,
            39.092464
          ],
          [
            -94.571823,
            39.092715
          ],
          [
            -94.571855,
            39.093008
          ],
          [
            -94.571863,
            39.093323
          ],
          [
            -94.57187,
            39.09363
          ],
          [
            -94.57177,
            39.094593
          ],
          [
            -94.571638,
            39.095108
          ],
          [
            -94.571479,
            39.095927
          ],
          [
            -94.571393,
            39.096436
          ],
          [
            -94.571361,
            39.096558
          ],
          [
            -94.57134,
            39.096944
          ],
          [
            -94.57134,
            39.097291
          ],
          [
            -94.571366,
            39.097611
          ],
          [
            -94.571427,
            39.097991
          ],
          [
            -94.571502,
            39.098328
          ],
          [
            -94.571605,
            39.098669
          ],
          [
            -94.571847,
            39.099358
          ],
          [
            -94.571975,
            39.099741
          ],
          [
            -94.572062,
            39.100033
          ],
          [
            -94.572095,
            39.10021
          ],
          [
            -94.572114,
            39.100375
          ],
          [
            -94.572122,
            39.100517
          ],
          [
            -94.572132,
            39.100571
          ],
          [
            -94.572153,
            39.10062
          ],
          [
            -94.572183,
            39.100659
          ],
          [
            -94.572245,
            39.100702
          ],
          [
            -94.572381,
            39.100772
          ],
          [
            -94.573203,
            39.100806
          ],
          [
            -94.573701,
            39.100827
          ],
          [
            -94.573765,
            39.100829
          ],
          [
            -94.573822,
            39.100832
          ],
          [
            -94.573878,
            39.100834
          ],
          [
            -94.573969,
            39.100838
          ],
          [
            -94.573989,
            39.100839
          ],
          [
            -94.574931,
            39.100873
          ],
          [
            -94.575008,
            39.100875
          ],
          [
            -94.575111,
            39.100879
          ],
          [
            -94.575264,
            39.100884
          ],
          [
            -94.57536,
            39.100886
          ],
          [
            -94.575976,
            39.100902
          ],
          [
            -94.576104,
            39.100905
          ],
          [
            -94.576191,
            39.100907
          ],
          [
            -94.576273,
            39.100911
          ],
          [
            -94.576535,
            39.100922
          ],
          [
            -94.576586,
            39.100925
          ],
          [
            -94.576644,
            39.100927
          ],
          [
            -94.576863,
            39.100937
          ],
          [
            -94.577239,
            39.100953
          ],
          [
            -94.577336,
            39.100958
          ],
          [
            -94.577333,
            39.101021
          ],
          [
            -94.577287,
            39.102101
          ],
          [
            -94.577284,
            39.102172
          ],
          [
            -94.577279,
            39.102259
          ],
          [
            -94.577274,
            39.102344
          ],
          [
            -94.577262,
            39.102542
          ],
          [
            -94.577218,
            39.103321
          ],
          [
            -94.577215,
            39.103381
          ],
          [
            -94.5773,
            39.103383
          ],
          [
            -94.578295,
            39.103415
          ],
          [
            -94.578378,
            39.103418
          ],
          [
            -94.578472,
            39.103421
          ],
          [
            -94.578935,
            39.103435
          ],
          [
            -94.579177,
            39.103444
          ],
          [
            -94.579468,
            39.103453
          ],
          [
            -94.579572,
            39.103455
          ],
          [
            -94.579663,
            39.10346
          ],
          [
            -94.579771,
            39.103463
          ],
          [
            -94.580119,
            39.103474
          ],
          [
            -94.580576,
            39.103488
          ],
          [
            -94.580643,
            39.10349
          ],
          [
            -94.580655,
            39.10349
          ],
          [
            -94.580733,
            39.103493
          ],
          [
            -94.580729,
            39.103567
          ],
          [
            -94.58072,
            39.103723
          ],
          [
            -94.580686,
            39.104297
          ],
          [
            -94.580682,
            39.104372
          ],
          [
            -94.580676,
            39.104445
          ],
          [
            -94.580674,
            39.104505
          ],
          [
            -94.580661,
            39.104739
          ],
          [
            -94.580656,
            39.104813
          ],
          [
            -94.580643,
            39.105027
          ],
          [
            -94.580641,
            39.105072
          ],
          [
            -94.580632,
            39.105221
          ],
          [
            -94.580629,
            39.105267
          ],
          [
            -94.580614,
            39.10533
          ],
          [
            -94.58059,
            39.105386
          ],
          [
            -94.580569,
            39.105432
          ],
          [
            -94.580646,
            39.105441
          ],
          [
            -94.580707,
            39.105448
          ],
          [
            -94.580738,
            39.105449
          ],
          [
            -94.58075,
            39.10545
          ],
          [
            -94.580924,
            39.105458
          ],
          [
            -94.581084,
            39.105465
          ],
          [
            -94.581588,
            39.105489
          ],
          [
            -94.581702,
            39.105495
          ],
          [
            -94.581828,
            39.105499
          ],
          [
            -94.582247,
            39.105517
          ],
          [
            -94.582854,
            39.105533
          ],
          [
            -94.582949,
            39.105536
          ],
          [
            -94.582961,
            39.105536
          ],
          [
            -94.582985,
            39.105602
          ],
          [
            -94.583019,
            39.105711
          ],
          [
            -94.583075,
            39.10585
          ],
          [
            -94.583226,
            39.106173
          ],
          [
            -94.583709,
            39.107118
          ],
          [
            -94.583799,
            39.107265
          ],
          [
            -94.583854,
            39.107335
          ],
          [
            -94.583946,
            39.107337
          ],
          [
            -94.583979,
            39.107336
          ],
          [
            -94.584151,
            39.107344
          ],
          [
            -94.584345,
            39.107244
          ],
          [
            -94.58471,
            39.107113
          ],
          [
            -94.584972,
            39.107034
          ],
          [
            -94.58511,
            39.106999
          ],
          [
            -94.585316,
            39.106955
          ],
          [
            -94.58558,
            39.106959
          ],
          [
            -94.587321,
            39.107011
          ],
          [
            -94.58743,
            39.107015
          ],
          [
            -94.587949,
            39.107009
          ],
          [
            -94.590209,
            39.10699
          ],
          [
            -94.59039,
            39.106986
          ],
          [
            -94.590581,
            39.106978
          ],
          [
            -94.591019,
            39.106951
          ],
          [
            -94.591144,
            39.106945
          ],
          [
            -94.591275,
            39.106941
          ],
          [
            -94.591556,
            39.106938
          ],
          [
            -94.591847,
            39.106942
          ],
          [
            -94.592087,
            39.106948
          ],
          [
            -94.592337,
            39.106958
          ],
          [
            -94.592713,
            39.106972
          ],
          [
            -94.592882,
            39.10698
          ],
          [
            -94.593094,
            39.106995
          ],
          [
            -94.593629,
            39.107037
          ],
          [
            -94.593906,
            39.107054
          ],
          [
            -94.594168,
            39.107066
          ],
          [
            -94.594759,
            39.107085
          ],
          [
            -94.599479,
            39.10722
          ],
          [
            -94.601661,
            39.107287
          ],
          [
            -94.602038,
            39.107329
          ],
          [
            -94.602452,
            39.107391
          ],
          [
            -94.60288,
            39.10748
          ],
          [
            -94.603237,
            39.107567
          ],
          [
            -94.603489,
            39.107631
          ],
          [
            -94.60713,
            39.108848
          ],
          [
            -94.608635,
            39.109352
          ],
          [
            -94.60906,
            39.10952
          ],
          [
            -94.609442,
            39.109691
          ],
          [
            -94.6098,
            39.109881
          ],
          [
            -94.610103,
            39.110067
          ],
          [
            -94.610425,
            39.110282
          ],
          [
            -94.612364,
            39.111848
          ],
          [
            -94.613031,
            39.112319
          ],
          [
            -94.613337,
            39.112522
          ],
          [
            -94.613911,
            39.112879
          ],
          [
            -94.614464,
            39.113196
          ],
          [
            -94.6156,
            39.113835
          ],
          [
            -94.616506,
            39.114447
          ],
          [
            -94.617029,
            39.11472
          ],
          [
            -94.617831,
            39.115211
          ],
          [
            -94.618252,
            39.115429
          ],
          [
            -94.618563,
            39.115523
          ],
          [
            -94.618779,
            39.115566
          ],
          [
            -94.618952,
            39.115592
          ],
          [
            -94.619149,
            39.115608
          ],
          [
            -94.619408,
            39.115612
          ],
          [
            -94.620063,
            39.1156
          ],
          [
            -94.620448,
            39.1156
          ],
          [
            -94.620712,
            39.1156
          ],
          [
            -94.621269,
            39.115596
          ],
          [
            -94.621311,
            39.115589
          ],
          [
            -94.621361,
            39.115572
          ],
          [
            -94.621404,
            39.115559
          ],
          [
            -94.621555,
            39.115561
          ],
          [
            -94.622092,
            39.115555
          ],
          [
            -94.622779,
            39.115553
          ],
          [
            -94.623209,
            39.115551
          ],
          [
            -94.623502,
            39.115555
          ],
          [
            -94.623862,
            39.11555
          ],
          [
            -94.624073,
            39.115549
          ],
          [
            -94.624233,
            39.11555
          ],
          [
            -94.625351,
            39.115553
          ],
          [
            -94.62565,
            39.115554
          ],
          [
            -94.625728,
            39.115561
          ],
          [
            -94.625859,
            39.115596
          ],
          [
            -94.625966,
            39.115597
          ],
          [
            -94.626044,
            39.115587
          ],
          [
            -94.626168,
            39.115589
          ],
          [
            -94.626258,
            39.11559
          ],
          [
            -94.626385,
            39.115596
          ],
          [
            -94.626686,
            39.115598
          ],
          [
            -94.626819,
            39.115599
          ],
          [
            -94.62682,
            39.115673
          ],
          [
            -94.626827,
            39.115965
          ]
        ]
      }
    },
    {
      "type": "Feature",
      "properties": {
        "route_number": "56",
        "name": "Country Club",
        "confidence": "high",
        "note": "Runs almost the same corridor as today's Main Street Extension.",
        "source": "Digitized from an October 1948 Kansas City Public Service Co. system map (user-provided scan) \u2014 an illustrative reconstruction, not a precise historical GIS record. Downtown segments use the map's own street-by-street boarding directions (high confidence); segments beyond downtown are traced from the route's name and the map's general path, geocoded onto real streets (lower confidence, and this map's own resolution limited how much detail could be read).",
        "year": 1948
      },
      "geometry": {
        "type": "LineString",
        "coordinates": [
          [
            -94.583839,
            39.099957
          ],
          [
            -94.583667,
            39.099951
          ],
          [
            -94.583304,
            39.099941
          ],
          [
            -94.58325,
            39.099939
          ],
          [
            -94.583192,
            39.099938
          ],
          [
            -94.583195,
            39.099883
          ],
          [
            -94.583218,
            39.099446
          ],
          [
            -94.58322,
            39.099405
          ],
          [
            -94.583235,
            39.099114
          ],
          [
            -94.583259,
            39.098669
          ],
          [
            -94.583262,
            39.098616
          ],
          [
            -94.583266,
            39.098542
          ],
          [
            -94.583282,
            39.098235
          ],
          [
            -94.583294,
            39.098002
          ],
          [
            -94.583299,
            39.097914
          ],
          [
            -94.583308,
            39.097731
          ],
          [
            -94.58332,
            39.097525
          ],
          [
            -94.583331,
            39.097308
          ],
          [
            -94.583335,
            39.09725
          ],
          [
            -94.583337,
            39.097193
          ],
          [
            -94.583345,
            39.097011
          ],
          [
            -94.583355,
            39.096724
          ],
          [
            -94.583361,
            39.096564
          ],
          [
            -94.583365,
            39.096467
          ],
          [
            -94.583368,
            39.0964
          ],
          [
            -94.583406,
            39.096403
          ],
          [
            -94.583485,
            39.096405
          ],
          [
            -94.584395,
            39.096445
          ],
          [
            -94.584512,
            39.096453
          ],
          [
            -94.584632,
            39.096462
          ],
          [
            -94.584679,
            39.096466
          ],
          [
            -94.584858,
            39.096494
          ],
          [
            -94.585526,
            39.096587
          ],
          [
            -94.58566,
            39.096606
          ],
          [
            -94.58666,
            39.096708
          ],
          [
            -94.588325,
            39.096929
          ],
          [
            -94.588407,
            39.096931
          ],
          [
            -94.588453,
            39.096932
          ],
          [
            -94.588577,
            39.096935
          ],
          [
            -94.588703,
            39.09694
          ],
          [
            -94.589032,
            39.096954
          ],
          [
            -94.589183,
            39.096958
          ],
          [
            -94.589538,
            39.0969
          ],
          [
            -94.590023,
            39.096762
          ],
          [
            -94.590376,
            39.096603
          ],
          [
            -94.590667,
            39.096402
          ],
          [
            -94.590913,
            39.096107
          ],
          [
            -94.591062,
            39.0959
          ],
          [
            -94.591145,
            39.095662
          ],
          [
            -94.591172,
            39.095283
          ],
          [
            -94.591176,
            39.094961
          ],
          [
            -94.591072,
            39.093918
          ],
          [
            -94.591014,
            39.093196
          ],
          [
            -94.591004,
            39.093049
          ],
          [
            -94.590996,
            39.092864
          ],
          [
            -94.590996,
            39.092578
          ],
          [
            -94.590988,
            39.092126
          ],
          [
            -94.590994,
            39.091845
          ],
          [
            -94.591028,
            39.091522
          ],
          [
            -94.591084,
            39.091202
          ],
          [
            -94.591326,
            39.090179
          ],
          [
            -94.591461,
            39.089609
          ],
          [
            -94.592654,
            39.084861
          ],
          [
            -94.593513,
            39.081894
          ],
          [
            -94.593687,
            39.081226
          ],
          [
            -94.59403,
            39.080191
          ],
          [
            -94.594077,
            39.080044
          ],
          [
            -94.594246,
            39.079506
          ],
          [
            -94.594358,
            39.079126
          ],
          [
            -94.594348,
            39.078979
          ],
          [
            -94.594334,
            39.078775
          ],
          [
            -94.59433,
            39.078524
          ],
          [
            -94.594315,
            39.078343
          ],
          [
            -94.594234,
            39.07791
          ],
          [
            -94.594195,
            39.077677
          ],
          [
            -94.594124,
            39.076806
          ],
          [
            -94.594314,
            39.073508
          ],
          [
            -94.594368,
            39.073207
          ],
          [
            -94.59449,
            39.073009
          ],
          [
            -94.594539,
            39.072685
          ],
          [
            -94.594586,
            39.071888
          ],
          [
            -94.59459,
            39.071792
          ],
          [
            -94.594604,
            39.071502
          ],
          [
            -94.594608,
            39.071409
          ],
          [
            -94.594611,
            39.071353
          ],
          [
            -94.594617,
            39.071234
          ],
          [
            -94.594704,
            39.069557
          ],
          [
            -94.594804,
            39.067794
          ],
          [
            -94.594808,
            39.067728
          ],
          [
            -94.594811,
            39.067676
          ],
          [
            -94.594923,
            39.065871
          ],
          [
            -94.594986,
            39.064893
          ],
          [
            -94.594991,
            39.064827
          ],
          [
            -94.594994,
            39.064777
          ],
          [
            -94.595021,
            39.064362
          ],
          [
            -94.595073,
            39.063537
          ],
          [
            -94.595158,
            39.062091
          ],
          [
            -94.595196,
            39.061461
          ],
          [
            -94.595213,
            39.061181
          ],
          [
            -94.595218,
            39.061098
          ],
          [
            -94.595255,
            39.060482
          ],
          [
            -94.59531,
            39.059563
          ],
          [
            -94.5954,
            39.058112
          ],
          [
            -94.595488,
            39.057049
          ],
          [
            -94.595492,
            39.056995
          ],
          [
            -94.595501,
            39.056909
          ],
          [
            -94.59551,
            39.056838
          ],
          [
            -94.59562,
            39.055996
          ],
          [
            -94.595776,
            39.055131
          ],
          [
            -94.595875,
            39.054709
          ],
          [
            -94.595916,
            39.054532
          ],
          [
            -94.59602,
            39.054089
          ],
          [
            -94.596069,
            39.053882
          ],
          [
            -94.596084,
            39.053827
          ],
          [
            -94.596117,
            39.053706
          ],
          [
            -94.59615,
            39.053586
          ],
          [
            -94.596367,
            39.053084
          ],
          [
            -94.597115,
            39.051588
          ],
          [
            -94.597378,
            39.051046
          ],
          [
            -94.597576,
            39.050638
          ],
          [
            -94.597699,
            39.050376
          ],
          [
            -94.59777,
            39.050244
          ],
          [
            -94.59787,
            39.050108
          ],
          [
            -94.598138,
            39.049742
          ],
          [
            -94.598166,
            39.049672
          ],
          [
            -94.598186,
            39.049564
          ],
          [
            -94.598188,
            39.049505
          ],
          [
            -94.598209,
            39.048964
          ],
          [
            -94.598227,
            39.048579
          ],
          [
            -94.59825,
            39.048044
          ],
          [
            -94.598268,
            39.047681
          ],
          [
            -94.598332,
            39.046497
          ],
          [
            -94.598348,
            39.046198
          ],
          [
            -94.598352,
            39.046139
          ],
          [
            -94.598354,
            39.046091
          ],
          [
            -94.598371,
            39.045753
          ],
          [
            -94.598395,
            39.045293
          ],
          [
            -94.598413,
            39.044928
          ],
          [
            -94.598443,
            39.044342
          ],
          [
            -94.598444,
            39.044319
          ],
          [
            -94.598446,
            39.044276
          ],
          [
            -94.598457,
            39.044059
          ],
          [
            -94.598469,
            39.043806
          ],
          [
            -94.598477,
            39.043641
          ],
          [
            -94.598383,
            39.043533
          ],
          [
            -94.597613,
            39.042657
          ],
          [
            -94.597543,
            39.042603
          ],
          [
            -94.597381,
            39.042484
          ],
          [
            -94.597217,
            39.042399
          ],
          [
            -94.597031,
            39.042362
          ],
          [
            -94.596984,
            39.042361
          ],
          [
            -94.596217,
            39.042341
          ],
          [
            -94.59614,
            39.042341
          ],
          [
            -94.595981,
            39.042341
          ],
          [
            -94.595776,
            39.04234
          ],
          [
            -94.595643,
            39.04234
          ],
          [
            -94.594794,
            39.042337
          ],
          [
            -94.594668,
            39.042337
          ],
          [
            -94.594548,
            39.042337
          ],
          [
            -94.593605,
            39.042334
          ],
          [
            -94.593484,
            39.042334
          ],
          [
            -94.593398,
            39.042331
          ],
          [
            -94.592782,
            39.042311
          ]
        ]
      }
    },
    {
      "type": "Feature",
      "properties": {
        "route_number": "57",
        "name": "Roanoke",
        "confidence": "medium",
        "note": null,
        "source": "Digitized from an October 1948 Kansas City Public Service Co. system map (user-provided scan) \u2014 an illustrative reconstruction, not a precise historical GIS record. Downtown segments use the map's own street-by-street boarding directions (high confidence); segments beyond downtown are traced from the route's name and the map's general path, geocoded onto real streets (lower confidence, and this map's own resolution limited how much detail could be read).",
        "year": 1948
      },
      "geometry": {
        "type": "LineString",
        "coordinates": [
          [
            -94.583839,
            39.099957
          ],
          [
            -94.583667,
            39.099951
          ],
          [
            -94.583304,
            39.099941
          ],
          [
            -94.58325,
            39.099939
          ],
          [
            -94.583192,
            39.099938
          ],
          [
            -94.583195,
            39.099883
          ],
          [
            -94.583218,
            39.099446
          ],
          [
            -94.58322,
            39.099405
          ],
          [
            -94.583235,
            39.099114
          ],
          [
            -94.583259,
            39.098669
          ],
          [
            -94.583262,
            39.098616
          ],
          [
            -94.583266,
            39.098542
          ],
          [
            -94.583282,
            39.098235
          ],
          [
            -94.583294,
            39.098002
          ],
          [
            -94.583299,
            39.097914
          ],
          [
            -94.583308,
            39.097731
          ],
          [
            -94.58332,
            39.097525
          ],
          [
            -94.583331,
            39.097308
          ],
          [
            -94.583335,
            39.09725
          ],
          [
            -94.583337,
            39.097193
          ],
          [
            -94.583345,
            39.097011
          ],
          [
            -94.583355,
            39.096724
          ],
          [
            -94.583361,
            39.096564
          ],
          [
            -94.583365,
            39.096467
          ],
          [
            -94.583368,
            39.0964
          ],
          [
            -94.583406,
            39.096403
          ],
          [
            -94.583485,
            39.096405
          ],
          [
            -94.584395,
            39.096445
          ],
          [
            -94.584512,
            39.096453
          ],
          [
            -94.584632,
            39.096462
          ],
          [
            -94.584679,
            39.096466
          ],
          [
            -94.584858,
            39.096494
          ],
          [
            -94.585526,
            39.096587
          ],
          [
            -94.58566,
            39.096606
          ],
          [
            -94.58666,
            39.096708
          ],
          [
            -94.588325,
            39.096929
          ],
          [
            -94.588407,
            39.096931
          ],
          [
            -94.588453,
            39.096932
          ],
          [
            -94.588577,
            39.096935
          ],
          [
            -94.588703,
            39.09694
          ],
          [
            -94.589032,
            39.096954
          ],
          [
            -94.589183,
            39.096958
          ],
          [
            -94.589538,
            39.0969
          ],
          [
            -94.590023,
            39.096762
          ],
          [
            -94.590376,
            39.096603
          ],
          [
            -94.590667,
            39.096402
          ],
          [
            -94.590913,
            39.096107
          ],
          [
            -94.591062,
            39.0959
          ],
          [
            -94.591145,
            39.095662
          ],
          [
            -94.591172,
            39.095283
          ],
          [
            -94.591176,
            39.094961
          ],
          [
            -94.591072,
            39.093918
          ],
          [
            -94.591014,
            39.093196
          ],
          [
            -94.591004,
            39.093049
          ],
          [
            -94.590996,
            39.092864
          ],
          [
            -94.590996,
            39.092578
          ],
          [
            -94.590988,
            39.092126
          ],
          [
            -94.590994,
            39.091845
          ],
          [
            -94.591028,
            39.091522
          ],
          [
            -94.591084,
            39.091202
          ],
          [
            -94.591326,
            39.090179
          ],
          [
            -94.591461,
            39.089609
          ],
          [
            -94.592654,
            39.084861
          ],
          [
            -94.593513,
            39.081894
          ],
          [
            -94.593687,
            39.081226
          ],
          [
            -94.59403,
            39.080191
          ],
          [
            -94.594077,
            39.080044
          ],
          [
            -94.594246,
            39.079506
          ],
          [
            -94.594358,
            39.079126
          ],
          [
            -94.594348,
            39.078979
          ],
          [
            -94.594334,
            39.078775
          ],
          [
            -94.59433,
            39.078524
          ],
          [
            -94.594315,
            39.078343
          ],
          [
            -94.594234,
            39.07791
          ],
          [
            -94.594195,
            39.077677
          ],
          [
            -94.594124,
            39.076806
          ],
          [
            -94.594314,
            39.073508
          ],
          [
            -94.594368,
            39.073207
          ],
          [
            -94.59449,
            39.073009
          ],
          [
            -94.594539,
            39.072685
          ],
          [
            -94.594586,
            39.071888
          ],
          [
            -94.59459,
            39.071792
          ],
          [
            -94.594604,
            39.071502
          ],
          [
            -94.594608,
            39.071409
          ],
          [
            -94.594611,
            39.071353
          ],
          [
            -94.594617,
            39.071234
          ],
          [
            -94.594704,
            39.069557
          ],
          [
            -94.594804,
            39.067794
          ],
          [
            -94.594808,
            39.067728
          ],
          [
            -94.594811,
            39.067676
          ],
          [
            -94.594923,
            39.065871
          ],
          [
            -94.594986,
            39.064893
          ],
          [
            -94.594991,
            39.064827
          ],
          [
            -94.594994,
            39.064777
          ],
          [
            -94.595021,
            39.064362
          ],
          [
            -94.595073,
            39.063537
          ],
          [
            -94.595158,
            39.062091
          ],
          [
            -94.595196,
            39.061461
          ],
          [
            -94.595213,
            39.061181
          ],
          [
            -94.595258,
            39.061154
          ],
          [
            -94.595292,
            39.06115
          ],
          [
            -94.595328,
            39.061145
          ],
          [
            -94.596256,
            39.061172
          ],
          [
            -94.596268,
            39.061173
          ],
          [
            -94.596268,
            39.06119
          ],
          [
            -94.596276,
            39.061207
          ],
          [
            -94.596289,
            39.061221
          ],
          [
            -94.596308,
            39.06123
          ],
          [
            -94.59633,
            39.061235
          ],
          [
            -94.596353,
            39.061234
          ],
          [
            -94.596374,
            39.061228
          ],
          [
            -94.596391,
            39.061217
          ],
          [
            -94.596403,
            39.061202
          ],
          [
            -94.596408,
            39.061183
          ],
          [
            -94.59642,
            39.061184
          ],
          [
            -94.597421,
            39.061216
          ],
          [
            -94.597506,
            39.061216
          ],
          [
            -94.59751,
            39.061134
          ],
          [
            -94.597511,
            39.061114
          ],
          [
            -94.597515,
            39.061054
          ]
        ]
      }
    },
    {
      "type": "Feature",
      "properties": {
        "route_number": "58",
        "name": "12th St.\u2013Kansas Ave.",
        "confidence": "medium",
        "note": null,
        "source": "Digitized from an October 1948 Kansas City Public Service Co. system map (user-provided scan) \u2014 an illustrative reconstruction, not a precise historical GIS record. Downtown segments use the map's own street-by-street boarding directions (high confidence); segments beyond downtown are traced from the route's name and the map's general path, geocoded onto real streets (lower confidence, and this map's own resolution limited how much detail could be read).",
        "year": 1948
      },
      "geometry": {
        "type": "LineString",
        "coordinates": [
          [
            -94.590349,
            39.100197
          ],
          [
            -94.590351,
            39.100197
          ],
          [
            -94.590654,
            39.100208
          ],
          [
            -94.591085,
            39.100223
          ],
          [
            -94.591178,
            39.100226
          ],
          [
            -94.591275,
            39.10023
          ],
          [
            -94.591758,
            39.100247
          ],
          [
            -94.592307,
            39.100267
          ],
          [
            -94.592441,
            39.100271
          ],
          [
            -94.592703,
            39.100281
          ],
          [
            -94.592829,
            39.100285
          ],
          [
            -94.593122,
            39.100338
          ],
          [
            -94.593452,
            39.100351
          ],
          [
            -94.593617,
            39.100355
          ],
          [
            -94.594095,
            39.100371
          ],
          [
            -94.594243,
            39.10038
          ],
          [
            -94.594428,
            39.100383
          ],
          [
            -94.594924,
            39.100401
          ],
          [
            -94.597687,
            39.100499
          ],
          [
            -94.597875,
            39.10051
          ],
          [
            -94.598031,
            39.100528
          ],
          [
            -94.598334,
            39.100567
          ],
          [
            -94.598534,
            39.1006
          ],
          [
            -94.598725,
            39.100619
          ],
          [
            -94.598903,
            39.100626
          ],
          [
            -94.599156,
            39.100634
          ],
          [
            -94.59999,
            39.100663
          ],
          [
            -94.60163,
            39.100719
          ],
          [
            -94.601805,
            39.100726
          ],
          [
            -94.601963,
            39.100724
          ],
          [
            -94.602105,
            39.100707
          ],
          [
            -94.602231,
            39.100671
          ],
          [
            -94.602311,
            39.100628
          ],
          [
            -94.602381,
            39.100593
          ],
          [
            -94.602634,
            39.100502
          ],
          [
            -94.602716,
            39.100474
          ],
          [
            -94.602962,
            39.100388
          ],
          [
            -94.60333,
            39.100261
          ],
          [
            -94.603767,
            39.100108
          ],
          [
            -94.604059,
            39.100021
          ],
          [
            -94.604222,
            39.099968
          ],
          [
            -94.604695,
            39.099816
          ],
          [
            -94.604708,
            39.099546
          ],
          [
            -94.604711,
            39.099477
          ],
          [
            -94.604715,
            39.0994
          ],
          [
            -94.604759,
            39.099319
          ],
          [
            -94.60484,
            39.099238
          ],
          [
            -94.604932,
            39.099187
          ],
          [
            -94.605056,
            39.099161
          ],
          [
            -94.606035,
            39.099217
          ],
          [
            -94.606856,
            39.099211
          ],
          [
            -94.607632,
            39.099166
          ],
          [
            -94.608868,
            39.099078
          ],
          [
            -94.609711,
            39.098989
          ],
          [
            -94.614653,
            39.098998
          ],
          [
            -94.615239,
            39.099116
          ],
          [
            -94.615724,
            39.099228
          ],
          [
            -94.616113,
            39.099371
          ],
          [
            -94.616397,
            39.099515
          ],
          [
            -94.616633,
            39.099725
          ],
          [
            -94.616812,
            39.099948
          ],
          [
            -94.617042,
            39.100458
          ],
          [
            -94.617118,
            39.100765
          ],
          [
            -94.617178,
            39.101969
          ],
          [
            -94.617196,
            39.102154
          ],
          [
            -94.617271,
            39.102387
          ],
          [
            -94.617398,
            39.102554
          ],
          [
            -94.617518,
            39.102654
          ],
          [
            -94.617717,
            39.102747
          ],
          [
            -94.617977,
            39.102789
          ],
          [
            -94.618242,
            39.102789
          ],
          [
            -94.618478,
            39.102751
          ],
          [
            -94.619299,
            39.102539
          ],
          [
            -94.619828,
            39.102451
          ],
          [
            -94.62011,
            39.102388
          ],
          [
            -94.620462,
            39.102404
          ],
          [
            -94.620957,
            39.102468
          ],
          [
            -94.621353,
            39.102537
          ],
          [
            -94.621607,
            39.102571
          ],
          [
            -94.621953,
            39.102616
          ],
          [
            -94.622252,
            39.102693
          ],
          [
            -94.622639,
            39.102732
          ],
          [
            -94.622921,
            39.102755
          ],
          [
            -94.623181,
            39.102762
          ],
          [
            -94.623383,
            39.102743
          ],
          [
            -94.624132,
            39.102744
          ],
          [
            -94.624571,
            39.102744
          ],
          [
            -94.624659,
            39.102744
          ],
          [
            -94.625211,
            39.102737
          ],
          [
            -94.625557,
            39.102732
          ],
          [
            -94.625754,
            39.10273
          ],
          [
            -94.625775,
            39.102729
          ],
          [
            -94.626109,
            39.102727
          ],
          [
            -94.626235,
            39.102727
          ],
          [
            -94.626238,
            39.102623
          ],
          [
            -94.626235,
            39.102527
          ],
          [
            -94.626231,
            39.102374
          ],
          [
            -94.626231,
            39.10235
          ],
          [
            -94.626229,
            39.102287
          ],
          [
            -94.626227,
            39.10211
          ],
          [
            -94.626224,
            39.10178
          ],
          [
            -94.626224,
            39.101763
          ],
          [
            -94.626206,
            39.10097
          ],
          [
            -94.626192,
            39.100338
          ],
          [
            -94.626185,
            39.099868
          ],
          [
            -94.626179,
            39.099455
          ],
          [
            -94.626176,
            39.099402
          ],
          [
            -94.626173,
            39.099006
          ],
          [
            -94.626171,
            39.098605
          ],
          [
            -94.626161,
            39.098194
          ],
          [
            -94.626158,
            39.097718
          ],
          [
            -94.626158,
            39.096948
          ],
          [
            -94.626212,
            39.096681
          ],
          [
            -94.626223,
            39.096464
          ],
          [
            -94.62622,
            39.096072
          ],
          [
            -94.626202,
            39.095406
          ],
          [
            -94.626168,
            39.094629
          ],
          [
            -94.62613,
            39.093615
          ],
          [
            -94.62611,
            39.092873
          ],
          [
            -94.626105,
            39.092654
          ],
          [
            -94.626087,
            39.092418
          ],
          [
            -94.626083,
            39.092311
          ],
          [
            -94.626039,
            39.089988
          ],
          [
            -94.626031,
            39.089557
          ],
          [
            -94.626024,
            39.088857
          ],
          [
            -94.626026,
            39.088343
          ],
          [
            -94.626017,
            39.088012
          ],
          [
            -94.626009,
            39.087651
          ],
          [
            -94.626006,
            39.087519
          ],
          [
            -94.625871,
            39.087523
          ],
          [
            -94.625725,
            39.087528
          ],
          [
            -94.624787,
            39.087564
          ],
          [
            -94.623681,
            39.087589
          ],
          [
            -94.623133,
            39.087599
          ],
          [
            -94.622631,
            39.087608
          ],
          [
            -94.621833,
            39.087623
          ],
          [
            -94.621715,
            39.087627
          ],
          [
            -94.621391,
            39.087638
          ],
          [
            -94.62112,
            39.087709
          ],
          [
            -94.620535,
            39.087891
          ],
          [
            -94.619772,
            39.088132
          ],
          [
            -94.619459,
            39.088231
          ],
          [
            -94.618345,
            39.088571
          ],
          [
            -94.617706,
            39.088779
          ],
          [
            -94.617573,
            39.088822
          ],
          [
            -94.617237,
            39.088931
          ],
          [
            -94.616399,
            39.089203
          ],
          [
            -94.61628,
            39.089242
          ],
          [
            -94.615445,
            39.089513
          ],
          [
            -94.615243,
            39.089578
          ],
          [
            -94.615184,
            39.089598
          ],
          [
            -94.614298,
            39.089885
          ],
          [
            -94.614128,
            39.08994
          ],
          [
            -94.613048,
            39.090306
          ],
          [
            -94.612809,
            39.090393
          ],
          [
            -94.61277,
            39.090408
          ],
          [
            -94.612547,
            39.090518
          ],
          [
            -94.612585,
            39.090664
          ],
          [
            -94.612588,
            39.090718
          ],
          [
            -94.61259,
            39.090763
          ],
          [
            -94.612542,
            39.090767
          ],
          [
            -94.612401,
            39.090779
          ],
          [
            -94.611796,
            39.09078
          ],
          [
            -94.611252,
            39.090762
          ],
          [
            -94.610224,
            39.090778
          ],
          [
            -94.610092,
            39.090368
          ],
          [
            -94.609909,
            39.090184
          ],
          [
            -94.609878,
            39.090107
          ]
        ]
      }
    },
    {
      "type": "Feature",
      "properties": {
        "route_number": "59",
        "name": "Parallel\u2013Jackson",
        "confidence": "low",
        "note": "Only 'Parallel' (Parallel Parkway, KCK) could be confidently geocoded; the 'Jackson' segment of this route's name isn't reflected in the line shown.",
        "source": "Digitized from an October 1948 Kansas City Public Service Co. system map (user-provided scan) \u2014 an illustrative reconstruction, not a precise historical GIS record. Downtown segments use the map's own street-by-street boarding directions (high confidence); segments beyond downtown are traced from the route's name and the map's general path, geocoded onto real streets (lower confidence, and this map's own resolution limited how much detail could be read).",
        "year": 1948
      },
      "geometry": {
        "type": "LineString",
        "coordinates": [
          [
            -94.581301,
            39.099885
          ],
          [
            -94.581063,
            39.099878
          ],
          [
            -94.581024,
            39.099877
          ],
          [
            -94.580905,
            39.099872
          ],
          [
            -94.5809,
            39.099934
          ],
          [
            -94.580881,
            39.100262
          ],
          [
            -94.580877,
            39.100337
          ],
          [
            -94.580869,
            39.10047
          ],
          [
            -94.580866,
            39.100522
          ],
          [
            -94.580866,
            39.10053
          ],
          [
            -94.580864,
            39.100566
          ],
          [
            -94.580839,
            39.101004
          ],
          [
            -94.580834,
            39.10107
          ],
          [
            -94.580832,
            39.101131
          ],
          [
            -94.58083,
            39.101167
          ],
          [
            -94.580829,
            39.101183
          ],
          [
            -94.58082,
            39.101363
          ],
          [
            -94.580807,
            39.101609
          ],
          [
            -94.580806,
            39.101649
          ],
          [
            -94.580801,
            39.101782
          ],
          [
            -94.580797,
            39.101913
          ],
          [
            -94.580787,
            39.102223
          ],
          [
            -94.580784,
            39.102284
          ],
          [
            -94.580782,
            39.102354
          ],
          [
            -94.580761,
            39.102819
          ],
          [
            -94.580756,
            39.102954
          ],
          [
            -94.580743,
            39.103251
          ],
          [
            -94.580735,
            39.103439
          ],
          [
            -94.580733,
            39.103493
          ],
          [
            -94.5808,
            39.103497
          ],
          [
            -94.580868,
            39.103497
          ],
          [
            -94.58135,
            39.103513
          ],
          [
            -94.581776,
            39.103526
          ],
          [
            -94.581894,
            39.10353
          ],
          [
            -94.581998,
            39.103533
          ],
          [
            -94.582385,
            39.103549
          ],
          [
            -94.582468,
            39.103553
          ],
          [
            -94.582919,
            39.103572
          ],
          [
            -94.582989,
            39.103574
          ],
          [
            -94.583036,
            39.103575
          ],
          [
            -94.583029,
            39.10369
          ],
          [
            -94.583017,
            39.10419
          ],
          [
            -94.583016,
            39.104239
          ],
          [
            -94.583015,
            39.104308
          ],
          [
            -94.583011,
            39.104422
          ],
          [
            -94.583006,
            39.104512
          ],
          [
            -94.583003,
            39.104598
          ],
          [
            -94.582983,
            39.105044
          ],
          [
            -94.582967,
            39.105434
          ],
          [
            -94.582966,
            39.105462
          ],
          [
            -94.582961,
            39.105536
          ],
          [
            -94.582985,
            39.105602
          ],
          [
            -94.583019,
            39.105711
          ],
          [
            -94.583075,
            39.10585
          ],
          [
            -94.583226,
            39.106173
          ],
          [
            -94.583709,
            39.107118
          ],
          [
            -94.583799,
            39.107265
          ],
          [
            -94.583854,
            39.107335
          ],
          [
            -94.583946,
            39.107337
          ],
          [
            -94.583979,
            39.107336
          ],
          [
            -94.584151,
            39.107344
          ],
          [
            -94.584345,
            39.107244
          ],
          [
            -94.58471,
            39.107113
          ],
          [
            -94.584972,
            39.107034
          ],
          [
            -94.58511,
            39.106999
          ],
          [
            -94.585316,
            39.106955
          ],
          [
            -94.58558,
            39.106959
          ],
          [
            -94.587321,
            39.107011
          ],
          [
            -94.58743,
            39.107015
          ],
          [
            -94.587949,
            39.107009
          ],
          [
            -94.590209,
            39.10699
          ],
          [
            -94.59039,
            39.106986
          ],
          [
            -94.590581,
            39.106978
          ],
          [
            -94.591019,
            39.106951
          ],
          [
            -94.591144,
            39.106945
          ],
          [
            -94.591275,
            39.106941
          ],
          [
            -94.591556,
            39.106938
          ],
          [
            -94.591847,
            39.106942
          ],
          [
            -94.592087,
            39.106948
          ],
          [
            -94.592337,
            39.106958
          ],
          [
            -94.592713,
            39.106972
          ],
          [
            -94.592882,
            39.10698
          ],
          [
            -94.593094,
            39.106995
          ],
          [
            -94.593629,
            39.107037
          ],
          [
            -94.593906,
            39.107054
          ],
          [
            -94.594168,
            39.107066
          ],
          [
            -94.594759,
            39.107085
          ],
          [
            -94.599479,
            39.10722
          ],
          [
            -94.601661,
            39.107287
          ],
          [
            -94.602038,
            39.107329
          ],
          [
            -94.602452,
            39.107391
          ],
          [
            -94.60288,
            39.10748
          ],
          [
            -94.603237,
            39.107567
          ],
          [
            -94.603489,
            39.107631
          ],
          [
            -94.60713,
            39.108848
          ],
          [
            -94.608635,
            39.109352
          ],
          [
            -94.60906,
            39.10952
          ],
          [
            -94.609442,
            39.109691
          ],
          [
            -94.6098,
            39.109881
          ],
          [
            -94.610103,
            39.110067
          ],
          [
            -94.610425,
            39.110282
          ],
          [
            -94.612364,
            39.111848
          ],
          [
            -94.613031,
            39.112319
          ],
          [
            -94.613337,
            39.112522
          ],
          [
            -94.613911,
            39.112879
          ],
          [
            -94.614464,
            39.113196
          ],
          [
            -94.6156,
            39.113835
          ],
          [
            -94.616506,
            39.114447
          ],
          [
            -94.61684,
            39.114739
          ],
          [
            -94.617048,
            39.114959
          ],
          [
            -94.61714,
            39.11511
          ],
          [
            -94.617212,
            39.11529
          ],
          [
            -94.617246,
            39.115477
          ],
          [
            -94.617242,
            39.11596
          ],
          [
            -94.617251,
            39.116871
          ],
          [
            -94.617251,
            39.117573
          ],
          [
            -94.617282,
            39.117722
          ],
          [
            -94.61735,
            39.117881
          ],
          [
            -94.61744,
            39.118028
          ],
          [
            -94.617558,
            39.11816
          ],
          [
            -94.617718,
            39.118291
          ],
          [
            -94.617873,
            39.118403
          ],
          [
            -94.618207,
            39.118548
          ],
          [
            -94.618464,
            39.118598
          ],
          [
            -94.61873,
            39.118626
          ],
          [
            -94.620617,
            39.118606
          ],
          [
            -94.62126,
            39.118599
          ],
          [
            -94.62139,
            39.118599
          ],
          [
            -94.621391,
            39.118663
          ],
          [
            -94.621399,
            39.119073
          ],
          [
            -94.621399,
            39.119517
          ],
          [
            -94.621396,
            39.120463
          ],
          [
            -94.621395,
            39.121114
          ],
          [
            -94.621395,
            39.121351
          ],
          [
            -94.621397,
            39.121408
          ],
          [
            -94.621408,
            39.122214
          ],
          [
            -94.621404,
            39.122525
          ],
          [
            -94.621399,
            39.12296
          ],
          [
            -94.621404,
            39.123302
          ],
          [
            -94.621406,
            39.123778
          ],
          [
            -94.621408,
            39.124088
          ],
          [
            -94.6214,
            39.124219
          ],
          [
            -94.621513,
            39.124257
          ],
          [
            -94.621601,
            39.124277
          ],
          [
            -94.621683,
            39.124281
          ],
          [
            -94.621911,
            39.124284
          ],
          [
            -94.622321,
            39.124286
          ],
          [
            -94.622591,
            39.124302
          ],
          [
            -94.622911,
            39.124364
          ],
          [
            -94.623179,
            39.124434
          ],
          [
            -94.623364,
            39.124507
          ],
          [
            -94.623594,
            39.124606
          ],
          [
            -94.623732,
            39.124687
          ]
        ]
      }
    },
    {
      "type": "Feature",
      "properties": {
        "route_number": "60",
        "name": "Central Ave.",
        "confidence": "medium",
        "note": null,
        "source": "Digitized from an October 1948 Kansas City Public Service Co. system map (user-provided scan) \u2014 an illustrative reconstruction, not a precise historical GIS record. Downtown segments use the map's own street-by-street boarding directions (high confidence); segments beyond downtown are traced from the route's name and the map's general path, geocoded onto real streets (lower confidence, and this map's own resolution limited how much detail could be read).",
        "year": 1948
      },
      "geometry": {
        "type": "LineString",
        "coordinates": [
          [
            -94.574441,
            39.103629
          ],
          [
            -94.574429,
            39.103999
          ],
          [
            -94.574669,
            39.104007
          ],
          [
            -94.574917,
            39.104015
          ],
          [
            -94.574886,
            39.104033
          ],
          [
            -94.574867,
            39.104057
          ],
          [
            -94.574862,
            39.104175
          ],
          [
            -94.574858,
            39.104243
          ],
          [
            -94.574815,
            39.104242
          ],
          [
            -94.574361,
            39.104225
          ],
          [
            -94.573991,
            39.104211
          ],
          [
            -94.573822,
            39.104205
          ],
          [
            -94.573787,
            39.104203
          ],
          [
            -94.57374,
            39.104202
          ],
          [
            -94.573744,
            39.104136
          ],
          [
            -94.573751,
            39.10402
          ],
          [
            -94.573774,
            39.103328
          ],
          [
            -94.573774,
            39.103271
          ],
          [
            -94.573776,
            39.103201
          ],
          [
            -94.573799,
            39.102845
          ],
          [
            -94.573815,
            39.102606
          ],
          [
            -94.573828,
            39.102268
          ],
          [
            -94.573833,
            39.10211
          ],
          [
            -94.573835,
            39.102051
          ],
          [
            -94.573765,
            39.102048
          ],
          [
            -94.573746,
            39.102047
          ],
          [
            -94.573146,
            39.102026
          ],
          [
            -94.573129,
            39.102025
          ],
          [
            -94.573075,
            39.102023
          ],
          [
            -94.573041,
            39.101979
          ],
          [
            -94.573032,
            39.101967
          ],
          [
            -94.573013,
            39.101938
          ],
          [
            -94.572995,
            39.1019
          ],
          [
            -94.572909,
            39.101629
          ],
          [
            -94.57288,
            39.101522
          ],
          [
            -94.572858,
            39.101416
          ],
          [
            -94.572852,
            39.101384
          ],
          [
            -94.572824,
            39.101205
          ],
          [
            -94.572799,
            39.101011
          ],
          [
            -94.572784,
            39.100592
          ],
          [
            -94.572712,
            39.100416
          ],
          [
            -94.572735,
            39.09979
          ],
          [
            -94.572738,
            39.09937
          ],
          [
            -94.57274,
            39.099154
          ],
          [
            -94.57278,
            39.098765
          ],
          [
            -94.572932,
            39.098373
          ],
          [
            -94.5731,
            39.097849
          ],
          [
            -94.573294,
            39.097444
          ],
          [
            -94.573439,
            39.09724
          ],
          [
            -94.573683,
            39.096988
          ],
          [
            -94.573889,
            39.096849
          ],
          [
            -94.574377,
            39.096645
          ],
          [
            -94.574895,
            39.096468
          ],
          [
            -94.575573,
            39.096326
          ],
          [
            -94.576931,
            39.096169
          ],
          [
            -94.578142,
            39.096017
          ],
          [
            -94.579066,
            39.096016
          ],
          [
            -94.584052,
            39.09626
          ],
          [
            -94.584454,
            39.096283
          ],
          [
            -94.584855,
            39.096313
          ],
          [
            -94.58567,
            39.096373
          ],
          [
            -94.586229,
            39.096448
          ],
          [
            -94.587031,
            39.096466
          ],
          [
            -94.587468,
            39.096483
          ],
          [
            -94.58789,
            39.096482
          ],
          [
            -94.588427,
            39.096466
          ],
          [
            -94.588754,
            39.096418
          ],
          [
            -94.589759,
            39.096325
          ],
          [
            -94.590335,
            39.09629
          ],
          [
            -94.592602,
            39.096358
          ],
          [
            -94.593786,
            39.096488
          ],
          [
            -94.594599,
            39.096655
          ],
          [
            -94.596176,
            39.097048
          ],
          [
            -94.598603,
            39.097695
          ],
          [
            -94.59902,
            39.09793
          ],
          [
            -94.599806,
            39.098169
          ],
          [
            -94.600657,
            39.098404
          ],
          [
            -94.602535,
            39.0988
          ],
          [
            -94.603299,
            39.098938
          ],
          [
            -94.603443,
            39.099035
          ],
          [
            -94.603456,
            39.099052
          ],
          [
            -94.603466,
            39.099063
          ],
          [
            -94.603563,
            39.099188
          ],
          [
            -94.603543,
            39.099597
          ],
          [
            -94.603564,
            39.099662
          ],
          [
            -94.603612,
            39.099814
          ],
          [
            -94.603654,
            39.099897
          ],
          [
            -94.603727,
            39.100033
          ],
          [
            -94.603767,
            39.100108
          ],
          [
            -94.604059,
            39.100021
          ],
          [
            -94.604222,
            39.099968
          ],
          [
            -94.604695,
            39.099816
          ],
          [
            -94.604951,
            39.099733
          ],
          [
            -94.605076,
            39.099693
          ],
          [
            -94.605685,
            39.099495
          ],
          [
            -94.605938,
            39.099432
          ],
          [
            -94.606205,
            39.099398
          ],
          [
            -94.606449,
            39.099422
          ],
          [
            -94.606733,
            39.099547
          ],
          [
            -94.606872,
            39.09966
          ],
          [
            -94.60698,
            39.099787
          ],
          [
            -94.607121,
            39.09999
          ],
          [
            -94.608249,
            39.101608
          ],
          [
            -94.60864,
            39.102182
          ],
          [
            -94.608805,
            39.102395
          ],
          [
            -94.609034,
            39.102749
          ],
          [
            -94.609238,
            39.103055
          ],
          [
            -94.609852,
            39.10389
          ],
          [
            -94.609937,
            39.104013
          ],
          [
            -94.610067,
            39.104199
          ],
          [
            -94.610055,
            39.104302
          ],
          [
            -94.610022,
            39.104379
          ],
          [
            -94.609973,
            39.104443
          ],
          [
            -94.609869,
            39.104525
          ],
          [
            -94.609737,
            39.104522
          ]
        ]
      }
    },
    {
      "type": "Feature",
      "properties": {
        "route_number": "63",
        "name": "39th Street",
        "confidence": "medium",
        "note": null,
        "source": "Digitized from an October 1948 Kansas City Public Service Co. system map (user-provided scan) \u2014 an illustrative reconstruction, not a precise historical GIS record. Downtown segments use the map's own street-by-street boarding directions (high confidence); segments beyond downtown are traced from the route's name and the map's general path, geocoded onto real streets (lower confidence, and this map's own resolution limited how much detail could be read).",
        "year": 1948
      },
      "geometry": {
        "type": "LineString",
        "coordinates": [
          [
            -94.607452,
            39.057279
          ],
          [
            -94.607416,
            39.057279
          ],
          [
            -94.607289,
            39.057332
          ],
          [
            -94.607186,
            39.057327
          ],
          [
            -94.606271,
            39.057303
          ],
          [
            -94.606206,
            39.057302
          ],
          [
            -94.606109,
            39.057299
          ],
          [
            -94.605674,
            39.057285
          ],
          [
            -94.605599,
            39.057281
          ],
          [
            -94.605354,
            39.057272
          ],
          [
            -94.605046,
            39.057261
          ],
          [
            -94.604952,
            39.057258
          ],
          [
            -94.604225,
            39.057229
          ],
          [
            -94.603826,
            39.057213
          ],
          [
            -94.603747,
            39.057211
          ],
          [
            -94.603679,
            39.05721
          ],
          [
            -94.603537,
            39.057205
          ],
          [
            -94.602737,
            39.057176
          ],
          [
            -94.602637,
            39.057173
          ],
          [
            -94.602283,
            39.057161
          ],
          [
            -94.601876,
            39.057147
          ],
          [
            -94.601728,
            39.057142
          ],
          [
            -94.601694,
            39.05714
          ],
          [
            -94.601533,
            39.057135
          ],
          [
            -94.601442,
            39.057131
          ],
          [
            -94.601168,
            39.057122
          ],
          [
            -94.60039,
            39.057095
          ],
          [
            -94.600278,
            39.057091
          ],
          [
            -94.600188,
            39.057088
          ],
          [
            -94.599798,
            39.057074
          ],
          [
            -94.599751,
            39.057073
          ],
          [
            -94.599636,
            39.057069
          ],
          [
            -94.59951,
            39.057065
          ],
          [
            -94.599177,
            39.057054
          ],
          [
            -94.599032,
            39.057048
          ],
          [
            -94.598856,
            39.057042
          ],
          [
            -94.598545,
            39.057032
          ],
          [
            -94.598328,
            39.057024
          ],
          [
            -94.597945,
            39.057011
          ],
          [
            -94.597691,
            39.057002
          ],
          [
            -94.597155,
            39.056983
          ],
          [
            -94.596473,
            39.05696
          ],
          [
            -94.596394,
            39.056957
          ],
          [
            -94.596141,
            39.056944
          ],
          [
            -94.595823,
            39.056928
          ],
          [
            -94.595748,
            39.056924
          ],
          [
            -94.595586,
            39.056914
          ],
          [
            -94.595501,
            39.056909
          ],
          [
            -94.595387,
            39.056903
          ],
          [
            -94.595324,
            39.056901
          ],
          [
            -94.594983,
            39.056887
          ],
          [
            -94.594851,
            39.056882
          ],
          [
            -94.594478,
            39.056869
          ],
          [
            -94.59431,
            39.056863
          ],
          [
            -94.59418,
            39.056858
          ],
          [
            -94.593885,
            39.056848
          ],
          [
            -94.593783,
            39.056845
          ],
          [
            -94.593201,
            39.056826
          ],
          [
            -94.593138,
            39.056825
          ],
          [
            -94.593069,
            39.056825
          ],
          [
            -94.593023,
            39.056825
          ],
          [
            -94.592937,
            39.056826
          ],
          [
            -94.5923,
            39.056805
          ],
          [
            -94.591573,
            39.056778
          ],
          [
            -94.5915,
            39.056777
          ],
          [
            -94.59134,
            39.056772
          ],
          [
            -94.591259,
            39.056767
          ],
          [
            -94.590955,
            39.056748
          ],
          [
            -94.590928,
            39.056747
          ],
          [
            -94.590763,
            39.056742
          ],
          [
            -94.590708,
            39.05674
          ],
          [
            -94.590617,
            39.056736
          ],
          [
            -94.59024,
            39.056723
          ],
          [
            -94.590128,
            39.056719
          ],
          [
            -94.589787,
            39.056707
          ],
          [
            -94.589719,
            39.056705
          ],
          [
            -94.589534,
            39.056698
          ],
          [
            -94.589465,
            39.056696
          ],
          [
            -94.588659,
            39.056667
          ],
          [
            -94.588589,
            39.056665
          ],
          [
            -94.588523,
            39.056662
          ],
          [
            -94.588443,
            39.05666
          ],
          [
            -94.588336,
            39.056656
          ],
          [
            -94.587809,
            39.056637
          ],
          [
            -94.58731,
            39.05662
          ],
          [
            -94.586796,
            39.056601
          ],
          [
            -94.586791,
            39.05668
          ],
          [
            -94.586772,
            39.056976
          ],
          [
            -94.586689,
            39.056973
          ],
          [
            -94.58656,
            39.05703
          ],
          [
            -94.586208,
            39.057017
          ],
          [
            -94.586127,
            39.057015
          ],
          [
            -94.58608,
            39.057013
          ],
          [
            -94.586092,
            39.056807
          ],
          [
            -94.586092,
            39.056807
          ],
          [
            -94.586101,
            39.056654
          ],
          [
            -94.586105,
            39.056576
          ],
          [
            -94.586109,
            39.056502
          ],
          [
            -94.586117,
            39.056371
          ],
          [
            -94.586123,
            39.056276
          ],
          [
            -94.58617,
            39.056277
          ],
          [
            -94.586262,
            39.05628
          ],
          [
            -94.586379,
            39.056283
          ],
          [
            -94.586687,
            39.056292
          ],
          [
            -94.586682,
            39.056433
          ],
          [
            -94.586691,
            39.05653
          ],
          [
            -94.586698,
            39.056597
          ],
          [
            -94.586362,
            39.056586
          ],
          [
            -94.586234,
            39.056582
          ],
          [
            -94.586152,
            39.056578
          ],
          [
            -94.586105,
            39.056576
          ],
          [
            -94.586038,
            39.056574
          ],
          [
            -94.585996,
            39.056572
          ],
          [
            -94.58592,
            39.05657
          ],
          [
            -94.585507,
            39.056555
          ],
          [
            -94.585044,
            39.056538
          ],
          [
            -94.584921,
            39.056534
          ],
          [
            -94.584604,
            39.056522
          ],
          [
            -94.584329,
            39.056512
          ],
          [
            -94.583871,
            39.056494
          ],
          [
            -94.583775,
            39.056491
          ],
          [
            -94.5837,
            39.056488
          ],
          [
            -94.583313,
            39.056473
          ],
          [
            -94.582699,
            39.05645
          ],
          [
            -94.582543,
            39.056444
          ],
          [
            -94.582171,
            39.05643
          ],
          [
            -94.581451,
            39.056403
          ],
          [
            -94.580192,
            39.05637
          ],
          [
            -94.580043,
            39.056366
          ],
          [
            -94.579959,
            39.056363
          ],
          [
            -94.579918,
            39.056362
          ],
          [
            -94.579827,
            39.056359
          ],
          [
            -94.579236,
            39.056327
          ],
          [
            -94.578706,
            39.056312
          ],
          [
            -94.577973,
            39.056291
          ],
          [
            -94.57738,
            39.056272
          ],
          [
            -94.577376,
            39.056272
          ],
          [
            -94.577221,
            39.056267
          ],
          [
            -94.576903,
            39.056256
          ],
          [
            -94.5768,
            39.056253
          ],
          [
            -94.576621,
            39.056246
          ],
          [
            -94.576071,
            39.056226
          ],
          [
            -94.575639,
            39.05621
          ],
          [
            -94.57521,
            39.056194
          ],
          [
            -94.574469,
            39.056167
          ],
          [
            -94.574045,
            39.056152
          ],
          [
            -94.573759,
            39.056142
          ],
          [
            -94.573308,
            39.056126
          ],
          [
            -94.572374,
            39.05609
          ],
          [
            -94.572265,
            39.056085
          ],
          [
            -94.57212,
            39.05608
          ],
          [
            -94.571998,
            39.056076
          ],
          [
            -94.571909,
            39.056073
          ],
          [
            -94.571722,
            39.056068
          ],
          [
            -94.571554,
            39.056062
          ],
          [
            -94.570861,
            39.056039
          ],
          [
            -94.570776,
            39.056036
          ],
          [
            -94.569825,
            39.056008
          ],
          [
            -94.569799,
            39.056007
          ],
          [
            -94.569736,
            39.056005
          ],
          [
            -94.569714,
            39.056004
          ],
          [
            -94.568724,
            39.055967
          ],
          [
            -94.568682,
            39.055965
          ],
          [
            -94.568637,
            39.055963
          ],
          [
            -94.567699,
            39.055924
          ],
          [
            -94.56764,
            39.055921
          ],
          [
            -94.567486,
            39.055915
          ],
          [
            -94.567354,
            39.055911
          ],
          [
            -94.567241,
            39.055907
          ],
          [
            -94.566345,
            39.055877
          ],
          [
            -94.566299,
            39.055876
          ],
          [
            -94.566246,
            39.055874
          ],
          [
            -94.565232,
            39.055835
          ],
          [
            -94.565173,
            39.055833
          ],
          [
            -94.565118,
            39.05583
          ],
          [
            -94.563997,
            39.055789
          ],
          [
            -94.563,
            39.055755
          ],
          [
            -94.562945,
            39.055753
          ],
          [
            -94.562856,
            39.05575
          ],
          [
            -94.562766,
            39.055734
          ],
          [
            -94.562043,
            39.05561
          ],
          [
            -94.561789,
            39.055607
          ],
          [
            -94.560924,
            39.055573
          ],
          [
            -94.560751,
            39.055569
          ],
          [
            -94.560461,
            39.055565
          ],
          [
            -94.559678,
            39.055644
          ],
          [
            -94.559383,
            39.055634
          ],
          [
            -94.55888,
            39.055616
          ],
          [
            -94.558391,
            39.055598
          ],
          [
            -94.558226,
            39.055592
          ],
          [
            -94.558135,
            39.055589
          ],
          [
            -94.558085,
            39.055588
          ],
          [
            -94.557928,
            39.055583
          ],
          [
            -94.557082,
            39.055553
          ],
          [
            -94.557061,
            39.055552
          ],
          [
            -94.557033,
            39.055551
          ],
          [
            -94.556994,
            39.055549
          ],
          [
            -94.556939,
            39.055547
          ],
          [
            -94.556018,
            39.055516
          ],
          [
            -94.555876,
            39.055509
          ],
          [
            -94.555797,
            39.055507
          ],
          [
            -94.55569,
            39.055504
          ],
          [
            -94.554763,
            39.055479
          ],
          [
            -94.554704,
            39.055477
          ],
          [
            -94.554635,
            39.055475
          ],
          [
            -94.55436,
            39.055467
          ],
          [
            -94.553991,
            39.055457
          ],
          [
            -94.553705,
            39.055448
          ],
          [
            -94.55359,
            39.055445
          ],
          [
            -94.553594,
            39.055373
          ],
          [
            -94.553597,
            39.055322
          ]
        ]
      }
    },
    {
      "type": "Feature",
      "properties": {
        "route_number": "65",
        "name": "Prospect",
        "confidence": "medium",
        "note": null,
        "source": "Digitized from an October 1948 Kansas City Public Service Co. system map (user-provided scan) \u2014 an illustrative reconstruction, not a precise historical GIS record. Downtown segments use the map's own street-by-street boarding directions (high confidence); segments beyond downtown are traced from the route's name and the map's general path, geocoded onto real streets (lower confidence, and this map's own resolution limited how much detail could be read).",
        "year": 1948
      },
      "geometry": {
        "type": "LineString",
        "coordinates": [
          [
            -94.551419,
            39.098725
          ],
          [
            -94.551423,
            39.098641
          ],
          [
            -94.551429,
            39.098507
          ],
          [
            -94.551436,
            39.098357
          ],
          [
            -94.551476,
            39.097528
          ],
          [
            -94.551489,
            39.097346
          ],
          [
            -94.551495,
            39.097127
          ],
          [
            -94.551503,
            39.096966
          ],
          [
            -94.551515,
            39.096774
          ],
          [
            -94.551549,
            39.096075
          ],
          [
            -94.551554,
            39.095901
          ],
          [
            -94.551558,
            39.095832
          ],
          [
            -94.551567,
            39.09566
          ],
          [
            -94.551569,
            39.095605
          ],
          [
            -94.551578,
            39.095432
          ],
          [
            -94.551583,
            39.095343
          ],
          [
            -94.551591,
            39.095174
          ],
          [
            -94.551607,
            39.094879
          ],
          [
            -94.551614,
            39.094751
          ],
          [
            -94.551618,
            39.094656
          ],
          [
            -94.55162,
            39.094634
          ],
          [
            -94.551643,
            39.094163
          ],
          [
            -94.551705,
            39.093183
          ],
          [
            -94.551709,
            39.093101
          ],
          [
            -94.551711,
            39.093063
          ],
          [
            -94.551722,
            39.09283
          ],
          [
            -94.551746,
            39.092389
          ],
          [
            -94.551753,
            39.092217
          ],
          [
            -94.551761,
            39.09203
          ],
          [
            -94.551763,
            39.091978
          ],
          [
            -94.55178,
            39.091435
          ],
          [
            -94.551787,
            39.091289
          ],
          [
            -94.551792,
            39.091199
          ],
          [
            -94.551806,
            39.090924
          ],
          [
            -94.551811,
            39.090823
          ],
          [
            -94.551815,
            39.090734
          ],
          [
            -94.551827,
            39.090446
          ],
          [
            -94.551872,
            39.089991
          ],
          [
            -94.551878,
            39.089847
          ],
          [
            -94.551893,
            39.089622
          ],
          [
            -94.551906,
            39.089331
          ],
          [
            -94.551978,
            39.088063
          ],
          [
            -94.55204,
            39.086727
          ],
          [
            -94.55207,
            39.086203
          ],
          [
            -94.552109,
            39.085539
          ],
          [
            -94.552137,
            39.084862
          ],
          [
            -94.552149,
            39.084571
          ],
          [
            -94.552159,
            39.084343
          ],
          [
            -94.552209,
            39.083109
          ],
          [
            -94.552211,
            39.08306
          ],
          [
            -94.552252,
            39.082139
          ],
          [
            -94.552265,
            39.081876
          ],
          [
            -94.552269,
            39.081811
          ],
          [
            -94.552312,
            39.080786
          ],
          [
            -94.552315,
            39.080722
          ],
          [
            -94.552368,
            39.079572
          ],
          [
            -94.55238,
            39.079295
          ],
          [
            -94.552403,
            39.078922
          ],
          [
            -94.552461,
            39.077696
          ],
          [
            -94.552463,
            39.077545
          ],
          [
            -94.552466,
            39.077475
          ],
          [
            -94.552478,
            39.077224
          ],
          [
            -94.552483,
            39.077104
          ],
          [
            -94.552619,
            39.077109
          ],
          [
            -94.552681,
            39.077112
          ],
          [
            -94.552851,
            39.077118
          ],
          [
            -94.553085,
            39.077126
          ],
          [
            -94.553635,
            39.077141
          ],
          [
            -94.554219,
            39.077161
          ],
          [
            -94.554789,
            39.077177
          ],
          [
            -94.554925,
            39.077182
          ],
          [
            -94.555391,
            39.077198
          ],
          [
            -94.555946,
            39.077217
          ],
          [
            -94.556513,
            39.077236
          ],
          [
            -94.556988,
            39.077252
          ],
          [
            -94.557011,
            39.077253
          ],
          [
            -94.557101,
            39.077256
          ],
          [
            -94.557216,
            39.07726
          ],
          [
            -94.557219,
            39.07726
          ],
          [
            -94.557258,
            39.077261
          ],
          [
            -94.557304,
            39.077263
          ],
          [
            -94.557571,
            39.077272
          ],
          [
            -94.557699,
            39.077276
          ],
          [
            -94.558205,
            39.077294
          ],
          [
            -94.558275,
            39.077296
          ],
          [
            -94.558835,
            39.077313
          ],
          [
            -94.559433,
            39.077332
          ],
          [
            -94.56019,
            39.077355
          ],
          [
            -94.560963,
            39.077379
          ],
          [
            -94.561078,
            39.077382
          ],
          [
            -94.561202,
            39.077386
          ],
          [
            -94.561708,
            39.077401
          ],
          [
            -94.561856,
            39.077406
          ],
          [
            -94.562875,
            39.077451
          ],
          [
            -94.56288,
            39.077365
          ],
          [
            -94.562906,
            39.076931
          ],
          [
            -94.562807,
            39.076653
          ],
          [
            -94.562495,
            39.075694
          ],
          [
            -94.562316,
            39.075172
          ],
          [
            -94.562179,
            39.074752
          ],
          [
            -94.562118,
            39.074528
          ],
          [
            -94.561941,
            39.073901
          ],
          [
            -94.561918,
            39.073819
          ],
          [
            -94.561885,
            39.073724
          ],
          [
            -94.561502,
            39.072443
          ],
          [
            -94.561302,
            39.072222
          ],
          [
            -94.560795,
            39.070949
          ],
          [
            -94.560681,
            39.070572
          ],
          [
            -94.560535,
            39.070298
          ],
          [
            -94.560475,
            39.069209
          ],
          [
            -94.560721,
            39.065191
          ],
          [
            -94.56086,
            39.064099
          ],
          [
            -94.561067,
            39.059839
          ],
          [
            -94.561079,
            39.059599
          ],
          [
            -94.561155,
            39.058815
          ],
          [
            -94.561548,
            39.054722
          ],
          [
            -94.561593,
            39.053587
          ],
          [
            -94.561754,
            39.051368
          ],
          [
            -94.561959,
            39.048266
          ],
          [
            -94.561881,
            39.047594
          ],
          [
            -94.56182,
            39.047004
          ],
          [
            -94.561578,
            39.046044
          ],
          [
            -94.560475,
            39.043398
          ],
          [
            -94.559069,
            39.040455
          ],
          [
            -94.558735,
            39.039952
          ],
          [
            -94.558266,
            39.039433
          ],
          [
            -94.556295,
            39.037908
          ],
          [
            -94.555469,
            39.037356
          ],
          [
            -94.555099,
            39.037075
          ],
          [
            -94.554866,
            39.03683
          ],
          [
            -94.55463,
            39.03658
          ],
          [
            -94.554443,
            39.036348
          ],
          [
            -94.554004,
            39.035709
          ],
          [
            -94.553706,
            39.035002
          ],
          [
            -94.553535,
            39.034427
          ],
          [
            -94.553448,
            39.03361
          ],
          [
            -94.553479,
            39.033263
          ],
          [
            -94.553526,
            39.03291
          ],
          [
            -94.553759,
            39.031936
          ],
          [
            -94.553903,
            39.031069
          ],
          [
            -94.554026,
            39.030115
          ],
          [
            -94.554036,
            39.029945
          ],
          [
            -94.55427,
            39.026608
          ],
          [
            -94.554278,
            39.026499
          ],
          [
            -94.554285,
            39.026403
          ],
          [
            -94.554531,
            39.023219
          ],
          [
            -94.554555,
            39.022909
          ],
          [
            -94.554753,
            39.019374
          ],
          [
            -94.554759,
            39.019269
          ],
          [
            -94.554763,
            39.019178
          ],
          [
            -94.554902,
            39.016443
          ],
          [
            -94.5551,
            39.013431
          ],
          [
            -94.555131,
            39.013119
          ],
          [
            -94.555215,
            39.012586
          ],
          [
            -94.555225,
            39.012521
          ],
          [
            -94.555345,
            39.012528
          ],
          [
            -94.555623,
            39.012543
          ],
          [
            -94.555672,
            39.012545
          ],
          [
            -94.556019,
            39.012555
          ],
          [
            -94.556156,
            39.012559
          ],
          [
            -94.556342,
            39.012578
          ],
          [
            -94.5564,
            39.012583
          ],
          [
            -94.557304,
            39.012609
          ],
          [
            -94.557384,
            39.012595
          ],
          [
            -94.557476,
            39.012553
          ],
          [
            -94.557382,
            39.012518
          ],
          [
            -94.557322,
            39.012501
          ],
          [
            -94.55724,
            39.012488
          ],
          [
            -94.556719,
            39.012465
          ],
          [
            -94.556348,
            39.012445
          ],
          [
            -94.556265,
            39.012441
          ]
        ]
      }
    },
    {
      "type": "Feature",
      "properties": {
        "route_number": "67",
        "name": "16th St.\u201334th St.",
        "confidence": "low",
        "note": "Least legible route on the source map \u2014 this is a straight line between the two named cross streets, not a traced path. Treat as the roughest guess here.",
        "source": "Digitized from an October 1948 Kansas City Public Service Co. system map (user-provided scan) \u2014 an illustrative reconstruction, not a precise historical GIS record. Downtown segments use the map's own street-by-street boarding directions (high confidence); segments beyond downtown are traced from the route's name and the map's general path, geocoded onto real streets (lower confidence, and this map's own resolution limited how much detail could be read).",
        "year": 1948
      },
      "geometry": {
        "type": "LineString",
        "coordinates": [
          [
            -94.646618,
            39.069712
          ],
          [
            -94.646621,
            39.069552
          ],
          [
            -94.646642,
            39.06947
          ],
          [
            -94.646642,
            39.069434
          ],
          [
            -94.646644,
            39.069313
          ],
          [
            -94.646645,
            39.06917
          ],
          [
            -94.646653,
            39.068451
          ],
          [
            -94.64666,
            39.067802
          ],
          [
            -94.646229,
            39.067806
          ],
          [
            -94.646063,
            39.067808
          ],
          [
            -94.645633,
            39.067803
          ],
          [
            -94.644476,
            39.067801
          ],
          [
            -94.644465,
            39.070948
          ],
          [
            -94.644465,
            39.071015
          ],
          [
            -94.644461,
            39.071427
          ],
          [
            -94.64446,
            39.071497
          ],
          [
            -94.644459,
            39.071574
          ],
          [
            -94.644456,
            39.071874
          ],
          [
            -94.644448,
            39.072401
          ],
          [
            -94.644447,
            39.072463
          ],
          [
            -94.643061,
            39.072197
          ],
          [
            -94.642833,
            39.072171
          ],
          [
            -94.642583,
            39.072159
          ],
          [
            -94.641999,
            39.072156
          ],
          [
            -94.640364,
            39.072186
          ],
          [
            -94.640245,
            39.072188
          ],
          [
            -94.637517,
            39.072264
          ],
          [
            -94.635654,
            39.072313
          ],
          [
            -94.635069,
            39.072328
          ],
          [
            -94.633862,
            39.072366
          ],
          [
            -94.633202,
            39.072374
          ],
          [
            -94.632805,
            39.072391
          ],
          [
            -94.632038,
            39.072508
          ],
          [
            -94.631024,
            39.072691
          ],
          [
            -94.630337,
            39.072849
          ],
          [
            -94.62965,
            39.072974
          ],
          [
            -94.628808,
            39.073116
          ],
          [
            -94.627768,
            39.07332
          ],
          [
            -94.626318,
            39.073566
          ],
          [
            -94.625657,
            39.07372
          ],
          [
            -94.624865,
            39.073925
          ],
          [
            -94.624685,
            39.073976
          ],
          [
            -94.624555,
            39.073781
          ],
          [
            -94.624485,
            39.073666
          ],
          [
            -94.624338,
            39.073332
          ],
          [
            -94.624284,
            39.073212
          ],
          [
            -94.624261,
            39.073169
          ],
          [
            -94.624216,
            39.073091
          ],
          [
            -94.624144,
            39.072994
          ],
          [
            -94.624068,
            39.072911
          ],
          [
            -94.623958,
            39.072806
          ],
          [
            -94.623829,
            39.072705
          ],
          [
            -94.623727,
            39.072637
          ],
          [
            -94.6236,
            39.072568
          ],
          [
            -94.623444,
            39.072494
          ],
          [
            -94.623123,
            39.072366
          ],
          [
            -94.62291,
            39.072286
          ],
          [
            -94.622821,
            39.07226
          ],
          [
            -94.622735,
            39.072245
          ],
          [
            -94.622662,
            39.072243
          ],
          [
            -94.622603,
            39.072257
          ],
          [
            -94.622551,
            39.072292
          ],
          [
            -94.622481,
            39.072371
          ],
          [
            -94.622257,
            39.072265
          ],
          [
            -94.621574,
            39.071997
          ],
          [
            -94.620521,
            39.07153
          ],
          [
            -94.620405,
            39.071486
          ],
          [
            -94.619946,
            39.07131
          ],
          [
            -94.619191,
            39.07102
          ],
          [
            -94.618648,
            39.070773
          ],
          [
            -94.618333,
            39.0706
          ],
          [
            -94.618184,
            39.070508
          ],
          [
            -94.618043,
            39.070421
          ],
          [
            -94.617986,
            39.070385
          ],
          [
            -94.614902,
            39.068431
          ],
          [
            -94.614625,
            39.068256
          ],
          [
            -94.61396,
            39.067835
          ],
          [
            -94.613914,
            39.067798
          ],
          [
            -94.613764,
            39.067681
          ],
          [
            -94.613622,
            39.06781
          ],
          [
            -94.613542,
            39.067884
          ],
          [
            -94.61316,
            39.068155
          ],
          [
            -94.612997,
            39.068271
          ],
          [
            -94.612896,
            39.068345
          ],
          [
            -94.612725,
            39.068472
          ],
          [
            -94.612628,
            39.068544
          ],
          [
            -94.612426,
            39.068694
          ],
          [
            -94.61219,
            39.068867
          ],
          [
            -94.611878,
            39.069094
          ],
          [
            -94.611663,
            39.069253
          ],
          [
            -94.610023,
            39.070469
          ],
          [
            -94.609548,
            39.070822
          ],
          [
            -94.608822,
            39.071349
          ],
          [
            -94.607845,
            39.072059
          ],
          [
            -94.607394,
            39.072386
          ],
          [
            -94.607308,
            39.072314
          ],
          [
            -94.60698,
            39.072043
          ],
          [
            -94.606919,
            39.071992
          ],
          [
            -94.606772,
            39.07191
          ],
          [
            -94.606561,
            39.071835
          ],
          [
            -94.606374,
            39.071804
          ],
          [
            -94.606038,
            39.071793
          ],
          [
            -94.605702,
            39.071775
          ],
          [
            -94.604238,
            39.071723
          ],
          [
            -94.603437,
            39.071694
          ],
          [
            -94.603212,
            39.071686
          ],
          [
            -94.602183,
            39.07165
          ],
          [
            -94.601301,
            39.071618
          ],
          [
            -94.600234,
            39.07158
          ],
          [
            -94.599993,
            39.071571
          ],
          [
            -94.599289,
            39.071545
          ],
          [
            -94.598044,
            39.071501
          ],
          [
            -94.595106,
            39.07143
          ],
          [
            -94.594917,
            39.071423
          ],
          [
            -94.594703,
            39.071414
          ],
          [
            -94.594608,
            39.071409
          ],
          [
            -94.594482,
            39.071405
          ],
          [
            -94.59439,
            39.071401
          ],
          [
            -94.593809,
            39.071372
          ],
          [
            -94.593165,
            39.071341
          ],
          [
            -94.592241,
            39.071296
          ],
          [
            -94.591152,
            39.071253
          ],
          [
            -94.590087,
            39.071216
          ],
          [
            -94.589945,
            39.07121
          ],
          [
            -94.589786,
            39.071205
          ],
          [
            -94.588707,
            39.071172
          ],
          [
            -94.588484,
            39.071163
          ],
          [
            -94.587691,
            39.071125
          ],
          [
            -94.587364,
            39.071111
          ],
          [
            -94.586925,
            39.071093
          ],
          [
            -94.586582,
            39.071079
          ],
          [
            -94.586507,
            39.071076
          ],
          [
            -94.585927,
            39.071055
          ],
          [
            -94.585449,
            39.071037
          ],
          [
            -94.585386,
            39.071035
          ],
          [
            -94.58532,
            39.071032
          ],
          [
            -94.585324,
            39.070935
          ],
          [
            -94.585328,
            39.070845
          ],
          [
            -94.585333,
            39.070747
          ],
          [
            -94.58535,
            39.070364
          ],
          [
            -94.585358,
            39.070184
          ],
          [
            -94.585364,
            39.070051
          ],
          [
            -94.585375,
            39.069806
          ],
          [
            -94.585394,
            39.069398
          ],
          [
            -94.585402,
            39.06921
          ],
          [
            -94.585418,
            39.068898
          ],
          [
            -94.585423,
            39.068803
          ],
          [
            -94.585434,
            39.068575
          ],
          [
            -94.585439,
            39.068484
          ],
          [
            -94.585447,
            39.068327
          ],
          [
            -94.585452,
            39.068216
          ],
          [
            -94.585453,
            39.068176
          ],
          [
            -94.585459,
            39.068037
          ],
          [
            -94.585464,
            39.06792
          ],
          [
            -94.585469,
            39.067815
          ],
          [
            -94.585473,
            39.067705
          ],
          [
            -94.585494,
            39.067221
          ],
          [
            -94.585526,
            39.066691
          ],
          [
            -94.585542,
            39.066471
          ],
          [
            -94.585547,
            39.066407
          ],
          [
            -94.585551,
            39.066354
          ],
          [
            -94.585557,
            39.066243
          ],
          [
            -94.585566,
            39.066055
          ],
          [
            -94.58558,
            39.065754
          ],
          [
            -94.585583,
            39.065689
          ],
          [
            -94.585591,
            39.065536
          ],
          [
            -94.585598,
            39.065413
          ]
        ]
      }
    }
  ]
}