{
  "type": "FeatureCollection",
  "features": [
    {
      "type": "Feature",
      "properties": {
        "route_number": "1",
        "name": "Downtown–South Kansas City",
        "confidence": "medium",
        "note": "The map's detail panel bundles this entry with a second, contradictory endpoint description ('Independence-27th-State Line') alongside the South Kansas City one -- dropped here in favor of the index list's single, unambiguous name. See route 4, which appears to be the through-route combining this corridor with the Independence Ave. leg.",
        "source": "Digitized from an April 1952 Kansas City Public Service Co. system map (user-provided scan) -- an illustrative reconstruction, not a precise historical GIS record. Replaces the earlier October 1948 digitization: this map's clearer scan and its own 'STREET CAR LINES' detail panel (street-by-street routing for each numbered line) supported higher-confidence waypoints for most routes than the 1948 map allowed. Downtown intersections were pinned via the Overpass API (exact shared OSM way-nodes, not geocoding-text guesswork); named-place termini beyond downtown (Armourdale, Muncie, Fairmount) were geocoded via Nominatim.",
        "year": 1952
      },
      "geometry": {
        "type": "LineString",
        "coordinates": [
          [
            -94.583192,
            39.099938
          ],
          [
            -94.583163,
            39.099937
          ],
          [
            -94.583085,
            39.099935
          ],
          [
            -94.582184,
            39.099911
          ],
          [
            -94.582072,
            39.099908
          ],
          [
            -94.581983,
            39.099905
          ],
          [
            -94.581595,
            39.099894
          ],
          [
            -94.581545,
            39.099893
          ],
          [
            -94.581534,
            39.099892
          ],
          [
            -94.581063,
            39.099878
          ],
          [
            -94.581024,
            39.099877
          ],
          [
            -94.580905,
            39.099872
          ],
          [
            -94.580786,
            39.099868
          ],
          [
            -94.580767,
            39.099867
          ],
          [
            -94.58031,
            39.099843
          ],
          [
            -94.580142,
            39.099837
          ],
          [
            -94.579842,
            39.099827
          ],
          [
            -94.57975,
            39.099824
          ],
          [
            -94.579667,
            39.099821
          ],
          [
            -94.579146,
            39.099804
          ],
          [
            -94.578677,
            39.099789
          ],
          [
            -94.578549,
            39.099785
          ],
          [
            -94.578549,
            39.099785
          ],
          [
            -94.578557,
            39.099699
          ],
          [
            -94.578595,
            39.098927
          ],
          [
            -94.578599,
            39.09886
          ],
          [
            -94.578609,
            39.098713
          ],
          [
            -94.57862,
            39.098552
          ],
          [
            -94.578625,
            39.098483
          ],
          [
            -94.57863,
            39.098421
          ],
          [
            -94.578654,
            39.097998
          ],
          [
            -94.578662,
            39.097887
          ],
          [
            -94.578676,
            39.097542
          ],
          [
            -94.578685,
            39.097366
          ],
          [
            -94.578696,
            39.097107
          ],
          [
            -94.578717,
            39.096694
          ],
          [
            -94.578726,
            39.096554
          ],
          [
            -94.578746,
            39.096256
          ],
          [
            -94.578748,
            39.096156
          ],
          [
            -94.57875,
            39.096091
          ],
          [
            -94.578761,
            39.095909
          ],
          [
            -94.578776,
            39.095643
          ],
          [
            -94.578778,
            39.095582
          ],
          [
            -94.57878,
            39.095536
          ],
          [
            -94.578789,
            39.095342
          ],
          [
            -94.578798,
            39.095152
          ],
          [
            -94.578815,
            39.094788
          ],
          [
            -94.578827,
            39.094522
          ],
          [
            -94.578834,
            39.094368
          ],
          [
            -94.578847,
            39.093938
          ],
          [
            -94.578857,
            39.093606
          ],
          [
            -94.578865,
            39.093352
          ],
          [
            -94.578867,
            39.093283
          ],
          [
            -94.578869,
            39.093241
          ],
          [
            -94.578887,
            39.092877
          ],
          [
            -94.578907,
            39.092488
          ],
          [
            -94.578912,
            39.092363
          ],
          [
            -94.578922,
            39.092167
          ],
          [
            -94.57893,
            39.091994
          ],
          [
            -94.578939,
            39.091822
          ],
          [
            -94.578944,
            39.091723
          ],
          [
            -94.578948,
            39.091631
          ],
          [
            -94.578951,
            39.091568
          ],
          [
            -94.578964,
            39.091298
          ],
          [
            -94.578971,
            39.091149
          ],
          [
            -94.57898,
            39.09098
          ],
          [
            -94.578983,
            39.090918
          ],
          [
            -94.578988,
            39.090804
          ],
          [
            -94.578989,
            39.090783
          ],
          [
            -94.578996,
            39.090649
          ],
          [
            -94.579009,
            39.090373
          ],
          [
            -94.579013,
            39.090299
          ],
          [
            -94.579015,
            39.090275
          ],
          [
            -94.579017,
            39.090248
          ],
          [
            -94.579078,
            39.089164
          ],
          [
            -94.579083,
            39.089061
          ],
          [
            -94.579142,
            39.087895
          ],
          [
            -94.579159,
            39.087564
          ],
          [
            -94.579183,
            39.087107
          ],
          [
            -94.579162,
            39.086883
          ],
          [
            -94.579113,
            39.086721
          ],
          [
            -94.57908,
            39.08661
          ],
          [
            -94.579027,
            39.086457
          ],
          [
            -94.578998,
            39.086375
          ],
          [
            -94.578957,
            39.08626
          ],
          [
            -94.57893,
            39.086108
          ],
          [
            -94.578918,
            39.086035
          ],
          [
            -94.578913,
            39.085894
          ],
          [
            -94.578932,
            39.085716
          ],
          [
            -94.578956,
            39.085608
          ],
          [
            -94.578974,
            39.085523
          ],
          [
            -94.579012,
            39.085286
          ],
          [
            -94.579061,
            39.084617
          ],
          [
            -94.579065,
            39.084387
          ],
          [
            -94.579067,
            39.084322
          ],
          [
            -94.579063,
            39.084189
          ],
          [
            -94.579048,
            39.084079
          ],
          [
            -94.579019,
            39.083919
          ],
          [
            -94.57898,
            39.083764
          ],
          [
            -94.578922,
            39.083592
          ],
          [
            -94.578732,
            39.083062
          ],
          [
            -94.578533,
            39.082562
          ],
          [
            -94.578388,
            39.08216
          ],
          [
            -94.578324,
            39.081984
          ],
          [
            -94.578302,
            39.081695
          ],
          [
            -94.578302,
            39.081627
          ],
          [
            -94.578381,
            39.081453
          ],
          [
            -94.578444,
            39.081281
          ],
          [
            -94.578495,
            39.08112
          ],
          [
            -94.578399,
            39.08045
          ],
          [
            -94.578404,
            39.080168
          ],
          [
            -94.578404,
            39.080126
          ],
          [
            -94.578412,
            39.079871
          ],
          [
            -94.578419,
            39.079617
          ],
          [
            -94.578435,
            39.07932
          ],
          [
            -94.578439,
            39.079265
          ],
          [
            -94.578444,
            39.079194
          ],
          [
            -94.578477,
            39.078672
          ],
          [
            -94.578514,
            39.07808
          ],
          [
            -94.578517,
            39.078031
          ],
          [
            -94.578518,
            39.078001
          ],
          [
            -94.578522,
            39.077977
          ],
          [
            -94.578524,
            39.077965
          ],
          [
            -94.578532,
            39.077915
          ],
          [
            -94.57857,
            39.077079
          ],
          [
            -94.578583,
            39.076837
          ],
          [
            -94.578586,
            39.076779
          ],
          [
            -94.578588,
            39.07672
          ],
          [
            -94.578621,
            39.07588
          ],
          [
            -94.578627,
            39.075782
          ],
          [
            -94.578639,
            39.07554
          ],
          [
            -94.578691,
            39.07457
          ],
          [
            -94.5787,
            39.074404
          ],
          [
            -94.578703,
            39.074353
          ],
          [
            -94.578736,
            39.073755
          ],
          [
            -94.578741,
            39.073653
          ],
          [
            -94.578755,
            39.073397
          ],
          [
            -94.578761,
            39.073279
          ],
          [
            -94.578783,
            39.073164
          ],
          [
            -94.578813,
            39.072597
          ],
          [
            -94.578839,
            39.072083
          ],
          [
            -94.57886,
            39.071676
          ],
          [
            -94.578863,
            39.071611
          ],
          [
            -94.578882,
            39.071256
          ],
          [
            -94.578902,
            39.07087
          ],
          [
            -94.578906,
            39.07079
          ],
          [
            -94.578911,
            39.070723
          ],
          [
            -94.578917,
            39.070638
          ],
          [
            -94.578924,
            39.070522
          ],
          [
            -94.578927,
            39.070432
          ],
          [
            -94.57893,
            39.070367
          ],
          [
            -94.578961,
            39.069647
          ],
          [
            -94.578983,
            39.069294
          ],
          [
            -94.579,
            39.069013
          ],
          [
            -94.579019,
            39.068705
          ],
          [
            -94.579027,
            39.068583
          ],
          [
            -94.579052,
            39.068471
          ],
          [
            -94.57908,
            39.068087
          ],
          [
            -94.57909,
            39.067997
          ],
          [
            -94.579148,
            39.067495
          ],
          [
            -94.579174,
            39.067274
          ],
          [
            -94.579226,
            39.067163
          ],
          [
            -94.579348,
            39.067007
          ],
          [
            -94.579459,
            39.066892
          ],
          [
            -94.579968,
            39.066366
          ],
          [
            -94.580285,
            39.066039
          ],
          [
            -94.580682,
            39.065627
          ],
          [
            -94.580758,
            39.065534
          ],
          [
            -94.580853,
            39.065367
          ],
          [
            -94.580896,
            39.065256
          ],
          [
            -94.580918,
            39.065143
          ],
          [
            -94.580955,
            39.06464
          ],
          [
            -94.58096,
            39.064414
          ],
          [
            -94.580968,
            39.064259
          ],
          [
            -94.580978,
            39.064036
          ],
          [
            -94.580989,
            39.06372
          ],
          [
            -94.580996,
            39.063616
          ],
          [
            -94.581005,
            39.063501
          ],
          [
            -94.581021,
            39.063317
          ],
          [
            -94.581041,
            39.063073
          ],
          [
            -94.581052,
            39.062941
          ],
          [
            -94.581114,
            39.06266
          ],
          [
            -94.581161,
            39.062443
          ],
          [
            -94.58122,
            39.062276
          ],
          [
            -94.581285,
            39.062146
          ],
          [
            -94.581393,
            39.062014
          ],
          [
            -94.581506,
            39.06192
          ],
          [
            -94.581607,
            39.061837
          ],
          [
            -94.581794,
            39.061755
          ],
          [
            -94.581899,
            39.0617
          ],
          [
            -94.582081,
            39.061587
          ],
          [
            -94.582178,
            39.061492
          ],
          [
            -94.582239,
            39.061393
          ],
          [
            -94.582281,
            39.061232
          ],
          [
            -94.582287,
            39.061207
          ],
          [
            -94.582355,
            39.060063
          ],
          [
            -94.582385,
            39.05959
          ],
          [
            -94.582447,
            39.058591
          ],
          [
            -94.58244,
            39.058467
          ],
          [
            -94.582406,
            39.05832
          ],
          [
            -94.582388,
            39.058254
          ],
          [
            -94.582236,
            39.05794
          ],
          [
            -94.58206,
            39.057644
          ],
          [
            -94.581867,
            39.057376
          ],
          [
            -94.581733,
            39.057238
          ],
          [
            -94.581659,
            39.057162
          ],
          [
            -94.581448,
            39.057013
          ],
          [
            -94.581362,
            39.056964
          ],
          [
            -94.581205,
            39.0569
          ],
          [
            -94.580987,
            39.05684
          ],
          [
            -94.580494,
            39.056694
          ],
          [
            -94.580357,
            39.056637
          ],
          [
            -94.580251,
            39.056564
          ],
          [
            -94.580158,
            39.05649
          ],
          [
            -94.580108,
            39.056436
          ],
          [
            -94.580043,
            39.056366
          ],
          [
            -94.579982,
            39.056282
          ],
          [
            -94.579785,
            39.056014
          ],
          [
            -94.579651,
            39.055729
          ],
          [
            -94.579622,
            39.055638
          ],
          [
            -94.579614,
            39.055612
          ],
          [
            -94.57956,
            39.055438
          ],
          [
            -94.579518,
            39.055178
          ],
          [
            -94.579489,
            39.054876
          ],
          [
            -94.579421,
            39.054171
          ],
          [
            -94.579369,
            39.052838
          ],
          [
            -94.579366,
            39.052793
          ],
          [
            -94.579364,
            39.052719
          ],
          [
            -94.579358,
            39.052416
          ],
          [
            -94.579355,
            39.052018
          ],
          [
            -94.579386,
            39.051839
          ],
          [
            -94.579404,
            39.051624
          ],
          [
            -94.579452,
            39.051372
          ],
          [
            -94.579509,
            39.051001
          ],
          [
            -94.57951,
            39.050991
          ],
          [
            -94.579536,
            39.050868
          ],
          [
            -94.579592,
            39.050545
          ],
          [
            -94.579606,
            39.05035
          ],
          [
            -94.579708,
            39.049796
          ],
          [
            -94.57976,
            39.049452
          ],
          [
            -94.579778,
            39.049142
          ],
          [
            -94.579767,
            39.048944
          ],
          [
            -94.579738,
            39.048768
          ],
          [
            -94.579688,
            39.048601
          ],
          [
            -94.57989,
            39.04856
          ],
          [
            -94.579974,
            39.048572
          ],
          [
            -94.5804,
            39.048858
          ],
          [
            -94.580727,
            39.049057
          ],
          [
            -94.581049,
            39.049174
          ],
          [
            -94.58132,
            39.049217
          ],
          [
            -94.581575,
            39.049269
          ],
          [
            -94.581671,
            39.049291
          ],
          [
            -94.581731,
            39.049293
          ],
          [
            -94.581786,
            39.049279
          ],
          [
            -94.581869,
            39.049205
          ]
        ]
      }
    },
    {
      "type": "Feature",
      "properties": {
        "route_number": "2",
        "name": "Fairfax–North Kansas City–29th St.",
        "confidence": "medium",
        "note": "Only the downtown portion (via Main, 12th, Grand, 6th St.) is shown -- the map doesn't detail the river crossing into Fairfax (Kansas) or North Kansas City beyond 6th St.",
        "source": "Digitized from an April 1952 Kansas City Public Service Co. system map (user-provided scan) -- an illustrative reconstruction, not a precise historical GIS record. Replaces the earlier October 1948 digitization: this map's clearer scan and its own 'STREET CAR LINES' detail panel (street-by-street routing for each numbered line) supported higher-confidence waypoints for most routes than the 1948 map allowed. Downtown intersections were pinned via the Overpass API (exact shared OSM way-nodes, not geocoding-text guesswork); named-place termini beyond downtown (Armourdale, Muncie, Fairmount) were geocoded via Nominatim.",
        "year": 1952
      },
      "geometry": {
        "type": "LineString",
        "coordinates": [
          [
            -94.583192,
            39.099938
          ],
          [
            -94.583163,
            39.099937
          ],
          [
            -94.583085,
            39.099935
          ],
          [
            -94.582184,
            39.099911
          ],
          [
            -94.582072,
            39.099908
          ],
          [
            -94.581983,
            39.099905
          ],
          [
            -94.581595,
            39.099894
          ],
          [
            -94.581545,
            39.099893
          ],
          [
            -94.581534,
            39.099892
          ],
          [
            -94.581063,
            39.099878
          ],
          [
            -94.581024,
            39.099877
          ],
          [
            -94.580905,
            39.099872
          ],
          [
            -94.580905,
            39.099872
          ],
          [
            -94.5809,
            39.099934
          ],
          [
            -94.580881,
            39.100262
          ],
          [
            -94.580877,
            39.100337
          ],
          [
            -94.580869,
            39.10047
          ],
          [
            -94.580866,
            39.100522
          ],
          [
            -94.580866,
            39.10053
          ],
          [
            -94.580864,
            39.100566
          ],
          [
            -94.580839,
            39.101004
          ],
          [
            -94.580834,
            39.10107
          ],
          [
            -94.580832,
            39.101131
          ],
          [
            -94.58083,
            39.101167
          ],
          [
            -94.580829,
            39.101183
          ],
          [
            -94.58082,
            39.101363
          ],
          [
            -94.580807,
            39.101609
          ],
          [
            -94.580806,
            39.101649
          ],
          [
            -94.580801,
            39.101782
          ],
          [
            -94.580797,
            39.101913
          ],
          [
            -94.580787,
            39.102223
          ],
          [
            -94.580784,
            39.102284
          ],
          [
            -94.580782,
            39.102354
          ],
          [
            -94.580761,
            39.102819
          ],
          [
            -94.580756,
            39.102954
          ],
          [
            -94.580743,
            39.103251
          ],
          [
            -94.580735,
            39.103439
          ],
          [
            -94.580733,
            39.103493
          ],
          [
            -94.580729,
            39.103567
          ],
          [
            -94.58072,
            39.103723
          ],
          [
            -94.580682,
            39.104372
          ],
          [
            -94.580676,
            39.104445
          ],
          [
            -94.580674,
            39.104505
          ],
          [
            -94.580661,
            39.104739
          ],
          [
            -94.580656,
            39.104813
          ],
          [
            -94.580643,
            39.105027
          ],
          [
            -94.580641,
            39.105072
          ],
          [
            -94.580632,
            39.105221
          ],
          [
            -94.580629,
            39.105267
          ],
          [
            -94.580614,
            39.10533
          ],
          [
            -94.58059,
            39.105386
          ],
          [
            -94.580569,
            39.105432
          ],
          [
            -94.580536,
            39.10552
          ],
          [
            -94.580426,
            39.105818
          ],
          [
            -94.580365,
            39.105985
          ],
          [
            -94.580299,
            39.106164
          ],
          [
            -94.580274,
            39.106233
          ]
        ]
      }
    },
    {
      "type": "Feature",
      "properties": {
        "route_number": "3",
        "name": "Downtown–Independence–Sterling",
        "confidence": "medium",
        "note": "The map names '23rd & Sterling' as this route's terminus, but Sterling Avenue's modern extent runs several miles south of the Independence Ave. corridor -- no plausible real intersection matches that description, so the line shown stops at the start of Independence Ave. rather than guess at a location for the true historical terminus.",
        "source": "Digitized from an April 1952 Kansas City Public Service Co. system map (user-provided scan) -- an illustrative reconstruction, not a precise historical GIS record. Replaces the earlier October 1948 digitization: this map's clearer scan and its own 'STREET CAR LINES' detail panel (street-by-street routing for each numbered line) supported higher-confidence waypoints for most routes than the 1948 map allowed. Downtown intersections were pinned via the Overpass API (exact shared OSM way-nodes, not geocoding-text guesswork); named-place termini beyond downtown (Armourdale, Muncie, Fairmount) were geocoded via Nominatim.",
        "year": 1952
      },
      "geometry": {
        "type": "LineString",
        "coordinates": [
          [
            -94.583192,
            39.099938
          ],
          [
            -94.583188,
            39.100013
          ],
          [
            -94.583148,
            39.100763
          ],
          [
            -94.583144,
            39.100839
          ],
          [
            -94.583132,
            39.101067
          ],
          [
            -94.583131,
            39.101086
          ],
          [
            -94.583127,
            39.101156
          ],
          [
            -94.583125,
            39.101209
          ],
          [
            -94.583115,
            39.101392
          ],
          [
            -94.583112,
            39.101448
          ],
          [
            -94.583109,
            39.101502
          ],
          [
            -94.583104,
            39.101602
          ],
          [
            -94.583102,
            39.101641
          ],
          [
            -94.583097,
            39.101721
          ],
          [
            -94.58309,
            39.101861
          ],
          [
            -94.583079,
            39.102061
          ],
          [
            -94.58307,
            39.102246
          ],
          [
            -94.583066,
            39.10234
          ],
          [
            -94.583064,
            39.102402
          ],
          [
            -94.583079,
            39.102964
          ],
          [
            -94.583057,
            39.103313
          ],
          [
            -94.583045,
            39.103508
          ],
          [
            -94.583036,
            39.103575
          ],
          [
            -94.583029,
            39.10369
          ],
          [
            -94.583017,
            39.10419
          ],
          [
            -94.583016,
            39.104239
          ],
          [
            -94.583015,
            39.104308
          ],
          [
            -94.583011,
            39.104422
          ],
          [
            -94.583006,
            39.104512
          ],
          [
            -94.583003,
            39.104598
          ],
          [
            -94.582983,
            39.105044
          ],
          [
            -94.582967,
            39.105434
          ],
          [
            -94.582966,
            39.105462
          ],
          [
            -94.582961,
            39.105536
          ],
          [
            -94.582952,
            39.105566
          ],
          [
            -94.582943,
            39.105597
          ],
          [
            -94.582901,
            39.105736
          ],
          [
            -94.582895,
            39.105763
          ],
          [
            -94.582859,
            39.105934
          ],
          [
            -94.58283,
            39.106073
          ],
          [
            -94.58277,
            39.106269
          ],
          [
            -94.582751,
            39.106333
          ],
          [
            -94.582306,
            39.106311
          ],
          [
            -94.582156,
            39.106303
          ],
          [
            -94.581646,
            39.106277
          ],
          [
            -94.581528,
            39.106271
          ],
          [
            -94.581515,
            39.106347
          ],
          [
            -94.581497,
            39.106449
          ],
          [
            -94.581379,
            39.10708
          ],
          [
            -94.581343,
            39.107269
          ],
          [
            -94.58133,
            39.107336
          ],
          [
            -94.581433,
            39.107336
          ],
          [
            -94.582919,
            39.107332
          ],
          [
            -94.583251,
            39.107331
          ],
          [
            -94.58347,
            39.10733
          ],
          [
            -94.583747,
            39.107333
          ],
          [
            -94.583817,
            39.107333
          ],
          [
            -94.583854,
            39.107335
          ],
          [
            -94.583939,
            39.107443
          ],
          [
            -94.58397,
            39.107542
          ],
          [
            -94.584071,
            39.107896
          ],
          [
            -94.584081,
            39.107931
          ],
          [
            -94.584057,
            39.107985
          ],
          [
            -94.584033,
            39.108028
          ],
          [
            -94.583994,
            39.108077
          ],
          [
            -94.583957,
            39.108112
          ],
          [
            -94.583482,
            39.108206
          ],
          [
            -94.58334,
            39.108235
          ],
          [
            -94.583297,
            39.108243
          ],
          [
            -94.582974,
            39.108307
          ],
          [
            -94.582845,
            39.108333
          ],
          [
            -94.582779,
            39.108345
          ],
          [
            -94.582244,
            39.108453
          ],
          [
            -94.581778,
            39.108554
          ],
          [
            -94.581651,
            39.108572
          ],
          [
            -94.581554,
            39.108587
          ],
          [
            -94.581518,
            39.108592
          ],
          [
            -94.581275,
            39.108631
          ],
          [
            -94.58105,
            39.108671
          ],
          [
            -94.580575,
            39.10877
          ],
          [
            -94.580553,
            39.108774
          ],
          [
            -94.580464,
            39.108793
          ],
          [
            -94.580439,
            39.108737
          ],
          [
            -94.580266,
            39.108194
          ],
          [
            -94.580178,
            39.107918
          ],
          [
            -94.580157,
            39.107849
          ],
          [
            -94.580062,
            39.107868
          ],
          [
            -94.580043,
            39.107872
          ],
          [
            -94.579732,
            39.107934
          ],
          [
            -94.579692,
            39.107941
          ],
          [
            -94.57957,
            39.107966
          ],
          [
            -94.579247,
            39.108028
          ],
          [
            -94.578935,
            39.108088
          ],
          [
            -94.578922,
            39.108048
          ],
          [
            -94.578757,
            39.107544
          ],
          [
            -94.578706,
            39.107388
          ],
          [
            -94.578705,
            39.107355
          ],
          [
            -94.578717,
            39.107325
          ],
          [
            -94.578717,
            39.107325
          ]
        ]
      }
    },
    {
      "type": "Feature",
      "properties": {
        "route_number": "4",
        "name": "South Kansas City–Independence–Sterling Ave.",
        "confidence": "medium",
        "note": "Reads as a through-route connecting route 1's South Kansas City corridor with route 3's Independence Ave. corridor via downtown -- same 'Sterling' terminus caveat as route 3 applies to this route's eastern end.",
        "source": "Digitized from an April 1952 Kansas City Public Service Co. system map (user-provided scan) -- an illustrative reconstruction, not a precise historical GIS record. Replaces the earlier October 1948 digitization: this map's clearer scan and its own 'STREET CAR LINES' detail panel (street-by-street routing for each numbered line) supported higher-confidence waypoints for most routes than the 1948 map allowed. Downtown intersections were pinned via the Overpass API (exact shared OSM way-nodes, not geocoding-text guesswork); named-place termini beyond downtown (Armourdale, Muncie, Fairmount) were geocoded via Nominatim.",
        "year": 1952
      },
      "geometry": {
        "type": "LineString",
        "coordinates": [
          [
            -94.581869,
            39.049205
          ],
          [
            -94.581869,
            39.049205
          ],
          [
            -94.581786,
            39.049279
          ],
          [
            -94.581731,
            39.049293
          ],
          [
            -94.581671,
            39.049291
          ],
          [
            -94.581575,
            39.049269
          ],
          [
            -94.58132,
            39.049217
          ],
          [
            -94.581049,
            39.049174
          ],
          [
            -94.580727,
            39.049057
          ],
          [
            -94.5804,
            39.048858
          ],
          [
            -94.579974,
            39.048572
          ],
          [
            -94.57989,
            39.04856
          ],
          [
            -94.579688,
            39.048601
          ],
          [
            -94.579738,
            39.048768
          ],
          [
            -94.579767,
            39.048944
          ],
          [
            -94.579778,
            39.049142
          ],
          [
            -94.57976,
            39.049452
          ],
          [
            -94.579708,
            39.049796
          ],
          [
            -94.579606,
            39.05035
          ],
          [
            -94.579535,
            39.050562
          ],
          [
            -94.57948,
            39.050848
          ],
          [
            -94.579443,
            39.050996
          ],
          [
            -94.57935,
            39.051161
          ],
          [
            -94.579303,
            39.0514
          ],
          [
            -94.579319,
            39.051818
          ],
          [
            -94.579355,
            39.052018
          ],
          [
            -94.579358,
            39.052416
          ],
          [
            -94.579364,
            39.052719
          ],
          [
            -94.579366,
            39.052793
          ],
          [
            -94.579369,
            39.052838
          ],
          [
            -94.579421,
            39.054171
          ],
          [
            -94.579489,
            39.054876
          ],
          [
            -94.579518,
            39.055178
          ],
          [
            -94.57956,
            39.055438
          ],
          [
            -94.579614,
            39.055612
          ],
          [
            -94.579622,
            39.055638
          ],
          [
            -94.579651,
            39.055729
          ],
          [
            -94.579785,
            39.056014
          ],
          [
            -94.579982,
            39.056282
          ],
          [
            -94.580043,
            39.056366
          ],
          [
            -94.580108,
            39.056436
          ],
          [
            -94.580158,
            39.05649
          ],
          [
            -94.580251,
            39.056564
          ],
          [
            -94.580357,
            39.056637
          ],
          [
            -94.580494,
            39.056694
          ],
          [
            -94.580987,
            39.05684
          ],
          [
            -94.581191,
            39.056948
          ],
          [
            -94.58135,
            39.057051
          ],
          [
            -94.581419,
            39.057144
          ],
          [
            -94.581456,
            39.057239
          ],
          [
            -94.581464,
            39.057353
          ],
          [
            -94.581411,
            39.058219
          ],
          [
            -94.581405,
            39.058283
          ],
          [
            -94.581308,
            39.060035
          ],
          [
            -94.58123,
            39.061266
          ],
          [
            -94.581195,
            39.061734
          ],
          [
            -94.581194,
            39.061817
          ],
          [
            -94.58118,
            39.061908
          ],
          [
            -94.581091,
            39.062439
          ],
          [
            -94.581048,
            39.062658
          ],
          [
            -94.581052,
            39.062941
          ],
          [
            -94.581041,
            39.063073
          ],
          [
            -94.581021,
            39.063317
          ],
          [
            -94.581005,
            39.063501
          ],
          [
            -94.580996,
            39.063616
          ],
          [
            -94.580989,
            39.06372
          ],
          [
            -94.580978,
            39.064036
          ],
          [
            -94.580968,
            39.064259
          ],
          [
            -94.58096,
            39.064414
          ],
          [
            -94.580955,
            39.06464
          ],
          [
            -94.580918,
            39.065143
          ],
          [
            -94.580896,
            39.065256
          ],
          [
            -94.580853,
            39.065367
          ],
          [
            -94.580758,
            39.065534
          ],
          [
            -94.580682,
            39.065627
          ],
          [
            -94.580285,
            39.066039
          ],
          [
            -94.579968,
            39.066366
          ],
          [
            -94.579459,
            39.066892
          ],
          [
            -94.579348,
            39.067007
          ],
          [
            -94.579226,
            39.067163
          ],
          [
            -94.579174,
            39.067274
          ],
          [
            -94.579148,
            39.067495
          ],
          [
            -94.57909,
            39.067997
          ],
          [
            -94.57908,
            39.068087
          ],
          [
            -94.579052,
            39.068471
          ],
          [
            -94.579027,
            39.068583
          ],
          [
            -94.579019,
            39.068705
          ],
          [
            -94.579,
            39.069013
          ],
          [
            -94.578983,
            39.069294
          ],
          [
            -94.578961,
            39.069647
          ],
          [
            -94.57893,
            39.070367
          ],
          [
            -94.578927,
            39.070432
          ],
          [
            -94.578924,
            39.070522
          ],
          [
            -94.578917,
            39.070638
          ],
          [
            -94.578911,
            39.070723
          ],
          [
            -94.578906,
            39.07079
          ],
          [
            -94.578902,
            39.07087
          ],
          [
            -94.578882,
            39.071256
          ],
          [
            -94.578863,
            39.071611
          ],
          [
            -94.57886,
            39.071676
          ],
          [
            -94.578839,
            39.072083
          ],
          [
            -94.578813,
            39.072597
          ],
          [
            -94.578783,
            39.073164
          ],
          [
            -94.578761,
            39.073279
          ],
          [
            -94.578755,
            39.073397
          ],
          [
            -94.578741,
            39.073653
          ],
          [
            -94.578736,
            39.073755
          ],
          [
            -94.578703,
            39.074353
          ],
          [
            -94.5787,
            39.074404
          ],
          [
            -94.578691,
            39.07457
          ],
          [
            -94.578639,
            39.07554
          ],
          [
            -94.578627,
            39.075782
          ],
          [
            -94.578621,
            39.07588
          ],
          [
            -94.578588,
            39.07672
          ],
          [
            -94.578586,
            39.076779
          ],
          [
            -94.578583,
            39.076837
          ],
          [
            -94.57857,
            39.077079
          ],
          [
            -94.578532,
            39.077915
          ],
          [
            -94.578524,
            39.077965
          ],
          [
            -94.578522,
            39.077977
          ],
          [
            -94.578518,
            39.078001
          ],
          [
            -94.578517,
            39.078031
          ],
          [
            -94.578514,
            39.07808
          ],
          [
            -94.578477,
            39.078672
          ],
          [
            -94.578444,
            39.079194
          ],
          [
            -94.578439,
            39.079265
          ],
          [
            -94.578435,
            39.07932
          ],
          [
            -94.578419,
            39.079617
          ],
          [
            -94.578412,
            39.079871
          ],
          [
            -94.578404,
            39.080126
          ],
          [
            -94.578404,
            39.080168
          ],
          [
            -94.578399,
            39.08045
          ],
          [
            -94.578351,
            39.080742
          ],
          [
            -94.578314,
            39.081049
          ],
          [
            -94.578312,
            39.081084
          ],
          [
            -94.578279,
            39.08153
          ],
          [
            -94.578302,
            39.081627
          ],
          [
            -94.578302,
            39.081695
          ],
          [
            -94.578324,
            39.081984
          ],
          [
            -94.578388,
            39.08216
          ],
          [
            -94.578533,
            39.082562
          ],
          [
            -94.578732,
            39.083062
          ],
          [
            -94.578922,
            39.083592
          ],
          [
            -94.57898,
            39.083764
          ],
          [
            -94.579019,
            39.083919
          ],
          [
            -94.579048,
            39.084079
          ],
          [
            -94.579063,
            39.084189
          ],
          [
            -94.579067,
            39.084322
          ],
          [
            -94.579065,
            39.084387
          ],
          [
            -94.579061,
            39.084617
          ],
          [
            -94.579012,
            39.085286
          ],
          [
            -94.578974,
            39.085523
          ],
          [
            -94.578956,
            39.085608
          ],
          [
            -94.578932,
            39.085716
          ],
          [
            -94.578913,
            39.085894
          ],
          [
            -94.578918,
            39.086035
          ],
          [
            -94.57893,
            39.086108
          ],
          [
            -94.578957,
            39.08626
          ],
          [
            -94.578998,
            39.086375
          ],
          [
            -94.579027,
            39.086457
          ],
          [
            -94.57908,
            39.08661
          ],
          [
            -94.579113,
            39.086721
          ],
          [
            -94.579162,
            39.086883
          ],
          [
            -94.579183,
            39.087107
          ],
          [
            -94.579159,
            39.087564
          ],
          [
            -94.579142,
            39.087895
          ],
          [
            -94.579083,
            39.089061
          ],
          [
            -94.579078,
            39.089164
          ],
          [
            -94.579017,
            39.090248
          ],
          [
            -94.579015,
            39.090275
          ],
          [
            -94.579013,
            39.090299
          ],
          [
            -94.579009,
            39.090373
          ],
          [
            -94.578996,
            39.090649
          ],
          [
            -94.578989,
            39.090783
          ],
          [
            -94.578988,
            39.090804
          ],
          [
            -94.578983,
            39.090918
          ],
          [
            -94.57898,
            39.09098
          ],
          [
            -94.578971,
            39.091149
          ],
          [
            -94.578964,
            39.091298
          ],
          [
            -94.578951,
            39.091568
          ],
          [
            -94.578948,
            39.091631
          ],
          [
            -94.578944,
            39.091723
          ],
          [
            -94.578939,
            39.091822
          ],
          [
            -94.57893,
            39.091994
          ],
          [
            -94.578922,
            39.092167
          ],
          [
            -94.578912,
            39.092363
          ],
          [
            -94.578907,
            39.092488
          ],
          [
            -94.578887,
            39.092877
          ],
          [
            -94.578869,
            39.093241
          ],
          [
            -94.578867,
            39.093283
          ],
          [
            -94.578865,
            39.093352
          ],
          [
            -94.578857,
            39.093606
          ],
          [
            -94.578847,
            39.093938
          ],
          [
            -94.578834,
            39.094368
          ],
          [
            -94.578827,
            39.094522
          ],
          [
            -94.578815,
            39.094788
          ],
          [
            -94.578798,
            39.095152
          ],
          [
            -94.578789,
            39.095342
          ],
          [
            -94.57878,
            39.095536
          ],
          [
            -94.578778,
            39.095582
          ],
          [
            -94.578776,
            39.095643
          ],
          [
            -94.578761,
            39.095909
          ],
          [
            -94.57875,
            39.096091
          ],
          [
            -94.578748,
            39.096156
          ],
          [
            -94.578746,
            39.096256
          ],
          [
            -94.578726,
            39.096554
          ],
          [
            -94.578717,
            39.096694
          ],
          [
            -94.578696,
            39.097107
          ],
          [
            -94.578685,
            39.097366
          ],
          [
            -94.578676,
            39.097542
          ],
          [
            -94.578662,
            39.097887
          ],
          [
            -94.578654,
            39.097998
          ],
          [
            -94.57863,
            39.098421
          ],
          [
            -94.578625,
            39.098483
          ],
          [
            -94.578754,
            39.098481
          ],
          [
            -94.578782,
            39.09848
          ],
          [
            -94.579377,
            39.098495
          ],
          [
            -94.579587,
            39.098501
          ],
          [
            -94.579761,
            39.098505
          ],
          [
            -94.57982,
            39.098507
          ],
          [
            -94.579817,
            39.09857
          ],
          [
            -94.579802,
            39.098849
          ],
          [
            -94.5798,
            39.098886
          ],
          [
            -94.579783,
            39.09921
          ],
          [
            -94.579753,
            39.099774
          ],
          [
            -94.57975,
            39.099824
          ],
          [
            -94.579667,
            39.099821
          ],
          [
            -94.579146,
            39.099804
          ],
          [
            -94.578677,
            39.099789
          ],
          [
            -94.578549,
            39.099785
          ],
          [
            -94.578549,
            39.099785
          ],
          [
            -94.578557,
            39.099699
          ],
          [
            -94.578595,
            39.098927
          ],
          [
            -94.578599,
            39.09886
          ],
          [
            -94.578609,
            39.098713
          ],
          [
            -94.57862,
            39.098552
          ],
          [
            -94.578625,
            39.098483
          ],
          [
            -94.578754,
            39.098481
          ],
          [
            -94.578782,
            39.09848
          ],
          [
            -94.579377,
            39.098495
          ],
          [
            -94.579587,
            39.098501
          ],
          [
            -94.579761,
            39.098505
          ],
          [
            -94.57982,
            39.098507
          ],
          [
            -94.579882,
            39.098508
          ],
          [
            -94.579925,
            39.09851
          ],
          [
            -94.580381,
            39.098524
          ],
          [
            -94.580612,
            39.098532
          ],
          [
            -94.580842,
            39.098539
          ],
          [
            -94.580906,
            39.098541
          ],
          [
            -94.580972,
            39.098543
          ],
          [
            -94.581057,
            39.098545
          ],
          [
            -94.581139,
            39.098547
          ],
          [
            -94.581455,
            39.098557
          ],
          [
            -94.581492,
            39.098558
          ],
          [
            -94.581513,
            39.098559
          ],
          [
            -94.581694,
            39.098565
          ],
          [
            -94.581839,
            39.09857
          ],
          [
            -94.582046,
            39.098576
          ],
          [
            -94.582145,
            39.098579
          ],
          [
            -94.582243,
            39.098582
          ],
          [
            -94.583144,
            39.098612
          ],
          [
            -94.583204,
            39.098614
          ],
          [
            -94.583262,
            39.098616
          ],
          [
            -94.583259,
            39.098669
          ],
          [
            -94.583235,
            39.099114
          ],
          [
            -94.58322,
            39.099405
          ],
          [
            -94.583218,
            39.099446
          ],
          [
            -94.583195,
            39.099883
          ],
          [
            -94.583192,
            39.099938
          ],
          [
            -94.583192,
            39.099938
          ],
          [
            -94.583188,
            39.100013
          ],
          [
            -94.583148,
            39.100763
          ],
          [
            -94.583144,
            39.100839
          ],
          [
            -94.583132,
            39.101067
          ],
          [
            -94.583131,
            39.101086
          ],
          [
            -94.583127,
            39.101156
          ],
          [
            -94.583125,
            39.101209
          ],
          [
            -94.583115,
            39.101392
          ],
          [
            -94.583112,
            39.101448
          ],
          [
            -94.583109,
            39.101502
          ],
          [
            -94.583104,
            39.101602
          ],
          [
            -94.583102,
            39.101641
          ],
          [
            -94.583097,
            39.101721
          ],
          [
            -94.58309,
            39.101861
          ],
          [
            -94.583079,
            39.102061
          ],
          [
            -94.58307,
            39.102246
          ],
          [
            -94.583066,
            39.10234
          ],
          [
            -94.583064,
            39.102402
          ],
          [
            -94.583079,
            39.102964
          ],
          [
            -94.583057,
            39.103313
          ],
          [
            -94.583045,
            39.103508
          ],
          [
            -94.583036,
            39.103575
          ],
          [
            -94.583029,
            39.10369
          ],
          [
            -94.583017,
            39.10419
          ],
          [
            -94.583016,
            39.104239
          ],
          [
            -94.583015,
            39.104308
          ],
          [
            -94.583011,
            39.104422
          ],
          [
            -94.583006,
            39.104512
          ],
          [
            -94.583003,
            39.104598
          ],
          [
            -94.582983,
            39.105044
          ],
          [
            -94.582967,
            39.105434
          ],
          [
            -94.582966,
            39.105462
          ],
          [
            -94.582961,
            39.105536
          ],
          [
            -94.582952,
            39.105566
          ],
          [
            -94.582943,
            39.105597
          ],
          [
            -94.582901,
            39.105736
          ],
          [
            -94.582895,
            39.105763
          ],
          [
            -94.582859,
            39.105934
          ],
          [
            -94.58283,
            39.106073
          ],
          [
            -94.58277,
            39.106269
          ],
          [
            -94.582751,
            39.106333
          ],
          [
            -94.582306,
            39.106311
          ],
          [
            -94.582156,
            39.106303
          ],
          [
            -94.581646,
            39.106277
          ],
          [
            -94.581528,
            39.106271
          ],
          [
            -94.581515,
            39.106347
          ],
          [
            -94.581497,
            39.106449
          ],
          [
            -94.581379,
            39.10708
          ],
          [
            -94.581343,
            39.107269
          ],
          [
            -94.58133,
            39.107336
          ],
          [
            -94.581433,
            39.107336
          ],
          [
            -94.582919,
            39.107332
          ],
          [
            -94.583251,
            39.107331
          ],
          [
            -94.58347,
            39.10733
          ],
          [
            -94.583747,
            39.107333
          ],
          [
            -94.583817,
            39.107333
          ],
          [
            -94.583854,
            39.107335
          ],
          [
            -94.583939,
            39.107443
          ],
          [
            -94.58397,
            39.107542
          ],
          [
            -94.584071,
            39.107896
          ],
          [
            -94.584081,
            39.107931
          ],
          [
            -94.584057,
            39.107985
          ],
          [
            -94.584033,
            39.108028
          ],
          [
            -94.583994,
            39.108077
          ],
          [
            -94.583957,
            39.108112
          ],
          [
            -94.583482,
            39.108206
          ],
          [
            -94.58334,
            39.108235
          ],
          [
            -94.583297,
            39.108243
          ],
          [
            -94.582974,
            39.108307
          ],
          [
            -94.582845,
            39.108333
          ],
          [
            -94.582779,
            39.108345
          ],
          [
            -94.582244,
            39.108453
          ],
          [
            -94.581778,
            39.108554
          ],
          [
            -94.581651,
            39.108572
          ],
          [
            -94.581554,
            39.108587
          ],
          [
            -94.581518,
            39.108592
          ],
          [
            -94.581275,
            39.108631
          ],
          [
            -94.58105,
            39.108671
          ],
          [
            -94.580575,
            39.10877
          ],
          [
            -94.580553,
            39.108774
          ],
          [
            -94.580464,
            39.108793
          ],
          [
            -94.580439,
            39.108737
          ],
          [
            -94.580266,
            39.108194
          ],
          [
            -94.580178,
            39.107918
          ],
          [
            -94.580157,
            39.107849
          ],
          [
            -94.580062,
            39.107868
          ],
          [
            -94.580043,
            39.107872
          ],
          [
            -94.579732,
            39.107934
          ],
          [
            -94.579692,
            39.107941
          ],
          [
            -94.57957,
            39.107966
          ],
          [
            -94.579247,
            39.108028
          ],
          [
            -94.578935,
            39.108088
          ],
          [
            -94.578922,
            39.108048
          ],
          [
            -94.578757,
            39.107544
          ],
          [
            -94.578706,
            39.107388
          ],
          [
            -94.578705,
            39.107355
          ],
          [
            -94.578717,
            39.107325
          ],
          [
            -94.578717,
            39.107325
          ]
        ]
      }
    },
    {
      "type": "Feature",
      "properties": {
        "route_number": "5",
        "name": "State Line–West Kansas City–Muncie",
        "confidence": "medium",
        "note": "Only the downtown-to-Muncie via streets (Main, 12th) are given -- the State Line and West Kansas City portion of the route isn't detailed further.",
        "source": "Digitized from an April 1952 Kansas City Public Service Co. system map (user-provided scan) -- an illustrative reconstruction, not a precise historical GIS record. Replaces the earlier October 1948 digitization: this map's clearer scan and its own 'STREET CAR LINES' detail panel (street-by-street routing for each numbered line) supported higher-confidence waypoints for most routes than the 1948 map allowed. Downtown intersections were pinned via the Overpass API (exact shared OSM way-nodes, not geocoding-text guesswork); named-place termini beyond downtown (Armourdale, Muncie, Fairmount) were geocoded via Nominatim.",
        "year": 1952
      },
      "geometry": {
        "type": "LineString",
        "coordinates": [
          [
            -94.583192,
            39.099938
          ],
          [
            -94.583188,
            39.100013
          ],
          [
            -94.583148,
            39.100763
          ],
          [
            -94.583144,
            39.100839
          ],
          [
            -94.583175,
            39.100841
          ],
          [
            -94.583256,
            39.100844
          ],
          [
            -94.583592,
            39.100854
          ],
          [
            -94.583805,
            39.100861
          ],
          [
            -94.584197,
            39.100873
          ],
          [
            -94.584273,
            39.100875
          ],
          [
            -94.584361,
            39.100878
          ],
          [
            -94.584915,
            39.100896
          ],
          [
            -94.585096,
            39.100902
          ],
          [
            -94.585391,
            39.100911
          ],
          [
            -94.585451,
            39.100913
          ],
          [
            -94.585541,
            39.100916
          ],
          [
            -94.585639,
            39.100918
          ],
          [
            -94.585712,
            39.100921
          ],
          [
            -94.585898,
            39.100927
          ],
          [
            -94.58595,
            39.100928
          ],
          [
            -94.586258,
            39.100939
          ],
          [
            -94.58631,
            39.100941
          ],
          [
            -94.586769,
            39.100962
          ],
          [
            -94.586789,
            39.100963
          ],
          [
            -94.586882,
            39.100966
          ],
          [
            -94.586976,
            39.10097
          ],
          [
            -94.587055,
            39.100973
          ],
          [
            -94.587661,
            39.100996
          ],
          [
            -94.587684,
            39.100997
          ],
          [
            -94.588269,
            39.101026
          ],
          [
            -94.588382,
            39.101032
          ],
          [
            -94.588385,
            39.100952
          ],
          [
            -94.588389,
            39.100875
          ],
          [
            -94.588391,
            39.100835
          ],
          [
            -94.588409,
            39.100497
          ],
          [
            -94.588418,
            39.100327
          ],
          [
            -94.588424,
            39.100199
          ],
          [
            -94.588429,
            39.100116
          ],
          [
            -94.588553,
            39.100121
          ],
          [
            -94.58894,
            39.100136
          ],
          [
            -94.589634,
            39.100161
          ],
          [
            -94.589675,
            39.100163
          ],
          [
            -94.589867,
            39.10017
          ],
          [
            -94.589965,
            39.100174
          ],
          [
            -94.590057,
            39.100177
          ],
          [
            -94.59015,
            39.100189
          ],
          [
            -94.590351,
            39.100197
          ],
          [
            -94.590654,
            39.100208
          ],
          [
            -94.591085,
            39.100223
          ],
          [
            -94.591178,
            39.100226
          ],
          [
            -94.591275,
            39.10023
          ],
          [
            -94.591758,
            39.100247
          ],
          [
            -94.592307,
            39.100267
          ],
          [
            -94.592441,
            39.100271
          ],
          [
            -94.592703,
            39.100281
          ],
          [
            -94.592829,
            39.100285
          ],
          [
            -94.593122,
            39.100338
          ],
          [
            -94.593452,
            39.100351
          ],
          [
            -94.593617,
            39.100355
          ],
          [
            -94.594095,
            39.100371
          ],
          [
            -94.594243,
            39.10038
          ],
          [
            -94.594428,
            39.100383
          ],
          [
            -94.594924,
            39.100401
          ],
          [
            -94.597687,
            39.100499
          ],
          [
            -94.597875,
            39.10051
          ],
          [
            -94.598031,
            39.100528
          ],
          [
            -94.598334,
            39.100567
          ],
          [
            -94.598534,
            39.1006
          ],
          [
            -94.598725,
            39.100619
          ],
          [
            -94.598903,
            39.100626
          ],
          [
            -94.599156,
            39.100634
          ],
          [
            -94.59999,
            39.100663
          ],
          [
            -94.60163,
            39.100719
          ],
          [
            -94.601805,
            39.100726
          ],
          [
            -94.601963,
            39.100724
          ],
          [
            -94.602105,
            39.100707
          ],
          [
            -94.602231,
            39.100671
          ],
          [
            -94.602311,
            39.100628
          ],
          [
            -94.602381,
            39.100593
          ],
          [
            -94.602634,
            39.100502
          ],
          [
            -94.602716,
            39.100474
          ],
          [
            -94.602962,
            39.100388
          ],
          [
            -94.60333,
            39.100261
          ],
          [
            -94.603767,
            39.100108
          ],
          [
            -94.604059,
            39.100021
          ],
          [
            -94.604222,
            39.099968
          ],
          [
            -94.604695,
            39.099816
          ],
          [
            -94.604708,
            39.099546
          ],
          [
            -94.604711,
            39.099477
          ],
          [
            -94.604715,
            39.0994
          ],
          [
            -94.604759,
            39.099319
          ],
          [
            -94.60484,
            39.099238
          ],
          [
            -94.604932,
            39.099187
          ],
          [
            -94.605056,
            39.099161
          ],
          [
            -94.606035,
            39.099217
          ],
          [
            -94.606856,
            39.099211
          ],
          [
            -94.607632,
            39.099166
          ],
          [
            -94.608868,
            39.099078
          ],
          [
            -94.609711,
            39.098989
          ],
          [
            -94.614653,
            39.098998
          ],
          [
            -94.615537,
            39.099043
          ],
          [
            -94.616326,
            39.099176
          ],
          [
            -94.618416,
            39.099744
          ],
          [
            -94.618739,
            39.099829
          ],
          [
            -94.619763,
            39.100015
          ],
          [
            -94.620411,
            39.100059
          ],
          [
            -94.621238,
            39.100044
          ],
          [
            -94.621804,
            39.099971
          ],
          [
            -94.622505,
            39.099785
          ],
          [
            -94.623097,
            39.099506
          ],
          [
            -94.623624,
            39.099173
          ],
          [
            -94.624083,
            39.098749
          ],
          [
            -94.624588,
            39.098058
          ],
          [
            -94.625393,
            39.096334
          ],
          [
            -94.625514,
            39.0961
          ],
          [
            -94.625898,
            39.095403
          ],
          [
            -94.626547,
            39.094454
          ],
          [
            -94.627386,
            39.09353
          ],
          [
            -94.628541,
            39.092725
          ],
          [
            -94.629066,
            39.092473
          ],
          [
            -94.629579,
            39.092249
          ],
          [
            -94.630334,
            39.092056
          ],
          [
            -94.631004,
            39.091962
          ],
          [
            -94.632087,
            39.091892
          ],
          [
            -94.634572,
            39.092092
          ],
          [
            -94.636666,
            39.092251
          ],
          [
            -94.638752,
            39.092511
          ],
          [
            -94.640439,
            39.092794
          ],
          [
            -94.641359,
            39.092946
          ],
          [
            -94.641722,
            39.093022
          ],
          [
            -94.642098,
            39.093125
          ],
          [
            -94.642649,
            39.093268
          ],
          [
            -94.643177,
            39.093476
          ],
          [
            -94.643622,
            39.093687
          ],
          [
            -94.64444,
            39.094149
          ],
          [
            -94.645545,
            39.094737
          ],
          [
            -94.646038,
            39.094987
          ],
          [
            -94.646417,
            39.095168
          ],
          [
            -94.646729,
            39.095305
          ],
          [
            -94.647168,
            39.095491
          ],
          [
            -94.64773,
            39.095709
          ],
          [
            -94.648274,
            39.095899
          ],
          [
            -94.648814,
            39.096066
          ],
          [
            -94.649013,
            39.096128
          ],
          [
            -94.649867,
            39.096354
          ],
          [
            -94.650043,
            39.096393
          ],
          [
            -94.650411,
            39.096477
          ],
          [
            -94.650746,
            39.096546
          ],
          [
            -94.65131,
            39.096648
          ],
          [
            -94.651686,
            39.096708
          ],
          [
            -94.652313,
            39.096789
          ],
          [
            -94.652678,
            39.096828
          ],
          [
            -94.652763,
            39.096835
          ],
          [
            -94.653766,
            39.09691
          ],
          [
            -94.656458,
            39.096988
          ],
          [
            -94.657025,
            39.097015
          ],
          [
            -94.65748,
            39.097055
          ],
          [
            -94.658071,
            39.097116
          ],
          [
            -94.658747,
            39.097206
          ],
          [
            -94.659299,
            39.097299
          ],
          [
            -94.659989,
            39.097446
          ],
          [
            -94.660936,
            39.097677
          ],
          [
            -94.662136,
            39.097936
          ],
          [
            -94.663562,
            39.098293
          ],
          [
            -94.665172,
            39.098679
          ],
          [
            -94.665789,
            39.098847
          ],
          [
            -94.666363,
            39.099018
          ],
          [
            -94.666876,
            39.099192
          ],
          [
            -94.667122,
            39.099272
          ],
          [
            -94.667643,
            39.099472
          ],
          [
            -94.668312,
            39.09974
          ],
          [
            -94.66904,
            39.100067
          ],
          [
            -94.669731,
            39.100414
          ],
          [
            -94.672122,
            39.101713
          ],
          [
            -94.673634,
            39.102516
          ],
          [
            -94.674257,
            39.102866
          ],
          [
            -94.674788,
            39.103193
          ],
          [
            -94.675253,
            39.103512
          ],
          [
            -94.675647,
            39.103809
          ],
          [
            -94.675779,
            39.103904
          ],
          [
            -94.67659,
            39.104513
          ],
          [
            -94.677143,
            39.104899
          ],
          [
            -94.677317,
            39.104999
          ],
          [
            -94.677646,
            39.10517
          ],
          [
            -94.677968,
            39.105312
          ],
          [
            -94.678301,
            39.105435
          ],
          [
            -94.678643,
            39.10554
          ],
          [
            -94.678948,
            39.105617
          ],
          [
            -94.679285,
            39.105679
          ],
          [
            -94.67956,
            39.105718
          ],
          [
            -94.67986,
            39.105748
          ],
          [
            -94.680131,
            39.105765
          ],
          [
            -94.680468,
            39.105767
          ],
          [
            -94.680812,
            39.105756
          ],
          [
            -94.68118,
            39.105717
          ],
          [
            -94.682152,
            39.105546
          ],
          [
            -94.682232,
            39.105527
          ],
          [
            -94.682455,
            39.105475
          ],
          [
            -94.683089,
            39.105379
          ],
          [
            -94.683521,
            39.105344
          ],
          [
            -94.683944,
            39.105342
          ],
          [
            -94.684817,
            39.105338
          ],
          [
            -94.687517,
            39.105332
          ],
          [
            -94.688108,
            39.10534
          ],
          [
            -94.690448,
            39.105351
          ],
          [
            -94.691508,
            39.105411
          ],
          [
            -94.692228,
            39.105465
          ],
          [
            -94.693333,
            39.105568
          ],
          [
            -94.696475,
            39.105923
          ],
          [
            -94.697168,
            39.105986
          ],
          [
            -94.698072,
            39.106057
          ],
          [
            -94.698982,
            39.10611
          ],
          [
            -94.699955,
            39.106135
          ],
          [
            -94.701134,
            39.106144
          ],
          [
            -94.702048,
            39.106117
          ],
          [
            -94.702673,
            39.10608
          ],
          [
            -94.704621,
            39.105914
          ],
          [
            -94.704944,
            39.105949
          ],
          [
            -94.705173,
            39.105933
          ],
          [
            -94.705481,
            39.10592
          ],
          [
            -94.705811,
            39.105918
          ],
          [
            -94.70719,
            39.105933
          ],
          [
            -94.707634,
            39.105934
          ],
          [
            -94.708117,
            39.105932
          ],
          [
            -94.708593,
            39.1059
          ],
          [
            -94.709241,
            39.105856
          ],
          [
            -94.709352,
            39.105835
          ],
          [
            -94.709712,
            39.105808
          ],
          [
            -94.70987,
            39.105799
          ],
          [
            -94.70987,
            39.105579
          ],
          [
            -94.709869,
            39.104634
          ],
          [
            -94.709874,
            39.104388
          ],
          [
            -94.709873,
            39.104235
          ],
          [
            -94.709867,
            39.104107
          ],
          [
            -94.709854,
            39.104016
          ],
          [
            -94.709841,
            39.103959
          ],
          [
            -94.709808,
            39.103853
          ],
          [
            -94.709761,
            39.103745
          ],
          [
            -94.709712,
            39.103654
          ],
          [
            -94.709653,
            39.103552
          ],
          [
            -94.7107,
            39.103077
          ],
          [
            -94.711246,
            39.102821
          ],
          [
            -94.711813,
            39.102527
          ],
          [
            -94.712235,
            39.102304
          ],
          [
            -94.71257,
            39.102122
          ],
          [
            -94.712919,
            39.101916
          ],
          [
            -94.716191,
            39.099889
          ],
          [
            -94.716276,
            39.099842
          ],
          [
            -94.717005,
            39.099491
          ],
          [
            -94.717417,
            39.099325
          ],
          [
            -94.717703,
            39.099232
          ],
          [
            -94.717879,
            39.099176
          ],
          [
            -94.718342,
            39.099044
          ],
          [
            -94.71874,
            39.098944
          ],
          [
            -94.719233,
            39.098846
          ],
          [
            -94.719786,
            39.09875
          ],
          [
            -94.720695,
            39.098588
          ],
          [
            -94.721034,
            39.098496
          ],
          [
            -94.721355,
            39.098392
          ],
          [
            -94.721607,
            39.098305
          ],
          [
            -94.721851,
            39.098207
          ],
          [
            -94.722273,
            39.098002
          ],
          [
            -94.722529,
            39.097851
          ],
          [
            -94.722765,
            39.097691
          ],
          [
            -94.723005,
            39.097511
          ],
          [
            -94.723355,
            39.097202
          ],
          [
            -94.723619,
            39.096889
          ],
          [
            -94.7238,
            39.096643
          ],
          [
            -94.724018,
            39.096295
          ],
          [
            -94.724153,
            39.09606
          ],
          [
            -94.724207,
            39.095909
          ],
          [
            -94.724464,
            39.095454
          ],
          [
            -94.724666,
            39.095147
          ],
          [
            -94.724885,
            39.094853
          ],
          [
            -94.725167,
            39.094535
          ],
          [
            -94.72575,
            39.093962
          ],
          [
            -94.726035,
            39.093692
          ],
          [
            -94.726339,
            39.093427
          ],
          [
            -94.72651,
            39.093293
          ],
          [
            -94.726707,
            39.093165
          ],
          [
            -94.727163,
            39.092885
          ],
          [
            -94.727506,
            39.092672
          ],
          [
            -94.728023,
            39.092354
          ],
          [
            -94.728215,
            39.092235
          ],
          [
            -94.728409,
            39.092113
          ],
          [
            -94.728571,
            39.092013
          ],
          [
            -94.729234,
            39.091607
          ],
          [
            -94.729595,
            39.091382
          ],
          [
            -94.730423,
            39.090866
          ],
          [
            -94.730702,
            39.090692
          ],
          [
            -94.731096,
            39.090447
          ],
          [
            -94.731851,
            39.089982
          ],
          [
            -94.732585,
            39.089527
          ],
          [
            -94.732771,
            39.089411
          ],
          [
            -94.73332,
            39.089071
          ],
          [
            -94.733721,
            39.088822
          ],
          [
            -94.734052,
            39.088618
          ],
          [
            -94.734725,
            39.088203
          ],
          [
            -94.734837,
            39.088134
          ],
          [
            -94.734915,
            39.088085
          ],
          [
            -94.735137,
            39.087946
          ],
          [
            -94.735449,
            39.087764
          ],
          [
            -94.735663,
            39.087655
          ],
          [
            -94.735907,
            39.087542
          ],
          [
            -94.736086,
            39.087471
          ],
          [
            -94.736486,
            39.087319
          ],
          [
            -94.736593,
            39.087278
          ],
          [
            -94.73667,
            39.087333
          ],
          [
            -94.736746,
            39.087387
          ],
          [
            -94.736903,
            39.087472
          ],
          [
            -94.736982,
            39.087471
          ],
          [
            -94.737574,
            39.087466
          ],
          [
            -94.737713,
            39.087466
          ],
          [
            -94.738401,
            39.08746
          ],
          [
            -94.738575,
            39.08746
          ],
          [
            -94.738614,
            39.08746
          ],
          [
            -94.738835,
            39.087461
          ],
          [
            -94.739674,
            39.087464
          ],
          [
            -94.743471,
            39.087476
          ],
          [
            -94.744409,
            39.087501
          ],
          [
            -94.74566,
            39.087549
          ],
          [
            -94.747029,
            39.087557
          ],
          [
            -94.74746,
            39.08756
          ]
        ]
      }
    },
    {
      "type": "Feature",
      "properties": {
        "route_number": "6",
        "name": "Southwest Blvd.–North Kansas City–29th St.",
        "confidence": "medium",
        "note": null,
        "source": "Digitized from an April 1952 Kansas City Public Service Co. system map (user-provided scan) -- an illustrative reconstruction, not a precise historical GIS record. Replaces the earlier October 1948 digitization: this map's clearer scan and its own 'STREET CAR LINES' detail panel (street-by-street routing for each numbered line) supported higher-confidence waypoints for most routes than the 1948 map allowed. Downtown intersections were pinned via the Overpass API (exact shared OSM way-nodes, not geocoding-text guesswork); named-place termini beyond downtown (Armourdale, Muncie, Fairmount) were geocoded via Nominatim.",
        "year": 1952
      },
      "geometry": {
        "type": "LineString",
        "coordinates": [
          [
            -94.584277,
            39.090361
          ],
          [
            -94.584278,
            39.090408
          ],
          [
            -94.583797,
            39.090403
          ],
          [
            -94.583724,
            39.090406
          ],
          [
            -94.583659,
            39.090413
          ],
          [
            -94.583655,
            39.090517
          ],
          [
            -94.583632,
            39.090995
          ],
          [
            -94.58361,
            39.091606
          ],
          [
            -94.583606,
            39.091711
          ],
          [
            -94.583603,
            39.091795
          ],
          [
            -94.583599,
            39.091877
          ],
          [
            -94.583594,
            39.091959
          ],
          [
            -94.583582,
            39.092193
          ],
          [
            -94.583573,
            39.092354
          ],
          [
            -94.583555,
            39.092645
          ],
          [
            -94.583554,
            39.092662
          ],
          [
            -94.58355,
            39.092737
          ],
          [
            -94.583532,
            39.093043
          ],
          [
            -94.583525,
            39.093155
          ],
          [
            -94.583524,
            39.093181
          ],
          [
            -94.583515,
            39.093388
          ],
          [
            -94.583513,
            39.093445
          ],
          [
            -94.58351,
            39.093502
          ],
          [
            -94.583491,
            39.093859
          ],
          [
            -94.583484,
            39.093991
          ],
          [
            -94.58347,
            39.094464
          ],
          [
            -94.583468,
            39.094528
          ],
          [
            -94.583465,
            39.094604
          ],
          [
            -94.583455,
            39.094828
          ],
          [
            -94.583448,
            39.094971
          ],
          [
            -94.583437,
            39.095218
          ],
          [
            -94.583419,
            39.095627
          ],
          [
            -94.583415,
            39.095705
          ],
          [
            -94.583411,
            39.09578
          ],
          [
            -94.583405,
            39.095855
          ],
          [
            -94.583404,
            39.095872
          ],
          [
            -94.583397,
            39.095954
          ],
          [
            -94.583374,
            39.096323
          ],
          [
            -94.583373,
            39.096339
          ],
          [
            -94.583368,
            39.0964
          ],
          [
            -94.583365,
            39.096467
          ],
          [
            -94.583361,
            39.096564
          ],
          [
            -94.583355,
            39.096724
          ],
          [
            -94.583345,
            39.097011
          ],
          [
            -94.583337,
            39.097193
          ],
          [
            -94.583335,
            39.09725
          ],
          [
            -94.583331,
            39.097308
          ],
          [
            -94.58332,
            39.097525
          ],
          [
            -94.583308,
            39.097731
          ],
          [
            -94.583299,
            39.097914
          ],
          [
            -94.583294,
            39.098002
          ],
          [
            -94.583282,
            39.098235
          ],
          [
            -94.583266,
            39.098542
          ],
          [
            -94.583262,
            39.098616
          ],
          [
            -94.583259,
            39.098669
          ],
          [
            -94.583235,
            39.099114
          ],
          [
            -94.58322,
            39.099405
          ],
          [
            -94.583218,
            39.099446
          ],
          [
            -94.583195,
            39.099883
          ],
          [
            -94.583192,
            39.099938
          ],
          [
            -94.583192,
            39.099938
          ],
          [
            -94.583163,
            39.099937
          ],
          [
            -94.583085,
            39.099935
          ],
          [
            -94.582184,
            39.099911
          ],
          [
            -94.582072,
            39.099908
          ],
          [
            -94.581983,
            39.099905
          ],
          [
            -94.581595,
            39.099894
          ],
          [
            -94.581545,
            39.099893
          ],
          [
            -94.581534,
            39.099892
          ],
          [
            -94.581063,
            39.099878
          ],
          [
            -94.581024,
            39.099877
          ],
          [
            -94.580905,
            39.099872
          ],
          [
            -94.580905,
            39.099872
          ],
          [
            -94.5809,
            39.099934
          ],
          [
            -94.580881,
            39.100262
          ],
          [
            -94.580877,
            39.100337
          ],
          [
            -94.580869,
            39.10047
          ],
          [
            -94.580866,
            39.100522
          ],
          [
            -94.580866,
            39.10053
          ],
          [
            -94.580864,
            39.100566
          ],
          [
            -94.580839,
            39.101004
          ],
          [
            -94.580834,
            39.10107
          ],
          [
            -94.580832,
            39.101131
          ],
          [
            -94.58083,
            39.101167
          ],
          [
            -94.580829,
            39.101183
          ],
          [
            -94.58082,
            39.101363
          ],
          [
            -94.580807,
            39.101609
          ],
          [
            -94.580806,
            39.101649
          ],
          [
            -94.580801,
            39.101782
          ],
          [
            -94.580797,
            39.101913
          ],
          [
            -94.580787,
            39.102223
          ],
          [
            -94.580784,
            39.102284
          ],
          [
            -94.580782,
            39.102354
          ],
          [
            -94.580761,
            39.102819
          ],
          [
            -94.580756,
            39.102954
          ],
          [
            -94.580743,
            39.103251
          ],
          [
            -94.580735,
            39.103439
          ],
          [
            -94.580733,
            39.103493
          ],
          [
            -94.580729,
            39.103567
          ],
          [
            -94.58072,
            39.103723
          ],
          [
            -94.580682,
            39.104372
          ],
          [
            -94.580676,
            39.104445
          ],
          [
            -94.580674,
            39.104505
          ],
          [
            -94.580661,
            39.104739
          ],
          [
            -94.580656,
            39.104813
          ],
          [
            -94.580643,
            39.105027
          ],
          [
            -94.580641,
            39.105072
          ],
          [
            -94.580632,
            39.105221
          ],
          [
            -94.580629,
            39.105267
          ],
          [
            -94.580614,
            39.10533
          ],
          [
            -94.58059,
            39.105386
          ],
          [
            -94.580569,
            39.105432
          ],
          [
            -94.580536,
            39.10552
          ],
          [
            -94.580426,
            39.105818
          ],
          [
            -94.580365,
            39.105985
          ],
          [
            -94.580299,
            39.106164
          ],
          [
            -94.580274,
            39.106233
          ],
          [
            -94.580274,
            39.106233
          ],
          [
            -94.580209,
            39.106232
          ],
          [
            -94.5802,
            39.106232
          ],
          [
            -94.580154,
            39.106228
          ],
          [
            -94.579998,
            39.106221
          ],
          [
            -94.579427,
            39.106196
          ],
          [
            -94.57872,
            39.106175
          ],
          [
            -94.578299,
            39.106164
          ],
          [
            -94.577974,
            39.106151
          ],
          [
            -94.57774,
            39.106148
          ],
          [
            -94.577386,
            39.106138
          ],
          [
            -94.577211,
            39.106131
          ],
          [
            -94.576886,
            39.106174
          ],
          [
            -94.576815,
            39.106183
          ],
          [
            -94.576744,
            39.106191
          ],
          [
            -94.576646,
            39.106209
          ],
          [
            -94.576523,
            39.106241
          ],
          [
            -94.576402,
            39.106275
          ],
          [
            -94.5763,
            39.106315
          ],
          [
            -94.576193,
            39.106367
          ],
          [
            -94.576103,
            39.106423
          ],
          [
            -94.57601,
            39.106498
          ],
          [
            -94.575929,
            39.106589
          ],
          [
            -94.575859,
            39.106693
          ],
          [
            -94.575809,
            39.106786
          ],
          [
            -94.575775,
            39.106896
          ],
          [
            -94.575763,
            39.106994
          ],
          [
            -94.575761,
            39.107094
          ],
          [
            -94.575765,
            39.107196
          ],
          [
            -94.575784,
            39.107299
          ],
          [
            -94.57581,
            39.107382
          ],
          [
            -94.575848,
            39.107466
          ],
          [
            -94.575893,
            39.107561
          ],
          [
            -94.575954,
            39.10766
          ],
          [
            -94.576034,
            39.107763
          ],
          [
            -94.576428,
            39.108186
          ],
          [
            -94.576517,
            39.108303
          ],
          [
            -94.576581,
            39.108396
          ],
          [
            -94.576644,
            39.108509
          ],
          [
            -94.576697,
            39.108616
          ],
          [
            -94.576752,
            39.10875
          ],
          [
            -94.576873,
            39.109055
          ],
          [
            -94.57693,
            39.109285
          ],
          [
            -94.577029,
            39.109624
          ],
          [
            -94.577136,
            39.109727
          ],
          [
            -94.57745,
            39.110778
          ],
          [
            -94.577756,
            39.111854
          ],
          [
            -94.578099,
            39.113577
          ],
          [
            -94.579419,
            39.119915
          ],
          [
            -94.579747,
            39.121513
          ],
          [
            -94.57999,
            39.122664
          ],
          [
            -94.580215,
            39.123798
          ],
          [
            -94.580305,
            39.124328
          ],
          [
            -94.580381,
            39.124952
          ],
          [
            -94.580503,
            39.12577
          ],
          [
            -94.580534,
            39.126103
          ],
          [
            -94.580539,
            39.12668
          ],
          [
            -94.58054,
            39.126779
          ],
          [
            -94.580541,
            39.126826
          ],
          [
            -94.580542,
            39.126931
          ],
          [
            -94.580541,
            39.127045
          ],
          [
            -94.580539,
            39.12719
          ],
          [
            -94.580532,
            39.127636
          ],
          [
            -94.580528,
            39.12798
          ],
          [
            -94.580523,
            39.128324
          ],
          [
            -94.580517,
            39.128811
          ],
          [
            -94.58051,
            39.129298
          ],
          [
            -94.580507,
            39.129509
          ],
          [
            -94.580502,
            39.129872
          ],
          [
            -94.5805,
            39.130068
          ],
          [
            -94.580495,
            39.130419
          ],
          [
            -94.580493,
            39.130549
          ],
          [
            -94.580492,
            39.130633
          ],
          [
            -94.580473,
            39.131701
          ],
          [
            -94.580467,
            39.132014
          ],
          [
            -94.580461,
            39.13237
          ],
          [
            -94.580432,
            39.134074
          ],
          [
            -94.58043,
            39.134197
          ],
          [
            -94.580428,
            39.134312
          ],
          [
            -94.580423,
            39.134659
          ],
          [
            -94.580422,
            39.134737
          ],
          [
            -94.580415,
            39.135239
          ],
          [
            -94.580403,
            39.136036
          ],
          [
            -94.580382,
            39.137586
          ],
          [
            -94.58038,
            39.137713
          ],
          [
            -94.580378,
            39.137842
          ],
          [
            -94.580377,
            39.137947
          ],
          [
            -94.580362,
            39.139081
          ],
          [
            -94.580358,
            39.139382
          ],
          [
            -94.580347,
            39.140264
          ],
          [
            -94.580346,
            39.141116
          ],
          [
            -94.58034,
            39.141326
          ],
          [
            -94.580342,
            39.141467
          ],
          [
            -94.58034,
            39.141561
          ],
          [
            -94.580337,
            39.141731
          ],
          [
            -94.580322,
            39.142173
          ],
          [
            -94.580304,
            39.142677
          ],
          [
            -94.580297,
            39.142994
          ],
          [
            -94.580283,
            39.143581
          ],
          [
            -94.580276,
            39.143873
          ],
          [
            -94.580269,
            39.144451
          ],
          [
            -94.580262,
            39.145017
          ],
          [
            -94.580261,
            39.145139
          ],
          [
            -94.580261,
            39.145169
          ],
          [
            -94.58026,
            39.145234
          ],
          [
            -94.580248,
            39.14591
          ],
          [
            -94.580245,
            39.146082
          ],
          [
            -94.58023,
            39.14694
          ],
          [
            -94.58022,
            39.147542
          ],
          [
            -94.58022,
            39.147579
          ],
          [
            -94.580218,
            39.147664
          ],
          [
            -94.580205,
            39.148533
          ],
          [
            -94.580203,
            39.148862
          ],
          [
            -94.580201,
            39.149049
          ],
          [
            -94.580129,
            39.149487
          ],
          [
            -94.580136,
            39.149779
          ],
          [
            -94.580117,
            39.150284
          ],
          [
            -94.580053,
            39.150546
          ],
          [
            -94.579893,
            39.150935
          ],
          [
            -94.579699,
            39.151253
          ],
          [
            -94.579243,
            39.151765
          ],
          [
            -94.578691,
            39.15219
          ],
          [
            -94.57861,
            39.152252
          ],
          [
            -94.578514,
            39.152326
          ],
          [
            -94.578704,
            39.152326
          ],
          [
            -94.578782,
            39.15227
          ],
          [
            -94.579401,
            39.151786
          ],
          [
            -94.579866,
            39.151399
          ],
          [
            -94.580096,
            39.151145
          ],
          [
            -94.580182,
            39.151005
          ],
          [
            -94.580214,
            39.150942
          ],
          [
            -94.580266,
            39.150837
          ],
          [
            -94.580329,
            39.150618
          ],
          [
            -94.580367,
            39.150393
          ],
          [
            -94.580375,
            39.14966
          ],
          [
            -94.58038,
            39.149213
          ],
          [
            -94.580382,
            39.149029
          ]
        ]
      }
    },
    {
      "type": "Feature",
      "properties": {
        "route_number": "7",
        "name": "Armourdale–Troost Ave.",
        "confidence": "medium",
        "note": "The map's own 'Armour Rd.' waypoint for this route is in Armourdale (Kansas City, KS), a different street from the 'Armour Road' used by routes 6/16 in North Kansas City, Missouri -- not the same place despite the shared name.",
        "source": "Digitized from an April 1952 Kansas City Public Service Co. system map (user-provided scan) -- an illustrative reconstruction, not a precise historical GIS record. Replaces the earlier October 1948 digitization: this map's clearer scan and its own 'STREET CAR LINES' detail panel (street-by-street routing for each numbered line) supported higher-confidence waypoints for most routes than the 1948 map allowed. Downtown intersections were pinned via the Overpass API (exact shared OSM way-nodes, not geocoding-text guesswork); named-place termini beyond downtown (Armourdale, Muncie, Fairmount) were geocoded via Nominatim.",
        "year": 1952
      },
      "geometry": {
        "type": "LineString",
        "coordinates": [
          [
            -94.63359,
            39.084233
          ],
          [
            -94.634069,
            39.084231
          ],
          [
            -94.634546,
            39.08423
          ],
          [
            -94.634962,
            39.08423
          ],
          [
            -94.63521,
            39.084229
          ],
          [
            -94.635267,
            39.084229
          ],
          [
            -94.63527,
            39.084325
          ],
          [
            -94.63528,
            39.084669
          ],
          [
            -94.635283,
            39.084762
          ],
          [
            -94.635286,
            39.084854
          ],
          [
            -94.635286,
            39.084967
          ],
          [
            -94.635287,
            39.085038
          ],
          [
            -94.635298,
            39.085402
          ],
          [
            -94.635303,
            39.085774
          ],
          [
            -94.635304,
            39.085835
          ],
          [
            -94.635305,
            39.085902
          ],
          [
            -94.635311,
            39.086261
          ],
          [
            -94.635317,
            39.086616
          ],
          [
            -94.635317,
            39.086996
          ],
          [
            -94.635317,
            39.087176
          ],
          [
            -94.635318,
            39.087343
          ],
          [
            -94.635318,
            39.087429
          ],
          [
            -94.635318,
            39.087524
          ],
          [
            -94.635321,
            39.087895
          ],
          [
            -94.635336,
            39.088327
          ],
          [
            -94.63534,
            39.088801
          ],
          [
            -94.635342,
            39.089072
          ],
          [
            -94.635344,
            39.089211
          ],
          [
            -94.635348,
            39.089725
          ],
          [
            -94.635373,
            39.092355
          ],
          [
            -94.635374,
            39.092446
          ],
          [
            -94.635364,
            39.092837
          ],
          [
            -94.635372,
            39.093858
          ],
          [
            -94.635379,
            39.094131
          ],
          [
            -94.635385,
            39.095047
          ],
          [
            -94.635387,
            39.095153
          ],
          [
            -94.635391,
            39.095377
          ],
          [
            -94.635395,
            39.095581
          ],
          [
            -94.635406,
            39.095922
          ],
          [
            -94.635406,
            39.096099
          ],
          [
            -94.635406,
            39.09629
          ],
          [
            -94.635408,
            39.096528
          ],
          [
            -94.635415,
            39.097967
          ],
          [
            -94.635418,
            39.098351
          ],
          [
            -94.635421,
            39.098699
          ],
          [
            -94.635422,
            39.098767
          ],
          [
            -94.635422,
            39.09884
          ],
          [
            -94.635424,
            39.099039
          ],
          [
            -94.635424,
            39.099176
          ],
          [
            -94.635436,
            39.099904
          ],
          [
            -94.635444,
            39.100462
          ],
          [
            -94.635445,
            39.100707
          ],
          [
            -94.635445,
            39.100822
          ],
          [
            -94.635583,
            39.100873
          ],
          [
            -94.635764,
            39.100941
          ],
          [
            -94.636102,
            39.101066
          ],
          [
            -94.636413,
            39.101181
          ],
          [
            -94.63658,
            39.101243
          ],
          [
            -94.636885,
            39.101349
          ],
          [
            -94.637115,
            39.10143
          ],
          [
            -94.637332,
            39.10151
          ],
          [
            -94.63774,
            39.101674
          ],
          [
            -94.638143,
            39.101826
          ],
          [
            -94.638547,
            39.101978
          ],
          [
            -94.638893,
            39.102107
          ],
          [
            -94.639328,
            39.102269
          ],
          [
            -94.640106,
            39.102538
          ],
          [
            -94.640395,
            39.102645
          ],
          [
            -94.640662,
            39.102751
          ],
          [
            -94.640999,
            39.102876
          ],
          [
            -94.641265,
            39.102975
          ],
          [
            -94.641557,
            39.103083
          ],
          [
            -94.641859,
            39.103192
          ],
          [
            -94.642434,
            39.10342
          ],
          [
            -94.642491,
            39.10344
          ],
          [
            -94.642961,
            39.103609
          ],
          [
            -94.64315,
            39.103675
          ],
          [
            -94.643617,
            39.103844
          ],
          [
            -94.643944,
            39.103968
          ],
          [
            -94.644107,
            39.104029
          ],
          [
            -94.644191,
            39.104061
          ],
          [
            -94.644439,
            39.104155
          ],
          [
            -94.644772,
            39.104281
          ],
          [
            -94.644892,
            39.104325
          ],
          [
            -94.645253,
            39.10445
          ],
          [
            -94.645464,
            39.104528
          ],
          [
            -94.645904,
            39.10469
          ],
          [
            -94.646506,
            39.104923
          ],
          [
            -94.647065,
            39.105121
          ],
          [
            -94.647065,
            39.105121
          ],
          [
            -94.647706,
            39.105359
          ],
          [
            -94.648087,
            39.105501
          ],
          [
            -94.648229,
            39.105554
          ],
          [
            -94.648407,
            39.10562
          ],
          [
            -94.648686,
            39.105723
          ],
          [
            -94.648842,
            39.10578
          ],
          [
            -94.649238,
            39.105932
          ],
          [
            -94.649414,
            39.105993
          ],
          [
            -94.649413,
            39.105842
          ],
          [
            -94.649415,
            39.105254
          ],
          [
            -94.649415,
            39.104938
          ],
          [
            -94.649415,
            39.104861
          ],
          [
            -94.649415,
            39.104754
          ],
          [
            -94.649415,
            39.104569
          ],
          [
            -94.649416,
            39.104093
          ],
          [
            -94.649423,
            39.10319
          ],
          [
            -94.64943,
            39.102384
          ],
          [
            -94.64943,
            39.102288
          ],
          [
            -94.64943,
            39.102195
          ],
          [
            -94.64943,
            39.101343
          ],
          [
            -94.64943,
            39.100473
          ],
          [
            -94.649429,
            39.100309
          ],
          [
            -94.649434,
            39.100015
          ],
          [
            -94.649437,
            39.099867
          ],
          [
            -94.649485,
            39.099764
          ],
          [
            -94.649485,
            39.099683
          ],
          [
            -94.649486,
            39.099458
          ],
          [
            -94.649481,
            39.099348
          ],
          [
            -94.649474,
            39.098649
          ],
          [
            -94.649474,
            39.098041
          ],
          [
            -94.649462,
            39.096868
          ],
          [
            -94.649464,
            39.095595
          ],
          [
            -94.649585,
            39.095373
          ],
          [
            -94.649716,
            39.095255
          ],
          [
            -94.649877,
            39.095169
          ],
          [
            -94.650065,
            39.095128
          ],
          [
            -94.65025,
            39.095121
          ],
          [
            -94.650421,
            39.095165
          ],
          [
            -94.650566,
            39.095232
          ],
          [
            -94.650674,
            39.095319
          ],
          [
            -94.650754,
            39.095428
          ],
          [
            -94.650797,
            39.095548
          ],
          [
            -94.6508,
            39.095684
          ],
          [
            -94.650751,
            39.095815
          ],
          [
            -94.650668,
            39.095929
          ],
          [
            -94.650566,
            39.096005
          ],
          [
            -94.650534,
            39.096029
          ],
          [
            -94.650354,
            39.096102
          ],
          [
            -94.650161,
            39.096119
          ],
          [
            -94.649882,
            39.096153
          ],
          [
            -94.649723,
            39.096117
          ],
          [
            -94.64903,
            39.09592
          ],
          [
            -94.648347,
            39.095712
          ],
          [
            -94.647576,
            39.095449
          ],
          [
            -94.646237,
            39.094849
          ],
          [
            -94.644446,
            39.093899
          ],
          [
            -94.644014,
            39.093655
          ],
          [
            -94.642426,
            39.092991
          ],
          [
            -94.641422,
            39.092764
          ],
          [
            -94.639593,
            39.092471
          ],
          [
            -94.637147,
            39.092145
          ],
          [
            -94.634738,
            39.091934
          ],
          [
            -94.634157,
            39.091911
          ],
          [
            -94.633921,
            39.091896
          ],
          [
            -94.63168,
            39.091708
          ],
          [
            -94.631102,
            39.091704
          ],
          [
            -94.630435,
            39.091728
          ],
          [
            -94.629875,
            39.091788
          ],
          [
            -94.629108,
            39.091963
          ],
          [
            -94.628341,
            39.092222
          ],
          [
            -94.627701,
            39.092537
          ],
          [
            -94.627156,
            39.092848
          ],
          [
            -94.62661,
            39.093275
          ],
          [
            -94.625946,
            39.093958
          ],
          [
            -94.6257,
            39.094367
          ],
          [
            -94.625419,
            39.094953
          ],
          [
            -94.624952,
            39.096269
          ],
          [
            -94.624704,
            39.096978
          ],
          [
            -94.624545,
            39.097346
          ],
          [
            -94.62411,
            39.098035
          ],
          [
            -94.623619,
            39.098547
          ],
          [
            -94.623082,
            39.098913
          ],
          [
            -94.622353,
            39.09923
          ],
          [
            -94.621639,
            39.099379
          ],
          [
            -94.620422,
            39.099425
          ],
          [
            -94.620014,
            39.099409
          ],
          [
            -94.619366,
            39.099319
          ],
          [
            -94.617074,
            39.098924
          ],
          [
            -94.616425,
            39.098866
          ],
          [
            -94.615755,
            39.098841
          ],
          [
            -94.614166,
            39.098846
          ],
          [
            -94.609533,
            39.098823
          ],
          [
            -94.606957,
            39.098832
          ],
          [
            -94.605833,
            39.098809
          ],
          [
            -94.604234,
            39.0987
          ],
          [
            -94.603172,
            39.098571
          ],
          [
            -94.601874,
            39.09833
          ],
          [
            -94.600071,
            39.097926
          ],
          [
            -94.59721,
            39.097144
          ],
          [
            -94.59696,
            39.097071
          ],
          [
            -94.596244,
            39.09688
          ],
          [
            -94.594993,
            39.096551
          ],
          [
            -94.594278,
            39.0964
          ],
          [
            -94.593625,
            39.096317
          ],
          [
            -94.592694,
            39.096242
          ],
          [
            -94.591644,
            39.096217
          ],
          [
            -94.589885,
            39.096174
          ],
          [
            -94.589264,
            39.096149
          ],
          [
            -94.588758,
            39.096174
          ],
          [
            -94.588274,
            39.096194
          ],
          [
            -94.58734,
            39.096228
          ],
          [
            -94.586758,
            39.096217
          ],
          [
            -94.585678,
            39.096186
          ],
          [
            -94.585463,
            39.09618
          ],
          [
            -94.584299,
            39.096075
          ],
          [
            -94.579232,
            39.095828
          ],
          [
            -94.57841,
            39.095818
          ],
          [
            -94.577918,
            39.09584
          ],
          [
            -94.57756,
            39.095868
          ],
          [
            -94.575185,
            39.09624
          ],
          [
            -94.574746,
            39.096276
          ],
          [
            -94.574272,
            39.096295
          ],
          [
            -94.573337,
            39.09626
          ],
          [
            -94.570318,
            39.096148
          ],
          [
            -94.569743,
            39.096124
          ],
          [
            -94.567372,
            39.096056
          ],
          [
            -94.566552,
            39.095983
          ],
          [
            -94.564657,
            39.095747
          ],
          [
            -94.564523,
            39.095732
          ],
          [
            -94.564527,
            39.095676
          ],
          [
            -94.564546,
            39.095314
          ],
          [
            -94.564553,
            39.095186
          ],
          [
            -94.564687,
            39.09519
          ],
          [
            -94.56512,
            39.095205
          ],
          [
            -94.565215,
            39.095208
          ],
          [
            -94.565356,
            39.095212
          ],
          [
            -94.565441,
            39.095215
          ],
          [
            -94.565613,
            39.09522
          ],
          [
            -94.565827,
            39.095228
          ],
          [
            -94.565993,
            39.095233
          ],
          [
            -94.56641,
            39.095247
          ],
          [
            -94.566496,
            39.09525
          ],
          [
            -94.566741,
            39.09526
          ],
          [
            -94.567412,
            39.095288
          ],
          [
            -94.567625,
            39.095296
          ],
          [
            -94.567751,
            39.0953
          ],
          [
            -94.568519,
            39.095328
          ],
          [
            -94.568563,
            39.095329
          ],
          [
            -94.568781,
            39.095337
          ],
          [
            -94.569486,
            39.095353
          ],
          [
            -94.569944,
            39.095363
          ],
          [
            -94.569988,
            39.095364
          ],
          [
            -94.570091,
            39.095365
          ],
          [
            -94.570084,
            39.095495
          ],
          [
            -94.570059,
            39.095961
          ],
          [
            -94.569986,
            39.096262
          ],
          [
            -94.569954,
            39.096699
          ],
          [
            -94.569984,
            39.097219
          ],
          [
            -94.569983,
            39.097486
          ],
          [
            -94.569969,
            39.097779
          ],
          [
            -94.569952,
            39.098122
          ],
          [
            -94.56995,
            39.098175
          ]
        ]
      }
    },
    {
      "type": "Feature",
      "properties": {
        "route_number": "8",
        "name": "Broadway–The Paseo–55th St. & Woodland Ave.",
        "confidence": "high",
        "note": "Consistent between the map's quick index and its detailed routing panel.",
        "source": "Digitized from an April 1952 Kansas City Public Service Co. system map (user-provided scan) -- an illustrative reconstruction, not a precise historical GIS record. Replaces the earlier October 1948 digitization: this map's clearer scan and its own 'STREET CAR LINES' detail panel (street-by-street routing for each numbered line) supported higher-confidence waypoints for most routes than the 1948 map allowed. Downtown intersections were pinned via the Overpass API (exact shared OSM way-nodes, not geocoding-text guesswork); named-place termini beyond downtown (Armourdale, Muncie, Fairmount) were geocoded via Nominatim.",
        "year": 1952
      },
      "geometry": {
        "type": "LineString",
        "coordinates": [
          [
            -94.588429,
            39.100116
          ],
          [
            -94.588316,
            39.100111
          ],
          [
            -94.588137,
            39.100104
          ],
          [
            -94.587985,
            39.100098
          ],
          [
            -94.587939,
            39.100096
          ],
          [
            -94.587893,
            39.100094
          ],
          [
            -94.587814,
            39.100091
          ],
          [
            -94.587772,
            39.100089
          ],
          [
            -94.587354,
            39.100074
          ],
          [
            -94.58711,
            39.100065
          ],
          [
            -94.587022,
            39.100061
          ],
          [
            -94.586943,
            39.100059
          ],
          [
            -94.586661,
            39.100048
          ],
          [
            -94.586462,
            39.100043
          ],
          [
            -94.586142,
            39.100033
          ],
          [
            -94.585849,
            39.100024
          ],
          [
            -94.585689,
            39.10002
          ],
          [
            -94.585589,
            39.100016
          ],
          [
            -94.585494,
            39.100013
          ],
          [
            -94.584965,
            39.099996
          ],
          [
            -94.584408,
            39.099977
          ],
          [
            -94.584311,
            39.099974
          ],
          [
            -94.584228,
            39.099971
          ],
          [
            -94.583846,
            39.099957
          ],
          [
            -94.583667,
            39.099951
          ],
          [
            -94.583304,
            39.099941
          ],
          [
            -94.58325,
            39.099939
          ],
          [
            -94.583192,
            39.099938
          ],
          [
            -94.583192,
            39.099938
          ],
          [
            -94.583163,
            39.099937
          ],
          [
            -94.583085,
            39.099935
          ],
          [
            -94.582184,
            39.099911
          ],
          [
            -94.582072,
            39.099908
          ],
          [
            -94.581983,
            39.099905
          ],
          [
            -94.581595,
            39.099894
          ],
          [
            -94.581545,
            39.099893
          ],
          [
            -94.581534,
            39.099892
          ],
          [
            -94.581063,
            39.099878
          ],
          [
            -94.581024,
            39.099877
          ],
          [
            -94.580905,
            39.099872
          ],
          [
            -94.580786,
            39.099868
          ],
          [
            -94.580767,
            39.099867
          ],
          [
            -94.58031,
            39.099843
          ],
          [
            -94.580142,
            39.099837
          ],
          [
            -94.579842,
            39.099827
          ],
          [
            -94.57975,
            39.099824
          ],
          [
            -94.579667,
            39.099821
          ],
          [
            -94.579146,
            39.099804
          ],
          [
            -94.578677,
            39.099789
          ],
          [
            -94.578549,
            39.099785
          ],
          [
            -94.578473,
            39.099782
          ],
          [
            -94.578434,
            39.099781
          ],
          [
            -94.577966,
            39.099763
          ],
          [
            -94.57756,
            39.099748
          ],
          [
            -94.577482,
            39.099745
          ],
          [
            -94.577401,
            39.099742
          ],
          [
            -94.577305,
            39.099739
          ],
          [
            -94.576343,
            39.099714
          ],
          [
            -94.576242,
            39.099711
          ],
          [
            -94.576166,
            39.09971
          ],
          [
            -94.575666,
            39.099693
          ],
          [
            -94.575562,
            39.09969
          ],
          [
            -94.575379,
            39.099685
          ],
          [
            -94.575162,
            39.099677
          ],
          [
            -94.575052,
            39.099674
          ],
          [
            -94.574979,
            39.099671
          ],
          [
            -94.574278,
            39.099642
          ],
          [
            -94.574257,
            39.099641
          ],
          [
            -94.574061,
            39.099634
          ],
          [
            -94.574028,
            39.099632
          ],
          [
            -94.573946,
            39.099628
          ],
          [
            -94.573881,
            39.099626
          ],
          [
            -94.573847,
            39.099625
          ],
          [
            -94.573414,
            39.09961
          ],
          [
            -94.573379,
            39.099609
          ],
          [
            -94.573237,
            39.099604
          ],
          [
            -94.573183,
            39.099602
          ],
          [
            -94.571665,
            39.099546
          ],
          [
            -94.57116,
            39.09953
          ],
          [
            -94.571039,
            39.099525
          ],
          [
            -94.570741,
            39.099515
          ],
          [
            -94.570143,
            39.099494
          ],
          [
            -94.569994,
            39.099489
          ],
          [
            -94.569902,
            39.099485
          ],
          [
            -94.569828,
            39.099483
          ],
          [
            -94.56858,
            39.099442
          ],
          [
            -94.567463,
            39.099406
          ],
          [
            -94.567292,
            39.099398
          ],
          [
            -94.566837,
            39.099383
          ],
          [
            -94.566269,
            39.099363
          ],
          [
            -94.565633,
            39.099341
          ],
          [
            -94.565236,
            39.099327
          ],
          [
            -94.564346,
            39.099304
          ],
          [
            -94.564186,
            39.0993
          ],
          [
            -94.564073,
            39.099297
          ],
          [
            -94.563809,
            39.099288
          ],
          [
            -94.563543,
            39.099279
          ],
          [
            -94.563543,
            39.099279
          ],
          [
            -94.56353,
            39.099361
          ],
          [
            -94.563523,
            39.099412
          ],
          [
            -94.56351,
            39.099541
          ],
          [
            -94.563508,
            39.09962
          ],
          [
            -94.563486,
            39.100409
          ],
          [
            -94.563482,
            39.100484
          ],
          [
            -94.563963,
            39.1005
          ],
          [
            -94.563959,
            39.100434
          ],
          [
            -94.563982,
            39.099895
          ],
          [
            -94.563996,
            39.099764
          ],
          [
            -94.563998,
            39.099753
          ],
          [
            -94.564007,
            39.099684
          ],
          [
            -94.564018,
            39.099613
          ],
          [
            -94.564036,
            39.099507
          ],
          [
            -94.564063,
            39.099359
          ],
          [
            -94.564073,
            39.099297
          ],
          [
            -94.564092,
            39.099219
          ],
          [
            -94.564135,
            39.099051
          ],
          [
            -94.564196,
            39.098851
          ],
          [
            -94.564294,
            39.09853
          ],
          [
            -94.564338,
            39.098342
          ],
          [
            -94.564392,
            39.09812
          ],
          [
            -94.564402,
            39.098014
          ],
          [
            -94.564408,
            39.097888
          ],
          [
            -94.56448,
            39.096632
          ],
          [
            -94.564482,
            39.096576
          ],
          [
            -94.56449,
            39.096411
          ],
          [
            -94.564502,
            39.09616
          ],
          [
            -94.564523,
            39.095732
          ],
          [
            -94.564527,
            39.095676
          ],
          [
            -94.564546,
            39.095314
          ],
          [
            -94.564553,
            39.095186
          ],
          [
            -94.564557,
            39.095123
          ],
          [
            -94.564559,
            39.095091
          ],
          [
            -94.56456,
            39.095063
          ],
          [
            -94.564572,
            39.094836
          ],
          [
            -94.564611,
            39.093973
          ],
          [
            -94.564613,
            39.09391
          ],
          [
            -94.564658,
            39.092992
          ],
          [
            -94.564664,
            39.092865
          ],
          [
            -94.564693,
            39.092396
          ],
          [
            -94.5647,
            39.092212
          ],
          [
            -94.5647,
            39.092062
          ],
          [
            -94.564679,
            39.091914
          ],
          [
            -94.564647,
            39.091787
          ],
          [
            -94.564583,
            39.091566
          ],
          [
            -94.564555,
            39.091357
          ],
          [
            -94.564544,
            39.091318
          ],
          [
            -94.564479,
            39.09123
          ],
          [
            -94.564483,
            39.091159
          ],
          [
            -94.564501,
            39.090794
          ],
          [
            -94.564502,
            39.090769
          ],
          [
            -94.56451,
            39.090579
          ],
          [
            -94.564545,
            39.089942
          ],
          [
            -94.564548,
            39.089876
          ],
          [
            -94.56455,
            39.089828
          ],
          [
            -94.564573,
            39.089092
          ],
          [
            -94.564597,
            39.08891
          ],
          [
            -94.564681,
            39.088668
          ],
          [
            -94.564806,
            39.088278
          ],
          [
            -94.565265,
            39.08676
          ],
          [
            -94.565372,
            39.086703
          ],
          [
            -94.56556,
            39.086077
          ],
          [
            -94.565588,
            39.08598
          ],
          [
            -94.56563,
            39.085852
          ],
          [
            -94.565851,
            39.085167
          ],
          [
            -94.565965,
            39.084799
          ],
          [
            -94.56603,
            39.084579
          ],
          [
            -94.566219,
            39.083982
          ],
          [
            -94.566315,
            39.083611
          ],
          [
            -94.566328,
            39.083562
          ],
          [
            -94.566366,
            39.083417
          ],
          [
            -94.5664,
            39.083268
          ],
          [
            -94.566427,
            39.083098
          ],
          [
            -94.566436,
            39.082936
          ],
          [
            -94.566444,
            39.082621
          ],
          [
            -94.566297,
            39.082549
          ],
          [
            -94.566225,
            39.082511
          ],
          [
            -94.56598,
            39.08238
          ],
          [
            -94.565807,
            39.082275
          ],
          [
            -94.565544,
            39.08209
          ],
          [
            -94.565225,
            39.081853
          ],
          [
            -94.565012,
            39.081669
          ],
          [
            -94.564593,
            39.081261
          ],
          [
            -94.564141,
            39.080753
          ],
          [
            -94.563723,
            39.080147
          ],
          [
            -94.563442,
            39.079773
          ],
          [
            -94.56327,
            39.079335
          ],
          [
            -94.562722,
            39.077661
          ],
          [
            -94.56256,
            39.077204
          ],
          [
            -94.562501,
            39.077033
          ],
          [
            -94.561524,
            39.074042
          ],
          [
            -94.561342,
            39.07352
          ],
          [
            -94.560769,
            39.071674
          ],
          [
            -94.560602,
            39.070952
          ],
          [
            -94.560535,
            39.070298
          ],
          [
            -94.560475,
            39.069209
          ],
          [
            -94.560721,
            39.065191
          ],
          [
            -94.56086,
            39.064099
          ],
          [
            -94.561067,
            39.059839
          ],
          [
            -94.561079,
            39.059599
          ],
          [
            -94.561155,
            39.058815
          ],
          [
            -94.561548,
            39.054722
          ],
          [
            -94.561593,
            39.053587
          ],
          [
            -94.561754,
            39.051368
          ],
          [
            -94.561959,
            39.048266
          ],
          [
            -94.561881,
            39.047594
          ],
          [
            -94.56182,
            39.047004
          ],
          [
            -94.561578,
            39.046044
          ],
          [
            -94.560475,
            39.043398
          ],
          [
            -94.559069,
            39.040455
          ],
          [
            -94.558735,
            39.039952
          ],
          [
            -94.558266,
            39.039433
          ],
          [
            -94.556295,
            39.037908
          ],
          [
            -94.555469,
            39.037356
          ],
          [
            -94.555099,
            39.037075
          ],
          [
            -94.554866,
            39.03683
          ],
          [
            -94.55463,
            39.03658
          ],
          [
            -94.554443,
            39.036348
          ],
          [
            -94.554004,
            39.035709
          ],
          [
            -94.553706,
            39.035002
          ],
          [
            -94.553535,
            39.034427
          ],
          [
            -94.553448,
            39.03361
          ],
          [
            -94.553479,
            39.033263
          ],
          [
            -94.553526,
            39.03291
          ],
          [
            -94.553759,
            39.031936
          ],
          [
            -94.553903,
            39.031069
          ],
          [
            -94.554026,
            39.030115
          ],
          [
            -94.554036,
            39.029945
          ],
          [
            -94.55427,
            39.026608
          ],
          [
            -94.554278,
            39.026499
          ],
          [
            -94.555013,
            39.02653
          ],
          [
            -94.555166,
            39.026535
          ],
          [
            -94.555294,
            39.02654
          ],
          [
            -94.555363,
            39.026542
          ],
          [
            -94.555694,
            39.026554
          ],
          [
            -94.555819,
            39.026559
          ],
          [
            -94.556264,
            39.026575
          ],
          [
            -94.556346,
            39.026578
          ],
          [
            -94.556389,
            39.02658
          ],
          [
            -94.556878,
            39.026598
          ],
          [
            -94.557432,
            39.026618
          ],
          [
            -94.557505,
            39.026621
          ],
          [
            -94.557573,
            39.026623
          ],
          [
            -94.558604,
            39.026659
          ],
          [
            -94.558674,
            39.026661
          ],
          [
            -94.558727,
            39.026663
          ],
          [
            -94.558988,
            39.026671
          ],
          [
            -94.559777,
            39.026697
          ],
          [
            -94.559827,
            39.026699
          ],
          [
            -94.559891,
            39.026701
          ],
          [
            -94.560943,
            39.026736
          ],
          [
            -94.561007,
            39.026738
          ],
          [
            -94.562091,
            39.026774
          ],
          [
            -94.562176,
            39.026777
          ],
          [
            -94.562223,
            39.026779
          ],
          [
            -94.563273,
            39.026815
          ],
          [
            -94.563329,
            39.026817
          ],
          [
            -94.563383,
            39.026819
          ],
          [
            -94.564417,
            39.026858
          ],
          [
            -94.564493,
            39.026861
          ]
        ]
      }
    },
    {
      "type": "Feature",
      "properties": {
        "route_number": "9",
        "name": "Broadway–55th St. & Woodland Ave. (per detail panel)",
        "confidence": "low",
        "note": "The map's quick index lists route 9 as 'Broadway-64th St.', but its own detailed routing panel describes this number as ending at '55th St. & Woodland Ave.' instead (matching what the index calls route 10) -- the map's two panels disagree with each other, not just with this dashboard's reading of them. Used the detailed panel's routing as authoritative since it's the more specific source; the panel's own 'Broadway, 12th, 43rd, 3rd & Grand Ave.' via-list also couldn't be reconciled into one coherent path ('3rd & Grand Ave.' sits north of downtown, geographically backwards from the 43rd St. waypoint immediately before it in the list) and was dropped rather than guessed at.",
        "source": "Digitized from an April 1952 Kansas City Public Service Co. system map (user-provided scan) -- an illustrative reconstruction, not a precise historical GIS record. Replaces the earlier October 1948 digitization: this map's clearer scan and its own 'STREET CAR LINES' detail panel (street-by-street routing for each numbered line) supported higher-confidence waypoints for most routes than the 1948 map allowed. Downtown intersections were pinned via the Overpass API (exact shared OSM way-nodes, not geocoding-text guesswork); named-place termini beyond downtown (Armourdale, Muncie, Fairmount) were geocoded via Nominatim.",
        "year": 1952
      },
      "geometry": {
        "type": "LineString",
        "coordinates": [
          [
            -94.588429,
            39.100116
          ],
          [
            -94.588432,
            39.100047
          ],
          [
            -94.588435,
            39.099999
          ],
          [
            -94.588448,
            39.099749
          ],
          [
            -94.588475,
            39.099241
          ],
          [
            -94.588494,
            39.098886
          ],
          [
            -94.588498,
            39.098809
          ],
          [
            -94.588503,
            39.098722
          ],
          [
            -94.588516,
            39.098477
          ],
          [
            -94.588567,
            39.09751
          ],
          [
            -94.588571,
            39.097426
          ],
          [
            -94.588571,
            39.097354
          ],
          [
            -94.58857,
            39.097073
          ],
          [
            -94.588577,
            39.096935
          ],
          [
            -94.588703,
            39.09694
          ],
          [
            -94.589032,
            39.096954
          ],
          [
            -94.589183,
            39.096958
          ],
          [
            -94.589538,
            39.0969
          ],
          [
            -94.590023,
            39.096762
          ],
          [
            -94.590376,
            39.096603
          ],
          [
            -94.590667,
            39.096402
          ],
          [
            -94.590913,
            39.096107
          ],
          [
            -94.591062,
            39.0959
          ],
          [
            -94.591145,
            39.095662
          ],
          [
            -94.591172,
            39.095283
          ],
          [
            -94.591176,
            39.094961
          ],
          [
            -94.591072,
            39.093918
          ],
          [
            -94.591014,
            39.093196
          ],
          [
            -94.591004,
            39.093049
          ],
          [
            -94.590996,
            39.092864
          ],
          [
            -94.590996,
            39.092578
          ],
          [
            -94.590988,
            39.092126
          ],
          [
            -94.590994,
            39.091845
          ],
          [
            -94.591028,
            39.091522
          ],
          [
            -94.591084,
            39.091202
          ],
          [
            -94.591326,
            39.090179
          ],
          [
            -94.591461,
            39.089609
          ],
          [
            -94.592654,
            39.084861
          ],
          [
            -94.593513,
            39.081894
          ],
          [
            -94.593687,
            39.081226
          ],
          [
            -94.593647,
            39.080984
          ],
          [
            -94.593621,
            39.080794
          ],
          [
            -94.593602,
            39.080663
          ],
          [
            -94.593563,
            39.080515
          ],
          [
            -94.593513,
            39.080365
          ],
          [
            -94.593466,
            39.080246
          ],
          [
            -94.593392,
            39.080108
          ],
          [
            -94.593279,
            39.079936
          ],
          [
            -94.593153,
            39.079761
          ],
          [
            -94.592498,
            39.079026
          ],
          [
            -94.59231,
            39.078806
          ],
          [
            -94.592074,
            39.078526
          ],
          [
            -94.592008,
            39.078404
          ],
          [
            -94.591801,
            39.077989
          ],
          [
            -94.591587,
            39.0776
          ],
          [
            -94.591376,
            39.07731
          ],
          [
            -94.590282,
            39.076147
          ],
          [
            -94.590193,
            39.07603
          ],
          [
            -94.590008,
            39.075721
          ],
          [
            -94.589914,
            39.075475
          ],
          [
            -94.58988,
            39.075245
          ],
          [
            -94.589874,
            39.07503
          ],
          [
            -94.589891,
            39.074918
          ],
          [
            -94.589916,
            39.074807
          ],
          [
            -94.589998,
            39.074609
          ],
          [
            -94.590203,
            39.074252
          ],
          [
            -94.590263,
            39.074049
          ],
          [
            -94.590269,
            39.073944
          ],
          [
            -94.590246,
            39.073772
          ],
          [
            -94.590192,
            39.073537
          ],
          [
            -94.590038,
            39.073145
          ],
          [
            -94.58998,
            39.072935
          ],
          [
            -94.589948,
            39.072758
          ],
          [
            -94.589933,
            39.072233
          ],
          [
            -94.589951,
            39.07211
          ],
          [
            -94.589984,
            39.071337
          ],
          [
            -94.589986,
            39.071298
          ],
          [
            -94.589945,
            39.07121
          ],
          [
            -94.589944,
            39.071136
          ],
          [
            -94.589945,
            39.071118
          ],
          [
            -94.589967,
            39.070588
          ],
          [
            -94.589985,
            39.070282
          ],
          [
            -94.589992,
            39.070176
          ],
          [
            -94.590013,
            39.069824
          ],
          [
            -94.590015,
            39.069786
          ],
          [
            -94.59004,
            39.069383
          ],
          [
            -94.590044,
            39.069329
          ],
          [
            -94.590074,
            39.068861
          ],
          [
            -94.590096,
            39.068521
          ],
          [
            -94.590101,
            39.068449
          ],
          [
            -94.590121,
            39.068147
          ],
          [
            -94.590135,
            39.067917
          ],
          [
            -94.59014,
            39.067847
          ],
          [
            -94.590146,
            39.067774
          ],
          [
            -94.590156,
            39.067608
          ],
          [
            -94.590158,
            39.067571
          ],
          [
            -94.590164,
            39.067492
          ],
          [
            -94.590169,
            39.067375
          ],
          [
            -94.590171,
            39.067312
          ],
          [
            -94.590208,
            39.066627
          ],
          [
            -94.590212,
            39.066557
          ],
          [
            -94.590217,
            39.066449
          ],
          [
            -94.590238,
            39.066417
          ],
          [
            -94.590254,
            39.06638
          ],
          [
            -94.590265,
            39.066345
          ],
          [
            -94.590266,
            39.066329
          ],
          [
            -94.590272,
            39.066219
          ],
          [
            -94.590277,
            39.066146
          ],
          [
            -94.590278,
            39.066104
          ],
          [
            -94.590271,
            39.066075
          ],
          [
            -94.590242,
            39.066026
          ],
          [
            -94.590248,
            39.065909
          ],
          [
            -94.590259,
            39.065718
          ],
          [
            -94.590283,
            39.065286
          ],
          [
            -94.590313,
            39.064769
          ],
          [
            -94.590323,
            39.064603
          ],
          [
            -94.590352,
            39.064092
          ],
          [
            -94.590358,
            39.063982
          ],
          [
            -94.590365,
            39.063858
          ],
          [
            -94.590388,
            39.063454
          ],
          [
            -94.590396,
            39.063326
          ],
          [
            -94.590415,
            39.063
          ],
          [
            -94.59044,
            39.06295
          ],
          [
            -94.590451,
            39.062913
          ],
          [
            -94.59046,
            39.06279
          ],
          [
            -94.590465,
            39.062721
          ],
          [
            -94.59047,
            39.062643
          ],
          [
            -94.590477,
            39.062514
          ],
          [
            -94.590467,
            39.062474
          ],
          [
            -94.590448,
            39.062438
          ],
          [
            -94.59046,
            39.062236
          ],
          [
            -94.590465,
            39.062159
          ],
          [
            -94.590483,
            39.061844
          ],
          [
            -94.590511,
            39.061391
          ],
          [
            -94.590519,
            39.061262
          ],
          [
            -94.590528,
            39.061115
          ],
          [
            -94.590559,
            39.0606
          ],
          [
            -94.590574,
            39.060351
          ],
          [
            -94.590575,
            39.060336
          ],
          [
            -94.590597,
            39.060316
          ],
          [
            -94.59061,
            39.060292
          ],
          [
            -94.590617,
            39.060159
          ],
          [
            -94.590605,
            39.060135
          ],
          [
            -94.590587,
            39.060116
          ],
          [
            -94.590589,
            39.060082
          ],
          [
            -94.590595,
            39.05997
          ],
          [
            -94.590611,
            39.059673
          ],
          [
            -94.590621,
            39.059484
          ],
          [
            -94.590627,
            39.059384
          ],
          [
            -94.590637,
            39.059195
          ],
          [
            -94.590653,
            39.059159
          ],
          [
            -94.590667,
            39.059112
          ],
          [
            -94.59067,
            39.059063
          ],
          [
            -94.590673,
            39.059014
          ],
          [
            -94.590676,
            39.058949
          ],
          [
            -94.59067,
            39.058922
          ],
          [
            -94.590653,
            39.05889
          ],
          [
            -94.590656,
            39.058832
          ],
          [
            -94.590657,
            39.058817
          ],
          [
            -94.590665,
            39.05867
          ],
          [
            -94.590671,
            39.058564
          ],
          [
            -94.590681,
            39.058355
          ],
          [
            -94.590687,
            39.058264
          ],
          [
            -94.590691,
            39.058189
          ],
          [
            -94.590717,
            39.058164
          ],
          [
            -94.590726,
            39.058142
          ],
          [
            -94.590731,
            39.058078
          ],
          [
            -94.590734,
            39.058036
          ],
          [
            -94.590726,
            39.057996
          ],
          [
            -94.590703,
            39.057958
          ],
          [
            -94.590711,
            39.057812
          ],
          [
            -94.590713,
            39.057777
          ],
          [
            -94.59072,
            39.057644
          ],
          [
            -94.59075,
            39.057075
          ],
          [
            -94.590759,
            39.056832
          ],
          [
            -94.590763,
            39.056742
          ],
          [
            -94.590768,
            39.056662
          ],
          [
            -94.590788,
            39.056386
          ],
          [
            -94.590798,
            39.056202
          ],
          [
            -94.590807,
            39.056042
          ],
          [
            -94.590818,
            39.055838
          ],
          [
            -94.590822,
            39.055772
          ],
          [
            -94.590833,
            39.055586
          ],
          [
            -94.590861,
            39.05513
          ],
          [
            -94.590867,
            39.055017
          ],
          [
            -94.59088,
            39.054804
          ],
          [
            -94.590885,
            39.054722
          ],
          [
            -94.59089,
            39.054639
          ],
          [
            -94.590922,
            39.054593
          ],
          [
            -94.590933,
            39.054559
          ],
          [
            -94.590936,
            39.054484
          ],
          [
            -94.59094,
            39.054412
          ],
          [
            -94.590942,
            39.05437
          ],
          [
            -94.590936,
            39.054328
          ],
          [
            -94.590927,
            39.054294
          ],
          [
            -94.590911,
            39.054262
          ],
          [
            -94.590915,
            39.054128
          ],
          [
            -94.590914,
            39.053974
          ],
          [
            -94.590907,
            39.053911
          ],
          [
            -94.590875,
            39.053816
          ],
          [
            -94.590815,
            39.053688
          ],
          [
            -94.590581,
            39.05336
          ],
          [
            -94.590533,
            39.053295
          ],
          [
            -94.590478,
            39.053225
          ],
          [
            -94.590284,
            39.052979
          ],
          [
            -94.5902,
            39.052868
          ],
          [
            -94.590163,
            39.052824
          ],
          [
            -94.590173,
            39.052751
          ],
          [
            -94.589907,
            39.052408
          ],
          [
            -94.589878,
            39.052373
          ],
          [
            -94.589744,
            39.052203
          ],
          [
            -94.58966,
            39.052168
          ],
          [
            -94.589637,
            39.052141
          ],
          [
            -94.589623,
            39.052124
          ],
          [
            -94.589321,
            39.051751
          ],
          [
            -94.58925,
            39.05166
          ],
          [
            -94.589115,
            39.051485
          ],
          [
            -94.588935,
            39.051253
          ],
          [
            -94.588737,
            39.050967
          ],
          [
            -94.588558,
            39.050681
          ],
          [
            -94.588469,
            39.050508
          ],
          [
            -94.588394,
            39.050276
          ],
          [
            -94.588343,
            39.050042
          ],
          [
            -94.588284,
            39.049508
          ],
          [
            -94.588279,
            39.049395
          ],
          [
            -94.588279,
            39.049395
          ],
          [
            -94.588143,
            39.04939
          ],
          [
            -94.587715,
            39.049376
          ],
          [
            -94.587668,
            39.049374
          ],
          [
            -94.587233,
            39.04936
          ],
          [
            -94.586937,
            39.04935
          ],
          [
            -94.586669,
            39.049341
          ],
          [
            -94.586615,
            39.04934
          ],
          [
            -94.586535,
            39.049338
          ],
          [
            -94.586486,
            39.049337
          ],
          [
            -94.586414,
            39.049337
          ],
          [
            -94.586056,
            39.049329
          ],
          [
            -94.585466,
            39.049316
          ],
          [
            -94.585377,
            39.049316
          ],
          [
            -94.585286,
            39.049312
          ],
          [
            -94.585118,
            39.049307
          ],
          [
            -94.584912,
            39.0493
          ],
          [
            -94.584276,
            39.049281
          ],
          [
            -94.584198,
            39.049279
          ],
          [
            -94.584126,
            39.049275
          ],
          [
            -94.583597,
            39.049262
          ],
          [
            -94.583104,
            39.049243
          ],
          [
            -94.583032,
            39.04924
          ],
          [
            -94.582954,
            39.049237
          ],
          [
            -94.582032,
            39.04921
          ],
          [
            -94.581953,
            39.049209
          ],
          [
            -94.581869,
            39.049205
          ],
          [
            -94.581786,
            39.049279
          ],
          [
            -94.581731,
            39.049293
          ],
          [
            -94.581671,
            39.049291
          ],
          [
            -94.581575,
            39.049269
          ],
          [
            -94.58132,
            39.049217
          ],
          [
            -94.581049,
            39.049174
          ],
          [
            -94.580727,
            39.049057
          ],
          [
            -94.5804,
            39.048858
          ],
          [
            -94.579974,
            39.048572
          ],
          [
            -94.57989,
            39.04856
          ],
          [
            -94.579688,
            39.048601
          ],
          [
            -94.579738,
            39.048768
          ],
          [
            -94.579767,
            39.048944
          ],
          [
            -94.579778,
            39.049142
          ],
          [
            -94.57976,
            39.049452
          ],
          [
            -94.579708,
            39.049796
          ],
          [
            -94.579606,
            39.05035
          ],
          [
            -94.579535,
            39.050562
          ],
          [
            -94.57948,
            39.050848
          ],
          [
            -94.579443,
            39.050996
          ],
          [
            -94.57935,
            39.051161
          ],
          [
            -94.579305,
            39.05099
          ],
          [
            -94.579177,
            39.050455
          ],
          [
            -94.579068,
            39.049927
          ],
          [
            -94.578996,
            39.049618
          ],
          [
            -94.578914,
            39.049404
          ],
          [
            -94.578827,
            39.04922
          ],
          [
            -94.578764,
            39.04911
          ],
          [
            -94.578756,
            39.049091
          ],
          [
            -94.578651,
            39.049098
          ],
          [
            -94.5786,
            39.049098
          ],
          [
            -94.578408,
            39.049096
          ],
          [
            -94.578316,
            39.049094
          ],
          [
            -94.577796,
            39.04908
          ],
          [
            -94.577293,
            39.049067
          ],
          [
            -94.577209,
            39.049065
          ],
          [
            -94.577134,
            39.049062
          ],
          [
            -94.576115,
            39.049027
          ],
          [
            -94.576045,
            39.049025
          ],
          [
            -94.57597,
            39.049023
          ],
          [
            -94.57496,
            39.048989
          ],
          [
            -94.574881,
            39.048986
          ],
          [
            -94.57479,
            39.048983
          ],
          [
            -94.573777,
            39.04895
          ],
          [
            -94.573723,
            39.048949
          ],
          [
            -94.573637,
            39.048946
          ],
          [
            -94.572677,
            39.048915
          ],
          [
            -94.572529,
            39.04891
          ],
          [
            -94.571325,
            39.048869
          ],
          [
            -94.571271,
            39.048867
          ],
          [
            -94.57118,
            39.048864
          ],
          [
            -94.57089,
            39.048854
          ],
          [
            -94.570053,
            39.048826
          ],
          [
            -94.570022,
            39.048825
          ],
          [
            -94.569994,
            39.048824
          ],
          [
            -94.569943,
            39.048822
          ],
          [
            -94.569006,
            39.048789
          ],
          [
            -94.568954,
            39.048787
          ],
          [
            -94.568887,
            39.048785
          ],
          [
            -94.568027,
            39.048755
          ],
          [
            -94.567909,
            39.048751
          ],
          [
            -94.567909,
            39.048751
          ],
          [
            -94.567993,
            39.047347
          ],
          [
            -94.568009,
            39.047082
          ],
          [
            -94.568017,
            39.046938
          ],
          [
            -94.568096,
            39.045189
          ],
          [
            -94.568099,
            39.045127
          ],
          [
            -94.568101,
            39.04507
          ],
          [
            -94.568118,
            39.044648
          ],
          [
            -94.568208,
            39.044494
          ],
          [
            -94.568244,
            39.044207
          ],
          [
            -94.568248,
            39.044158
          ],
          [
            -94.568271,
            39.043871
          ],
          [
            -94.568302,
            39.043487
          ],
          [
            -94.56831,
            39.043386
          ],
          [
            -94.568318,
            39.043291
          ],
          [
            -94.568366,
            39.042718
          ],
          [
            -94.568373,
            39.042563
          ],
          [
            -94.568382,
            39.042367
          ],
          [
            -94.56839,
            39.042167
          ],
          [
            -94.568406,
            39.041817
          ],
          [
            -94.568407,
            39.041792
          ],
          [
            -94.568409,
            39.041743
          ],
          [
            -94.568416,
            39.041614
          ],
          [
            -94.568416,
            39.041581
          ],
          [
            -94.568417,
            39.041536
          ],
          [
            -94.568422,
            39.040783
          ],
          [
            -94.568401,
            39.040182
          ],
          [
            -94.568395,
            39.039879
          ],
          [
            -94.568406,
            39.039696
          ],
          [
            -94.56841,
            39.039559
          ],
          [
            -94.568409,
            39.03929
          ],
          [
            -94.568411,
            39.038865
          ],
          [
            -94.568357,
            39.038569
          ],
          [
            -94.568212,
            39.037894
          ],
          [
            -94.568193,
            39.037826
          ],
          [
            -94.567941,
            39.036981
          ],
          [
            -94.567716,
            39.036072
          ],
          [
            -94.567541,
            39.035155
          ],
          [
            -94.56753,
            39.034264
          ],
          [
            -94.567658,
            39.03244
          ],
          [
            -94.567771,
            39.030621
          ],
          [
            -94.567857,
            39.0288
          ],
          [
            -94.567963,
            39.027044
          ],
          [
            -94.567966,
            39.02699
          ],
          [
            -94.567512,
            39.026975
          ],
          [
            -94.56744,
            39.026973
          ],
          [
            -94.566825,
            39.026951
          ],
          [
            -94.566504,
            39.026937
          ],
          [
            -94.565728,
            39.026908
          ],
          [
            -94.565659,
            39.026905
          ],
          [
            -94.564574,
            39.026864
          ],
          [
            -94.564493,
            39.026861
          ]
        ]
      }
    },
    {
      "type": "Feature",
      "properties": {
        "route_number": "10",
        "name": "Broadway–North Troost Ave.–64th St. (per detail panel)",
        "confidence": "low",
        "note": "Same index/detail-panel mismatch as route 9 -- the map's quick index calls this route '65th St.-Woodland Ave.' instead. The via-chain itself (Broadway, 12th, Troost Ave. to 64th St.) is internally clear; only the route-number pairing between the map's two panels is in question.",
        "source": "Digitized from an April 1952 Kansas City Public Service Co. system map (user-provided scan) -- an illustrative reconstruction, not a precise historical GIS record. Replaces the earlier October 1948 digitization: this map's clearer scan and its own 'STREET CAR LINES' detail panel (street-by-street routing for each numbered line) supported higher-confidence waypoints for most routes than the 1948 map allowed. Downtown intersections were pinned via the Overpass API (exact shared OSM way-nodes, not geocoding-text guesswork); named-place termini beyond downtown (Armourdale, Muncie, Fairmount) were geocoded via Nominatim.",
        "year": 1952
      },
      "geometry": {
        "type": "LineString",
        "coordinates": [
          [
            -94.588429,
            39.100116
          ],
          [
            -94.588316,
            39.100111
          ],
          [
            -94.588137,
            39.100104
          ],
          [
            -94.587985,
            39.100098
          ],
          [
            -94.587939,
            39.100096
          ],
          [
            -94.587893,
            39.100094
          ],
          [
            -94.587814,
            39.100091
          ],
          [
            -94.587772,
            39.100089
          ],
          [
            -94.587354,
            39.100074
          ],
          [
            -94.58711,
            39.100065
          ],
          [
            -94.587022,
            39.100061
          ],
          [
            -94.586943,
            39.100059
          ],
          [
            -94.586661,
            39.100048
          ],
          [
            -94.586462,
            39.100043
          ],
          [
            -94.586142,
            39.100033
          ],
          [
            -94.585849,
            39.100024
          ],
          [
            -94.585689,
            39.10002
          ],
          [
            -94.585589,
            39.100016
          ],
          [
            -94.585494,
            39.100013
          ],
          [
            -94.584965,
            39.099996
          ],
          [
            -94.584408,
            39.099977
          ],
          [
            -94.584311,
            39.099974
          ],
          [
            -94.584228,
            39.099971
          ],
          [
            -94.583846,
            39.099957
          ],
          [
            -94.583667,
            39.099951
          ],
          [
            -94.583304,
            39.099941
          ],
          [
            -94.58325,
            39.099939
          ],
          [
            -94.583192,
            39.099938
          ],
          [
            -94.583192,
            39.099938
          ],
          [
            -94.583163,
            39.099937
          ],
          [
            -94.583085,
            39.099935
          ],
          [
            -94.582184,
            39.099911
          ],
          [
            -94.582072,
            39.099908
          ],
          [
            -94.581983,
            39.099905
          ],
          [
            -94.581595,
            39.099894
          ],
          [
            -94.581545,
            39.099893
          ],
          [
            -94.581534,
            39.099892
          ],
          [
            -94.581063,
            39.099878
          ],
          [
            -94.581024,
            39.099877
          ],
          [
            -94.580905,
            39.099872
          ],
          [
            -94.580786,
            39.099868
          ],
          [
            -94.580767,
            39.099867
          ],
          [
            -94.58031,
            39.099843
          ],
          [
            -94.580142,
            39.099837
          ],
          [
            -94.579842,
            39.099827
          ],
          [
            -94.57975,
            39.099824
          ],
          [
            -94.579667,
            39.099821
          ],
          [
            -94.579146,
            39.099804
          ],
          [
            -94.578677,
            39.099789
          ],
          [
            -94.578549,
            39.099785
          ],
          [
            -94.578473,
            39.099782
          ],
          [
            -94.578434,
            39.099781
          ],
          [
            -94.577966,
            39.099763
          ],
          [
            -94.57756,
            39.099748
          ],
          [
            -94.577482,
            39.099745
          ],
          [
            -94.577401,
            39.099742
          ],
          [
            -94.577305,
            39.099739
          ],
          [
            -94.576343,
            39.099714
          ],
          [
            -94.576242,
            39.099711
          ],
          [
            -94.576166,
            39.09971
          ],
          [
            -94.575666,
            39.099693
          ],
          [
            -94.575562,
            39.09969
          ],
          [
            -94.575379,
            39.099685
          ],
          [
            -94.575162,
            39.099677
          ],
          [
            -94.575052,
            39.099674
          ],
          [
            -94.574979,
            39.099671
          ],
          [
            -94.574278,
            39.099642
          ],
          [
            -94.574257,
            39.099641
          ],
          [
            -94.574061,
            39.099634
          ],
          [
            -94.574028,
            39.099632
          ],
          [
            -94.573946,
            39.099628
          ],
          [
            -94.573881,
            39.099626
          ],
          [
            -94.573847,
            39.099625
          ],
          [
            -94.573414,
            39.09961
          ],
          [
            -94.573379,
            39.099609
          ],
          [
            -94.573237,
            39.099604
          ],
          [
            -94.573183,
            39.099602
          ],
          [
            -94.571665,
            39.099546
          ],
          [
            -94.57116,
            39.09953
          ],
          [
            -94.571039,
            39.099525
          ],
          [
            -94.570741,
            39.099515
          ],
          [
            -94.570143,
            39.099494
          ],
          [
            -94.569994,
            39.099489
          ],
          [
            -94.569902,
            39.099485
          ],
          [
            -94.569904,
            39.09942
          ],
          [
            -94.569948,
            39.098227
          ],
          [
            -94.56995,
            39.098175
          ],
          [
            -94.56995,
            39.098175
          ],
          [
            -94.569952,
            39.098122
          ],
          [
            -94.569969,
            39.097779
          ],
          [
            -94.569983,
            39.097486
          ],
          [
            -94.569984,
            39.097219
          ],
          [
            -94.569954,
            39.096699
          ],
          [
            -94.569986,
            39.096262
          ],
          [
            -94.570059,
            39.095961
          ],
          [
            -94.570084,
            39.095495
          ],
          [
            -94.570091,
            39.095365
          ],
          [
            -94.570201,
            39.09537
          ],
          [
            -94.570465,
            39.09538
          ],
          [
            -94.570795,
            39.095392
          ],
          [
            -94.570856,
            39.095394
          ],
          [
            -94.571104,
            39.095403
          ],
          [
            -94.571356,
            39.095412
          ],
          [
            -94.571852,
            39.095434
          ],
          [
            -94.57215,
            39.095448
          ],
          [
            -94.572758,
            39.095475
          ],
          [
            -94.572761,
            39.095383
          ],
          [
            -94.572762,
            39.095356
          ],
          [
            -94.572765,
            39.095289
          ],
          [
            -94.572694,
            39.094755
          ],
          [
            -94.572663,
            39.094342
          ],
          [
            -94.572612,
            39.093903
          ],
          [
            -94.572522,
            39.093517
          ],
          [
            -94.572382,
            39.093079
          ],
          [
            -94.572254,
            39.092678
          ],
          [
            -94.572182,
            39.092509
          ],
          [
            -94.572079,
            39.092291
          ],
          [
            -94.571981,
            39.091712
          ],
          [
            -94.571882,
            39.091145
          ],
          [
            -94.571726,
            39.090256
          ],
          [
            -94.571669,
            39.089863
          ],
          [
            -94.57151,
            39.088874
          ],
          [
            -94.571477,
            39.088552
          ],
          [
            -94.571324,
            39.087914
          ],
          [
            -94.57121,
            39.087371
          ],
          [
            -94.571103,
            39.087034
          ],
          [
            -94.571022,
            39.086819
          ],
          [
            -94.570934,
            39.086607
          ],
          [
            -94.57081,
            39.086379
          ],
          [
            -94.570583,
            39.086014
          ],
          [
            -94.570295,
            39.085645
          ],
          [
            -94.570132,
            39.085485
          ],
          [
            -94.569885,
            39.08526
          ],
          [
            -94.569568,
            39.084985
          ],
          [
            -94.56908,
            39.084652
          ],
          [
            -94.566677,
            39.083307
          ],
          [
            -94.566049,
            39.08287
          ],
          [
            -94.565604,
            39.082524
          ],
          [
            -94.564998,
            39.081995
          ],
          [
            -94.56441,
            39.081353
          ],
          [
            -94.564046,
            39.080865
          ],
          [
            -94.563624,
            39.080178
          ],
          [
            -94.563442,
            39.079773
          ],
          [
            -94.56327,
            39.079335
          ],
          [
            -94.562722,
            39.077661
          ],
          [
            -94.56256,
            39.077204
          ],
          [
            -94.562501,
            39.077033
          ],
          [
            -94.561524,
            39.074042
          ],
          [
            -94.561342,
            39.07352
          ],
          [
            -94.560769,
            39.071674
          ],
          [
            -94.560602,
            39.070952
          ],
          [
            -94.560535,
            39.070298
          ],
          [
            -94.560475,
            39.069209
          ],
          [
            -94.560721,
            39.065191
          ],
          [
            -94.56086,
            39.064099
          ],
          [
            -94.561067,
            39.059839
          ],
          [
            -94.561079,
            39.059599
          ],
          [
            -94.561155,
            39.058815
          ],
          [
            -94.561548,
            39.054722
          ],
          [
            -94.561593,
            39.053587
          ],
          [
            -94.561754,
            39.051368
          ],
          [
            -94.561959,
            39.048266
          ],
          [
            -94.562099,
            39.047872
          ],
          [
            -94.562135,
            39.047361
          ],
          [
            -94.562135,
            39.0468
          ],
          [
            -94.561952,
            39.045746
          ],
          [
            -94.561286,
            39.043954
          ],
          [
            -94.561118,
            39.043436
          ],
          [
            -94.561076,
            39.043315
          ],
          [
            -94.560985,
            39.043068
          ],
          [
            -94.560611,
            39.041959
          ],
          [
            -94.560553,
            39.041609
          ],
          [
            -94.560545,
            39.041536
          ],
          [
            -94.560563,
            39.041456
          ],
          [
            -94.560616,
            39.041351
          ],
          [
            -94.560696,
            39.041272
          ],
          [
            -94.560774,
            39.04122
          ],
          [
            -94.560867,
            39.041179
          ],
          [
            -94.560954,
            39.041148
          ],
          [
            -94.561257,
            39.041087
          ],
          [
            -94.56264,
            39.041137
          ],
          [
            -94.563588,
            39.041171
          ],
          [
            -94.563672,
            39.041174
          ],
          [
            -94.563741,
            39.041175
          ],
          [
            -94.563776,
            39.041176
          ],
          [
            -94.565623,
            39.041231
          ],
          [
            -94.565891,
            39.041215
          ],
          [
            -94.566206,
            39.041167
          ],
          [
            -94.566485,
            39.041107
          ],
          [
            -94.566732,
            39.041025
          ],
          [
            -94.566986,
            39.04093
          ],
          [
            -94.567215,
            39.040823
          ],
          [
            -94.567415,
            39.040703
          ],
          [
            -94.567615,
            39.040558
          ],
          [
            -94.567688,
            39.040489
          ],
          [
            -94.567762,
            39.040419
          ],
          [
            -94.567822,
            39.040362
          ],
          [
            -94.568021,
            39.04018
          ],
          [
            -94.568107,
            39.040101
          ],
          [
            -94.568395,
            39.039879
          ],
          [
            -94.568503,
            39.039771
          ],
          [
            -94.56852,
            39.039754
          ],
          [
            -94.568626,
            39.039681
          ],
          [
            -94.568657,
            39.03966
          ],
          [
            -94.568936,
            39.039495
          ],
          [
            -94.569221,
            39.039367
          ],
          [
            -94.5693,
            39.039332
          ],
          [
            -94.569656,
            39.039168
          ],
          [
            -94.569781,
            39.039113
          ],
          [
            -94.571602,
            39.038315
          ],
          [
            -94.572295,
            39.038072
          ],
          [
            -94.572431,
            39.038019
          ],
          [
            -94.572614,
            39.037948
          ],
          [
            -94.572934,
            39.037856
          ],
          [
            -94.573131,
            39.03782
          ],
          [
            -94.573273,
            39.037795
          ],
          [
            -94.573278,
            39.037703
          ],
          [
            -94.573288,
            39.037556
          ],
          [
            -94.573289,
            39.037498
          ],
          [
            -94.573313,
            39.036419
          ],
          [
            -94.573282,
            39.03632
          ],
          [
            -94.573262,
            39.036253
          ],
          [
            -94.573268,
            39.036152
          ],
          [
            -94.573269,
            39.036128
          ],
          [
            -94.573274,
            39.036044
          ],
          [
            -94.573326,
            39.035141
          ],
          [
            -94.573333,
            39.03501
          ],
          [
            -94.573365,
            39.034457
          ],
          [
            -94.573369,
            39.034397
          ],
          [
            -94.573375,
            39.034299
          ],
          [
            -94.573389,
            39.034065
          ],
          [
            -94.573415,
            39.033636
          ],
          [
            -94.573421,
            39.033534
          ],
          [
            -94.573471,
            39.032711
          ],
          [
            -94.573474,
            39.032655
          ],
          [
            -94.573478,
            39.032593
          ],
          [
            -94.5735,
            39.032224
          ],
          [
            -94.573525,
            39.03181
          ],
          [
            -94.57358,
            39.030891
          ],
          [
            -94.573584,
            39.03083
          ],
          [
            -94.573689,
            39.029055
          ],
          [
            -94.573692,
            39.028997
          ],
          [
            -94.573697,
            39.028914
          ],
          [
            -94.573719,
            39.028527
          ],
          [
            -94.573748,
            39.027995
          ],
          [
            -94.573754,
            39.027901
          ],
          [
            -94.573791,
            39.027239
          ],
          [
            -94.573794,
            39.027183
          ],
          [
            -94.573797,
            39.027126
          ],
          [
            -94.573806,
            39.026962
          ],
          [
            -94.573856,
            39.026079
          ],
          [
            -94.573892,
            39.025436
          ],
          [
            -94.573895,
            39.025378
          ],
          [
            -94.573934,
            39.024683
          ],
          [
            -94.573942,
            39.024549
          ],
          [
            -94.573981,
            39.023856
          ],
          [
            -94.573997,
            39.023571
          ],
          [
            -94.574028,
            39.022994
          ],
          [
            -94.574057,
            39.022498
          ],
          [
            -94.574074,
            39.022209
          ],
          [
            -94.574099,
            39.021774
          ],
          [
            -94.574109,
            39.021597
          ],
          [
            -94.574115,
            39.021497
          ],
          [
            -94.574117,
            39.021453
          ],
          [
            -94.574147,
            39.020936
          ],
          [
            -94.574155,
            39.020784
          ],
          [
            -94.574199,
            39.020014
          ],
          [
            -94.574202,
            39.019965
          ],
          [
            -94.574206,
            39.0199
          ],
          [
            -94.57422,
            39.019644
          ],
          [
            -94.57424,
            39.019296
          ],
          [
            -94.574257,
            39.019001
          ],
          [
            -94.574297,
            39.018294
          ],
          [
            -94.574341,
            39.017484
          ],
          [
            -94.574369,
            39.016958
          ],
          [
            -94.574375,
            39.016848
          ],
          [
            -94.574387,
            39.016625
          ],
          [
            -94.574394,
            39.01648
          ],
          [
            -94.574413,
            39.016108
          ],
          [
            -94.574433,
            39.0157
          ],
          [
            -94.574447,
            39.015405
          ],
          [
            -94.574451,
            39.015337
          ],
          [
            -94.574469,
            39.014961
          ],
          [
            -94.574483,
            39.014675
          ],
          [
            -94.574495,
            39.014433
          ],
          [
            -94.574503,
            39.014283
          ],
          [
            -94.574511,
            39.014126
          ],
          [
            -94.574517,
            39.014005
          ],
          [
            -94.57454,
            39.013528
          ],
          [
            -94.574541,
            39.013507
          ],
          [
            -94.574549,
            39.013353
          ],
          [
            -94.574555,
            39.01325
          ],
          [
            -94.574567,
            39.013005
          ],
          [
            -94.574576,
            39.01283
          ],
          [
            -94.574579,
            39.012756
          ],
          [
            -94.57461,
            39.012161
          ],
          [
            -94.574621,
            39.011951
          ],
          [
            -94.574625,
            39.011858
          ],
          [
            -94.574629,
            39.011798
          ],
          [
            -94.574635,
            39.011667
          ],
          [
            -94.574639,
            39.0116
          ],
          [
            -94.574645,
            39.011475
          ],
          [
            -94.574652,
            39.011352
          ]
        ]
      }
    },
    {
      "type": "Feature",
      "properties": {
        "route_number": "11",
        "name": "East 63rd St.–55th St. & Woodland Ave.",
        "confidence": "medium",
        "note": "Matches between the map's index and detail panel. The final Woodland Ave. x 63rd St. waypoint is an approximation -- the two streets' modern paths pass about half a mile apart through the Swope Park area rather than meeting directly.",
        "source": "Digitized from an April 1952 Kansas City Public Service Co. system map (user-provided scan) -- an illustrative reconstruction, not a precise historical GIS record. Replaces the earlier October 1948 digitization: this map's clearer scan and its own 'STREET CAR LINES' detail panel (street-by-street routing for each numbered line) supported higher-confidence waypoints for most routes than the 1948 map allowed. Downtown intersections were pinned via the Overpass API (exact shared OSM way-nodes, not geocoding-text guesswork); named-place termini beyond downtown (Armourdale, Muncie, Fairmount) were geocoded via Nominatim.",
        "year": 1952
      },
      "geometry": {
        "type": "LineString",
        "coordinates": [
          [
            -94.563543,
            39.099279
          ],
          [
            -94.56353,
            39.099361
          ],
          [
            -94.563523,
            39.099412
          ],
          [
            -94.56351,
            39.099541
          ],
          [
            -94.563508,
            39.09962
          ],
          [
            -94.563486,
            39.100409
          ],
          [
            -94.563482,
            39.100484
          ],
          [
            -94.563963,
            39.1005
          ],
          [
            -94.563959,
            39.100434
          ],
          [
            -94.563982,
            39.099895
          ],
          [
            -94.563996,
            39.099764
          ],
          [
            -94.563998,
            39.099753
          ],
          [
            -94.564007,
            39.099684
          ],
          [
            -94.564018,
            39.099613
          ],
          [
            -94.564036,
            39.099507
          ],
          [
            -94.564063,
            39.099359
          ],
          [
            -94.564073,
            39.099297
          ],
          [
            -94.564092,
            39.099219
          ],
          [
            -94.564135,
            39.099051
          ],
          [
            -94.564196,
            39.098851
          ],
          [
            -94.564294,
            39.09853
          ],
          [
            -94.564338,
            39.098342
          ],
          [
            -94.564392,
            39.09812
          ],
          [
            -94.564402,
            39.098014
          ],
          [
            -94.564408,
            39.097888
          ],
          [
            -94.56448,
            39.096632
          ],
          [
            -94.564482,
            39.096576
          ],
          [
            -94.56449,
            39.096411
          ],
          [
            -94.564502,
            39.09616
          ],
          [
            -94.564523,
            39.095732
          ],
          [
            -94.564527,
            39.095676
          ],
          [
            -94.564546,
            39.095314
          ],
          [
            -94.564553,
            39.095186
          ],
          [
            -94.564557,
            39.095123
          ],
          [
            -94.564559,
            39.095091
          ],
          [
            -94.56456,
            39.095063
          ],
          [
            -94.564572,
            39.094836
          ],
          [
            -94.564611,
            39.093973
          ],
          [
            -94.564613,
            39.09391
          ],
          [
            -94.564658,
            39.092992
          ],
          [
            -94.564664,
            39.092865
          ],
          [
            -94.564693,
            39.092396
          ],
          [
            -94.5647,
            39.092212
          ],
          [
            -94.5647,
            39.092062
          ],
          [
            -94.564679,
            39.091914
          ],
          [
            -94.564647,
            39.091787
          ],
          [
            -94.564583,
            39.091566
          ],
          [
            -94.564555,
            39.091357
          ],
          [
            -94.564544,
            39.091318
          ],
          [
            -94.564479,
            39.09123
          ],
          [
            -94.564483,
            39.091159
          ],
          [
            -94.564501,
            39.090794
          ],
          [
            -94.564502,
            39.090769
          ],
          [
            -94.56451,
            39.090579
          ],
          [
            -94.564545,
            39.089942
          ],
          [
            -94.564548,
            39.089876
          ],
          [
            -94.56455,
            39.089828
          ],
          [
            -94.564573,
            39.089092
          ],
          [
            -94.564597,
            39.08891
          ],
          [
            -94.564681,
            39.088668
          ],
          [
            -94.564806,
            39.088278
          ],
          [
            -94.565265,
            39.08676
          ],
          [
            -94.565372,
            39.086703
          ],
          [
            -94.56556,
            39.086077
          ],
          [
            -94.565588,
            39.08598
          ],
          [
            -94.56563,
            39.085852
          ],
          [
            -94.565851,
            39.085167
          ],
          [
            -94.565965,
            39.084799
          ],
          [
            -94.56603,
            39.084579
          ],
          [
            -94.566219,
            39.083982
          ],
          [
            -94.566315,
            39.083611
          ],
          [
            -94.566328,
            39.083562
          ],
          [
            -94.566366,
            39.083417
          ],
          [
            -94.5664,
            39.083268
          ],
          [
            -94.566427,
            39.083098
          ],
          [
            -94.566436,
            39.082936
          ],
          [
            -94.566444,
            39.082621
          ],
          [
            -94.566297,
            39.082549
          ],
          [
            -94.566225,
            39.082511
          ],
          [
            -94.56598,
            39.08238
          ],
          [
            -94.565807,
            39.082275
          ],
          [
            -94.565544,
            39.08209
          ],
          [
            -94.565225,
            39.081853
          ],
          [
            -94.565012,
            39.081669
          ],
          [
            -94.564593,
            39.081261
          ],
          [
            -94.564141,
            39.080753
          ],
          [
            -94.563723,
            39.080147
          ],
          [
            -94.563442,
            39.079773
          ],
          [
            -94.56327,
            39.079335
          ],
          [
            -94.562722,
            39.077661
          ],
          [
            -94.56256,
            39.077204
          ],
          [
            -94.562501,
            39.077033
          ],
          [
            -94.561524,
            39.074042
          ],
          [
            -94.561342,
            39.07352
          ],
          [
            -94.560769,
            39.071674
          ],
          [
            -94.560602,
            39.070952
          ],
          [
            -94.560535,
            39.070298
          ],
          [
            -94.560475,
            39.069209
          ],
          [
            -94.560721,
            39.065191
          ],
          [
            -94.56086,
            39.064099
          ],
          [
            -94.561067,
            39.059839
          ],
          [
            -94.561079,
            39.059599
          ],
          [
            -94.561308,
            39.058931
          ],
          [
            -94.561765,
            39.057289
          ],
          [
            -94.561913,
            39.056638
          ],
          [
            -94.56202,
            39.056146
          ],
          [
            -94.562035,
            39.055815
          ],
          [
            -94.562039,
            39.05574
          ],
          [
            -94.562043,
            39.05561
          ],
          [
            -94.562044,
            39.055541
          ],
          [
            -94.562051,
            39.054558
          ],
          [
            -94.562236,
            39.052138
          ],
          [
            -94.562432,
            39.048627
          ],
          [
            -94.562437,
            39.048542
          ],
          [
            -94.562777,
            39.048556
          ],
          [
            -94.563166,
            39.048572
          ],
          [
            -94.563253,
            39.048576
          ],
          [
            -94.563339,
            39.04858
          ],
          [
            -94.563853,
            39.048603
          ],
          [
            -94.564365,
            39.048627
          ],
          [
            -94.564415,
            39.048629
          ],
          [
            -94.564478,
            39.048631
          ],
          [
            -94.56551,
            39.048668
          ],
          [
            -94.565576,
            39.048672
          ],
          [
            -94.565634,
            39.048674
          ],
          [
            -94.566646,
            39.048709
          ],
          [
            -94.566751,
            39.048713
          ],
          [
            -94.566828,
            39.048716
          ],
          [
            -94.567754,
            39.048746
          ],
          [
            -94.567909,
            39.048751
          ],
          [
            -94.567909,
            39.048751
          ],
          [
            -94.567993,
            39.047347
          ],
          [
            -94.568009,
            39.047082
          ],
          [
            -94.568017,
            39.046938
          ],
          [
            -94.568096,
            39.045189
          ],
          [
            -94.568099,
            39.045127
          ],
          [
            -94.568101,
            39.04507
          ],
          [
            -94.568118,
            39.044648
          ],
          [
            -94.568208,
            39.044494
          ],
          [
            -94.568244,
            39.044207
          ],
          [
            -94.568248,
            39.044158
          ],
          [
            -94.568271,
            39.043871
          ],
          [
            -94.568302,
            39.043487
          ],
          [
            -94.56831,
            39.043386
          ],
          [
            -94.568318,
            39.043291
          ],
          [
            -94.568366,
            39.042718
          ],
          [
            -94.568373,
            39.042563
          ],
          [
            -94.568382,
            39.042367
          ],
          [
            -94.56839,
            39.042167
          ],
          [
            -94.568406,
            39.041817
          ],
          [
            -94.568407,
            39.041792
          ],
          [
            -94.568409,
            39.041743
          ],
          [
            -94.568416,
            39.041614
          ],
          [
            -94.568416,
            39.041581
          ],
          [
            -94.568417,
            39.041536
          ],
          [
            -94.568422,
            39.040783
          ],
          [
            -94.568401,
            39.040182
          ],
          [
            -94.568395,
            39.039879
          ],
          [
            -94.568406,
            39.039696
          ],
          [
            -94.56841,
            39.039559
          ],
          [
            -94.568409,
            39.03929
          ],
          [
            -94.568411,
            39.038865
          ],
          [
            -94.568357,
            39.038569
          ],
          [
            -94.568212,
            39.037894
          ],
          [
            -94.568193,
            39.037826
          ],
          [
            -94.567941,
            39.036981
          ],
          [
            -94.567716,
            39.036072
          ],
          [
            -94.567541,
            39.035155
          ],
          [
            -94.56753,
            39.034264
          ],
          [
            -94.567658,
            39.03244
          ],
          [
            -94.567771,
            39.030621
          ],
          [
            -94.567857,
            39.0288
          ],
          [
            -94.567963,
            39.027044
          ],
          [
            -94.567966,
            39.02699
          ],
          [
            -94.567512,
            39.026975
          ],
          [
            -94.56744,
            39.026973
          ],
          [
            -94.566825,
            39.026951
          ],
          [
            -94.566504,
            39.026937
          ],
          [
            -94.565728,
            39.026908
          ],
          [
            -94.565659,
            39.026905
          ],
          [
            -94.564574,
            39.026864
          ],
          [
            -94.564493,
            39.026861
          ],
          [
            -94.564493,
            39.026861
          ],
          [
            -94.564497,
            39.026806
          ],
          [
            -94.564603,
            39.02511
          ],
          [
            -94.564607,
            39.025044
          ],
          [
            -94.564682,
            39.025047
          ],
          [
            -94.565695,
            39.025087
          ],
          [
            -94.565766,
            39.02509
          ],
          [
            -94.565844,
            39.025093
          ],
          [
            -94.566472,
            39.025118
          ],
          [
            -94.56687,
            39.025133
          ],
          [
            -94.566932,
            39.025135
          ],
          [
            -94.567545,
            39.025159
          ],
          [
            -94.567612,
            39.025162
          ],
          [
            -94.568072,
            39.025179
          ],
          [
            -94.5682,
            39.02337
          ],
          [
            -94.568293,
            39.021818
          ],
          [
            -94.568327,
            39.021679
          ],
          [
            -94.568363,
            39.021565
          ],
          [
            -94.569393,
            39.020127
          ],
          [
            -94.569623,
            39.019794
          ],
          [
            -94.569665,
            39.01974
          ],
          [
            -94.570022,
            39.019292
          ],
          [
            -94.570141,
            39.018979
          ],
          [
            -94.570179,
            39.018149
          ],
          [
            -94.570268,
            39.016468
          ],
          [
            -94.569797,
            39.01645
          ],
          [
            -94.569707,
            39.016447
          ],
          [
            -94.568744,
            39.016412
          ],
          [
            -94.56866,
            39.016409
          ],
          [
            -94.568531,
            39.016402
          ],
          [
            -94.567918,
            39.01638
          ],
          [
            -94.56736,
            39.016359
          ],
          [
            -94.567154,
            39.016351
          ],
          [
            -94.567116,
            39.01635
          ],
          [
            -94.566537,
            39.016328
          ],
          [
            -94.566509,
            39.016324
          ],
          [
            -94.566352,
            39.016301
          ],
          [
            -94.566118,
            39.016218
          ],
          [
            -94.565945,
            39.016106
          ],
          [
            -94.565827,
            39.015987
          ],
          [
            -94.565761,
            39.015896
          ],
          [
            -94.565615,
            39.015696
          ],
          [
            -94.565485,
            39.015762
          ],
          [
            -94.565189,
            39.015897
          ],
          [
            -94.565142,
            39.015905
          ],
          [
            -94.565092,
            39.015898
          ]
        ]
      }
    },
    {
      "type": "Feature",
      "properties": {
        "route_number": "12",
        "name": "Kansas City, Kansas Line (Minnesota Ave.)",
        "confidence": "medium",
        "note": "The detail panel's text for this entry was only partially legible even on the clearer scan; the index list's parenthetical '(Minnesota Ave.)' was used to anchor the routing shown, paired with 6th St. as the shared downtown-KCK connector also used by route 13.",
        "source": "Digitized from an April 1952 Kansas City Public Service Co. system map (user-provided scan) -- an illustrative reconstruction, not a precise historical GIS record. Replaces the earlier October 1948 digitization: this map's clearer scan and its own 'STREET CAR LINES' detail panel (street-by-street routing for each numbered line) supported higher-confidence waypoints for most routes than the 1948 map allowed. Downtown intersections were pinned via the Overpass API (exact shared OSM way-nodes, not geocoding-text guesswork); named-place termini beyond downtown (Armourdale, Muncie, Fairmount) were geocoded via Nominatim.",
        "year": 1952
      },
      "geometry": {
        "type": "LineString",
        "coordinates": [
          [
            -94.647065,
            39.105121
          ],
          [
            -94.647065,
            39.105121
          ],
          [
            -94.647706,
            39.105359
          ],
          [
            -94.648087,
            39.105501
          ],
          [
            -94.648229,
            39.105554
          ],
          [
            -94.648407,
            39.10562
          ],
          [
            -94.648686,
            39.105723
          ],
          [
            -94.648842,
            39.10578
          ],
          [
            -94.649238,
            39.105932
          ],
          [
            -94.649414,
            39.105993
          ],
          [
            -94.649412,
            39.106102
          ],
          [
            -94.649406,
            39.10638
          ],
          [
            -94.649401,
            39.106642
          ],
          [
            -94.649398,
            39.106798
          ],
          [
            -94.649382,
            39.107639
          ],
          [
            -94.649379,
            39.107835
          ],
          [
            -94.649377,
            39.107912
          ],
          [
            -94.649376,
            39.107986
          ],
          [
            -94.649375,
            39.108077
          ],
          [
            -94.649372,
            39.108317
          ],
          [
            -94.649358,
            39.109471
          ],
          [
            -94.649358,
            39.109536
          ],
          [
            -94.649357,
            39.109594
          ],
          [
            -94.649347,
            39.111097
          ],
          [
            -94.649344,
            39.111335
          ],
          [
            -94.649344,
            39.111424
          ],
          [
            -94.649342,
            39.111795
          ],
          [
            -94.649338,
            39.112239
          ],
          [
            -94.64933,
            39.112605
          ],
          [
            -94.64933,
            39.112671
          ],
          [
            -94.649329,
            39.112729
          ],
          [
            -94.649331,
            39.113027
          ],
          [
            -94.649334,
            39.113461
          ],
          [
            -94.649332,
            39.113628
          ],
          [
            -94.649331,
            39.114221
          ],
          [
            -94.649327,
            39.114553
          ],
          [
            -94.649326,
            39.114659
          ],
          [
            -94.649325,
            39.115029
          ],
          [
            -94.649324,
            39.115176
          ],
          [
            -94.649325,
            39.115191
          ],
          [
            -94.649327,
            39.115418
          ],
          [
            -94.649328,
            39.115542
          ],
          [
            -94.64923,
            39.115542
          ],
          [
            -94.648788,
            39.115541
          ],
          [
            -94.648635,
            39.115541
          ],
          [
            -94.648443,
            39.115542
          ],
          [
            -94.648349,
            39.115542
          ],
          [
            -94.64824,
            39.115542
          ],
          [
            -94.648174,
            39.115543
          ],
          [
            -94.648123,
            39.115542
          ],
          [
            -94.64705,
            39.115538
          ],
          [
            -94.64705,
            39.115538
          ]
        ]
      }
    },
    {
      "type": "Feature",
      "properties": {
        "route_number": "13",
        "name": "Kansas City, Kansas Line (State Ave.)",
        "confidence": "medium",
        "note": null,
        "source": "Digitized from an April 1952 Kansas City Public Service Co. system map (user-provided scan) -- an illustrative reconstruction, not a precise historical GIS record. Replaces the earlier October 1948 digitization: this map's clearer scan and its own 'STREET CAR LINES' detail panel (street-by-street routing for each numbered line) supported higher-confidence waypoints for most routes than the 1948 map allowed. Downtown intersections were pinned via the Overpass API (exact shared OSM way-nodes, not geocoding-text guesswork); named-place termini beyond downtown (Armourdale, Muncie, Fairmount) were geocoded via Nominatim.",
        "year": 1952
      },
      "geometry": {
        "type": "LineString",
        "coordinates": [
          [
            -94.647065,
            39.105121
          ],
          [
            -94.647065,
            39.105121
          ],
          [
            -94.647706,
            39.105359
          ],
          [
            -94.648087,
            39.105501
          ],
          [
            -94.648229,
            39.105554
          ],
          [
            -94.648407,
            39.10562
          ],
          [
            -94.648686,
            39.105723
          ],
          [
            -94.648842,
            39.10578
          ],
          [
            -94.649238,
            39.105932
          ],
          [
            -94.649414,
            39.105993
          ],
          [
            -94.64961,
            39.106063
          ],
          [
            -94.650047,
            39.106223
          ],
          [
            -94.650332,
            39.10633
          ],
          [
            -94.650453,
            39.106375
          ],
          [
            -94.650539,
            39.106408
          ],
          [
            -94.65094,
            39.106559
          ],
          [
            -94.651698,
            39.106846
          ],
          [
            -94.65286,
            39.107279
          ],
          [
            -94.654013,
            39.107713
          ],
          [
            -94.654649,
            39.107936
          ],
          [
            -94.654695,
            39.107953
          ],
          [
            -94.655347,
            39.10819
          ],
          [
            -94.655546,
            39.108262
          ],
          [
            -94.656462,
            39.108595
          ],
          [
            -94.656688,
            39.108683
          ],
          [
            -94.657006,
            39.108806
          ],
          [
            -94.657208,
            39.108884
          ],
          [
            -94.657409,
            39.108962
          ],
          [
            -94.657633,
            39.109155
          ],
          [
            -94.657732,
            39.109254
          ],
          [
            -94.657841,
            39.109386
          ],
          [
            -94.657953,
            39.109523
          ],
          [
            -94.658118,
            39.109741
          ],
          [
            -94.658361,
            39.110034
          ],
          [
            -94.658456,
            39.110184
          ],
          [
            -94.658546,
            39.110362
          ],
          [
            -94.658597,
            39.110558
          ],
          [
            -94.658609,
            39.110745
          ],
          [
            -94.658627,
            39.111945
          ],
          [
            -94.658651,
            39.112056
          ],
          [
            -94.658706,
            39.11219
          ],
          [
            -94.658787,
            39.112339
          ],
          [
            -94.658894,
            39.112467
          ],
          [
            -94.658781,
            39.112516
          ],
          [
            -94.658574,
            39.11263
          ],
          [
            -94.658492,
            39.112687
          ]
        ]
      }
    },
    {
      "type": "Feature",
      "properties": {
        "route_number": "14",
        "name": "State Line–Fairmount",
        "confidence": "medium",
        "note": "The map lists this route's via streets as 'State Line Rd., Independence Ave.', but those two streets don't actually cross anywhere on the modern street grid -- they're more likely two separate segments this route touches at different points along its run, not a literal turn-by-turn sequence. Shown here anchored on Independence Ave. toward Fairmount, its named eastern terminus.",
        "source": "Digitized from an April 1952 Kansas City Public Service Co. system map (user-provided scan) -- an illustrative reconstruction, not a precise historical GIS record. Replaces the earlier October 1948 digitization: this map's clearer scan and its own 'STREET CAR LINES' detail panel (street-by-street routing for each numbered line) supported higher-confidence waypoints for most routes than the 1948 map allowed. Downtown intersections were pinned via the Overpass API (exact shared OSM way-nodes, not geocoding-text guesswork); named-place termini beyond downtown (Armourdale, Muncie, Fairmount) were geocoded via Nominatim.",
        "year": 1952
      },
      "geometry": {
        "type": "LineString",
        "coordinates": [
          [
            -94.582919,
            39.107332
          ],
          [
            -94.583251,
            39.107331
          ],
          [
            -94.58347,
            39.10733
          ],
          [
            -94.583747,
            39.107333
          ],
          [
            -94.583817,
            39.107333
          ],
          [
            -94.583854,
            39.107335
          ],
          [
            -94.583946,
            39.107337
          ],
          [
            -94.583979,
            39.107336
          ],
          [
            -94.584151,
            39.107344
          ],
          [
            -94.584527,
            39.10736
          ],
          [
            -94.585132,
            39.107386
          ],
          [
            -94.585224,
            39.10739
          ],
          [
            -94.585226,
            39.10733
          ],
          [
            -94.585236,
            39.107186
          ],
          [
            -94.585256,
            39.106568
          ],
          [
            -94.585261,
            39.106426
          ],
          [
            -94.585174,
            39.106423
          ],
          [
            -94.584863,
            39.106413
          ],
          [
            -94.584221,
            39.10639
          ],
          [
            -94.584005,
            39.106385
          ],
          [
            -94.583816,
            39.106379
          ],
          [
            -94.583641,
            39.106374
          ],
          [
            -94.58324,
            39.106363
          ],
          [
            -94.583046,
            39.106351
          ],
          [
            -94.582658,
            39.106453
          ],
          [
            -94.582211,
            39.106548
          ],
          [
            -94.581381,
            39.106678
          ],
          [
            -94.58056,
            39.106648
          ],
          [
            -94.577201,
            39.106551
          ],
          [
            -94.575777,
            39.106506
          ],
          [
            -94.573828,
            39.106389
          ],
          [
            -94.573407,
            39.106359
          ],
          [
            -94.573208,
            39.106344
          ],
          [
            -94.572872,
            39.106344
          ],
          [
            -94.572258,
            39.106287
          ],
          [
            -94.571979,
            39.106237
          ],
          [
            -94.571607,
            39.106184
          ],
          [
            -94.57113,
            39.106124
          ],
          [
            -94.570961,
            39.106101
          ],
          [
            -94.570793,
            39.10609
          ],
          [
            -94.570648,
            39.106086
          ],
          [
            -94.570496,
            39.106091
          ],
          [
            -94.570331,
            39.106108
          ],
          [
            -94.570158,
            39.106138
          ],
          [
            -94.569955,
            39.106182
          ],
          [
            -94.5698,
            39.106227
          ],
          [
            -94.569676,
            39.106277
          ],
          [
            -94.56951,
            39.106352
          ],
          [
            -94.56907,
            39.106576
          ],
          [
            -94.568793,
            39.106709
          ],
          [
            -94.568578,
            39.106831
          ],
          [
            -94.568495,
            39.10687
          ],
          [
            -94.568449,
            39.106897
          ],
          [
            -94.568375,
            39.106935
          ],
          [
            -94.568229,
            39.10693
          ],
          [
            -94.567554,
            39.106907
          ],
          [
            -94.566652,
            39.106877
          ],
          [
            -94.566253,
            39.106864
          ],
          [
            -94.565904,
            39.106852
          ],
          [
            -94.565646,
            39.106844
          ],
          [
            -94.56491,
            39.106819
          ],
          [
            -94.564744,
            39.106815
          ],
          [
            -94.564545,
            39.106803
          ],
          [
            -94.564263,
            39.106791
          ],
          [
            -94.564129,
            39.106786
          ],
          [
            -94.564117,
            39.106619
          ],
          [
            -94.564096,
            39.106536
          ],
          [
            -94.564068,
            39.106457
          ],
          [
            -94.564027,
            39.106361
          ],
          [
            -94.563965,
            39.106235
          ],
          [
            -94.563888,
            39.106101
          ],
          [
            -94.563831,
            39.105993
          ],
          [
            -94.563791,
            39.105889
          ],
          [
            -94.563757,
            39.10578
          ],
          [
            -94.563737,
            39.105677
          ],
          [
            -94.563726,
            39.105578
          ],
          [
            -94.563723,
            39.10542
          ],
          [
            -94.563723,
            39.105365
          ],
          [
            -94.563724,
            39.105301
          ],
          [
            -94.563727,
            39.105231
          ],
          [
            -94.56373,
            39.105167
          ],
          [
            -94.563748,
            39.104792
          ],
          [
            -94.563758,
            39.10458
          ],
          [
            -94.563787,
            39.103955
          ],
          [
            -94.56379,
            39.103876
          ],
          [
            -94.563794,
            39.103789
          ],
          [
            -94.563828,
            39.103098
          ],
          [
            -94.563832,
            39.103014
          ],
          [
            -94.563838,
            39.102905
          ],
          [
            -94.563896,
            39.101796
          ],
          [
            -94.5639,
            39.101727
          ],
          [
            -94.563543,
            39.101716
          ],
          [
            -94.56342,
            39.101712
          ],
          [
            -94.563301,
            39.101709
          ],
          [
            -94.563152,
            39.101708
          ],
          [
            -94.562995,
            39.101725
          ],
          [
            -94.562914,
            39.101739
          ],
          [
            -94.562812,
            39.101763
          ],
          [
            -94.56269,
            39.101795
          ],
          [
            -94.562579,
            39.101829
          ],
          [
            -94.562454,
            39.101881
          ],
          [
            -94.562303,
            39.101959
          ],
          [
            -94.562185,
            39.102051
          ],
          [
            -94.562064,
            39.102155
          ],
          [
            -94.561793,
            39.102435
          ],
          [
            -94.561681,
            39.102519
          ],
          [
            -94.561609,
            39.102561
          ],
          [
            -94.561478,
            39.102632
          ],
          [
            -94.561309,
            39.1027
          ],
          [
            -94.561191,
            39.10274
          ],
          [
            -94.561053,
            39.102769
          ],
          [
            -94.560921,
            39.102786
          ],
          [
            -94.560798,
            39.102792
          ],
          [
            -94.560602,
            39.102795
          ],
          [
            -94.560563,
            39.102807
          ],
          [
            -94.560531,
            39.102817
          ],
          [
            -94.560479,
            39.102837
          ],
          [
            -94.560449,
            39.102843
          ],
          [
            -94.56037,
            39.10284
          ],
          [
            -94.560138,
            39.102826
          ],
          [
            -94.560038,
            39.102821
          ],
          [
            -94.558406,
            39.102727
          ],
          [
            -94.558267,
            39.102721
          ],
          [
            -94.55804,
            39.102713
          ],
          [
            -94.557017,
            39.102675
          ],
          [
            -94.55671,
            39.102665
          ],
          [
            -94.556518,
            39.102659
          ],
          [
            -94.555877,
            39.102639
          ],
          [
            -94.555756,
            39.102634
          ],
          [
            -94.555455,
            39.102626
          ],
          [
            -94.554711,
            39.102605
          ],
          [
            -94.554098,
            39.102584
          ],
          [
            -94.553666,
            39.102573
          ],
          [
            -94.553606,
            39.102572
          ],
          [
            -94.55354,
            39.10257
          ],
          [
            -94.553465,
            39.102568
          ],
          [
            -94.552504,
            39.102537
          ],
          [
            -94.552333,
            39.102532
          ],
          [
            -94.551972,
            39.10252
          ],
          [
            -94.55174,
            39.102513
          ],
          [
            -94.551587,
            39.102508
          ],
          [
            -94.551338,
            39.1025
          ],
          [
            -94.551237,
            39.102497
          ],
          [
            -94.551163,
            39.102494
          ],
          [
            -94.551104,
            39.102492
          ],
          [
            -94.549656,
            39.102441
          ],
          [
            -94.54906,
            39.10242
          ],
          [
            -94.548461,
            39.102399
          ],
          [
            -94.546939,
            39.102348
          ],
          [
            -94.546106,
            39.10232
          ],
          [
            -94.545982,
            39.102314
          ],
          [
            -94.545866,
            39.102312
          ],
          [
            -94.544686,
            39.102277
          ],
          [
            -94.544435,
            39.10227
          ],
          [
            -94.544286,
            39.102266
          ],
          [
            -94.544145,
            39.10226
          ],
          [
            -94.543839,
            39.10225
          ],
          [
            -94.543721,
            39.102246
          ],
          [
            -94.542713,
            39.10221
          ],
          [
            -94.542027,
            39.102188
          ],
          [
            -94.540666,
            39.10213
          ],
          [
            -94.540529,
            39.102125
          ],
          [
            -94.540466,
            39.102123
          ],
          [
            -94.540413,
            39.102121
          ],
          [
            -94.539893,
            39.102105
          ],
          [
            -94.538959,
            39.102074
          ],
          [
            -94.537723,
            39.102033
          ],
          [
            -94.537427,
            39.102024
          ],
          [
            -94.537356,
            39.102028
          ],
          [
            -94.537269,
            39.102032
          ],
          [
            -94.536842,
            39.10206
          ],
          [
            -94.536734,
            39.102059
          ],
          [
            -94.536063,
            39.10205
          ],
          [
            -94.535432,
            39.102028
          ],
          [
            -94.534445,
            39.102
          ],
          [
            -94.534377,
            39.101998
          ],
          [
            -94.533262,
            39.101961
          ],
          [
            -94.533102,
            39.101955
          ],
          [
            -94.533005,
            39.101953
          ],
          [
            -94.531675,
            39.101897
          ],
          [
            -94.531616,
            39.101895
          ],
          [
            -94.5311,
            39.101878
          ],
          [
            -94.530849,
            39.101869
          ],
          [
            -94.530521,
            39.10186
          ],
          [
            -94.530263,
            39.101851
          ],
          [
            -94.529365,
            39.101824
          ],
          [
            -94.528306,
            39.101789
          ],
          [
            -94.528303,
            39.101789
          ],
          [
            -94.528222,
            39.101786
          ],
          [
            -94.52811,
            39.101782
          ],
          [
            -94.527664,
            39.101767
          ],
          [
            -94.526161,
            39.101714
          ],
          [
            -94.526134,
            39.101713
          ],
          [
            -94.52597,
            39.101707
          ],
          [
            -94.525831,
            39.101704
          ],
          [
            -94.525798,
            39.101704
          ],
          [
            -94.525755,
            39.101702
          ],
          [
            -94.525519,
            39.101692
          ],
          [
            -94.525047,
            39.101677
          ],
          [
            -94.524174,
            39.101649
          ],
          [
            -94.523723,
            39.101634
          ],
          [
            -94.523635,
            39.101631
          ],
          [
            -94.521458,
            39.101564
          ],
          [
            -94.521324,
            39.101561
          ],
          [
            -94.521219,
            39.101555
          ],
          [
            -94.52106,
            39.101549
          ],
          [
            -94.518989,
            39.101469
          ],
          [
            -94.518906,
            39.101462
          ],
          [
            -94.518801,
            39.101454
          ],
          [
            -94.518434,
            39.10142
          ],
          [
            -94.518263,
            39.101391
          ],
          [
            -94.516711,
            39.101036
          ],
          [
            -94.516427,
            39.100972
          ],
          [
            -94.516302,
            39.100945
          ],
          [
            -94.516128,
            39.100909
          ],
          [
            -94.515868,
            39.100891
          ],
          [
            -94.515602,
            39.100886
          ],
          [
            -94.515403,
            39.100906
          ],
          [
            -94.51518,
            39.100958
          ],
          [
            -94.514931,
            39.101042
          ],
          [
            -94.514697,
            39.101149
          ],
          [
            -94.514419,
            39.101301
          ],
          [
            -94.514063,
            39.10151
          ],
          [
            -94.51393,
            39.101586
          ],
          [
            -94.513432,
            39.10187
          ],
          [
            -94.513103,
            39.102057
          ],
          [
            -94.512858,
            39.102197
          ],
          [
            -94.512791,
            39.102237
          ],
          [
            -94.512365,
            39.10249
          ],
          [
            -94.512036,
            39.102688
          ],
          [
            -94.511304,
            39.103126
          ],
          [
            -94.510402,
            39.103646
          ],
          [
            -94.51022,
            39.10374
          ],
          [
            -94.509003,
            39.104437
          ],
          [
            -94.508511,
            39.104718
          ],
          [
            -94.508476,
            39.104738
          ],
          [
            -94.508328,
            39.104823
          ],
          [
            -94.508028,
            39.104811
          ],
          [
            -94.507613,
            39.104794
          ],
          [
            -94.507372,
            39.104784
          ],
          [
            -94.507301,
            39.104781
          ],
          [
            -94.506489,
            39.104747
          ],
          [
            -94.506247,
            39.104737
          ],
          [
            -94.505199,
            39.104706
          ],
          [
            -94.505183,
            39.104705
          ],
          [
            -94.505089,
            39.1047
          ],
          [
            -94.505078,
            39.1047
          ],
          [
            -94.504411,
            39.104675
          ],
          [
            -94.503939,
            39.104657
          ],
          [
            -94.502867,
            39.104643
          ],
          [
            -94.502791,
            39.104642
          ],
          [
            -94.502723,
            39.104641
          ],
          [
            -94.502624,
            39.10464
          ],
          [
            -94.501001,
            39.104577
          ],
          [
            -94.50069,
            39.104569
          ],
          [
            -94.500411,
            39.104555
          ],
          [
            -94.499853,
            39.104532
          ],
          [
            -94.498252,
            39.104479
          ],
          [
            -94.497817,
            39.104465
          ],
          [
            -94.49763,
            39.104459
          ],
          [
            -94.497496,
            39.104451
          ],
          [
            -94.497352,
            39.104444
          ],
          [
            -94.497203,
            39.104441
          ],
          [
            -94.497059,
            39.104442
          ],
          [
            -94.496921,
            39.104441
          ],
          [
            -94.49665,
            39.104453
          ],
          [
            -94.496377,
            39.104462
          ],
          [
            -94.496077,
            39.104479
          ],
          [
            -94.49589,
            39.104498
          ],
          [
            -94.49559,
            39.104528
          ],
          [
            -94.495304,
            39.104563
          ],
          [
            -94.495031,
            39.104605
          ],
          [
            -94.494749,
            39.104651
          ],
          [
            -94.494472,
            39.104702
          ],
          [
            -94.494253,
            39.104745
          ],
          [
            -94.493914,
            39.104828
          ],
          [
            -94.493441,
            39.104966
          ],
          [
            -94.493098,
            39.105066
          ],
          [
            -94.491428,
            39.105577
          ],
          [
            -94.491344,
            39.105603
          ],
          [
            -94.491305,
            39.105615
          ],
          [
            -94.490708,
            39.105783
          ],
          [
            -94.490101,
            39.105962
          ],
          [
            -94.489052,
            39.106282
          ],
          [
            -94.488833,
            39.106304
          ],
          [
            -94.488333,
            39.106406
          ],
          [
            -94.487907,
            39.1065
          ],
          [
            -94.487814,
            39.106515
          ],
          [
            -94.487486,
            39.106565
          ],
          [
            -94.487209,
            39.106589
          ],
          [
            -94.486999,
            39.106598
          ],
          [
            -94.485617,
            39.106645
          ],
          [
            -94.485296,
            39.106659
          ],
          [
            -94.48519,
            39.106668
          ],
          [
            -94.484878,
            39.106692
          ],
          [
            -94.4847,
            39.106704
          ],
          [
            -94.484564,
            39.106717
          ],
          [
            -94.484429,
            39.106727
          ],
          [
            -94.484281,
            39.106752
          ],
          [
            -94.484154,
            39.106775
          ],
          [
            -94.483875,
            39.106832
          ],
          [
            -94.483738,
            39.106858
          ],
          [
            -94.483596,
            39.106877
          ],
          [
            -94.483367,
            39.106913
          ],
          [
            -94.483298,
            39.106936
          ],
          [
            -94.483251,
            39.106966
          ],
          [
            -94.483145,
            39.106981
          ],
          [
            -94.482994,
            39.107001
          ],
          [
            -94.48285,
            39.107024
          ],
          [
            -94.482715,
            39.10705
          ],
          [
            -94.482578,
            39.107075
          ],
          [
            -94.482442,
            39.1071
          ],
          [
            -94.48243,
            39.107102
          ],
          [
            -94.482217,
            39.107145
          ],
          [
            -94.479832,
            39.107677
          ],
          [
            -94.479585,
            39.107737
          ],
          [
            -94.479378,
            39.107779
          ],
          [
            -94.478939,
            39.107874
          ],
          [
            -94.478734,
            39.107915
          ],
          [
            -94.478472,
            39.107962
          ],
          [
            -94.478194,
            39.108005
          ],
          [
            -94.477915,
            39.108039
          ],
          [
            -94.477634,
            39.108058
          ],
          [
            -94.477348,
            39.108067
          ],
          [
            -94.477063,
            39.108061
          ],
          [
            -94.476779,
            39.108043
          ],
          [
            -94.4765,
            39.108021
          ],
          [
            -94.476214,
            39.107983
          ],
          [
            -94.475931,
            39.107934
          ],
          [
            -94.475656,
            39.10788
          ],
          [
            -94.475383,
            39.107815
          ],
          [
            -94.475033,
            39.107724
          ],
          [
            -94.474946,
            39.107698
          ],
          [
            -94.474692,
            39.107608
          ],
          [
            -94.474399,
            39.107494
          ],
          [
            -94.47433,
            39.10761
          ],
          [
            -94.474199,
            39.107831
          ],
          [
            -94.474153,
            39.10797
          ],
          [
            -94.474138,
            39.108112
          ],
          [
            -94.474155,
            39.108253
          ],
          [
            -94.474465,
            39.109397
          ],
          [
            -94.473779,
            39.109276
          ],
          [
            -94.472783,
            39.109118
          ],
          [
            -94.472657,
            39.109077
          ],
          [
            -94.472442,
            39.108987
          ],
          [
            -94.472032,
            39.10882
          ],
          [
            -94.469101,
            39.107568
          ],
          [
            -94.468953,
            39.107505
          ],
          [
            -94.4682,
            39.10718
          ],
          [
            -94.46779,
            39.106986
          ],
          [
            -94.467547,
            39.106913
          ],
          [
            -94.46738,
            39.106872
          ],
          [
            -94.467266,
            39.106857
          ],
          [
            -94.467142,
            39.106847
          ],
          [
            -94.46683,
            39.106831
          ],
          [
            -94.465973,
            39.106797
          ],
          [
            -94.464825,
            39.106753
          ],
          [
            -94.463614,
            39.106707
          ],
          [
            -94.463602,
            39.107179
          ],
          [
            -94.463597,
            39.10733
          ],
          [
            -94.463578,
            39.108032
          ],
          [
            -94.463577,
            39.108072
          ],
          [
            -94.463576,
            39.108105
          ],
          [
            -94.463566,
            39.108369
          ],
          [
            -94.463525,
            39.109076
          ],
          [
            -94.463422,
            39.110298
          ],
          [
            -94.463358,
            39.110296
          ],
          [
            -94.463024,
            39.110284
          ]
        ]
      }
    },
    {
      "type": "Feature",
      "properties": {
        "route_number": "15",
        "name": "Independence Ave.–Independence–So. Zone Point",
        "confidence": "low",
        "note": "'So. Zone Point' was a fare-zone boundary term, not a place name that exists on any modern map -- its location couldn't be identified. The line shown follows Independence Ave. only as far as the Fairmount area (reused from route 14's terminus), short of this route's actual, unlocatable endpoint.",
        "source": "Digitized from an April 1952 Kansas City Public Service Co. system map (user-provided scan) -- an illustrative reconstruction, not a precise historical GIS record. Replaces the earlier October 1948 digitization: this map's clearer scan and its own 'STREET CAR LINES' detail panel (street-by-street routing for each numbered line) supported higher-confidence waypoints for most routes than the 1948 map allowed. Downtown intersections were pinned via the Overpass API (exact shared OSM way-nodes, not geocoding-text guesswork); named-place termini beyond downtown (Armourdale, Muncie, Fairmount) were geocoded via Nominatim.",
        "year": 1952
      },
      "geometry": {
        "type": "LineString",
        "coordinates": [
          [
            -94.582919,
            39.107332
          ],
          [
            -94.583251,
            39.107331
          ],
          [
            -94.58347,
            39.10733
          ],
          [
            -94.583747,
            39.107333
          ],
          [
            -94.583817,
            39.107333
          ],
          [
            -94.583854,
            39.107335
          ],
          [
            -94.583946,
            39.107337
          ],
          [
            -94.583979,
            39.107336
          ],
          [
            -94.584151,
            39.107344
          ],
          [
            -94.584527,
            39.10736
          ],
          [
            -94.585132,
            39.107386
          ],
          [
            -94.585224,
            39.10739
          ],
          [
            -94.585226,
            39.10733
          ],
          [
            -94.585236,
            39.107186
          ],
          [
            -94.585256,
            39.106568
          ],
          [
            -94.585261,
            39.106426
          ],
          [
            -94.585174,
            39.106423
          ],
          [
            -94.584863,
            39.106413
          ],
          [
            -94.584221,
            39.10639
          ],
          [
            -94.584005,
            39.106385
          ],
          [
            -94.583816,
            39.106379
          ],
          [
            -94.583641,
            39.106374
          ],
          [
            -94.58324,
            39.106363
          ],
          [
            -94.583046,
            39.106351
          ],
          [
            -94.582658,
            39.106453
          ],
          [
            -94.582211,
            39.106548
          ],
          [
            -94.581381,
            39.106678
          ],
          [
            -94.58056,
            39.106648
          ],
          [
            -94.577201,
            39.106551
          ],
          [
            -94.575777,
            39.106506
          ],
          [
            -94.573828,
            39.106389
          ],
          [
            -94.573407,
            39.106359
          ],
          [
            -94.573208,
            39.106344
          ],
          [
            -94.572872,
            39.106344
          ],
          [
            -94.572258,
            39.106287
          ],
          [
            -94.571979,
            39.106237
          ],
          [
            -94.571607,
            39.106184
          ],
          [
            -94.57113,
            39.106124
          ],
          [
            -94.570961,
            39.106101
          ],
          [
            -94.570793,
            39.10609
          ],
          [
            -94.570648,
            39.106086
          ],
          [
            -94.570496,
            39.106091
          ],
          [
            -94.570331,
            39.106108
          ],
          [
            -94.570158,
            39.106138
          ],
          [
            -94.569955,
            39.106182
          ],
          [
            -94.5698,
            39.106227
          ],
          [
            -94.569676,
            39.106277
          ],
          [
            -94.56951,
            39.106352
          ],
          [
            -94.56907,
            39.106576
          ],
          [
            -94.568793,
            39.106709
          ],
          [
            -94.568578,
            39.106831
          ],
          [
            -94.568495,
            39.10687
          ],
          [
            -94.568449,
            39.106897
          ],
          [
            -94.568375,
            39.106935
          ],
          [
            -94.568229,
            39.10693
          ],
          [
            -94.567554,
            39.106907
          ],
          [
            -94.566652,
            39.106877
          ],
          [
            -94.566253,
            39.106864
          ],
          [
            -94.565904,
            39.106852
          ],
          [
            -94.565646,
            39.106844
          ],
          [
            -94.56491,
            39.106819
          ],
          [
            -94.564744,
            39.106815
          ],
          [
            -94.564545,
            39.106803
          ],
          [
            -94.564263,
            39.106791
          ],
          [
            -94.564129,
            39.106786
          ],
          [
            -94.564117,
            39.106619
          ],
          [
            -94.564096,
            39.106536
          ],
          [
            -94.564068,
            39.106457
          ],
          [
            -94.564027,
            39.106361
          ],
          [
            -94.563965,
            39.106235
          ],
          [
            -94.563888,
            39.106101
          ],
          [
            -94.563831,
            39.105993
          ],
          [
            -94.563791,
            39.105889
          ],
          [
            -94.563757,
            39.10578
          ],
          [
            -94.563737,
            39.105677
          ],
          [
            -94.563726,
            39.105578
          ],
          [
            -94.563723,
            39.10542
          ],
          [
            -94.563723,
            39.105365
          ],
          [
            -94.563724,
            39.105301
          ],
          [
            -94.563727,
            39.105231
          ],
          [
            -94.56373,
            39.105167
          ],
          [
            -94.563748,
            39.104792
          ],
          [
            -94.563758,
            39.10458
          ],
          [
            -94.563787,
            39.103955
          ],
          [
            -94.56379,
            39.103876
          ],
          [
            -94.563794,
            39.103789
          ],
          [
            -94.563828,
            39.103098
          ],
          [
            -94.563832,
            39.103014
          ],
          [
            -94.563838,
            39.102905
          ],
          [
            -94.563896,
            39.101796
          ],
          [
            -94.5639,
            39.101727
          ],
          [
            -94.563543,
            39.101716
          ],
          [
            -94.56342,
            39.101712
          ],
          [
            -94.563301,
            39.101709
          ],
          [
            -94.563152,
            39.101708
          ],
          [
            -94.562995,
            39.101725
          ],
          [
            -94.562914,
            39.101739
          ],
          [
            -94.562812,
            39.101763
          ],
          [
            -94.56269,
            39.101795
          ],
          [
            -94.562579,
            39.101829
          ],
          [
            -94.562454,
            39.101881
          ],
          [
            -94.562303,
            39.101959
          ],
          [
            -94.562185,
            39.102051
          ],
          [
            -94.562064,
            39.102155
          ],
          [
            -94.561793,
            39.102435
          ],
          [
            -94.561681,
            39.102519
          ],
          [
            -94.561609,
            39.102561
          ],
          [
            -94.561478,
            39.102632
          ],
          [
            -94.561309,
            39.1027
          ],
          [
            -94.561191,
            39.10274
          ],
          [
            -94.561053,
            39.102769
          ],
          [
            -94.560921,
            39.102786
          ],
          [
            -94.560798,
            39.102792
          ],
          [
            -94.560602,
            39.102795
          ],
          [
            -94.560563,
            39.102807
          ],
          [
            -94.560531,
            39.102817
          ],
          [
            -94.560479,
            39.102837
          ],
          [
            -94.560449,
            39.102843
          ],
          [
            -94.56037,
            39.10284
          ],
          [
            -94.560138,
            39.102826
          ],
          [
            -94.560038,
            39.102821
          ],
          [
            -94.558406,
            39.102727
          ],
          [
            -94.558267,
            39.102721
          ],
          [
            -94.55804,
            39.102713
          ],
          [
            -94.557017,
            39.102675
          ],
          [
            -94.55671,
            39.102665
          ],
          [
            -94.556518,
            39.102659
          ],
          [
            -94.555877,
            39.102639
          ],
          [
            -94.555756,
            39.102634
          ],
          [
            -94.555455,
            39.102626
          ],
          [
            -94.554711,
            39.102605
          ],
          [
            -94.554098,
            39.102584
          ],
          [
            -94.553666,
            39.102573
          ],
          [
            -94.553606,
            39.102572
          ],
          [
            -94.55354,
            39.10257
          ],
          [
            -94.553465,
            39.102568
          ],
          [
            -94.552504,
            39.102537
          ],
          [
            -94.552333,
            39.102532
          ],
          [
            -94.551972,
            39.10252
          ],
          [
            -94.55174,
            39.102513
          ],
          [
            -94.551587,
            39.102508
          ],
          [
            -94.551338,
            39.1025
          ],
          [
            -94.551237,
            39.102497
          ],
          [
            -94.551163,
            39.102494
          ],
          [
            -94.551104,
            39.102492
          ],
          [
            -94.549656,
            39.102441
          ],
          [
            -94.54906,
            39.10242
          ],
          [
            -94.548461,
            39.102399
          ],
          [
            -94.546939,
            39.102348
          ],
          [
            -94.546106,
            39.10232
          ],
          [
            -94.545982,
            39.102314
          ],
          [
            -94.545866,
            39.102312
          ],
          [
            -94.544686,
            39.102277
          ],
          [
            -94.544435,
            39.10227
          ],
          [
            -94.544286,
            39.102266
          ],
          [
            -94.544145,
            39.10226
          ],
          [
            -94.543839,
            39.10225
          ],
          [
            -94.543721,
            39.102246
          ],
          [
            -94.542713,
            39.10221
          ],
          [
            -94.542027,
            39.102188
          ],
          [
            -94.540666,
            39.10213
          ],
          [
            -94.540529,
            39.102125
          ],
          [
            -94.540466,
            39.102123
          ],
          [
            -94.540413,
            39.102121
          ],
          [
            -94.539893,
            39.102105
          ],
          [
            -94.538959,
            39.102074
          ],
          [
            -94.537723,
            39.102033
          ],
          [
            -94.537427,
            39.102024
          ],
          [
            -94.537356,
            39.102028
          ],
          [
            -94.537269,
            39.102032
          ],
          [
            -94.536842,
            39.10206
          ],
          [
            -94.536734,
            39.102059
          ],
          [
            -94.536063,
            39.10205
          ],
          [
            -94.535432,
            39.102028
          ],
          [
            -94.534445,
            39.102
          ],
          [
            -94.534377,
            39.101998
          ],
          [
            -94.533262,
            39.101961
          ],
          [
            -94.533102,
            39.101955
          ],
          [
            -94.533005,
            39.101953
          ],
          [
            -94.531675,
            39.101897
          ],
          [
            -94.531616,
            39.101895
          ],
          [
            -94.5311,
            39.101878
          ],
          [
            -94.530849,
            39.101869
          ],
          [
            -94.530521,
            39.10186
          ],
          [
            -94.530263,
            39.101851
          ],
          [
            -94.529365,
            39.101824
          ],
          [
            -94.528306,
            39.101789
          ],
          [
            -94.528303,
            39.101789
          ],
          [
            -94.528222,
            39.101786
          ],
          [
            -94.52811,
            39.101782
          ],
          [
            -94.527664,
            39.101767
          ],
          [
            -94.526161,
            39.101714
          ],
          [
            -94.526134,
            39.101713
          ],
          [
            -94.52597,
            39.101707
          ],
          [
            -94.525831,
            39.101704
          ],
          [
            -94.525798,
            39.101704
          ],
          [
            -94.525755,
            39.101702
          ],
          [
            -94.525519,
            39.101692
          ],
          [
            -94.525047,
            39.101677
          ],
          [
            -94.524174,
            39.101649
          ],
          [
            -94.523723,
            39.101634
          ],
          [
            -94.523635,
            39.101631
          ],
          [
            -94.521458,
            39.101564
          ],
          [
            -94.521324,
            39.101561
          ],
          [
            -94.521219,
            39.101555
          ],
          [
            -94.52106,
            39.101549
          ],
          [
            -94.518989,
            39.101469
          ],
          [
            -94.518906,
            39.101462
          ],
          [
            -94.518801,
            39.101454
          ],
          [
            -94.518434,
            39.10142
          ],
          [
            -94.518263,
            39.101391
          ],
          [
            -94.516711,
            39.101036
          ],
          [
            -94.516427,
            39.100972
          ],
          [
            -94.516302,
            39.100945
          ],
          [
            -94.516128,
            39.100909
          ],
          [
            -94.515868,
            39.100891
          ],
          [
            -94.515602,
            39.100886
          ],
          [
            -94.515403,
            39.100906
          ],
          [
            -94.51518,
            39.100958
          ],
          [
            -94.514931,
            39.101042
          ],
          [
            -94.514697,
            39.101149
          ],
          [
            -94.514419,
            39.101301
          ],
          [
            -94.514063,
            39.10151
          ],
          [
            -94.51393,
            39.101586
          ],
          [
            -94.513432,
            39.10187
          ],
          [
            -94.513103,
            39.102057
          ],
          [
            -94.512858,
            39.102197
          ],
          [
            -94.512791,
            39.102237
          ],
          [
            -94.512365,
            39.10249
          ],
          [
            -94.512036,
            39.102688
          ],
          [
            -94.511304,
            39.103126
          ],
          [
            -94.510402,
            39.103646
          ],
          [
            -94.51022,
            39.10374
          ],
          [
            -94.509003,
            39.104437
          ],
          [
            -94.508511,
            39.104718
          ],
          [
            -94.508476,
            39.104738
          ],
          [
            -94.508328,
            39.104823
          ],
          [
            -94.508028,
            39.104811
          ],
          [
            -94.507613,
            39.104794
          ],
          [
            -94.507372,
            39.104784
          ],
          [
            -94.507301,
            39.104781
          ],
          [
            -94.506489,
            39.104747
          ],
          [
            -94.506247,
            39.104737
          ],
          [
            -94.505199,
            39.104706
          ],
          [
            -94.505183,
            39.104705
          ],
          [
            -94.505089,
            39.1047
          ],
          [
            -94.505078,
            39.1047
          ],
          [
            -94.504411,
            39.104675
          ],
          [
            -94.503939,
            39.104657
          ],
          [
            -94.502867,
            39.104643
          ],
          [
            -94.502791,
            39.104642
          ],
          [
            -94.502723,
            39.104641
          ],
          [
            -94.502624,
            39.10464
          ],
          [
            -94.501001,
            39.104577
          ],
          [
            -94.50069,
            39.104569
          ],
          [
            -94.500411,
            39.104555
          ],
          [
            -94.499853,
            39.104532
          ],
          [
            -94.498252,
            39.104479
          ],
          [
            -94.497817,
            39.104465
          ],
          [
            -94.49763,
            39.104459
          ],
          [
            -94.497496,
            39.104451
          ],
          [
            -94.497352,
            39.104444
          ],
          [
            -94.497203,
            39.104441
          ],
          [
            -94.497059,
            39.104442
          ],
          [
            -94.496921,
            39.104441
          ],
          [
            -94.49665,
            39.104453
          ],
          [
            -94.496377,
            39.104462
          ],
          [
            -94.496077,
            39.104479
          ],
          [
            -94.49589,
            39.104498
          ],
          [
            -94.49559,
            39.104528
          ],
          [
            -94.495304,
            39.104563
          ],
          [
            -94.495031,
            39.104605
          ],
          [
            -94.494749,
            39.104651
          ],
          [
            -94.494472,
            39.104702
          ],
          [
            -94.494253,
            39.104745
          ],
          [
            -94.493914,
            39.104828
          ],
          [
            -94.493441,
            39.104966
          ],
          [
            -94.493098,
            39.105066
          ],
          [
            -94.491428,
            39.105577
          ],
          [
            -94.491344,
            39.105603
          ],
          [
            -94.491305,
            39.105615
          ],
          [
            -94.490708,
            39.105783
          ],
          [
            -94.490101,
            39.105962
          ],
          [
            -94.489052,
            39.106282
          ],
          [
            -94.488833,
            39.106304
          ],
          [
            -94.488333,
            39.106406
          ],
          [
            -94.487907,
            39.1065
          ],
          [
            -94.487814,
            39.106515
          ],
          [
            -94.487486,
            39.106565
          ],
          [
            -94.487209,
            39.106589
          ],
          [
            -94.486999,
            39.106598
          ],
          [
            -94.485617,
            39.106645
          ],
          [
            -94.485296,
            39.106659
          ],
          [
            -94.48519,
            39.106668
          ],
          [
            -94.484878,
            39.106692
          ],
          [
            -94.4847,
            39.106704
          ],
          [
            -94.484564,
            39.106717
          ],
          [
            -94.484429,
            39.106727
          ],
          [
            -94.484281,
            39.106752
          ],
          [
            -94.484154,
            39.106775
          ],
          [
            -94.483875,
            39.106832
          ],
          [
            -94.483738,
            39.106858
          ],
          [
            -94.483596,
            39.106877
          ],
          [
            -94.483367,
            39.106913
          ],
          [
            -94.483298,
            39.106936
          ],
          [
            -94.483251,
            39.106966
          ],
          [
            -94.483145,
            39.106981
          ],
          [
            -94.482994,
            39.107001
          ],
          [
            -94.48285,
            39.107024
          ],
          [
            -94.482715,
            39.10705
          ],
          [
            -94.482578,
            39.107075
          ],
          [
            -94.482442,
            39.1071
          ],
          [
            -94.48243,
            39.107102
          ],
          [
            -94.482217,
            39.107145
          ],
          [
            -94.479832,
            39.107677
          ],
          [
            -94.479585,
            39.107737
          ],
          [
            -94.479378,
            39.107779
          ],
          [
            -94.478939,
            39.107874
          ],
          [
            -94.478734,
            39.107915
          ],
          [
            -94.478472,
            39.107962
          ],
          [
            -94.478194,
            39.108005
          ],
          [
            -94.477915,
            39.108039
          ],
          [
            -94.477634,
            39.108058
          ],
          [
            -94.477348,
            39.108067
          ],
          [
            -94.477063,
            39.108061
          ],
          [
            -94.476779,
            39.108043
          ],
          [
            -94.4765,
            39.108021
          ],
          [
            -94.476214,
            39.107983
          ],
          [
            -94.475931,
            39.107934
          ],
          [
            -94.475656,
            39.10788
          ],
          [
            -94.475383,
            39.107815
          ],
          [
            -94.475033,
            39.107724
          ],
          [
            -94.474946,
            39.107698
          ],
          [
            -94.474692,
            39.107608
          ],
          [
            -94.474399,
            39.107494
          ],
          [
            -94.47433,
            39.10761
          ],
          [
            -94.474199,
            39.107831
          ],
          [
            -94.474153,
            39.10797
          ],
          [
            -94.474138,
            39.108112
          ],
          [
            -94.474155,
            39.108253
          ],
          [
            -94.474465,
            39.109397
          ],
          [
            -94.473779,
            39.109276
          ],
          [
            -94.472783,
            39.109118
          ],
          [
            -94.472657,
            39.109077
          ],
          [
            -94.472442,
            39.108987
          ],
          [
            -94.472032,
            39.10882
          ],
          [
            -94.469101,
            39.107568
          ],
          [
            -94.468953,
            39.107505
          ],
          [
            -94.4682,
            39.10718
          ],
          [
            -94.46779,
            39.106986
          ],
          [
            -94.467547,
            39.106913
          ],
          [
            -94.46738,
            39.106872
          ],
          [
            -94.467266,
            39.106857
          ],
          [
            -94.467142,
            39.106847
          ],
          [
            -94.46683,
            39.106831
          ],
          [
            -94.465973,
            39.106797
          ],
          [
            -94.464825,
            39.106753
          ],
          [
            -94.463614,
            39.106707
          ],
          [
            -94.463602,
            39.107179
          ],
          [
            -94.463597,
            39.10733
          ],
          [
            -94.463578,
            39.108032
          ],
          [
            -94.463577,
            39.108072
          ],
          [
            -94.463576,
            39.108105
          ],
          [
            -94.463566,
            39.108369
          ],
          [
            -94.463525,
            39.109076
          ],
          [
            -94.463422,
            39.110298
          ],
          [
            -94.463358,
            39.110296
          ],
          [
            -94.463024,
            39.110284
          ]
        ]
      }
    },
    {
      "type": "Feature",
      "properties": {
        "route_number": "16",
        "name": "North Kansas City Line",
        "confidence": "medium",
        "note": "Reuses the same real, drivable Missouri River crossing (Heart of America Bridge, not the rail/pedestrian-only ASB Bridge) already established for the North Kansas City Extension study elsewhere on this dashboard.",
        "source": "Digitized from an April 1952 Kansas City Public Service Co. system map (user-provided scan) -- an illustrative reconstruction, not a precise historical GIS record. Replaces the earlier October 1948 digitization: this map's clearer scan and its own 'STREET CAR LINES' detail panel (street-by-street routing for each numbered line) supported higher-confidence waypoints for most routes than the 1948 map allowed. Downtown intersections were pinned via the Overpass API (exact shared OSM way-nodes, not geocoding-text guesswork); named-place termini beyond downtown (Armourdale, Muncie, Fairmount) were geocoded via Nominatim.",
        "year": 1952
      },
      "geometry": {
        "type": "LineString",
        "coordinates": [
          [
            -94.578543,
            39.115707
          ],
          [
            -94.579419,
            39.119915
          ],
          [
            -94.579747,
            39.121513
          ],
          [
            -94.57999,
            39.122664
          ],
          [
            -94.580215,
            39.123798
          ],
          [
            -94.580305,
            39.124328
          ],
          [
            -94.580381,
            39.124952
          ],
          [
            -94.580503,
            39.12577
          ],
          [
            -94.580534,
            39.126103
          ],
          [
            -94.580539,
            39.12668
          ],
          [
            -94.58054,
            39.126779
          ],
          [
            -94.580541,
            39.126826
          ],
          [
            -94.580542,
            39.126931
          ],
          [
            -94.580541,
            39.127045
          ],
          [
            -94.580539,
            39.12719
          ],
          [
            -94.580532,
            39.127636
          ],
          [
            -94.580528,
            39.12798
          ],
          [
            -94.580523,
            39.128324
          ],
          [
            -94.580517,
            39.128811
          ],
          [
            -94.58051,
            39.129298
          ],
          [
            -94.580507,
            39.129509
          ],
          [
            -94.580502,
            39.129872
          ],
          [
            -94.5805,
            39.130068
          ],
          [
            -94.580495,
            39.130419
          ],
          [
            -94.580493,
            39.130549
          ],
          [
            -94.580492,
            39.130633
          ],
          [
            -94.580473,
            39.131701
          ],
          [
            -94.580467,
            39.132014
          ],
          [
            -94.580461,
            39.13237
          ],
          [
            -94.580432,
            39.134074
          ],
          [
            -94.58043,
            39.134197
          ],
          [
            -94.580428,
            39.134312
          ],
          [
            -94.580423,
            39.134659
          ],
          [
            -94.580422,
            39.134737
          ],
          [
            -94.580415,
            39.135239
          ],
          [
            -94.580403,
            39.136036
          ],
          [
            -94.580382,
            39.137586
          ],
          [
            -94.58038,
            39.137713
          ],
          [
            -94.580378,
            39.137842
          ],
          [
            -94.580377,
            39.137947
          ],
          [
            -94.580362,
            39.139081
          ],
          [
            -94.580358,
            39.139382
          ],
          [
            -94.580347,
            39.140264
          ],
          [
            -94.580346,
            39.141116
          ],
          [
            -94.580169,
            39.141352
          ],
          [
            -94.580153,
            39.141361
          ],
          [
            -94.580059,
            39.141416
          ],
          [
            -94.579911,
            39.141483
          ],
          [
            -94.579686,
            39.141526
          ],
          [
            -94.579487,
            39.141564
          ],
          [
            -94.579369,
            39.141621
          ],
          [
            -94.579099,
            39.141672
          ],
          [
            -94.578611,
            39.14176
          ],
          [
            -94.578523,
            39.141776
          ],
          [
            -94.578425,
            39.141793
          ],
          [
            -94.578263,
            39.141781
          ],
          [
            -94.578049,
            39.141816
          ],
          [
            -94.577967,
            39.141836
          ],
          [
            -94.577459,
            39.141938
          ],
          [
            -94.57742,
            39.141968
          ],
          [
            -94.577295,
            39.14199
          ],
          [
            -94.577292,
            39.142093
          ],
          [
            -94.577281,
            39.142479
          ],
          [
            -94.577278,
            39.142573
          ],
          [
            -94.577276,
            39.142641
          ],
          [
            -94.577274,
            39.142734
          ],
          [
            -94.577269,
            39.143085
          ],
          [
            -94.577257,
            39.143799
          ],
          [
            -94.577257,
            39.143851
          ],
          [
            -94.577386,
            39.143855
          ],
          [
            -94.577401,
            39.143855
          ],
          [
            -94.577906,
            39.143862
          ],
          [
            -94.578414,
            39.143865
          ],
          [
            -94.578489,
            39.143866
          ],
          [
            -94.578573,
            39.143865
          ],
          [
            -94.57907,
            39.14386
          ],
          [
            -94.57957,
            39.143865
          ],
          [
            -94.579637,
            39.143866
          ],
          [
            -94.579736,
            39.143867
          ],
          [
            -94.580185,
            39.143872
          ],
          [
            -94.580276,
            39.143873
          ],
          [
            -94.580269,
            39.144451
          ],
          [
            -94.580262,
            39.145017
          ],
          [
            -94.580261,
            39.145139
          ],
          [
            -94.580261,
            39.145169
          ],
          [
            -94.58026,
            39.145234
          ],
          [
            -94.580248,
            39.14591
          ],
          [
            -94.580245,
            39.146082
          ],
          [
            -94.58023,
            39.14694
          ],
          [
            -94.58022,
            39.147542
          ],
          [
            -94.58022,
            39.147579
          ],
          [
            -94.580218,
            39.147664
          ],
          [
            -94.580205,
            39.148533
          ],
          [
            -94.580203,
            39.148862
          ],
          [
            -94.580201,
            39.149049
          ],
          [
            -94.580129,
            39.149487
          ],
          [
            -94.580136,
            39.149779
          ],
          [
            -94.580117,
            39.150284
          ],
          [
            -94.580053,
            39.150546
          ],
          [
            -94.579893,
            39.150935
          ],
          [
            -94.579699,
            39.151253
          ],
          [
            -94.579243,
            39.151765
          ],
          [
            -94.578691,
            39.15219
          ],
          [
            -94.57861,
            39.152252
          ],
          [
            -94.578514,
            39.152326
          ],
          [
            -94.578704,
            39.152326
          ],
          [
            -94.578782,
            39.15227
          ],
          [
            -94.579401,
            39.151786
          ],
          [
            -94.579866,
            39.151399
          ],
          [
            -94.580096,
            39.151145
          ],
          [
            -94.580182,
            39.151005
          ],
          [
            -94.580214,
            39.150942
          ],
          [
            -94.580266,
            39.150837
          ],
          [
            -94.580329,
            39.150618
          ],
          [
            -94.580367,
            39.150393
          ],
          [
            -94.580375,
            39.14966
          ],
          [
            -94.58038,
            39.149213
          ],
          [
            -94.580382,
            39.149029
          ]
        ]
      }
    }
  ]
}