{"type": "FeatureCollection", "features": [{"type": "Feature", "properties": {"route_id": "101", "route_short_name": "101", "route_long_name": "State", "route_type": "Bus", "headway_minutes": 30.0, "frequency_tier": "Standard (16\u201330 min)", "color": "#3987e5"}, "geometry": {"type": "LineString", "coordinates": [[-94.573969, 39.09938], [-94.573959, 39.099599], [-94.57507, 39.099639], [-94.575059, 39.099879], [-94.575009, 39.100859], [-94.575149, 39.100859], [-94.575239, 39.100859], [-94.575399, 39.100869], [-94.575549, 39.100869], [-94.575999, 39.100879], [-94.576169, 39.100889], [-94.57661, 39.10091], [-94.57664, 39.10091], [-94.577339, 39.10094], [-94.577669, 39.100949], [-94.577919, 39.100949], [-94.578289, 39.100959], [-94.578469, 39.100959], [-94.579689, 39.101], [-94.58084, 39.101039], [-94.58201, 39.101079], [-94.582599, 39.10109], [-94.583109, 39.1011], [-94.583149, 39.100809], [-94.584239, 39.100869], [-94.58492, 39.100889], [-94.58537, 39.10091], [-94.58551, 39.10091], [-94.58591, 39.10092], [-94.586979, 39.100959], [-94.587699, 39.100989], [-94.5884, 39.10101], [-94.588409, 39.100859], [-94.58843, 39.10047], [-94.588459, 39.10011], [-94.588959, 39.10013], [-94.589309, 39.100149], [-94.589449, 39.100159], [-94.590029, 39.100179], [-94.590569, 39.10019], [-94.591149, 39.10021], [-94.59177, 39.100229], [-94.5923, 39.100259], [-94.592499, 39.100259], [-94.592779, 39.100269], [-94.593039, 39.10028], [-94.593459, 39.10031], [-94.593819, 39.100319], [-94.593939, 39.100319], [-94.59424, 39.100329], [-94.594759, 39.100339], [-94.595029, 39.100349], [-94.59541, 39.100359], [-94.595529, 39.100359], [-94.59604, 39.10037], [-94.59617, 39.10037], [-94.59767, 39.10047], [-94.597949, 39.10048], [-94.59824, 39.100499], [-94.598369, 39.100509], [-94.599839, 39.100629], [-94.601429, 39.100689], [-94.601789, 39.100699], [-94.601949, 39.100699], [-94.602009, 39.100699], [-94.60207, 39.100689], [-94.60235, 39.100599], [-94.602419, 39.10057], [-94.60262, 39.100499], [-94.60275, 39.100449], [-94.602999, 39.10037], [-94.603229, 39.10029], [-94.603359, 39.100249], [-94.603759, 39.10013], [-94.60409, 39.10002], [-94.60446, 39.099899], [-94.604709, 39.099809], [-94.605289, 39.09959], [-94.60563, 39.09949], [-94.60576, 39.099449], [-94.605919, 39.0994], [-94.60599, 39.09939], [-94.606049, 39.09938], [-94.60617, 39.09938], [-94.60622, 39.09938], [-94.606289, 39.09938], [-94.60634, 39.09939], [-94.60639, 39.0994], [-94.606469, 39.099419], [-94.60658, 39.099459], [-94.60666, 39.09949], [-94.60675, 39.099549], [-94.606809, 39.099599], [-94.606869, 39.09965], [-94.60697, 39.09976], [-94.607099, 39.099969], [-94.6072, 39.1001], [-94.607319, 39.10028], [-94.607359, 39.100329], [-94.60739, 39.10037], [-94.60757, 39.100599], [-94.60775, 39.10085], [-94.60792, 39.1011], [-94.608309, 39.101689], [-94.608799, 39.10238], [-94.60927, 39.103019], [-94.610069, 39.10426], [-94.610279, 39.104549], [-94.61071, 39.10515], [-94.61076, 39.105209], [-94.61089, 39.105389], [-94.61098, 39.10551], [-94.61111, 39.10569], [-94.61121, 39.105849], [-94.61148, 39.106279], [-94.611599, 39.106459], [-94.611689, 39.1066], [-94.611939, 39.106929], [-94.6121, 39.10715], [-94.612209, 39.107289], [-94.612309, 39.10742], [-94.612399, 39.107529], [-94.612619, 39.10786], [-94.612749, 39.10804], [-94.613109, 39.108549], [-94.613219, 39.108709], [-94.613569, 39.10921], [-94.613849, 39.109599], [-94.613939, 39.10973], [-94.61405, 39.109879], [-94.614109, 39.109959], [-94.614279, 39.11019], [-94.614339, 39.11027], [-94.61441, 39.110329], [-94.61449, 39.11039], [-94.614639, 39.11047], [-94.61499, 39.11064], [-94.615589, 39.110949], [-94.61611, 39.11119], [-94.61706, 39.11166], [-94.617349, 39.111839], [-94.617439, 39.11189], [-94.617799, 39.11207], [-94.617839, 39.112109], [-94.61787, 39.112139], [-94.617889, 39.11217], [-94.617899, 39.112199], [-94.617899, 39.112239], [-94.617889, 39.11227], [-94.61787, 39.112309], [-94.617849, 39.11234], [-94.617809, 39.112399], [-94.617749, 39.112479], [-94.617339, 39.11299], [-94.61719, 39.11318], [-94.617159, 39.113219], [-94.617129, 39.11327], [-94.61711, 39.113309], [-94.617089, 39.11335], [-94.617079, 39.113379], [-94.617069, 39.113409], [-94.61706, 39.113459], [-94.61705, 39.11352], [-94.617039, 39.1136], [-94.61706, 39.113649], [-94.617089, 39.11372], [-94.61711, 39.113759], [-94.617129, 39.1138], [-94.61715, 39.113829], [-94.61719, 39.11388], [-94.617209, 39.1139], [-94.61723, 39.113919], [-94.61728, 39.11397], [-94.61738, 39.11406], [-94.617439, 39.114109], [-94.6175, 39.11416], [-94.61759, 39.11423], [-94.61768, 39.114289], [-94.617749, 39.11434], [-94.617849, 39.11443], [-94.617939, 39.114459], [-94.61804, 39.114489], [-94.618119, 39.11451], [-94.618199, 39.11453], [-94.618249, 39.114539], [-94.61831, 39.114549], [-94.61837, 39.114559], [-94.61845, 39.114569], [-94.61855, 39.114579], [-94.618749, 39.11459], [-94.61931, 39.114579], [-94.619609, 39.114579], [-94.61981, 39.114579], [-94.621409, 39.11459], [-94.621399, 39.11495], [-94.621399, 39.115079], [-94.621399, 39.11516], [-94.621399, 39.115539], [-94.62206, 39.115539], [-94.622739, 39.115539], [-94.623199, 39.115529], [-94.623459, 39.115529], [-94.62363, 39.115529], [-94.624049, 39.11552], [-94.624779, 39.11552], [-94.624899, 39.11552], [-94.625139, 39.115529], [-94.62533, 39.11552], [-94.62552, 39.11552], [-94.625639, 39.115529], [-94.62575, 39.115559], [-94.62587, 39.11558], [-94.625979, 39.115569], [-94.62605, 39.115559], [-94.626119, 39.115539], [-94.626219, 39.11552], [-94.626839, 39.1155], [-94.628019, 39.11551], [-94.628859, 39.11552], [-94.629589, 39.115529], [-94.62997, 39.115529], [-94.63029, 39.115529], [-94.630479, 39.115529], [-94.630679, 39.115529], [-94.63078, 39.115529], [-94.631219, 39.115529], [-94.631979, 39.115529], [-94.632109, 39.115529], [-94.632369, 39.115529], [-94.632729, 39.115529], [-94.633049, 39.115529], [-94.633379, 39.115529], [-94.63376, 39.115529], [-94.63412, 39.115529], [-94.63425, 39.115529], [-94.63439, 39.115529], [-94.634619, 39.115529], [-94.63514, 39.115529], [-94.63537, 39.115529], [-94.63577, 39.115529], [-94.63582, 39.115529], [-94.63592, 39.115529], [-94.636119, 39.11552], [-94.636249, 39.11552], [-94.636419, 39.11552], [-94.63654, 39.11552], [-94.636829, 39.11552], [-94.637019, 39.115529], [-94.63713, 39.115529], [-94.637319, 39.115529], [-94.63776, 39.115529], [-94.638129, 39.115529], [-94.63839, 39.115529], [-94.6387, 39.115529], [-94.63916, 39.115529], [-94.63937, 39.115529], [-94.63974, 39.115529], [-94.639939, 39.115529], [-94.640199, 39.115529], [-94.64069, 39.11552], [-94.64162, 39.11551], [-94.64194, 39.11551], [-94.642369, 39.11551], [-94.642499, 39.11551], [-94.64312, 39.11551], [-94.64342, 39.11551], [-94.64383, 39.11551], [-94.644709, 39.11551], [-94.644939, 39.11551], [-94.64554, 39.11551], [-94.645689, 39.11551], [-94.646099, 39.11551], [-94.646509, 39.11551], [-94.646909, 39.11551], [-94.647009, 39.11551], [-94.647229, 39.11551], [-94.647369, 39.11551], [-94.64744, 39.11551], [-94.647589, 39.11551], [-94.64816, 39.11551], [-94.648219, 39.11551], [-94.64837, 39.11551], [-94.648619, 39.11551], [-94.64915, 39.11552], [-94.649159, 39.11589], [-94.649199, 39.11596], [-94.64937, 39.11596], [-94.64937, 39.116079], [-94.64941, 39.116369], [-94.649569, 39.116359], [-94.64973, 39.116359], [-94.65049, 39.11641], [-94.651679, 39.11651], [-94.651919, 39.116529], [-94.652359, 39.11657], [-94.653529, 39.11668], [-94.653969, 39.116709], [-94.654599, 39.11678], [-94.65499, 39.116799], [-94.655109, 39.116799], [-94.655379, 39.116799], [-94.65576, 39.116799], [-94.65692, 39.116799], [-94.657499, 39.116799], [-94.657979, 39.116799], [-94.658669, 39.116789], [-94.658829, 39.116789], [-94.659109, 39.116789], [-94.659279, 39.116789], [-94.659369, 39.116789], [-94.65972, 39.11678], [-94.660149, 39.11678], [-94.660179, 39.11678], [-94.66039, 39.11678], [-94.660739, 39.11678], [-94.66084, 39.11678], [-94.660999, 39.11678], [-94.661179, 39.11678], [-94.661499, 39.11678], [-94.66205, 39.11678], [-94.66256, 39.11677], [-94.662699, 39.11677], [-94.66327, 39.11677], [-94.66345, 39.11677], [-94.664189, 39.11676], [-94.664739, 39.11676], [-94.664949, 39.11676], [-94.66526, 39.11676], [-94.66556, 39.11676], [-94.66565, 39.11676], [-94.665849, 39.11676], [-94.665999, 39.11676], [-94.666219, 39.11676], [-94.666499, 39.11675], [-94.666709, 39.11675], [-94.66715, 39.11675], [-94.667429, 39.11675], [-94.667889, 39.116739], [-94.66813, 39.116739], [-94.66844, 39.116739], [-94.668479, 39.116739], [-94.66881, 39.116729], [-94.66908, 39.116729], [-94.669239, 39.116729], [-94.669449, 39.116729], [-94.66976, 39.116729], [-94.669909, 39.116729], [-94.670129, 39.116729], [-94.670529, 39.116729], [-94.67083, 39.116729], [-94.67115, 39.116729], [-94.671209, 39.11676], [-94.67124, 39.11677], [-94.67129, 39.11678], [-94.67151, 39.11678], [-94.671699, 39.11678], [-94.672079, 39.11678], [-94.672249, 39.11678], [-94.672479, 39.11678], [-94.672749, 39.11677], [-94.673199, 39.11676], [-94.6733, 39.11676], [-94.673919, 39.11676], [-94.67597, 39.11678], [-94.67628, 39.116789], [-94.67642, 39.116789], [-94.67695, 39.11678], [-94.677789, 39.11678], [-94.67839, 39.11677], [-94.67911, 39.11676], [-94.679319, 39.11675], [-94.680249, 39.116739], [-94.68127, 39.116729], [-94.681649, 39.116729], [-94.681869, 39.116729], [-94.68239, 39.116719], [-94.683489, 39.116719], [-94.6838, 39.116709], [-94.68402, 39.116709], [-94.68451, 39.116709], [-94.685519, 39.11669], [-94.68573, 39.11669], [-94.6865, 39.11668], [-94.6865, 39.116549], [-94.6865, 39.115999], [-94.686509, 39.11561], [-94.686519, 39.114279], [-94.68578, 39.11425], [-94.685609, 39.114199], [-94.685519, 39.11416], [-94.6855, 39.114099], [-94.685519, 39.11416], [-94.685609, 39.114199], [-94.68578, 39.11425], [-94.686519, 39.114279], [-94.686509, 39.11561], [-94.6865, 39.115999], [-94.6865, 39.116549], [-94.6865, 39.11668], [-94.68671, 39.11668], [-94.687179, 39.11667], [-94.687449, 39.11667], [-94.687769, 39.11667], [-94.68812, 39.11666], [-94.688269, 39.11666], [-94.688409, 39.11666], [-94.68857, 39.11659], [-94.68893, 39.11659], [-94.689079, 39.11659], [-94.689619, 39.11659], [-94.68987, 39.11659], [-94.690339, 39.11659], [-94.690559, 39.11659], [-94.69068, 39.11659], [-94.691199, 39.11658], [-94.69148, 39.11658], [-94.692089, 39.11659], [-94.692369, 39.11659], [-94.692849, 39.1166], [-94.69343, 39.11659], [-94.693669, 39.11659], [-94.69383, 39.11659], [-94.69392, 39.11659], [-94.694219, 39.11659], [-94.694469, 39.11659], [-94.694669, 39.11659], [-94.695029, 39.11659], [-94.69523, 39.11659], [-94.6955, 39.11659], [-94.69648, 39.1166], [-94.696989, 39.116609], [-94.697259, 39.116609], [-94.69784, 39.116609], [-94.698389, 39.116609], [-94.698719, 39.116609], [-94.699249, 39.116609], [-94.699789, 39.116609], [-94.700049, 39.116609], [-94.700509, 39.116609], [-94.700909, 39.116609], [-94.702139, 39.116619], [-94.702839, 39.116619], [-94.70324, 39.116619], [-94.70332, 39.116619], [-94.70373, 39.116619], [-94.70417, 39.116619], [-94.70444, 39.116619], [-94.70512, 39.116629], [-94.705859, 39.116639], [-94.70678, 39.116649], [-94.70711, 39.116649], [-94.707159, 39.116649], [-94.707759, 39.116649], [-94.708199, 39.11666], [-94.70854, 39.11666], [-94.708739, 39.11666], [-94.709049, 39.11666], [-94.70976, 39.11666], [-94.710359, 39.11666], [-94.710669, 39.11666], [-94.71088, 39.11666], [-94.71102, 39.11666], [-94.71116, 39.11666], [-94.711309, 39.11666], [-94.71165, 39.11666], [-94.71224, 39.11667], [-94.71323, 39.11668], [-94.71331, 39.11668], [-94.71376, 39.11668], [-94.71448, 39.11669], [-94.715169, 39.11669], [-94.715319, 39.11669], [-94.715679, 39.11669], [-94.71638, 39.116699], [-94.71664, 39.116699], [-94.717019, 39.116699], [-94.717829, 39.11669], [-94.718329, 39.11669], [-94.718739, 39.11669], [-94.72001, 39.116699], [-94.720489, 39.116699], [-94.72073, 39.11669], [-94.72133, 39.11669], [-94.72244, 39.116699], [-94.722639, 39.116699], [-94.72312, 39.116709], [-94.7233, 39.116709], [-94.72385, 39.116709], [-94.724219, 39.116709], [-94.72448, 39.116709], [-94.725069, 39.116719], [-94.725219, 39.116719], [-94.72555, 39.116719], [-94.72565, 39.116719], [-94.72605, 39.116729], [-94.72622, 39.116729], [-94.726559, 39.116729], [-94.72712, 39.116739], [-94.727279, 39.116739], [-94.727499, 39.116739], [-94.72767, 39.116739], [-94.728229, 39.11675], [-94.728399, 39.11675], [-94.729079, 39.116739], [-94.72928, 39.116739], [-94.72946, 39.116739], [-94.72983, 39.116739], [-94.729989, 39.116739], [-94.730209, 39.116739], [-94.730389, 39.116739], [-94.730889, 39.116739], [-94.73113, 39.116739], [-94.731329, 39.116739], [-94.731459, 39.116739], [-94.731739, 39.116739], [-94.731929, 39.116739], [-94.73239, 39.116739], [-94.732869, 39.116739], [-94.73352, 39.11675], [-94.73402, 39.11675], [-94.73447, 39.11675], [-94.734669, 39.11675], [-94.73504, 39.11675], [-94.735249, 39.11675], [-94.7354, 39.11675], [-94.73564, 39.11675], [-94.735919, 39.11675], [-94.736319, 39.11676], [-94.736549, 39.11676], [-94.736739, 39.11676], [-94.736829, 39.11676], [-94.736949, 39.11676], [-94.73721, 39.11676], [-94.73789, 39.11676], [-94.737999, 39.11676], [-94.738359, 39.11675], [-94.738589, 39.11675], [-94.738709, 39.116819], [-94.73883, 39.116819], [-94.73906, 39.116819], [-94.739659, 39.116819], [-94.740299, 39.116819], [-94.74044, 39.116819], [-94.74122, 39.116799], [-94.74184, 39.116789], [-94.74296, 39.116799], [-94.74319, 39.116799], [-94.744119, 39.116799], [-94.745469, 39.11678], [-94.74575, 39.11678], [-94.746329, 39.11677], [-94.74698, 39.11676], [-94.746989, 39.116989], [-94.746989, 39.117279], [-94.746989, 39.117449], [-94.74702, 39.118979], [-94.747029, 39.11909], [-94.747029, 39.11921], [-94.747039, 39.119679], [-94.747029, 39.119869], [-94.747039, 39.119979], [-94.74706, 39.120069], [-94.7471, 39.12017], [-94.747139, 39.120249], [-94.747219, 39.120339], [-94.747299, 39.120409], [-94.747399, 39.12048], [-94.747489, 39.120509], [-94.747589, 39.12054], [-94.747669, 39.120569], [-94.74773, 39.120579], [-94.747839, 39.120589], [-94.748079, 39.120589], [-94.748659, 39.120569], [-94.748659, 39.12092], [-94.748659, 39.12092], [-94.748079, 39.120589], [-94.747839, 39.120589], [-94.74773, 39.120579], [-94.747669, 39.120569], [-94.747589, 39.12054], [-94.747489, 39.120509], [-94.747399, 39.12048], [-94.747299, 39.120409], [-94.747219, 39.120339], [-94.747139, 39.120249], [-94.7471, 39.12017], [-94.74706, 39.120069], [-94.747039, 39.119979], [-94.747029, 39.119869], [-94.747039, 39.119679], [-94.747029, 39.11921], [-94.747029, 39.11909], [-94.74702, 39.118979], [-94.746989, 39.117449], [-94.746989, 39.117279], [-94.746989, 39.116989], [-94.74698, 39.11676], [-94.748529, 39.116699], [-94.749379, 39.11668], [-94.7498, 39.11667], [-94.750369, 39.116649], [-94.75106, 39.116629], [-94.75184, 39.116609], [-94.752079, 39.116609], [-94.75233, 39.1166], [-94.75242, 39.1166], [-94.7526, 39.11659], [-94.753019, 39.11658], [-94.753659, 39.11657], [-94.75381, 39.116559], [-94.753919, 39.116559], [-94.75436, 39.116549], [-94.754639, 39.116539], [-94.754869, 39.116539], [-94.75508, 39.116529], [-94.7552, 39.116529], [-94.75566, 39.116519], [-94.75598, 39.116519], [-94.756929, 39.1165], [-94.75733, 39.11649], [-94.757569, 39.11649], [-94.758249, 39.116469], [-94.758419, 39.116469], [-94.75899, 39.116459], [-94.75907, 39.116459], [-94.759689, 39.116449], [-94.760449, 39.116429], [-94.760639, 39.116429], [-94.76102, 39.116429], [-94.761569, 39.116429], [-94.76168, 39.116429], [-94.761789, 39.116429], [-94.762, 39.116429], [-94.762379, 39.116429], [-94.76277, 39.116429], [-94.76339, 39.116429], [-94.763829, 39.116429], [-94.76399, 39.116429], [-94.764409, 39.116429], [-94.764549, 39.116429], [-94.764899, 39.116429], [-94.76507, 39.116429], [-94.76564, 39.116429], [-94.76609, 39.116429], [-94.76641, 39.116429], [-94.76686, 39.116429], [-94.767059, 39.116429], [-94.76731, 39.116429], [-94.76749, 39.116429], [-94.767609, 39.116429], [-94.76777, 39.116429], [-94.76817, 39.116429], [-94.768919, 39.116429], [-94.769809, 39.11642], [-94.770799, 39.1164], [-94.771059, 39.1164], [-94.77122, 39.1164], [-94.77167, 39.1164], [-94.772049, 39.1164], [-94.7724, 39.1164], [-94.772829, 39.1164], [-94.772949, 39.1164], [-94.773499, 39.1164], [-94.774259, 39.1164], [-94.775309, 39.1164], [-94.77573, 39.1164], [-94.77623, 39.11639], [-94.776749, 39.1164], [-94.778189, 39.11639], [-94.778459, 39.11639], [-94.779129, 39.11639], [-94.781239, 39.1164], [-94.78194, 39.1164], [-94.782459, 39.1164], [-94.783589, 39.1164], [-94.78487, 39.11641], [-94.784939, 39.11641], [-94.78571, 39.11641], [-94.78712, 39.11642], [-94.787859, 39.11642], [-94.78851, 39.11642], [-94.78932, 39.11642], [-94.790459, 39.11642], [-94.79147, 39.116429], [-94.792409, 39.116429], [-94.793439, 39.116429], [-94.795769, 39.116439], [-94.79589, 39.116439], [-94.796759, 39.116439], [-94.797159, 39.116439], [-94.79777, 39.116449], [-94.798059, 39.116449], [-94.798689, 39.116449], [-94.79895, 39.116449], [-94.799279, 39.116449], [-94.7998, 39.116449], [-94.80061, 39.116449], [-94.80097, 39.116449], [-94.801359, 39.116449], [-94.801929, 39.116449], [-94.802069, 39.116449], [-94.803239, 39.116439], [-94.80449, 39.116429], [-94.80507, 39.116429], [-94.80629, 39.116429], [-94.80709, 39.116429], [-94.807239, 39.116429], [-94.80791, 39.11642], [-94.80827, 39.11642], [-94.80854, 39.11642], [-94.8093, 39.11641], [-94.809719, 39.1164], [-94.810029, 39.1164], [-94.811299, 39.1164], [-94.811739, 39.11639], [-94.812209, 39.116379], [-94.81241, 39.116379], [-94.814359, 39.116369], [-94.81487, 39.116379], [-94.816029, 39.116369], [-94.816419, 39.116369], [-94.81667, 39.116369], [-94.81686, 39.11633], [-94.817139, 39.116279], [-94.817459, 39.1163], [-94.81767, 39.11631], [-94.817779, 39.11632], [-94.81812, 39.116369], [-94.818229, 39.116379], [-94.81857, 39.116449], [-94.81875, 39.11649], [-94.819399, 39.116699], [-94.819219, 39.11694], [-94.819029, 39.11731], [-94.81884, 39.11774], [-94.818589, 39.118319], [-94.818539, 39.118509], [-94.81852, 39.11867], [-94.818509, 39.118709], [-94.81847, 39.118879], [-94.818509, 39.119129], [-94.818669, 39.119509], [-94.818949, 39.119879], [-94.819229, 39.120039], [-94.819409, 39.120149], [-94.819859, 39.120339], [-94.82045, 39.120579], [-94.820849, 39.120779], [-94.821069, 39.121019], [-94.821249, 39.12118], [-94.82199, 39.122019], [-94.822359, 39.12235], [-94.823009, 39.122939], [-94.823769, 39.12342], [-94.82392, 39.12351], [-94.824069, 39.12359], [-94.825029, 39.12395], [-94.825929, 39.12416], [-94.8264, 39.124269], [-94.826559, 39.12431], [-94.82748, 39.12453], [-94.82806, 39.12471], [-94.82847, 39.12494], [-94.828589, 39.125009], [-94.82896, 39.125279], [-94.829029, 39.125339], [-94.82942, 39.125739], [-94.829739, 39.1262], [-94.82978, 39.126339], [-94.829799, 39.126419], [-94.83, 39.127179], [-94.830019, 39.127589], [-94.830029, 39.127769], [-94.83004, 39.12819], [-94.83004, 39.12847], [-94.83004, 39.128619], [-94.83005, 39.12938], [-94.830069, 39.13009], [-94.83022, 39.13009], [-94.830819, 39.13009], [-94.83104, 39.13009]]}}, {"type": "Feature", "properties": {"route_id": "107", "route_short_name": "107", "route_long_name": "7th Street - Parallel", "route_type": "Bus", "headway_minutes": 50.0, "frequency_tier": "Infrequent (31\u201360 min)", "color": "#6da7ec"}, "geometry": {"type": "LineString", "coordinates": [[-94.586465, 39.041291], [-94.586359, 39.041088], [-94.586145, 39.040697], [-94.58663, 39.040723], [-94.586899, 39.040742], [-94.587327, 39.040765], [-94.587356, 39.040767], [-94.587771, 39.040779], [-94.588094, 39.040784], [-94.588069, 39.041119], [-94.588048, 39.0416], [-94.588038, 39.041877], [-94.58803, 39.042146], [-94.58803, 39.042259], [-94.588306, 39.042264], [-94.588391, 39.042265], [-94.588505, 39.042267], [-94.589275, 39.042288], [-94.59031, 39.042324], [-94.590669, 39.042335], [-94.59156, 39.042377], [-94.591874, 39.042386], [-94.592234, 39.042397], [-94.59326, 39.042434], [-94.593473, 39.042434], [-94.593676, 39.04243], [-94.594114, 39.042422], [-94.594175, 39.042423], [-94.594404, 39.042425], [-94.594689, 39.04243], [-94.595494, 39.042447], [-94.595561, 39.042448], [-94.595954, 39.042456], [-94.596205, 39.042458], [-94.596466, 39.042462], [-94.597104, 39.042481], [-94.597201, 39.042484], [-94.597234, 39.042487], [-94.597356, 39.04247], [-94.597413, 39.042487], [-94.597468, 39.042534], [-94.597515, 39.042571], [-94.597572, 39.042631], [-94.597695, 39.04276], [-94.59779, 39.04287], [-94.597802, 39.042886], [-94.598136, 39.043287], [-94.598472, 39.043671], [-94.598771, 39.044026], [-94.598847, 39.044114], [-94.599046, 39.044347], [-94.599564, 39.044958], [-94.599682, 39.045095], [-94.600024, 39.045485], [-94.600239, 39.045741], [-94.600455, 39.046022], [-94.600588, 39.046214], [-94.600635, 39.046292], [-94.601117, 39.047108], [-94.601281, 39.047395], [-94.601377, 39.047564], [-94.60146, 39.047704], [-94.601612, 39.047989], [-94.601726, 39.048205], [-94.601864, 39.048484], [-94.602063, 39.048839], [-94.602204, 39.049072], [-94.602362, 39.049315], [-94.602474, 39.049487], [-94.602556, 39.049613], [-94.602581, 39.04966], [-94.602604, 39.04972], [-94.60262, 39.049776], [-94.602626, 39.049835], [-94.602624, 39.049909], [-94.602604, 39.050004], [-94.602791, 39.050016], [-94.602991, 39.050037], [-94.603202, 39.05006], [-94.603352, 39.050074], [-94.603545, 39.050086], [-94.603907, 39.050099], [-94.60428, 39.050114], [-94.604528, 39.050127], [-94.605225, 39.050156], [-94.605372, 39.050164], [-94.605508, 39.050167], [-94.606061, 39.050187], [-94.606358, 39.050195], [-94.606469, 39.050195], [-94.606977, 39.050209], [-94.607337, 39.050213], [-94.607806, 39.050237], [-94.608393, 39.05023], [-94.608599, 39.05023], [-94.609567, 39.050241], [-94.610714, 39.050243], [-94.611778, 39.050251], [-94.611853, 39.050249], [-94.611986, 39.050252], [-94.612859, 39.050248], [-94.61296, 39.050243], [-94.613857, 39.050249], [-94.614056, 39.050254], [-94.615252, 39.050255], [-94.616563, 39.050271], [-94.61695, 39.050282], [-94.617748, 39.050297], [-94.618071, 39.050291], [-94.618241, 39.050291], [-94.618369, 39.050288], [-94.618511, 39.050283], [-94.618673, 39.050271], [-94.618876, 39.050249], [-94.619095, 39.050221], [-94.619207, 39.050207], [-94.619972, 39.050099], [-94.620247, 39.05006], [-94.620554, 39.050013], [-94.620885, 39.049964], [-94.621025, 39.049948], [-94.621153, 39.049936], [-94.621284, 39.049936], [-94.621279, 39.049601], [-94.621275, 39.049309], [-94.621291, 39.048543], [-94.621291, 39.047792], [-94.621275, 39.047161], [-94.621272, 39.047007], [-94.621256, 39.04625], [-94.621256, 39.046035], [-94.621256, 39.045501], [-94.621256, 39.045101], [-94.621249, 39.044674], [-94.621244, 39.044375], [-94.621238, 39.044074], [-94.620296, 39.044065], [-94.620035, 39.044063], [-94.61977, 39.044063], [-94.618958, 39.044063], [-94.617727, 39.044066], [-94.616613, 39.044063], [-94.615712, 39.044063], [-94.615391, 39.044063], [-94.614805, 39.04408], [-94.614226, 39.044099], [-94.613095, 39.044092], [-94.611926, 39.044082], [-94.611926, 39.044297], [-94.61193, 39.044609], [-94.61193, 39.044722], [-94.61193, 39.045354], [-94.611919, 39.045909], [-94.611907, 39.046331], [-94.611896, 39.046891], [-94.61189, 39.047252], [-94.61188, 39.047727], [-94.611856, 39.048729], [-94.611845, 39.048966], [-94.611844, 39.049059], [-94.611851, 39.050009], [-94.611853, 39.050249], [-94.611856, 39.050463], [-94.611853, 39.05062], [-94.611859, 39.051093], [-94.611867, 39.051385], [-94.611862, 39.051676], [-94.611846, 39.053668], [-94.611846, 39.053832], [-94.611844, 39.054011], [-94.61184, 39.054166], [-94.611839, 39.054518], [-94.611834, 39.055033], [-94.61184, 39.055706], [-94.611844, 39.055992], [-94.6118, 39.056052], [-94.611793, 39.056189], [-94.611788, 39.056531], [-94.611773, 39.056935], [-94.611765, 39.057191], [-94.611763, 39.057282], [-94.61176, 39.057322], [-94.611757, 39.057371], [-94.611752, 39.057479], [-94.611744, 39.057715], [-94.611743, 39.057808], [-94.611746, 39.057875], [-94.611749, 39.057884], [-94.611763, 39.05796], [-94.611782, 39.058038], [-94.611805, 39.058101], [-94.611829, 39.058157], [-94.611867, 39.058241], [-94.611918, 39.058329], [-94.611981, 39.058419], [-94.612063, 39.058529], [-94.612167, 39.058663], [-94.612266, 39.058793], [-94.612437, 39.059023], [-94.612588, 39.059232], [-94.612667, 39.059336], [-94.612737, 39.05943], [-94.612769, 39.059483], [-94.612808, 39.059541], [-94.612869, 39.059662], [-94.612915, 39.059787], [-94.612947, 39.059916], [-94.612959, 39.060048], [-94.612959, 39.06018], [-94.612964, 39.060361], [-94.612964, 39.06045], [-94.612936, 39.061258], [-94.612931, 39.062066], [-94.612927, 39.062328], [-94.612909, 39.063256], [-94.612908, 39.06333], [-94.612896, 39.063657], [-94.612865, 39.064037], [-94.612857, 39.064216], [-94.612854, 39.064293], [-94.612847, 39.064501], [-94.612847, 39.064587], [-94.612876, 39.065308], [-94.612898, 39.06568], [-94.612911, 39.066026], [-94.612921, 39.06624], [-94.612932, 39.066411], [-94.612947, 39.066544], [-94.612976, 39.066682], [-94.613, 39.06678], [-94.613032, 39.066885], [-94.613051, 39.066944], [-94.613076, 39.067019], [-94.613106, 39.067098], [-94.613151, 39.067202], [-94.613196, 39.067292], [-94.613223, 39.06734], [-94.613276, 39.067433], [-94.613314, 39.067492], [-94.613372, 39.067568], [-94.613421, 39.067628], [-94.61349, 39.067701], [-94.613575, 39.067779], [-94.613624, 39.067818], [-94.613687, 39.067864], [-94.613792, 39.067937], [-94.614076, 39.068116], [-94.614418, 39.068325], [-94.614598, 39.068437], [-94.615031, 39.068699], [-94.615285, 39.068857], [-94.61579, 39.069167], [-94.615938, 39.069262], [-94.616095, 39.069355], [-94.616229, 39.069437], [-94.616453, 39.069575], [-94.616979, 39.069896], [-94.617251, 39.07007], [-94.617555, 39.070256], [-94.617895, 39.070461], [-94.618234, 39.07068], [-94.618388, 39.070771], [-94.61847, 39.070819], [-94.618688, 39.070936], [-94.618741, 39.070963], [-94.618925, 39.071049], [-94.619061, 39.07112], [-94.619247, 39.071185], [-94.619594, 39.071319], [-94.61975, 39.071381], [-94.619885, 39.071437], [-94.620243, 39.07157], [-94.620461, 39.071648], [-94.620958, 39.07184], [-94.621249, 39.071948], [-94.621425, 39.072023], [-94.621481, 39.072048], [-94.621628, 39.072113], [-94.621746, 39.072167], [-94.622139, 39.072347], [-94.622246, 39.072397], [-94.622281, 39.072414], [-94.622483, 39.072505], [-94.622668, 39.072586], [-94.622778, 39.072642], [-94.622879, 39.072699], [-94.622969, 39.07275], [-94.623088, 39.07283], [-94.623222, 39.072924], [-94.623328, 39.073009], [-94.623373, 39.073048], [-94.623395, 39.073068], [-94.623497, 39.073163], [-94.623579, 39.073245], [-94.623647, 39.07332], [-94.623738, 39.073431], [-94.623778, 39.073486], [-94.623817, 39.07354], [-94.623885, 39.073649], [-94.623953, 39.073773], [-94.623981, 39.073833], [-94.624013, 39.0739], [-94.62411, 39.074137], [-94.624148, 39.074241], [-94.624183, 39.074328], [-94.624266, 39.074533], [-94.624318, 39.074655], [-94.624358, 39.074751], [-94.624488, 39.075043], [-94.624584, 39.075256], [-94.624757, 39.075631], [-94.624825, 39.075772], [-94.625215, 39.076568], [-94.625303, 39.076751], [-94.625347, 39.076847], [-94.625384, 39.07694], [-94.625418, 39.077032], [-94.625437, 39.077095], [-94.625457, 39.077176], [-94.625485, 39.077328], [-94.6255, 39.077423], [-94.625507, 39.077492], [-94.625517, 39.077567], [-94.625524, 39.077706], [-94.625535, 39.077806], [-94.625547, 39.077917], [-94.625585, 39.077967], [-94.625606, 39.078625], [-94.625607, 39.078687], [-94.625619, 39.078952], [-94.625632, 39.079171], [-94.625657, 39.079746], [-94.62568, 39.080277], [-94.625684, 39.080374], [-94.625691, 39.080714], [-94.625697, 39.080877], [-94.625652, 39.080939], [-94.625656, 39.081127], [-94.625675, 39.082039], [-94.625692, 39.082405], [-94.625694, 39.08279], [-94.625705, 39.083123], [-94.625715, 39.083413], [-94.625729, 39.083787], [-94.625748, 39.084342], [-94.625771, 39.085261], [-94.625783, 39.085546], [-94.625799, 39.08594], [-94.625829, 39.08637], [-94.625827, 39.086455], [-94.625838, 39.086683], [-94.625848, 39.087043], [-94.625854, 39.087184], [-94.625862, 39.087521], [-94.625872, 39.087623], [-94.625881, 39.088464], [-94.625894, 39.088959], [-94.625896, 39.089028], [-94.625906, 39.08934], [-94.625911, 39.08952], [-94.625922, 39.089717], [-94.625943, 39.089972], [-94.625951, 39.090091], [-94.625973, 39.090443], [-94.625984, 39.090809], [-94.625988, 39.090944], [-94.626, 39.091194], [-94.626001, 39.091517], [-94.626013, 39.091895], [-94.626014, 39.092035], [-94.626018, 39.092334], [-94.62603, 39.09266], [-94.62603, 39.092708], [-94.626033, 39.092882], [-94.626041, 39.093012], [-94.626045, 39.093277], [-94.626031, 39.093587], [-94.626034, 39.09386], [-94.626042, 39.094295], [-94.626041, 39.094341], [-94.626041, 39.094563], [-94.626035, 39.094706], [-94.626026, 39.094932], [-94.62602, 39.095064], [-94.626014, 39.095208], [-94.626018, 39.095346], [-94.626019, 39.095461], [-94.626035, 39.09574], [-94.626052, 39.096046], [-94.626067, 39.096218], [-94.62609, 39.096803], [-94.626095, 39.09706], [-94.626137, 39.097124], [-94.626143, 39.097392], [-94.626142, 39.097543], [-94.626141, 39.097755], [-94.626127, 39.098193], [-94.626135, 39.098636], [-94.626135, 39.098956], [-94.626135, 39.099012], [-94.626146, 39.09957], [-94.626171, 39.100349], [-94.626175, 39.100974], [-94.626208, 39.101748], [-94.626215, 39.101908], [-94.626216, 39.102122], [-94.626225, 39.102308], [-94.626227, 39.102367], [-94.626227, 39.102744], [-94.626215, 39.102899], [-94.626225, 39.102964], [-94.62623, 39.103003], [-94.626245, 39.103087], [-94.62626, 39.103133], [-94.626283, 39.103186], [-94.626347, 39.103298], [-94.626546, 39.10358], [-94.62666, 39.103752], [-94.626688, 39.103822], [-94.626718, 39.103954], [-94.626728, 39.104044], [-94.626735, 39.104112], [-94.626762, 39.104517], [-94.626777, 39.105437], [-94.626801, 39.106302], [-94.626801, 39.106484], [-94.626793, 39.106791], [-94.626788, 39.10723], [-94.626795, 39.107717], [-94.626802, 39.108128], [-94.626802, 39.108654], [-94.6268, 39.109031], [-94.626796, 39.109385], [-94.626795, 39.109749], [-94.626794, 39.109861], [-94.626796, 39.110362], [-94.626806, 39.110795], [-94.626806, 39.111156], [-94.626801, 39.111722], [-94.6268, 39.111876], [-94.626799, 39.112056], [-94.6268, 39.112166], [-94.626801, 39.112298], [-94.626801, 39.112479], [-94.626804, 39.112699], [-94.626801, 39.112909], [-94.626801, 39.113064], [-94.6268, 39.113171], [-94.626799, 39.113276], [-94.626796, 39.11347], [-94.626795, 39.113657], [-94.626795, 39.113787], [-94.626795, 39.113902], [-94.626795, 39.113959], [-94.626791, 39.114083], [-94.62679, 39.114131], [-94.626789, 39.114226], [-94.626786, 39.114432], [-94.626785, 39.114589], [-94.626789, 39.114773], [-94.626793, 39.114964], [-94.626797, 39.115242], [-94.626802, 39.115513]]}}, {"type": "Feature", "properties": {"route_id": "11", "route_short_name": "11", "route_long_name": "Northeast-Westside", "route_type": "Bus", "headway_minutes": 30.0, "frequency_tier": "Standard (16\u201330 min)", "color": "#3987e5"}, "geometry": {"type": "LineString", "coordinates": [[-94.501218, 39.129605], [-94.506212, 39.131404], [-94.506039, 39.134358], [-94.506122, 39.137058], [-94.508674, 39.137135], [-94.513701, 39.137292], [-94.514082, 39.134906], [-94.514237, 39.131915], [-94.515883, 39.130728], [-94.518306, 39.130805], [-94.520105, 39.127524], [-94.509405, 39.112229], [-94.511651, 39.112244], [-94.515072, 39.112374], [-94.518808, 39.112497], [-94.520928, 39.112574], [-94.5221, 39.112615], [-94.52327, 39.112647], [-94.52559, 39.112725], [-94.526738, 39.112762], [-94.527907, 39.1128], [-94.530235, 39.112875], [-94.532583, 39.112961], [-94.537209, 39.113124], [-94.538589, 39.11318], [-94.543904, 39.113386], [-94.544422, 39.111593], [-94.546737, 39.11099], [-94.550488, 39.110903], [-94.553372, 39.11099], [-94.556779, 39.111117], [-94.558536, 39.10905], [-94.560287, 39.106507], [-94.56048, 39.103866], [-94.561812, 39.103004], [-94.563967, 39.10307], [-94.566944, 39.103067], [-94.569589, 39.103165], [-94.57044, 39.099544], [-94.573268, 39.099646], [-94.574437, 39.100885], [-94.576088, 39.100883], [-94.578364, 39.101005], [-94.580719, 39.101114], [-94.58297, 39.101181], [-94.586833, 39.100989], [-94.589885, 39.101107], [-94.591012, 39.101134], [-94.591243, 39.10032], [-94.593425, 39.093168], [-94.593635, 39.089501], [-94.593726, 39.087816], [-94.593855, 39.086009], [-94.594599, 39.084327], [-94.596881, 39.082497], [-94.600034, 39.078953], [-94.602949, 39.07567], [-94.607359, 39.072546], [-94.613228, 39.066313], [-94.613157, 39.063552], [-94.613181, 39.060544], [-94.609724, 39.057233]]}}, {"type": "Feature", "properties": {"route_id": "12", "route_short_name": "12", "route_long_name": "12th Street", "route_type": "Bus", "headway_minutes": 45.0, "frequency_tier": "Infrequent (31\u201360 min)", "color": "#6da7ec"}, "geometry": {"type": "LineString", "coordinates": [[-94.586951, 39.10094], [-94.587693, 39.100976], [-94.588014, 39.100985], [-94.58819, 39.100988], [-94.588385, 39.100996], [-94.588436, 39.100996], [-94.590005, 39.101058], [-94.590727, 39.101061], [-94.591132, 39.101089], [-94.591505, 39.101118], [-94.59224, 39.101191], [-94.592155, 39.102522], [-94.592065, 39.103924], [-94.591491, 39.103858], [-94.59098, 39.103819], [-94.591005, 39.103316], [-94.591048, 39.102468], [-94.591132, 39.101089], [-94.591179, 39.100228], [-94.590614, 39.100197], [-94.59005, 39.100169], [-94.588604, 39.100123], [-94.588419, 39.100113], [-94.587789, 39.100088], [-94.587363, 39.100078], [-94.586996, 39.100073], [-94.586742, 39.100064], [-94.585826, 39.100029], [-94.585576, 39.10002], [-94.584312, 39.099969], [-94.584108, 39.09997], [-94.58318, 39.099978], [-94.582087, 39.099935], [-94.580914, 39.099873], [-94.57974, 39.099815], [-94.578558, 39.099792], [-94.577397, 39.09973], [-94.576207, 39.099682], [-94.575056, 39.099643], [-94.573939, 39.099617], [-94.572844, 39.099576], [-94.572776, 39.099572], [-94.572685, 39.099569], [-94.572627, 39.099567], [-94.572526, 39.099563], [-94.572185, 39.09955], [-94.572139, 39.099547], [-94.571979, 39.099547], [-94.57192, 39.099545], [-94.571168, 39.099518], [-94.569897, 39.099471], [-94.568588, 39.099434], [-94.56746, 39.099395], [-94.567297, 39.09939], [-94.567148, 39.099386], [-94.566838, 39.099376], [-94.56622, 39.099353], [-94.565623, 39.099336], [-94.565245, 39.09933], [-94.564374, 39.099302], [-94.564049, 39.099293], [-94.563795, 39.099285], [-94.563512, 39.099269], [-94.563383, 39.099263], [-94.562479, 39.099203], [-94.562077, 39.099175], [-94.561177, 39.099128], [-94.560649, 39.0991], [-94.559585, 39.099096], [-94.559459, 39.099096], [-94.559352, 39.099142], [-94.559171, 39.099138], [-94.558336, 39.099114], [-94.557186, 39.09908], [-94.55652, 39.099051], [-94.556021, 39.099029], [-94.555564, 39.099015], [-94.554879, 39.098996], [-94.55372, 39.098958], [-94.552536, 39.098908], [-94.552002, 39.098886], [-94.551884, 39.09888], [-94.551396, 39.098858], [-94.550967, 39.098846], [-94.550494, 39.098832], [-94.55037, 39.098827], [-94.549266, 39.098773], [-94.54818, 39.098742], [-94.547944, 39.098733], [-94.547133, 39.098697], [-94.546041, 39.098658], [-94.545637, 39.098647], [-94.54523, 39.098632], [-94.544484, 39.098602], [-94.543672, 39.098576], [-94.543349, 39.098565], [-94.542202, 39.098525], [-94.541058, 39.098475], [-94.539901, 39.098432], [-94.538747, 39.098391], [-94.537608, 39.098363], [-94.537175, 39.098351], [-94.536657, 39.098331], [-94.536396, 39.098322], [-94.53601, 39.098308], [-94.535859, 39.098301], [-94.534642, 39.09825], [-94.533015, 39.098184], [-94.532533, 39.098165], [-94.531858, 39.098139], [-94.530185, 39.098087], [-94.529444, 39.098078], [-94.528448, 39.098047], [-94.526077, 39.097969], [-94.525357, 39.097954], [-94.52387, 39.097923], [-94.523285, 39.097889], [-94.523117, 39.097883], [-94.522474, 39.097847], [-94.522035, 39.097822], [-94.520989, 39.09779], [-94.520273, 39.097766], [-94.520094, 39.09776], [-94.519152, 39.097729], [-94.519249, 39.095854], [-94.519273, 39.095418], [-94.519289, 39.095249], [-94.519345, 39.094673], [-94.519361, 39.094456], [-94.519364, 39.094388], [-94.519377, 39.094119], [-94.519381, 39.094034], [-94.519389, 39.093919], [-94.519401, 39.093696], [-94.519416, 39.093454], [-94.519447, 39.092892], [-94.519458, 39.092649], [-94.51948, 39.091698], [-94.519503, 39.091233], [-94.519537, 39.090501], [-94.519548, 39.090338], [-94.519559, 39.09015], [-94.519585, 39.089705], [-94.519589, 39.089599], [-94.51963, 39.088762], [-94.519645, 39.088312], [-94.519653, 39.08807], [-94.51969, 39.087322], [-94.519716, 39.086883], [-94.51984, 39.085076], [-94.519841, 39.084758], [-94.519841, 39.084738], [-94.519863, 39.083879], [-94.51988, 39.08357], [-94.519885, 39.08348], [-94.519898, 39.083278], [-94.519925, 39.082838], [-94.519955, 39.082225], [-94.520009, 39.081324], [-94.520022, 39.081021], [-94.520027, 39.080899], [-94.520081, 39.07994], [-94.520094, 39.079669], [-94.520109, 39.079281], [-94.520138, 39.07858], [-94.520148, 39.078369], [-94.520156, 39.078184], [-94.520161, 39.0781], [-94.520169, 39.078024], [-94.520183, 39.077944], [-94.520201, 39.077866], [-94.520227, 39.077765], [-94.520253, 39.077741], [-94.520294, 39.07763], [-94.520324, 39.077527], [-94.520397, 39.077306], [-94.520435, 39.077207], [-94.520458, 39.077123], [-94.520493, 39.076963], [-94.520523, 39.076794], [-94.520532, 39.076569], [-94.520555, 39.076081], [-94.520584, 39.075325], [-94.520615, 39.074601], [-94.52064, 39.074178], [-94.520656, 39.0739], [-94.520692, 39.073234], [-94.520717, 39.072467], [-94.520729, 39.072284], [-94.520748, 39.071916], [-94.520758, 39.071769], [-94.520763, 39.071714], [-94.520769, 39.071589], [-94.520778, 39.071373], [-94.52078, 39.071255], [-94.52079, 39.070906], [-94.520799, 39.070678], [-94.520816, 39.070264], [-94.52082, 39.070101], [-94.52082, 39.070068], [-94.520819, 39.069932], [-94.52083, 39.069718], [-94.520849, 39.06951], [-94.520871, 39.069381], [-94.520899, 39.069256], [-94.520949, 39.069099], [-94.520988, 39.069], [-94.521037, 39.068891], [-94.521141, 39.068891], [-94.521208, 39.068894], [-94.521309, 39.068894], [-94.5212, 39.069375]]}}, {"type": "Feature", "properties": {"route_id": "18", "route_short_name": "18", "route_long_name": "Indiana", "route_type": "Bus", "headway_minutes": 30.0, "frequency_tier": "Standard (16\u201330 min)", "color": "#3987e5"}, "geometry": {"type": "LineString", "coordinates": [[-94.529655, 39.008197], [-94.529624, 39.008042], [-94.529601, 39.007787], [-94.529607, 39.007567], [-94.529634, 39.007432], [-94.529681, 39.0073], [-94.529808, 39.007117], [-94.529865, 39.00706], [-94.529938, 39.00701], [-94.53006, 39.006928], [-94.530209, 39.006858], [-94.530388, 39.006802], [-94.530586, 39.006773], [-94.530793, 39.006765], [-94.530981, 39.006773], [-94.531227, 39.006793], [-94.531409, 39.006819], [-94.531418, 39.006762], [-94.531479, 39.006549], [-94.53166, 39.006234], [-94.531751, 39.006062], [-94.531921, 39.00567], [-94.532005, 39.005502], [-94.532076, 39.005321], [-94.532146, 39.005], [-94.532298, 39.004528], [-94.533163, 39.004528], [-94.533207, 39.00441], [-94.533229, 39.00434], [-94.533242, 39.00428], [-94.533253, 39.004201], [-94.533373, 39.004226], [-94.533507, 39.004246], [-94.53369, 39.004263], [-94.535677, 39.004342], [-94.536671, 39.004376], [-94.537167, 39.004395], [-94.537665, 39.004421], [-94.537921, 39.004434], [-94.538201, 39.004449], [-94.539636, 39.004536], [-94.540115, 39.004556], [-94.540356, 39.004564], [-94.540622, 39.004576], [-94.542387, 39.004646], [-94.542596, 39.004654], [-94.542579, 39.005037], [-94.542567, 39.005296], [-94.542506, 39.006338], [-94.542489, 39.006638], [-94.542407, 39.006725], [-94.542384, 39.006856], [-94.542371, 39.006971], [-94.542333, 39.007261], [-94.542305, 39.007539], [-94.542295, 39.007752], [-94.542293, 39.007792], [-94.542286, 39.007986], [-94.54228, 39.008099], [-94.542157, 39.010474], [-94.542133, 39.010931], [-94.542131, 39.010953], [-94.54212, 39.011346], [-94.542097, 39.011809], [-94.54209, 39.011916], [-94.542063, 39.012422], [-94.542058, 39.012514], [-94.542002, 39.013607], [-94.541921, 39.014907], [-94.541897, 39.015282], [-94.541882, 39.015672], [-94.541859, 39.016264], [-94.541848, 39.016517], [-94.541835, 39.016765], [-94.541803, 39.017102], [-94.54173, 39.01796], [-94.541656, 39.01881], [-94.541628, 39.019159], [-94.541576, 39.019818], [-94.541514, 39.020614], [-94.541494, 39.021], [-94.541476, 39.021535], [-94.541437, 39.022137], [-94.541413, 39.022418], [-94.541399, 39.022615], [-94.541358, 39.023288], [-94.541342, 39.023699], [-94.541341, 39.023755], [-94.541317, 39.02422], [-94.54131, 39.024315], [-94.541302, 39.0245], [-94.541302, 39.024667], [-94.541302, 39.024822], [-94.541308, 39.025044], [-94.541309, 39.025897], [-94.541338, 39.025942], [-94.541335, 39.026038], [-94.541291, 39.026823], [-94.541208, 39.028294], [-94.541172, 39.028883], [-94.541161, 39.029043], [-94.541133, 39.02964], [-94.54105, 39.030737], [-94.540909, 39.033253], [-94.540895, 39.033526], [-94.540863, 39.0341], [-94.540833, 39.03481], [-94.540784, 39.035533], [-94.540751, 39.03598], [-94.540746, 39.036076], [-94.540744, 39.036183], [-94.540718, 39.036585], [-94.540713, 39.036723], [-94.540704, 39.036878], [-94.540699, 39.037059], [-94.540683, 39.037264], [-94.540665, 39.037579], [-94.540644, 39.038333], [-94.540639, 39.038412], [-94.540632, 39.038482], [-94.540818, 39.038513], [-94.541285, 39.0386], [-94.541903, 39.038718], [-94.542034, 39.038744], [-94.542026, 39.038825], [-94.542021, 39.038876], [-94.542019, 39.039002], [-94.542032, 39.039127], [-94.542064, 39.039251], [-94.542109, 39.039371], [-94.54217, 39.03949], [-94.542246, 39.039627], [-94.54235, 39.039777], [-94.542485, 39.03994], [-94.542703, 39.04016], [-94.542822, 39.040267], [-94.543018, 39.040439], [-94.543188, 39.040576], [-94.544454, 39.041646], [-94.545066, 39.042171], [-94.545041, 39.042245], [-94.545029, 39.042315], [-94.545023, 39.042451], [-94.544983, 39.043308], [-94.544929, 39.044262], [-94.544894, 39.045101], [-94.544854, 39.046069], [-94.54481, 39.046754], [-94.544775, 39.047395], [-94.544753, 39.04788], [-94.544652, 39.049844], [-94.544557, 39.051501], [-94.544493, 39.052666], [-94.544465, 39.053302], [-94.54437, 39.055134], [-94.54428, 39.056938], [-94.544188, 39.058714], [-94.544089, 39.060536], [-94.544055, 39.061235], [-94.543993, 39.062351], [-94.54391, 39.06414], [-94.543811, 39.065944], [-94.543729, 39.067751], [-94.543687, 39.068676], [-94.543634, 39.069547], [-94.543553, 39.071364], [-94.543497, 39.072346], [-94.543458, 39.07316], [-94.543445, 39.073408], [-94.543395, 39.074522], [-94.543362, 39.074984], [-94.543327, 39.075651], [-94.54328, 39.076771], [-94.543276, 39.076892], [-94.543204, 39.078375], [-94.54319, 39.078588], [-94.543108, 39.080406], [-94.543071, 39.081043], [-94.543047, 39.081685], [-94.543024, 39.082144], [-94.542992, 39.082791], [-94.542986, 39.082866], [-94.542923, 39.084257], [-94.542868, 39.085324], [-94.542815, 39.086381], [-94.542783, 39.086981], [-94.542745, 39.087656], [-94.542737, 39.087915], [-94.542688, 39.088779], [-94.542657, 39.089396], [-94.542647, 39.089649], [-94.542638, 39.089948], [-94.542602, 39.090505], [-94.543218, 39.090533], [-94.543496, 39.090541], [-94.543986, 39.090558], [-94.544334, 39.09057], [-94.545468, 39.090614], [-94.547174, 39.090673], [-94.547292, 39.090676], [-94.547568, 39.090688], [-94.548192, 39.090707], [-94.548596, 39.090713], [-94.54965, 39.090744], [-94.550652, 39.090775], [-94.551817, 39.090811], [-94.552991, 39.090851], [-94.554152, 39.090901], [-94.555282, 39.090933], [-94.556432, 39.090972], [-94.557586, 39.091014], [-94.558638, 39.091048], [-94.558727, 39.091051], [-94.559653, 39.09109], [-94.559906, 39.091098], [-94.560286, 39.091109], [-94.561035, 39.091129], [-94.562162, 39.091161], [-94.563361, 39.0912], [-94.564187, 39.091222], [-94.564419, 39.09122], [-94.564492, 39.091222], [-94.564571, 39.091222], [-94.564899, 39.091223], [-94.565102, 39.09123], [-94.565614, 39.091247], [-94.566079, 39.091259], [-94.566376, 39.091267], [-94.567366, 39.091298], [-94.568954, 39.091343], [-94.570274, 39.091377], [-94.57025, 39.09208], [-94.570217, 39.093007], [-94.570205, 39.093302], [-94.570196, 39.093468], [-94.57016, 39.094085], [-94.570128, 39.094599], [-94.570087, 39.095286], [-94.570082, 39.095379], [-94.570082, 39.095615], [-94.570081, 39.095655], [-94.570064, 39.09586], [-94.570038, 39.095998], [-94.570017, 39.096117], [-94.569989, 39.096265], [-94.569981, 39.096304], [-94.569963, 39.096578], [-94.569957, 39.096749], [-94.569961, 39.096868], [-94.569974, 39.096989], [-94.569979, 39.097039], [-94.569982, 39.097124], [-94.569997, 39.097385], [-94.569958, 39.098188], [-94.569897, 39.099471], [-94.571168, 39.099518], [-94.57192, 39.099545], [-94.571979, 39.099547], [-94.572139, 39.099547], [-94.572185, 39.09955], [-94.572526, 39.099563], [-94.572627, 39.099567], [-94.572685, 39.099569], [-94.572776, 39.099572], [-94.572844, 39.099576], [-94.573939, 39.099617], [-94.573924, 39.100036], [-94.573909, 39.100437], [-94.573874, 39.100825], [-94.57436, 39.100844], [-94.574991, 39.100856], [-94.576159, 39.100878], [-94.577327, 39.100909], [-94.578484, 39.100957], [-94.579668, 39.101019], [-94.580838, 39.101064], [-94.581995, 39.101081], [-94.583089, 39.101132], [-94.583116, 39.100816], [-94.584256, 39.100852], [-94.585528, 39.100895], [-94.586951, 39.10094], [-94.587693, 39.100976], [-94.588014, 39.100985], [-94.58819, 39.100988], [-94.588385, 39.100996], [-94.588395, 39.100807], [-94.588396, 39.10076], [-94.588402, 39.10054], [-94.588406, 39.100445], [-94.588419, 39.100113], [-94.587789, 39.100088], [-94.587363, 39.100078], [-94.586996, 39.100073], [-94.586742, 39.100064], [-94.585826, 39.100029]]}}, {"type": "Feature", "properties": {"route_id": "2", "route_short_name": "TMAX", "route_long_name": "Troost MAX", "route_type": "Bus", "headway_minutes": 20.0, "frequency_tier": "Standard (16\u201330 min)", "color": "#3987e5"}, "geometry": {"type": "LineString", "coordinates": [[-94.575565, 38.991703], [-94.575565, 38.991658], [-94.575658, 38.991667], [-94.575658, 38.991712], [-94.575637, 38.991942], [-94.575564, 38.993367], [-94.575523, 38.994233], [-94.575475, 38.995187], [-94.575455, 38.995528], [-94.575424, 38.996018], [-94.575379, 38.996985], [-94.575344, 38.997897], [-94.575328, 38.998251], [-94.575321, 38.998409], [-94.575305, 38.998764], [-94.575281, 38.999232], [-94.575256, 38.999696], [-94.575198, 39.000594], [-94.575092, 39.002819], [-94.575076, 39.003177], [-94.575074, 39.003239], [-94.575031, 39.004156], [-94.575011, 39.004632], [-94.574974, 39.005321], [-94.574943, 39.006022], [-94.574917, 39.006422], [-94.574887, 39.006937], [-94.574875, 39.007196], [-94.57487, 39.007336], [-94.574866, 39.00741], [-94.574849, 39.007744], [-94.574807, 39.008453], [-94.574736, 39.009664], [-94.57471, 39.010151], [-94.574669, 39.011017], [-94.574648, 39.011482], [-94.574624, 39.012048], [-94.574603, 39.012588], [-94.574584, 39.013019], [-94.574573, 39.013243], [-94.574561, 39.013514], [-94.574556, 39.013589], [-94.574487, 39.014946], [-94.574415, 39.016083], [-94.574381, 39.016613], [-94.57429, 39.018295], [-94.574252, 39.019221], [-94.57425, 39.019281], [-94.574235, 39.019547], [-94.574228, 39.019668], [-94.574213, 39.019953], [-94.57419, 39.020338], [-94.574104, 39.021765], [-94.574045, 39.022784], [-94.574001, 39.023567], [-94.573897, 39.025367], [-94.573843, 39.026296], [-94.573811, 39.026867], [-94.573792, 39.027183], [-94.573774, 39.027557], [-94.573746, 39.028067], [-94.573691, 39.02899], [-94.573629, 39.029983], [-94.573577, 39.030841], [-94.573526, 39.031824], [-94.573474, 39.032654], [-94.573385, 39.033976], [-94.573355, 39.034449], [-94.573267, 39.036223], [-94.573171, 39.037108], [-94.573127, 39.03752], [-94.573111, 39.037733], [-94.573168, 39.037993], [-94.573199, 39.038173], [-94.573171, 39.038364], [-94.57313, 39.038666], [-94.573059, 39.039883], [-94.573031, 39.040522], [-94.572975, 39.04126], [-94.572959, 39.041468], [-94.572946, 39.041676], [-94.57292, 39.042164], [-94.572914, 39.04229], [-94.572896, 39.042668], [-94.57289, 39.042786], [-94.572877, 39.043022], [-94.572861, 39.043317], [-94.572845, 39.043551], [-94.572833, 39.043759], [-94.572826, 39.043889], [-94.572764, 39.045023], [-94.572749, 39.04529], [-94.572733, 39.04556], [-94.572708, 39.045994], [-94.572693, 39.046241], [-94.572658, 39.046838], [-94.572643, 39.047114], [-94.572637, 39.047241], [-94.572626, 39.047423], [-94.572552, 39.048606], [-94.572535, 39.048892], [-94.572524, 39.04907], [-94.572496, 39.049534], [-94.572477, 39.049888], [-94.57243, 39.05071], [-94.572405, 39.05118], [-94.572344, 39.052236], [-94.572327, 39.052514], [-94.572312, 39.052759], [-94.572293, 39.053072], [-94.57227, 39.053421], [-94.572263, 39.053552], [-94.572249, 39.053786], [-94.572231, 39.05409], [-94.572214, 39.054324], [-94.572176, 39.054893], [-94.572164, 39.055182], [-94.572148, 39.055472], [-94.57213, 39.055751], [-94.572126, 39.05581], [-94.57212, 39.055953], [-94.572114, 39.05608], [-94.572104, 39.056291], [-94.572096, 39.056449], [-94.572076, 39.056902], [-94.572068, 39.057091], [-94.572029, 39.057862], [-94.572029, 39.057941], [-94.572002, 39.058365], [-94.571967, 39.058861], [-94.571939, 39.059291], [-94.571918, 39.059649], [-94.571805, 39.061458], [-94.571802, 39.061898], [-94.571758, 39.062705], [-94.571742, 39.062983], [-94.571726, 39.063209], [-94.571707, 39.063454], [-94.571695, 39.063653], [-94.571679, 39.063803], [-94.571674, 39.063889], [-94.571646, 39.06445], [-94.571634, 39.064914], [-94.57163, 39.065013], [-94.571624, 39.065241], [-94.571592, 39.06598], [-94.571534, 39.066864], [-94.571513, 39.067238], [-94.571492, 39.067605], [-94.571477, 39.067869], [-94.571449, 39.068336], [-94.571438, 39.068516], [-94.571428, 39.068674], [-94.571416, 39.068877], [-94.571403, 39.069099], [-94.571366, 39.069698], [-94.571344, 39.070061], [-94.571332, 39.070267], [-94.571319, 39.070492], [-94.57131, 39.070658], [-94.571303, 39.070807], [-94.571245, 39.072007], [-94.571235, 39.072293], [-94.571223, 39.072499], [-94.571162, 39.073816], [-94.57115, 39.074111], [-94.571134, 39.074373], [-94.571051, 39.075893], [-94.57104, 39.076107], [-94.571023, 39.076476], [-94.570978, 39.077413], [-94.570971, 39.077578], [-94.570963, 39.077733], [-94.570958, 39.077829], [-94.570952, 39.077934], [-94.570893, 39.078983], [-94.57087, 39.079458], [-94.57086, 39.079686], [-94.570791, 39.080997], [-94.570787, 39.081068], [-94.570781, 39.081172], [-94.570772, 39.081344], [-94.572027, 39.081401], [-94.572281, 39.081412], [-94.573149, 39.081443], [-94.573453, 39.081453], [-94.573818, 39.081457], [-94.574197, 39.081468], [-94.57428, 39.081471], [-94.574827, 39.081487], [-94.575398, 39.081516], [-94.575959, 39.081535], [-94.575936, 39.081989], [-94.57592, 39.082289], [-94.575918, 39.082348], [-94.575881, 39.083053], [-94.575846, 39.083727], [-94.575835, 39.083948], [-94.575783, 39.085151], [-94.575777, 39.085273], [-94.575767, 39.085478], [-94.575723, 39.086378], [-94.575663, 39.087339], [-94.575648, 39.087553], [-94.575599, 39.088175], [-94.575595, 39.088391], [-94.575587, 39.088613], [-94.57558, 39.088974], [-94.575524, 39.090189], [-94.575468, 39.091529], [-94.575391, 39.093178], [-94.575338, 39.094262], [-94.575272, 39.0955], [-94.575271, 39.095564], [-94.575272, 39.095613], [-94.575271, 39.095998], [-94.575266, 39.096214], [-94.575265, 39.096274], [-94.575263, 39.096355], [-94.575258, 39.096406], [-94.575227, 39.096808], [-94.575211, 39.096975], [-94.575201, 39.097047], [-94.575171, 39.097208], [-94.575164, 39.097537], [-94.575115, 39.098357], [-94.576275, 39.098398], [-94.577443, 39.098432], [-94.578614, 39.098458], [-94.578558, 39.099792], [-94.578484, 39.100957], [-94.579668, 39.101019], [-94.580838, 39.101064], [-94.581995, 39.101081], [-94.583089, 39.101132], [-94.583116, 39.100816], [-94.584256, 39.100852], [-94.585528, 39.100895], [-94.585557, 39.100526]]}}, {"type": "Feature", "properties": {"route_id": "201", "route_short_name": "201", "route_long_name": "North Oak", "route_type": "Bus", "headway_minutes": 30.0, "frequency_tier": "Standard (16\u201330 min)", "color": "#3987e5"}, "geometry": {"type": "LineString", "coordinates": [[-94.584732, 39.078114], [-94.584695, 39.078217], [-94.584247, 39.078212], [-94.583971, 39.078204], [-94.583635, 39.078197], [-94.583627, 39.078246], [-94.583607, 39.078324], [-94.583573, 39.078426], [-94.583528, 39.078513], [-94.583489, 39.078584], [-94.583427, 39.078696], [-94.583367, 39.078794], [-94.583312, 39.078896], [-94.583251, 39.079009], [-94.583207, 39.07911], [-94.583183, 39.079196], [-94.58317, 39.079264], [-94.583163, 39.079327], [-94.58316, 39.079414], [-94.583163, 39.079583], [-94.583166, 39.079652], [-94.583168, 39.079742], [-94.583169, 39.079807], [-94.583162, 39.079965], [-94.583128, 39.080112], [-94.583082, 39.080219], [-94.583062, 39.080247], [-94.583034, 39.080295], [-94.58282, 39.080658], [-94.582763, 39.080745], [-94.582637, 39.080809], [-94.582582, 39.080843], [-94.582543, 39.080891], [-94.582508, 39.080953], [-94.582317, 39.08133], [-94.582232, 39.081498], [-94.582173, 39.081614], [-94.5821, 39.081749], [-94.581997, 39.081912], [-94.581807, 39.08225], [-94.581748, 39.082428], [-94.581704, 39.082649], [-94.581677, 39.083308], [-94.581666, 39.083494], [-94.581657, 39.083665], [-94.581642, 39.083925], [-94.581633, 39.084184], [-94.581626, 39.084299], [-94.581625, 39.084338], [-94.581694, 39.084449], [-94.581677, 39.084651], [-94.58166, 39.084851], [-94.581624, 39.085278], [-94.581584, 39.086032], [-94.581576, 39.086173], [-94.581569, 39.08632], [-94.581568, 39.086356], [-94.581559, 39.086553], [-94.581552, 39.086722], [-94.581541, 39.087048], [-94.5815, 39.088127], [-94.58146, 39.088734], [-94.581451, 39.088878], [-94.581445, 39.088999], [-94.581442, 39.089109], [-94.581435, 39.089286], [-94.581427, 39.0895], [-94.581418, 39.089694], [-94.581413, 39.089823], [-94.581404, 39.090076], [-94.581391, 39.090363], [-94.581378, 39.090631], [-94.581367, 39.090876], [-94.581357, 39.091071], [-94.581349, 39.091265], [-94.581338, 39.091484], [-94.581327, 39.091706], [-94.581303, 39.092199], [-94.581292, 39.09241], [-94.581277, 39.092697], [-94.581264, 39.092955], [-94.581253, 39.093176], [-94.581243, 39.09337], [-94.58123, 39.093597], [-94.581216, 39.093831], [-94.581209, 39.093977], [-94.5812, 39.09411], [-94.581191, 39.094285], [-94.581181, 39.094453], [-94.581173, 39.09462], [-94.581165, 39.094779], [-94.581153, 39.095064], [-94.581142, 39.095295], [-94.58112, 39.095695], [-94.581115, 39.09581], [-94.581108, 39.095967], [-94.581104, 39.096017], [-94.581103, 39.096066], [-94.581095, 39.096232], [-94.58109, 39.096316], [-94.581068, 39.096694], [-94.581056, 39.09698], [-94.581044, 39.097183], [-94.58104, 39.097363], [-94.580983, 39.098289], [-94.580961, 39.098548], [-94.580929, 39.099559], [-94.580914, 39.099873], [-94.57974, 39.099815], [-94.578558, 39.099792], [-94.577397, 39.09973], [-94.576207, 39.099682], [-94.575056, 39.099643], [-94.573939, 39.099617], [-94.573407, 39.099594], [-94.573419, 39.099242], [-94.573951, 39.099261], [-94.573939, 39.099617], [-94.573924, 39.100036], [-94.573909, 39.100437], [-94.573874, 39.100825], [-94.57436, 39.100844], [-94.574991, 39.100856], [-94.576159, 39.100878], [-94.577327, 39.100909], [-94.578484, 39.100957], [-94.579668, 39.101019], [-94.580838, 39.101064], [-94.580753, 39.102282], [-94.580702, 39.103503], [-94.580669, 39.104436], [-94.580663, 39.104593], [-94.580658, 39.104737], [-94.580654, 39.104863], [-94.58065, 39.105001], [-94.580647, 39.105072], [-94.580629, 39.105215], [-94.580605, 39.105297], [-94.580558, 39.105418], [-94.580419, 39.105783], [-94.580278, 39.106192], [-94.580237, 39.106374], [-94.580203, 39.106579], [-94.58019, 39.106644], [-94.580177, 39.106703], [-94.580152, 39.106813], [-94.580134, 39.106901], [-94.580083, 39.107109], [-94.580053, 39.107295], [-94.580044, 39.107354], [-94.580048, 39.107483], [-94.580059, 39.10754], [-94.580071, 39.10759], [-94.580116, 39.107739], [-94.580144, 39.107821], [-94.580353, 39.108437], [-94.580464, 39.108777], [-94.580768, 39.109712], [-94.580973, 39.110334], [-94.580383, 39.110456], [-94.579769, 39.110579], [-94.578557, 39.110827], [-94.578213, 39.110894], [-94.578096, 39.110917], [-94.577907, 39.110954], [-94.57762, 39.11101], [-94.577498, 39.111033], [-94.577572, 39.111306], [-94.577634, 39.111536], [-94.577698, 39.111806], [-94.577737, 39.112008], [-94.57776, 39.112104], [-94.577878, 39.112673], [-94.577995, 39.113232], [-94.578136, 39.113939], [-94.578152, 39.114012], [-94.578166, 39.114083], [-94.578243, 39.114482], [-94.578286, 39.114705], [-94.578355, 39.115085], [-94.578385, 39.115251], [-94.578419, 39.11547], [-94.578497, 39.11578], [-94.578539, 39.115991], [-94.578547, 39.116031], [-94.578699, 39.116816], [-94.578828, 39.117412], [-94.578997, 39.11824], [-94.579162, 39.118977], [-94.579305, 39.119593], [-94.579383, 39.119906], [-94.579541, 39.120705], [-94.579671, 39.121372], [-94.579749, 39.121754], [-94.579785, 39.121938], [-94.579965, 39.122841], [-94.579972, 39.122886], [-94.580004, 39.123047], [-94.580021, 39.123134], [-94.580033, 39.123185], [-94.580054, 39.123272], [-94.580085, 39.123482], [-94.580184, 39.123908], [-94.58023, 39.124164], [-94.580282, 39.12444], [-94.58032, 39.124665], [-94.58034, 39.124785], [-94.580372, 39.124921], [-94.580402, 39.125002], [-94.580454, 39.125227], [-94.580477, 39.125354], [-94.580492, 39.125464], [-94.580513, 39.125632], [-94.580532, 39.125773], [-94.580555, 39.125953], [-94.580556, 39.125995], [-94.580571, 39.126379], [-94.580577, 39.126677], [-94.580573, 39.12693], [-94.580546, 39.127454], [-94.58053, 39.127957], [-94.580526, 39.12841], [-94.580517, 39.128759], [-94.580512, 39.129857], [-94.58051, 39.13015], [-94.580506, 39.130557], [-94.580483, 39.13172], [-94.580478, 39.13199], [-94.580472, 39.132272], [-94.58047, 39.132375], [-94.580454, 39.13355], [-94.580449, 39.133814], [-94.580444, 39.134202], [-94.580419, 39.135505], [-94.580409, 39.136018], [-94.580409, 39.136145], [-94.580405, 39.13691], [-94.580404, 39.137306], [-94.580402, 39.137838], [-94.580375, 39.139189], [-94.580372, 39.139263], [-94.580359, 39.139882], [-94.580352, 39.140255], [-94.580342, 39.140726], [-94.580332, 39.141072], [-94.580331, 39.14132], [-94.58033, 39.141426], [-94.580329, 39.14153], [-94.580329, 39.141635], [-94.580325, 39.141768], [-94.580325, 39.14193], [-94.580312, 39.142668], [-94.580304, 39.143261], [-94.580297, 39.143853], [-94.580279, 39.144706], [-94.580275, 39.144894], [-94.580269, 39.145141], [-94.580231, 39.146738], [-94.580225, 39.147063], [-94.580211, 39.147655], [-94.580207, 39.148995], [-94.580163, 39.149175], [-94.580145, 39.149287], [-94.580127, 39.149455], [-94.580124, 39.149622], [-94.580123, 39.149751], [-94.580119, 39.149965], [-94.580111, 39.150091], [-94.580104, 39.150204], [-94.580089, 39.150325], [-94.580046, 39.150505], [-94.580011, 39.150627], [-94.579959, 39.150756], [-94.579817, 39.151029], [-94.579733, 39.151161], [-94.57966, 39.151271], [-94.579587, 39.151367], [-94.57952, 39.151445], [-94.579447, 39.151525], [-94.579376, 39.151595], [-94.579239, 39.151724], [-94.579074, 39.151876], [-94.578971, 39.151958], [-94.578911, 39.152008], [-94.578777, 39.15211], [-94.578639, 39.152211], [-94.578491, 39.152318], [-94.578248, 39.152504], [-94.57813, 39.152599], [-94.57795, 39.152759], [-94.577787, 39.15292], [-94.577704, 39.153013], [-94.577628, 39.153103], [-94.577539, 39.153213], [-94.577414, 39.153404], [-94.577323, 39.153557], [-94.577269, 39.15366], [-94.577275, 39.153739], [-94.577212, 39.153888], [-94.577156, 39.154023], [-94.577113, 39.154165], [-94.577089, 39.154321], [-94.577078, 39.154487], [-94.577078, 39.154665], [-94.577083, 39.15473], [-94.577031, 39.156483], [-94.577022, 39.156784], [-94.577025, 39.157122], [-94.576966, 39.158667], [-94.576937, 39.159325], [-94.576904, 39.160549], [-94.576892, 39.161535], [-94.576869, 39.16216], [-94.576864, 39.162283], [-94.57683, 39.162821], [-94.576828, 39.163162], [-94.576825, 39.164091], [-94.576818, 39.164433], [-94.576801, 39.164909], [-94.576752, 39.166249], [-94.576752, 39.166913], [-94.576762, 39.167507], [-94.576763, 39.167718], [-94.576763, 39.168022], [-94.576763, 39.168314], [-94.576762, 39.168379], [-94.576757, 39.168458], [-94.57675, 39.16856], [-94.576751, 39.169201], [-94.576751, 39.169696], [-94.576751, 39.170338], [-94.576745, 39.170743], [-94.576745, 39.170845], [-94.576749, 39.171514], [-94.576749, 39.171585], [-94.576736, 39.171948], [-94.57673, 39.172144], [-94.576719, 39.173003], [-94.576719, 39.173248], [-94.576717, 39.173538], [-94.57671, 39.173993], [-94.576706, 39.174303], [-94.576705, 39.174669], [-94.576704, 39.174922], [-94.576693, 39.175823], [-94.576684, 39.176524], [-94.576683, 39.176653], [-94.576677, 39.177062], [-94.576633, 39.177123], [-94.576631, 39.177216], [-94.576614, 39.177498], [-94.576612, 39.177573], [-94.576611, 39.177692], [-94.576607, 39.178203], [-94.576605, 39.178344], [-94.576606, 39.178787], [-94.576594, 39.179264], [-94.57659, 39.179409], [-94.576589, 39.179451], [-94.576589, 39.179493], [-94.57659, 39.179532], [-94.576594, 39.17958], [-94.576594, 39.179944], [-94.576595, 39.180024], [-94.576592, 39.180191], [-94.576588, 39.180295], [-94.576577, 39.180635], [-94.576569, 39.180726], [-94.576565, 39.180799], [-94.576565, 39.181198], [-94.576571, 39.18157], [-94.576572, 39.181941], [-94.576572, 39.182062], [-94.576572, 39.182378], [-94.576577, 39.182918], [-94.576571, 39.183732], [-94.576627, 39.183832], [-94.576621, 39.183894], [-94.57661, 39.185153], [-94.576604, 39.186138], [-94.576558, 39.188296], [-94.576555, 39.188358], [-94.576554, 39.188434], [-94.576528, 39.1893], [-94.576519, 39.189802], [-94.576521, 39.190266], [-94.576533, 39.190637], [-94.576533, 39.191676], [-94.576516, 39.193139], [-94.576508, 39.193452], [-94.576498, 39.19406], [-94.576428, 39.194164], [-94.57643, 39.19431], [-94.576407, 39.19456], [-94.57641, 39.195062], [-94.576414, 39.195694], [-94.57638, 39.19619], [-94.576385, 39.196868], [-94.576392, 39.197211], [-94.576397, 39.197381], [-94.576443, 39.197448], [-94.576442, 39.197526], [-94.576442, 39.197602], [-94.576443, 39.197848], [-94.576437, 39.198135], [-94.576432, 39.198396], [-94.576414, 39.199063], [-94.576408, 39.199269], [-94.576391, 39.200614], [-94.576376, 39.201138], [-94.576359, 39.201692], [-94.576357, 39.20219], [-94.576356, 39.20284], [-94.576351, 39.20315], [-94.576347, 39.203336], [-94.57633, 39.204687], [-94.576329, 39.20485], [-94.576322, 39.205131], [-94.576316, 39.205345], [-94.576299, 39.205964], [-94.5763, 39.206471], [-94.576296, 39.207093], [-94.576268, 39.208148], [-94.576261, 39.208368], [-94.576271, 39.208928], [-94.576267, 39.209513], [-94.576233, 39.210106], [-94.576228, 39.210655], [-94.576231, 39.210802], [-94.576201, 39.211917], [-94.57619, 39.212322], [-94.576179, 39.212629], [-94.576172, 39.212837], [-94.576165, 39.213346], [-94.576149, 39.214275], [-94.576144, 39.21452], [-94.576148, 39.215257], [-94.576168, 39.215659], [-94.576175, 39.216037], [-94.576137, 39.21728], [-94.576133, 39.217401], [-94.576128, 39.217661], [-94.576125, 39.218013], [-94.576119, 39.21869], [-94.576126, 39.219802], [-94.576109, 39.220584], [-94.576109, 39.220902], [-94.576109, 39.22101], [-94.576115, 39.221395], [-94.576116, 39.221601], [-94.576111, 39.221944], [-94.576106, 39.222245], [-94.576104, 39.222541], [-94.576103, 39.222926], [-94.576098, 39.223452], [-94.576097, 39.223694], [-94.576094, 39.223815], [-94.576093, 39.223897], [-94.576089, 39.224083], [-94.576099, 39.22435], [-94.576108, 39.224457], [-94.576123, 39.224708], [-94.576142, 39.225259], [-94.576126, 39.225481], [-94.576121, 39.225568], [-94.576108, 39.226579], [-94.576098, 39.226807], [-94.576104, 39.227063], [-94.57611, 39.227846], [-94.576105, 39.228254], [-94.576099, 39.229126], [-94.576098, 39.229385], [-94.576102, 39.229475], [-94.576094, 39.229944], [-94.576087, 39.230829], [-94.576086, 39.230994], [-94.57608, 39.231889], [-94.576074, 39.232562], [-94.576072, 39.232804], [-94.576065, 39.234009], [-94.576061, 39.234274], [-94.576057, 39.234636], [-94.576036, 39.235478], [-94.576018, 39.237492], [-94.576009, 39.238064], [-94.576008, 39.238228], [-94.576007, 39.238644], [-94.576007, 39.238725], [-94.576006, 39.239063], [-94.575985, 39.240456], [-94.575982, 39.240968], [-94.575974, 39.241689], [-94.575958, 39.242783], [-94.57595, 39.243682], [-94.575946, 39.244076], [-94.575928, 39.244577], [-94.575908, 39.245133], [-94.575903, 39.245426], [-94.575901, 39.245624], [-94.575896, 39.245891], [-94.57589, 39.246296], [-94.575886, 39.246394], [-94.576943, 39.246411], [-94.577034, 39.246411], [-94.577106, 39.246411], [-94.577302, 39.246412], [-94.578226, 39.246419], [-94.578582, 39.246422], [-94.578768, 39.246417], [-94.579254, 39.246422], [-94.580063, 39.246411], [-94.580495, 39.246414], [-94.581393, 39.24642], [-94.581773, 39.246423], [-94.581894, 39.246425], [-94.582097, 39.246425], [-94.582476, 39.246423], [-94.582807, 39.246422], [-94.583278, 39.24642], [-94.583473, 39.246419], [-94.583877, 39.246417], [-94.584586, 39.246425], [-94.584931, 39.246431], [-94.585105, 39.246434], [-94.585432, 39.246439], [-94.586354, 39.246437], [-94.586501, 39.246434], [-94.586791, 39.246434], [-94.586943, 39.246431], [-94.587086, 39.246436], [-94.587258, 39.246439], [-94.587457, 39.246447], [-94.587565, 39.246457], [-94.587689, 39.246468], [-94.587975, 39.246479], [-94.588277, 39.246488], [-94.58931, 39.246474], [-94.589758, 39.246479], [-94.589895, 39.246479], [-94.590207, 39.246484], [-94.590317, 39.246484], [-94.590425, 39.246487], [-94.590585, 39.24649], [-94.590926, 39.246495], [-94.591372, 39.246513], [-94.591667, 39.246521], [-94.591924, 39.246523], [-94.592281, 39.246512], [-94.592493, 39.246507], [-94.592748, 39.246507], [-94.593232, 39.246501], [-94.593457, 39.246502], [-94.593968, 39.246509], [-94.594483, 39.246515], [-94.594701, 39.246518], [-94.595284, 39.246515], [-94.595296, 39.246515], [-94.596078, 39.246529], [-94.596237, 39.246533], [-94.596676, 39.246541], [-94.597161, 39.246547], [-94.597382, 39.246549], [-94.598246, 39.24656], [-94.598322, 39.24656], [-94.598547, 39.246563], [-94.599283, 39.246568], [-94.599689, 39.246568], [-94.599895, 39.246563], [-94.600341, 39.246561], [-94.600851, 39.246557], [-94.60092, 39.246561], [-94.601139, 39.246552], [-94.601596, 39.246541], [-94.602039, 39.246532], [-94.602391, 39.24651], [-94.602605, 39.246495], [-94.602806, 39.24647], [-94.603027, 39.246436], [-94.603171, 39.246411], [-94.60338, 39.246386], [-94.60356, 39.246367], [-94.603718, 39.246361], [-94.603753, 39.246361], [-94.604018, 39.246361], [-94.604293, 39.246369], [-94.605029, 39.246384], [-94.605518, 39.246383], [-94.605734, 39.246381], [-94.60647, 39.246388], [-94.607377, 39.246392], [-94.608331, 39.246411], [-94.608975, 39.246417], [-94.610097, 39.246408], [-94.610585, 39.246403], [-94.610928, 39.246408], [-94.611993, 39.24642], [-94.612797, 39.246417], [-94.612956, 39.246419], [-94.613522, 39.246425], [-94.614265, 39.246428], [-94.615227, 39.246437], [-94.615628, 39.246447], [-94.616148, 39.246453], [-94.616836, 39.246451], [-94.617582, 39.246439], [-94.617789, 39.246436], [-94.618577, 39.246443], [-94.618849, 39.246448], [-94.619311, 39.246465], [-94.620119, 39.246478], [-94.620928, 39.246496], [-94.621499, 39.24651], [-94.622598, 39.246502], [-94.624099, 39.246544], [-94.624363, 39.246546], [-94.624763, 39.246546], [-94.625123, 39.246549], [-94.625522, 39.246552], [-94.625788, 39.246558], [-94.626312, 39.246568], [-94.626655, 39.246577], [-94.626846, 39.24658], [-94.627106, 39.246586], [-94.627369, 39.246591], [-94.627779, 39.246597], [-94.628601, 39.246613], [-94.629, 39.246616], [-94.629053, 39.246614], [-94.62936, 39.246608], [-94.629694, 39.246605], [-94.630054, 39.2466], [-94.630093, 39.246602], [-94.630262, 39.246606], [-94.630481, 39.246614], [-94.630764, 39.246628], [-94.630958, 39.246637], [-94.631078, 39.246647], [-94.631426, 39.246662], [-94.631905, 39.24667], [-94.632356, 39.246667], [-94.633019, 39.246664], [-94.633388, 39.246659], [-94.633987, 39.246664], [-94.634349, 39.246661], [-94.634749, 39.246659], [-94.63494, 39.246659], [-94.635136, 39.246654], [-94.635489, 39.246639], [-94.635974, 39.246631], [-94.636388, 39.246631], [-94.636583, 39.246644], [-94.63695, 39.246664], [-94.637812, 39.246689], [-94.639408, 39.246732], [-94.640146, 39.246738], [-94.640364, 39.246737], [-94.64147, 39.24674], [-94.642245, 39.246751], [-94.642578, 39.246755], [-94.642796, 39.246768], [-94.64296, 39.246769], [-94.643186, 39.246769], [-94.643775, 39.246788], [-94.644366, 39.246822], [-94.644442, 39.246827], [-94.64471, 39.246847], [-94.645075, 39.246861], [-94.645775, 39.246878], [-94.645793, 39.246878], [-94.646207, 39.24689], [-94.646501, 39.24689], [-94.646906, 39.246889], [-94.647113, 39.246889], [-94.647114, 39.247185], [-94.647114, 39.247428], [-94.647116, 39.247576], [-94.647109, 39.247923], [-94.647109, 39.248161], [-94.647103, 39.248888], [-94.647101, 39.249163], [-94.647112, 39.249419], [-94.647118, 39.249448], [-94.647153, 39.249616], [-94.647216, 39.249774], [-94.647261, 39.24985], [-94.647339, 39.249926], [-94.647436, 39.250002], [-94.647553, 39.250078], [-94.647795, 39.250197], [-94.647986, 39.250252], [-94.648263, 39.250287], [-94.64833, 39.250287], [-94.648754, 39.250287], [-94.649583, 39.250286], [-94.649578, 39.251114], [-94.649562, 39.251739], [-94.649545, 39.252425], [-94.649584, 39.252554], [-94.649692, 39.252555], [-94.651015, 39.252549], [-94.652189, 39.252552], [-94.652964, 39.252552], [-94.654278, 39.252549], [-94.654596, 39.252527], [-94.654815, 39.25249], [-94.655266, 39.252352], [-94.655558, 39.252211], [-94.655747, 39.252102], [-94.656002, 39.251936]]}}, {"type": "Feature", "properties": {"route_id": "21", "route_short_name": "21", "route_long_name": "Clevland-Antioch", "route_type": "Bus", "headway_minutes": 60.5, "frequency_tier": "Limited (60+ min / peak-only)", "color": "#86b6ef"}, "geometry": {"type": "LineString", "coordinates": [[-94.556256, 38.989955], [-94.557323, 38.989826], [-94.557316, 38.98997], [-94.557299, 38.990346], [-94.55728, 38.99078], [-94.557165, 38.990768], [-94.557062, 38.990707], [-94.557021, 38.990701], [-94.556786, 38.990679], [-94.55637, 38.99065], [-94.556121, 38.990631], [-94.555637, 38.990611], [-94.555143, 38.990586], [-94.554958, 38.990583], [-94.554788, 38.99058], [-94.554556, 38.99058], [-94.554063, 38.990564], [-94.553832, 38.990558], [-94.553363, 38.99054], [-94.552865, 38.990524], [-94.552544, 38.990521], [-94.551975, 38.990487], [-94.551564, 38.990468], [-94.551503, 38.990465], [-94.551304, 38.990451], [-94.551023, 38.990431], [-94.550291, 38.99038], [-94.5501, 38.990369], [-94.549749, 38.990363], [-94.549481, 38.990367], [-94.549126, 38.990361], [-94.548362, 38.990372], [-94.54833, 38.990385], [-94.547933, 38.990377], [-94.547569, 38.990361], [-94.547234, 38.990346], [-94.546784, 38.990324], [-94.545608, 38.990262], [-94.544808, 38.990225], [-94.544515, 38.990212], [-94.543856, 38.990183], [-94.543498, 38.990174], [-94.543415, 38.99018], [-94.543351, 38.990197], [-94.543307, 38.990234], [-94.543277, 38.990279], [-94.543266, 38.990307], [-94.543255, 38.990369], [-94.543253, 38.990473], [-94.54325, 38.990558], [-94.543238, 38.990861], [-94.543231, 38.991163], [-94.543193, 38.991943], [-94.543137, 38.993031], [-94.54312, 38.993377], [-94.543105, 38.993779], [-94.543079, 38.994194], [-94.543062, 38.994683], [-94.543021, 38.995555], [-94.542969, 38.996588], [-94.542931, 38.997379], [-94.542925, 38.99752], [-94.542919, 38.997661], [-94.542897, 38.998046], [-94.542886, 38.998272], [-94.542884, 38.998427], [-94.542866, 38.999026], [-94.54286, 38.999152], [-94.542832, 38.999755], [-94.542809, 39.000379], [-94.54279, 39.00085], [-94.542783, 39.001021], [-94.542737, 39.001941], [-94.542697, 39.00285], [-94.542654, 39.003748], [-94.54263, 39.004134], [-94.542596, 39.004654], [-94.542579, 39.005037], [-94.542567, 39.005296], [-94.542506, 39.006338], [-94.542489, 39.006638], [-94.542407, 39.006725], [-94.542384, 39.006856], [-94.542371, 39.006971], [-94.542333, 39.007261], [-94.542305, 39.007539], [-94.542295, 39.007752], [-94.542293, 39.007792], [-94.542286, 39.007986], [-94.54228, 39.008099], [-94.542157, 39.010474], [-94.542133, 39.010931], [-94.542131, 39.010953], [-94.54212, 39.011346], [-94.542097, 39.011809], [-94.54209, 39.011916], [-94.542063, 39.012422], [-94.542058, 39.012514], [-94.542002, 39.013607], [-94.541921, 39.014907], [-94.541897, 39.015282], [-94.541882, 39.015672], [-94.541859, 39.016264], [-94.541848, 39.016517], [-94.541835, 39.016765], [-94.541803, 39.017102], [-94.54173, 39.01796], [-94.541656, 39.01881], [-94.541628, 39.019159], [-94.541576, 39.019818], [-94.541514, 39.020614], [-94.541494, 39.021], [-94.541476, 39.021535], [-94.541437, 39.022137], [-94.541413, 39.022418], [-94.541399, 39.022615], [-94.541358, 39.023288], [-94.541342, 39.023699], [-94.541341, 39.023755], [-94.541317, 39.02422], [-94.54131, 39.024315], [-94.541302, 39.0245], [-94.541302, 39.024667], [-94.541302, 39.024822], [-94.541308, 39.025044], [-94.541309, 39.025897], [-94.541338, 39.025942], [-94.541335, 39.026038], [-94.541291, 39.026823], [-94.541208, 39.028294], [-94.541172, 39.028883], [-94.541161, 39.029043], [-94.541133, 39.02964], [-94.54105, 39.030737], [-94.540909, 39.033253], [-94.540895, 39.033526], [-94.540863, 39.0341], [-94.540833, 39.03481], [-94.540784, 39.035533], [-94.540751, 39.03598], [-94.540746, 39.036076], [-94.540744, 39.036183], [-94.540718, 39.036585], [-94.540713, 39.036723], [-94.540704, 39.036878], [-94.540699, 39.037059], [-94.540683, 39.037264], [-94.540665, 39.037579], [-94.540644, 39.038333], [-94.540639, 39.038412], [-94.540632, 39.038482], [-94.540578, 39.039627], [-94.540532, 39.040374], [-94.540479, 39.041403], [-94.54044, 39.042127], [-94.54043, 39.042304], [-94.540419, 39.042507], [-94.540336, 39.044102], [-94.539878, 39.044086], [-94.539469, 39.044074], [-94.539188, 39.044065], [-94.538034, 39.044066], [-94.536878, 39.044026], [-94.535742, 39.043981], [-94.53565, 39.045768], [-94.535599, 39.046554], [-94.535527, 39.047592], [-94.535482, 39.048493], [-94.535388, 39.050303], [-94.535349, 39.051336], [-94.535302, 39.052252], [-94.535261, 39.053019], [-94.535157, 39.054845], [-94.535137, 39.055207], [-94.53511, 39.055698], [-94.535055, 39.057256], [-94.534975, 39.058456], [-94.534882, 39.06029], [-94.534801, 39.062061], [-94.534719, 39.063873], [-94.534628, 39.065652], [-94.534535, 39.067456], [-94.534516, 39.067911], [-94.534486, 39.068702], [-94.534462, 39.069277], [-94.534441, 39.069628], [-94.534418, 39.070008], [-94.534394, 39.070441], [-94.534381, 39.07086], [-94.534377, 39.071123], [-94.534363, 39.071406], [-94.53435, 39.071748], [-94.534334, 39.07213], [-94.534322, 39.072442], [-94.534316, 39.072581], [-94.534307, 39.072696], [-94.534298, 39.072879], [-94.534283, 39.073081], [-94.534266, 39.073363], [-94.534259, 39.073487], [-94.53425, 39.073711], [-94.534244, 39.073861], [-94.534228, 39.0741], [-94.534209, 39.074536], [-94.534201, 39.074675], [-94.534181, 39.075049], [-94.534103, 39.076495], [-94.533997, 39.078285], [-94.53391, 39.080111], [-94.533835, 39.081707], [-94.533821, 39.082082], [-94.53381, 39.082289], [-94.533745, 39.083458], [-94.533732, 39.083702], [-94.533719, 39.083964], [-94.533642, 39.085532], [-94.533592, 39.086309], [-94.53355, 39.0873], [-94.533479, 39.088734], [-94.533405, 39.090159], [-94.5334, 39.090308], [-94.533373, 39.090941], [-94.533353, 39.091385], [-94.533342, 39.091605], [-94.533288, 39.092652], [-94.533216, 39.094033], [-94.53321, 39.094121], [-94.533163, 39.094898], [-94.533134, 39.095514], [-94.53308, 39.096887], [-94.533075, 39.097042], [-94.533061, 39.097347], [-94.533015, 39.098184], [-94.532533, 39.098165], [-94.532493, 39.099091], [-94.532492, 39.099366], [-94.532465, 39.100009], [-94.532463, 39.100115], [-94.532456, 39.100329], [-94.532416, 39.100571], [-94.532366, 39.100726], [-94.532285, 39.100906], [-94.532216, 39.101016], [-94.53201, 39.101228], [-94.531779, 39.101424], [-94.531642, 39.101531], [-94.53151, 39.101596], [-94.531385, 39.101652], [-94.531183, 39.101722], [-94.531114, 39.101748], [-94.531062, 39.101775], [-94.53103, 39.101796], [-94.530998, 39.101824], [-94.530984, 39.101846], [-94.530978, 39.101872], [-94.530497, 39.101854], [-94.530253, 39.101846], [-94.529364, 39.101824], [-94.528214, 39.101776], [-94.528019, 39.101767], [-94.527045, 39.10173], [-94.525919, 39.101685], [-94.525929, 39.101793], [-94.525931, 39.101908], [-94.525913, 39.102612], [-94.525869, 39.103577], [-94.52584, 39.104346], [-94.525797, 39.104449], [-94.525779, 39.104497], [-94.525771, 39.104618], [-94.525766, 39.104719], [-94.525744, 39.105437], [-94.524904, 39.105406], [-94.523751, 39.105361], [-94.523411, 39.105352], [-94.522598, 39.105322], [-94.521438, 39.105288], [-94.52109, 39.105277], [-94.52093, 39.105271], [-94.52068, 39.105263], [-94.520285, 39.105252], [-94.519496, 39.10522], [-94.519312, 39.105212], [-94.519103, 39.105204], [-94.518722, 39.105187], [-94.518476, 39.105176], [-94.517942, 39.105155], [-94.517016, 39.10513], [-94.516758, 39.105124], [-94.516329, 39.105111], [-94.515962, 39.1051], [-94.51563, 39.105088], [-94.514961, 39.105065], [-94.514748, 39.105057], [-94.514499, 39.105055], [-94.514381, 39.105046], [-94.514376, 39.105155], [-94.514369, 39.105229], [-94.514353, 39.105282], [-94.514342, 39.105308], [-94.514308, 39.105347], [-94.514262, 39.105378], [-94.514206, 39.105398], [-94.514137, 39.105409], [-94.514076, 39.105404], [-94.513954, 39.10537], [-94.513896, 39.105352], [-94.513749, 39.105305], [-94.51361, 39.105263], [-94.513469, 39.105238], [-94.513319, 39.105218], [-94.513237, 39.105215], [-94.513163, 39.105215], [-94.513063, 39.105234], [-94.512998, 39.105255], [-94.512968, 39.105265], [-94.512882, 39.105303], [-94.512822, 39.105341], [-94.512794, 39.105386], [-94.512598, 39.10549], [-94.511735, 39.105924], [-94.510706, 39.106464], [-94.510025, 39.106834], [-94.510062, 39.106879], [-94.510086, 39.106932], [-94.510097, 39.106994], [-94.510093, 39.107087], [-94.510086, 39.10716], [-94.510057, 39.107767], [-94.510052, 39.107894], [-94.510031, 39.108068], [-94.51, 39.108201], [-94.509962, 39.108316], [-94.509911, 39.10842], [-94.50985, 39.10851], [-94.509755, 39.108611], [-94.509664, 39.108699], [-94.509595, 39.108738], [-94.509568, 39.108795], [-94.509538, 39.108902], [-94.509517, 39.109026], [-94.509505, 39.109256], [-94.509446, 39.110301], [-94.509376, 39.111521], [-94.509353, 39.112122], [-94.509276, 39.113593], [-94.509259, 39.113942], [-94.50921, 39.114006], [-94.509168, 39.11408], [-94.509133, 39.114227], [-94.509117, 39.114412], [-94.509108, 39.114586], [-94.509091, 39.114744], [-94.50908, 39.114784], [-94.509051, 39.114843], [-94.509033, 39.114871], [-94.509005, 39.114905], [-94.508983, 39.11493], [-94.508885, 39.115011], [-94.508858, 39.115028], [-94.508778, 39.115085], [-94.508668, 39.115144], [-94.508624, 39.115214], [-94.508476, 39.115327], [-94.508374, 39.115409], [-94.508317, 39.115475], [-94.508269, 39.115537], [-94.508229, 39.1156], [-94.508207, 39.115651], [-94.508188, 39.115716], [-94.508165, 39.115841], [-94.508025, 39.116917], [-94.507936, 39.117637], [-94.507817, 39.118583], [-94.50778, 39.118873], [-94.507758, 39.119059], [-94.507752, 39.119166], [-94.507755, 39.119255], [-94.507762, 39.119323], [-94.507782, 39.119396], [-94.507822, 39.119473], [-94.507872, 39.119545], [-94.507928, 39.119611], [-94.507981, 39.119661], [-94.508037, 39.119703], [-94.508088, 39.11974], [-94.508146, 39.119771], [-94.508245, 39.11981], [-94.508358, 39.119844], [-94.508489, 39.11988], [-94.509456, 39.120102], [-94.510228, 39.120277], [-94.510766, 39.120401], [-94.511593, 39.12059], [-94.511743, 39.120626], [-94.512174, 39.120727], [-94.512499, 39.120803], [-94.512795, 39.120887], [-94.513063, 39.120973], [-94.513332, 39.121073], [-94.513602, 39.121175], [-94.514121, 39.121417], [-94.514336, 39.121538], [-94.514471, 39.121631], [-94.514622, 39.121749], [-94.514734, 39.121844], [-94.514976, 39.122053], [-94.515198, 39.122241], [-94.515429, 39.122445], [-94.515619, 39.122632], [-94.515844, 39.122866], [-94.51617, 39.123235], [-94.516649, 39.123781], [-94.517043, 39.124242], [-94.517172, 39.124391], [-94.517363, 39.124592], [-94.517847, 39.125112], [-94.518304, 39.125579], [-94.518593, 39.125889], [-94.518778, 39.126099], [-94.518952, 39.126294], [-94.519118, 39.126491], [-94.519491, 39.126936], [-94.519925, 39.127457], [-94.519969, 39.12751], [-94.520437, 39.128028], [-94.521118, 39.128782], [-94.521191, 39.128858], [-94.52128, 39.128948], [-94.521586, 39.129274], [-94.521816, 39.129524], [-94.521962, 39.129688], [-94.522071, 39.129814], [-94.522395, 39.130212], [-94.522536, 39.130395], [-94.522676, 39.130586], [-94.522786, 39.130741], [-94.522844, 39.130817], [-94.522897, 39.130893], [-94.522974, 39.131], [-94.52315, 39.131244], [-94.523516, 39.131743], [-94.523657, 39.131909], [-94.523819, 39.132089], [-94.52445, 39.132789], [-94.524733, 39.13309], [-94.525246, 39.133634], [-94.526308, 39.134782], [-94.52643, 39.134914], [-94.526841, 39.135359], [-94.52685, 39.135438], [-94.526938, 39.135544], [-94.527071, 39.135702], [-94.5274, 39.136073], [-94.527564, 39.13626], [-94.527725, 39.136429], [-94.528377, 39.137126], [-94.528543, 39.137309], [-94.528655, 39.137428], [-94.529026, 39.13783], [-94.529274, 39.1381], [-94.529956, 39.138818], [-94.530281, 39.139189], [-94.530591, 39.139557], [-94.530868, 39.13991], [-94.531079, 39.140192], [-94.531126, 39.140258], [-94.53126, 39.14045], [-94.531397, 39.140652], [-94.531428, 39.140698], [-94.531543, 39.14088], [-94.531599, 39.140971], [-94.531818, 39.141331], [-94.531976, 39.141599], [-94.532026, 39.141689], [-94.532233, 39.142071], [-94.532443, 39.142496], [-94.532669, 39.142985], [-94.532932, 39.143599], [-94.533468, 39.144807], [-94.533752, 39.145445], [-94.533782, 39.145522], [-94.533985, 39.145983], [-94.534101, 39.146245], [-94.534531, 39.14717], [-94.53457, 39.14726], [-94.534627, 39.147384], [-94.534704, 39.147539], [-94.534789, 39.147709], [-94.534885, 39.147947], [-94.535143, 39.148586], [-94.535217, 39.148781], [-94.535296, 39.148989], [-94.535353, 39.149146], [-94.535572, 39.149679], [-94.535717, 39.150013], [-94.535892, 39.150391], [-94.536007, 39.150618], [-94.536073, 39.150745], [-94.536169, 39.150947], [-94.53627, 39.151186], [-94.536305, 39.151265], [-94.536323, 39.151318], [-94.536347, 39.151392], [-94.536362, 39.151463], [-94.536387, 39.151581], [-94.536404, 39.151696], [-94.536424, 39.151817], [-94.536452, 39.152084], [-94.53646, 39.152182], [-94.536462, 39.152242], [-94.536462, 39.152484], [-94.536445, 39.152782], [-94.536424, 39.15298], [-94.536417, 39.153025], [-94.536394, 39.153173], [-94.536377, 39.15325], [-94.536365, 39.153311], [-94.536337, 39.153401], [-94.536309, 39.153508], [-94.536254, 39.153688], [-94.536207, 39.153824], [-94.536143, 39.153996], [-94.536081, 39.154144], [-94.536023, 39.154297], [-94.535972, 39.154389], [-94.535904, 39.154542], [-94.535808, 39.154749], [-94.535663, 39.155016], [-94.535517, 39.15529], [-94.535184, 39.15588], [-94.534874, 39.15646], [-94.534186, 39.157707], [-94.533868, 39.158341], [-94.533749, 39.158614], [-94.533597, 39.158928], [-94.533506, 39.1591], [-94.533297, 39.159559], [-94.533146, 39.159911], [-94.532999, 39.16028], [-94.532911, 39.160533], [-94.532848, 39.160719], [-94.532792, 39.160877], [-94.532767, 39.160944], [-94.53273, 39.16102], [-94.532606, 39.161439], [-94.532537, 39.161642], [-94.532467, 39.161909], [-94.532426, 39.162109], [-94.532382, 39.162325], [-94.532363, 39.162415], [-94.532341, 39.162522], [-94.532323, 39.162615], [-94.532301, 39.162739], [-94.532274, 39.162877], [-94.532238, 39.163114], [-94.532213, 39.163291], [-94.532193, 39.163463], [-94.532184, 39.163558], [-94.53216, 39.16384], [-94.532141, 39.164039], [-94.532133, 39.164169], [-94.53212, 39.164501], [-94.532099, 39.16499], [-94.532089, 39.165815], [-94.532075, 39.166342], [-94.532064, 39.167127], [-94.532055, 39.167431], [-94.532053, 39.167549], [-94.532043, 39.167853], [-94.532043, 39.167957], [-94.532049, 39.168052], [-94.53207, 39.168354], [-94.532084, 39.168514], [-94.532099, 39.168641], [-94.532161, 39.168909], [-94.532193, 39.169063], [-94.532268, 39.169345], [-94.532317, 39.169499], [-94.532399, 39.169736], [-94.532488, 39.169952], [-94.532647, 39.170288], [-94.532713, 39.170406], [-94.532797, 39.170557], [-94.532842, 39.170608], [-94.533373, 39.171317], [-94.533546, 39.17152], [-94.533761, 39.171742], [-94.533882, 39.171855], [-94.534165, 39.172125], [-94.534295, 39.17224], [-94.534467, 39.172387], [-94.53452, 39.172432], [-94.534599, 39.172502], [-94.534621, 39.172522], [-94.534994, 39.17284], [-94.535137, 39.172949], [-94.535599, 39.173298], [-94.536007, 39.173605], [-94.536247, 39.173775], [-94.536396, 39.173805], [-94.536516, 39.173901], [-94.536595, 39.173963], [-94.536761, 39.174101], [-94.536856, 39.174174], [-94.536917, 39.174224], [-94.537076, 39.174373], [-94.537304, 39.174568], [-94.537481, 39.174725], [-94.537634, 39.174869], [-94.537684, 39.174919], [-94.537705, 39.174937], [-94.537862, 39.175094], [-94.537951, 39.175181], [-94.538109, 39.175338], [-94.5383, 39.175525], [-94.538425, 39.175648], [-94.538585, 39.1758], [-94.538683, 39.175896], [-94.53881, 39.176025], [-94.538859, 39.176079], [-94.538898, 39.176121], [-94.53894, 39.176172], [-94.538978, 39.17622], [-94.539045, 39.176307], [-94.539102, 39.176389], [-94.539167, 39.176493], [-94.539294, 39.17674], [-94.539401, 39.176962], [-94.53955, 39.177278], [-94.539619, 39.177424], [-94.539715, 39.177619], [-94.539886, 39.177998], [-94.54, 39.178282], [-94.540119, 39.178637], [-94.540289, 39.179163], [-94.540341, 39.179372], [-94.540422, 39.179709], [-94.540501, 39.180084], [-94.540565, 39.180522], [-94.540631, 39.181133], [-94.540639, 39.181514], [-94.540639, 39.18153], [-94.540661, 39.182378], [-94.540683, 39.182628], [-94.540706, 39.182845], [-94.540738, 39.183005], [-94.540809, 39.183317], [-94.540876, 39.183548], [-94.540961, 39.183781], [-94.541178, 39.184221], [-94.541379, 39.184559], [-94.541559, 39.184829], [-94.541736, 39.185039], [-94.542041, 39.185378], [-94.542322, 39.185653], [-94.542508, 39.185808], [-94.542944, 39.186135], [-94.54349, 39.186481], [-94.543916, 39.186723], [-94.54406, 39.186818], [-94.544094, 39.18688], [-94.544148, 39.186917], [-94.54425, 39.186976], [-94.544488, 39.187133], [-94.544602, 39.187223], [-94.54472, 39.187317], [-94.544866, 39.187451], [-94.544917, 39.1875], [-94.544934, 39.187516], [-94.545028, 39.187635], [-94.5451, 39.18775], [-94.545126, 39.187806], [-94.545152, 39.187882], [-94.545175, 39.187967], [-94.545203, 39.18807], [-94.545332, 39.188048], [-94.545627, 39.187986], [-94.545857, 39.18793], [-94.546053, 39.187871], [-94.546272, 39.187804], [-94.54642, 39.187758], [-94.54653, 39.187705], [-94.546761, 39.187592], [-94.547027, 39.18746], [-94.547206, 39.187374], [-94.547402, 39.18813], [-94.547425, 39.188545], [-94.547375, 39.192093], [-94.548717, 39.192148], [-94.54871, 39.192073], [-94.548741, 39.19062], [-94.548744, 39.190435], [-94.548754, 39.190151], [-94.548765, 39.189763], [-94.548776, 39.189382], [-94.548782, 39.189008], [-94.548794, 39.188656], [-94.548792, 39.188561], [-94.548801, 39.188093], [-94.548166, 39.188104]]}}, {"type": "Feature", "properties": {"route_id": "210", "route_short_name": "210", "route_long_name": "Front Street", "route_type": "Bus", "headway_minutes": 60.0, "frequency_tier": "Infrequent (31\u201360 min)", "color": "#6da7ec"}, "geometry": {"type": "LineString", "coordinates": [[-94.426198, 39.166916], [-94.424223, 39.165233], [-94.424452, 39.165073], [-94.425263, 39.164507], [-94.425802, 39.164113], [-94.426619, 39.163522], [-94.427687, 39.162759], [-94.428522, 39.162143], [-94.428921, 39.161861], [-94.430668, 39.16062], [-94.434734, 39.157732], [-94.436224, 39.156672], [-94.436695, 39.156337], [-94.437105, 39.156066], [-94.437438, 39.155858], [-94.437735, 39.155689], [-94.438, 39.155551], [-94.438164, 39.155468], [-94.438259, 39.155422], [-94.438474, 39.155324], [-94.43864, 39.155251], [-94.439098, 39.155082], [-94.439531, 39.154938], [-94.439859, 39.154837], [-94.440235, 39.154732], [-94.440629, 39.154636], [-94.440681, 39.154623], [-94.441, 39.154558], [-94.441282, 39.154507], [-94.4415, 39.154471], [-94.441716, 39.154443], [-94.441979, 39.154411], [-94.44229, 39.154383], [-94.44256, 39.154362], [-94.442583, 39.154361], [-94.442792, 39.15435], [-94.443111, 39.154341], [-94.443524, 39.154339], [-94.444513, 39.154356], [-94.445447, 39.15437], [-94.446794, 39.154389], [-94.447543, 39.154401], [-94.448154, 39.154414], [-94.450338, 39.154459], [-94.452814, 39.154507], [-94.453503, 39.154519], [-94.456227, 39.154572], [-94.457916, 39.1546], [-94.461821, 39.154673], [-94.463532, 39.154702], [-94.466407, 39.154761], [-94.467569, 39.154784], [-94.469639, 39.15482], [-94.470656, 39.154839], [-94.471126, 39.154843], [-94.47147, 39.154851], [-94.47238, 39.154864], [-94.472461, 39.154899], [-94.474675, 39.154941], [-94.47578, 39.154955], [-94.476044, 39.154961], [-94.476204, 39.154964], [-94.476888, 39.154981], [-94.477182, 39.154989], [-94.477362, 39.154992], [-94.477795, 39.155002], [-94.478102, 39.155006], [-94.47883, 39.155014], [-94.479269, 39.155014], [-94.479608, 39.155028], [-94.479867, 39.155048], [-94.48013, 39.155079], [-94.480307, 39.155109], [-94.480463, 39.155137], [-94.480603, 39.155166], [-94.480782, 39.155208], [-94.480891, 39.155239], [-94.481025, 39.155279], [-94.481179, 39.155332], [-94.481329, 39.155385], [-94.481632, 39.15551], [-94.48181, 39.155594], [-94.481993, 39.155687], [-94.48229, 39.155849], [-94.482939, 39.156207], [-94.483115, 39.156303], [-94.483349, 39.156424], [-94.483528, 39.156514], [-94.483776, 39.156635], [-94.484598, 39.157065], [-94.485185, 39.157395], [-94.485557, 39.1576], [-94.485952, 39.157834], [-94.486655, 39.158261], [-94.486866, 39.158386], [-94.487082, 39.158507], [-94.487247, 39.158594], [-94.487388, 39.158669], [-94.487668, 39.158816], [-94.488091, 39.159035], [-94.488262, 39.159117], [-94.489303, 39.159649], [-94.488969, 39.160133], [-94.488881, 39.160286], [-94.488806, 39.160443], [-94.488746, 39.160604], [-94.488699, 39.160767], [-94.488668, 39.160932], [-94.488651, 39.161099], [-94.488647, 39.16131], [-94.488651, 39.161433], [-94.488642, 39.162387], [-94.488652, 39.163598], [-94.488647, 39.164892], [-94.488617, 39.165979], [-94.488624, 39.167419], [-94.488631, 39.168382], [-94.489956, 39.168384], [-94.490914, 39.168377], [-94.491315, 39.168373], [-94.491536, 39.168367], [-94.491715, 39.168362], [-94.492051, 39.168363], [-94.492541, 39.168351], [-94.492534, 39.168422], [-94.49253, 39.168475], [-94.492518, 39.16868], [-94.492508, 39.169445], [-94.492506, 39.170138], [-94.492496, 39.17085], [-94.492474, 39.172887], [-94.492462, 39.173312], [-94.492424, 39.17434], [-94.492416, 39.175187], [-94.492407, 39.175998], [-94.492403, 39.176853], [-94.492394, 39.177331], [-94.492383, 39.178519], [-94.492382, 39.17897], [-94.492373, 39.179205], [-94.492367, 39.179385], [-94.492356, 39.179558], [-94.49235, 39.179726], [-94.492334, 39.18014], [-94.492384, 39.180252], [-94.492412, 39.180312], [-94.492441, 39.180351], [-94.492473, 39.180383], [-94.492507, 39.180407], [-94.492548, 39.180421], [-94.492591, 39.180432], [-94.49263, 39.180438], [-94.492682, 39.180442], [-94.492814, 39.180441], [-94.493076, 39.180436], [-94.493204, 39.18043], [-94.493246, 39.18043], [-94.493301, 39.180424], [-94.493401, 39.180391], [-94.49344, 39.180366], [-94.493474, 39.180342], [-94.493495, 39.180317], [-94.493517, 39.180266], [-94.493532, 39.180193], [-94.493564, 39.179932], [-94.493669, 39.179526], [-94.493673, 39.179116], [-94.49369, 39.177826], [-94.493695, 39.177365], [-94.493707, 39.176932], [-94.493722, 39.176262], [-94.493739, 39.175198], [-94.494212, 39.175203], [-94.494777, 39.175203], [-94.494817, 39.175199], [-94.494851, 39.17519], [-94.494877, 39.175173], [-94.494891, 39.17515], [-94.494898, 39.175111], [-94.494934, 39.17436], [-94.494958, 39.174042], [-94.495043, 39.173687], [-94.495098, 39.173377], [-94.495103, 39.173166], [-94.495106, 39.172759], [-94.495115, 39.172409], [-94.49512, 39.171604], [-94.495115, 39.17092], [-94.495125, 39.170822], [-94.495144, 39.170746], [-94.495169, 39.170695], [-94.495332, 39.170386], [-94.495526, 39.170015], [-94.495903, 39.169341], [-94.496256, 39.168711], [-94.496339, 39.168559], [-94.496162, 39.168508], [-94.495982, 39.168455], [-94.495799, 39.168418], [-94.495628, 39.168384], [-94.495445, 39.168349], [-94.495305, 39.168329], [-94.495171, 39.168312], [-94.494969, 39.168292], [-94.494816, 39.168283], [-94.494685, 39.168278], [-94.494331, 39.168267], [-94.494275, 39.168266], [-94.494147, 39.168283], [-94.494055, 39.168328], [-94.493887, 39.168332], [-94.493425, 39.168342], [-94.493495, 39.168004], [-94.493565, 39.167771], [-94.493622, 39.167591], [-94.493708, 39.167383], [-94.493759, 39.167267], [-94.493893, 39.166964], [-94.493999, 39.166753], [-94.494178, 39.166448], [-94.494442, 39.165937], [-94.494467, 39.165883], [-94.494641, 39.16555], [-94.495064, 39.164579], [-94.495193, 39.16431], [-94.495327, 39.164029], [-94.495558, 39.163598], [-94.495615, 39.163494], [-94.495727, 39.163252], [-94.495864, 39.162967], [-94.49597, 39.162742], [-94.496071, 39.162531], [-94.496166, 39.162326], [-94.496269, 39.162109], [-94.496652, 39.161312], [-94.496765, 39.161071], [-94.49681, 39.160978], [-94.497078, 39.160414], [-94.49728, 39.160012], [-94.497455, 39.159618], [-94.49753, 39.159416], [-94.497613, 39.159213], [-94.497664, 39.159086], [-94.497698, 39.158985], [-94.49776, 39.158791], [-94.497787, 39.1587], [-94.497811, 39.158586], [-94.497873, 39.158335], [-94.497936, 39.157986], [-94.498001, 39.157625], [-94.498006, 39.157572], [-94.498028, 39.157259], [-94.498051, 39.156916], [-94.498058, 39.156686], [-94.498078, 39.156174], [-94.498088, 39.15592], [-94.49812, 39.155199], [-94.498158, 39.154907], [-94.49817, 39.154553], [-94.498182, 39.15438], [-94.498189, 39.154237], [-94.498217, 39.153579], [-94.498237, 39.153154], [-94.498272, 39.152504], [-94.498312, 39.151406], [-94.498334, 39.150965], [-94.498341, 39.150812], [-94.498343, 39.150717], [-94.498352, 39.150587], [-94.498357, 39.150452], [-94.498378, 39.150019], [-94.498392, 39.149562], [-94.498434, 39.148587], [-94.498451, 39.148187], [-94.498475, 39.14768], [-94.498497, 39.147132], [-94.498515, 39.146529], [-94.498547, 39.145766], [-94.498579, 39.144993], [-94.498598, 39.144551], [-94.498617, 39.144193], [-94.498695, 39.143287], [-94.498715, 39.143014], [-94.498745, 39.142423], [-94.498797, 39.141162], [-94.498835, 39.140362], [-94.498853, 39.139868], [-94.498874, 39.139392], [-94.498919, 39.13834], [-94.498965, 39.137282], [-94.499054, 39.135347], [-94.49907, 39.134945], [-94.499088, 39.134472], [-94.499101, 39.134155], [-94.499194, 39.132004], [-94.499208, 39.131594], [-94.499206, 39.131222], [-94.499189, 39.130879], [-94.499155, 39.130541], [-94.499105, 39.130206], [-94.499088, 39.130105], [-94.498804, 39.130096], [-94.49876, 39.130096], [-94.498705, 39.130099], [-94.498605, 39.130102], [-94.498502, 39.130105], [-94.498362, 39.130104], [-94.49831, 39.130102], [-94.498243, 39.130101], [-94.498178, 39.130096], [-94.498103, 39.130085], [-94.498045, 39.130068], [-94.497969, 39.130043], [-94.497856, 39.130009], [-94.49778, 39.129981], [-94.497731, 39.129967], [-94.497679, 39.129953], [-94.497628, 39.129939], [-94.497592, 39.129931], [-94.497544, 39.129925], [-94.497496, 39.129921], [-94.497407, 39.129916], [-94.497202, 39.129916], [-94.496736, 39.129896], [-94.496346, 39.129888], [-94.495928, 39.129882], [-94.495611, 39.12988], [-94.495185, 39.129893], [-94.494939, 39.129902], [-94.494731, 39.129899], [-94.494617, 39.129941], [-94.494421, 39.129928], [-94.493155, 39.129885], [-94.491798, 39.129834], [-94.489365, 39.129781], [-94.489463, 39.128504], [-94.48959, 39.125646], [-94.492168, 39.125695], [-94.493463, 39.125706], [-94.493743, 39.125715], [-94.493743, 39.125715], [-94.49394, 39.125751], [-94.493881, 39.125976], [-94.493662, 39.125958], [-94.493743, 39.125715], [-94.493463, 39.125706], [-94.492168, 39.125695], [-94.48959, 39.125646], [-94.489463, 39.128504], [-94.489365, 39.129781], [-94.491798, 39.129834], [-94.493155, 39.129885], [-94.494421, 39.129928], [-94.494617, 39.129941], [-94.494735, 39.13], [-94.494964, 39.130006], [-94.495166, 39.130009], [-94.495958, 39.130031], [-94.49634, 39.130037], [-94.496818, 39.130066], [-94.497248, 39.130073], [-94.497479, 39.130077], [-94.497545, 39.130074], [-94.497604, 39.130066], [-94.497659, 39.130057], [-94.497729, 39.13004], [-94.497856, 39.130009], [-94.497979, 39.129975], [-94.498097, 39.129953], [-94.498159, 39.12995], [-94.49825, 39.129947], [-94.498306, 39.129952], [-94.498367, 39.129956], [-94.498484, 39.129973], [-94.498583, 39.129983], [-94.498684, 39.129994], [-94.498789, 39.130003], [-94.499071, 39.130006], [-94.499182, 39.130003], [-94.499314, 39.129997], [-94.499577, 39.129987], [-94.499708, 39.129997], [-94.49983, 39.130009], [-94.499911, 39.130026], [-94.499976, 39.130046], [-94.500063, 39.13008], [-94.500145, 39.130116], [-94.500382, 39.130186], [-94.500494, 39.130209], [-94.5006, 39.13022], [-94.50071, 39.130226], [-94.500899, 39.130223], [-94.500955, 39.130223], [-94.501033, 39.130223], [-94.501091, 39.130223], [-94.501339, 39.13022], [-94.501585, 39.130228], [-94.501818, 39.130235], [-94.502328, 39.130265], [-94.502657, 39.130276], [-94.503192, 39.13029], [-94.503889, 39.130308], [-94.504752, 39.130339], [-94.505199, 39.130347], [-94.505649, 39.130355], [-94.505853, 39.13036], [-94.50601, 39.130358], [-94.506264, 39.130366], [-94.506337, 39.130367], [-94.506592, 39.130375], [-94.506985, 39.130386], [-94.507155, 39.130389], [-94.507287, 39.130392], [-94.507772, 39.130397], [-94.508589, 39.130414], [-94.509407, 39.13044], [-94.510225, 39.130481], [-94.51084, 39.130507], [-94.512889, 39.130574], [-94.513571, 39.130592], [-94.514197, 39.130609], [-94.515544, 39.130662], [-94.515632, 39.130665], [-94.516002, 39.130679], [-94.516136, 39.130684], [-94.516296, 39.130687], [-94.518116, 39.130744], [-94.519913, 39.130799], [-94.520037, 39.130802], [-94.520336, 39.130808], [-94.52084, 39.130822], [-94.521609, 39.130848], [-94.522471, 39.130876], [-94.522665, 39.130885], [-94.522762, 39.130889], [-94.522897, 39.130893], [-94.523075, 39.130898], [-94.523328, 39.130912], [-94.52383, 39.130881], [-94.523902, 39.130879], [-94.524102, 39.13087], [-94.524114, 39.13087], [-94.524986, 39.130859], [-94.525051, 39.130834], [-94.525124, 39.130837], [-94.525463, 39.130847], [-94.526396, 39.130876], [-94.528362, 39.130938], [-94.529443, 39.130974], [-94.531034, 39.13102], [-94.531377, 39.131031], [-94.531739, 39.131042], [-94.531932, 39.13105], [-94.532275, 39.131064], [-94.532488, 39.131072], [-94.532679, 39.131078], [-94.532874, 39.131084], [-94.533815, 39.131109], [-94.536491, 39.131197], [-94.537525, 39.131227], [-94.537767, 39.131233], [-94.538811, 39.131264], [-94.539158, 39.131273], [-94.539458, 39.131281], [-94.540606, 39.131312], [-94.540885, 39.131318], [-94.541095, 39.13132], [-94.541248, 39.131321], [-94.541369, 39.13132], [-94.541499, 39.131315], [-94.541617, 39.131306], [-94.541723, 39.131289], [-94.54186, 39.131258], [-94.541962, 39.131228], [-94.542045, 39.131194], [-94.542148, 39.131146], [-94.542159, 39.13114], [-94.54236, 39.131041], [-94.542882, 39.130763], [-94.543105, 39.130647], [-94.543666, 39.130355], [-94.544453, 39.12995], [-94.545233, 39.129544], [-94.546024, 39.129142], [-94.546305, 39.129007], [-94.546449, 39.128937], [-94.546547, 39.128892], [-94.546598, 39.128867], [-94.546829, 39.128762], [-94.54694, 39.128712], [-94.547049, 39.128667], [-94.547223, 39.128596], [-94.547534, 39.12847], [-94.548422, 39.12812], [-94.548705, 39.128002], [-94.548918, 39.12791], [-94.549205, 39.127788], [-94.549345, 39.127724], [-94.549537, 39.127637], [-94.549902, 39.127474], [-94.550061, 39.127401], [-94.550309, 39.127284], [-94.551407, 39.126764], [-94.552053, 39.126466], [-94.552535, 39.126241], [-94.552777, 39.126128], [-94.55291, 39.126063], [-94.552989, 39.126019], [-94.553087, 39.125965], [-94.553229, 39.125884], [-94.553347, 39.12581], [-94.553454, 39.125734], [-94.553568, 39.125647], [-94.553647, 39.125582], [-94.5537, 39.125534], [-94.553777, 39.125461], [-94.553856, 39.125379], [-94.554012, 39.125211], [-94.55414, 39.125056], [-94.554236, 39.124943], [-94.554506, 39.124623], [-94.554653, 39.124451], [-94.554832, 39.12424], [-94.554929, 39.124144], [-94.554998, 39.124076], [-94.555165, 39.123911], [-94.555222, 39.123854], [-94.555278, 39.123795], [-94.555368, 39.1237], [-94.555439, 39.123626], [-94.555805, 39.123272], [-94.556072, 39.123024], [-94.556183, 39.122923], [-94.55695, 39.122236], [-94.557146, 39.122059], [-94.557377, 39.121856], [-94.557705, 39.121586], [-94.558052, 39.121326], [-94.558251, 39.121181], [-94.558856, 39.120764], [-94.558942, 39.12075], [-94.559332, 39.12048], [-94.559673, 39.12026], [-94.559775, 39.120195], [-94.559861, 39.120139], [-94.559982, 39.120069], [-94.560029, 39.120038], [-94.560092, 39.119998], [-94.560233, 39.119909], [-94.560383, 39.119813], [-94.560491, 39.119745], [-94.560664, 39.119646], [-94.560851, 39.119535], [-94.560952, 39.119472], [-94.561027, 39.119428], [-94.561139, 39.119368], [-94.561286, 39.119304], [-94.561513, 39.119207], [-94.561678, 39.119145], [-94.561832, 39.119089], [-94.562031, 39.11902], [-94.562226, 39.118962], [-94.562437, 39.11891], [-94.562668, 39.118867], [-94.562935, 39.118833], [-94.563317, 39.118797], [-94.563471, 39.118786], [-94.563657, 39.118774], [-94.56386, 39.118775], [-94.56412, 39.118785], [-94.564395, 39.118796], [-94.564475, 39.118796], [-94.564577, 39.118799], [-94.564704, 39.1188], [-94.564808, 39.118805], [-94.56498, 39.118811], [-94.565228, 39.11882], [-94.565568, 39.118828], [-94.565612, 39.118828], [-94.56568, 39.11883], [-94.565792, 39.118833], [-94.566008, 39.11883], [-94.566128, 39.11882], [-94.566231, 39.118803], [-94.566384, 39.118763], [-94.566444, 39.118746], [-94.566612, 39.118682], [-94.566676, 39.118656], [-94.566772, 39.118603], [-94.566867, 39.118546], [-94.566953, 39.118481], [-94.567015, 39.118425], [-94.567083, 39.118361], [-94.567145, 39.118296], [-94.567237, 39.118192], [-94.567284, 39.118141], [-94.567335, 39.11809], [-94.567417, 39.118012], [-94.567583, 39.117851], [-94.567807, 39.117646], [-94.56792, 39.117541], [-94.568355, 39.117108], [-94.568434, 39.117035], [-94.568494, 39.116979], [-94.568651, 39.116829], [-94.568786, 39.116714], [-94.568909, 39.116633], [-94.568985, 39.116585], [-94.569062, 39.11654], [-94.569168, 39.116489], [-94.569263, 39.116444], [-94.569398, 39.11639], [-94.569584, 39.11632], [-94.569761, 39.116258], [-94.570214, 39.116095], [-94.570637, 39.115945], [-94.571136, 39.11576], [-94.571473, 39.11564], [-94.571647, 39.115577], [-94.572062, 39.115428], [-94.572419, 39.115304], [-94.572529, 39.115274], [-94.572653, 39.115245], [-94.572766, 39.115225], [-94.572866, 39.115215], [-94.572995, 39.115208], [-94.573113, 39.115206], [-94.573213, 39.115211], [-94.573372, 39.115231], [-94.573503, 39.115259], [-94.573661, 39.115293], [-94.573858, 39.115363], [-94.573997, 39.115422], [-94.574132, 39.115479], [-94.574295, 39.115552], [-94.57441, 39.115605], [-94.574495, 39.115642], [-94.574591, 39.115675], [-94.57474, 39.115721], [-94.574935, 39.115769], [-94.574995, 39.115785], [-94.575096, 39.115803], [-94.575174, 39.115817], [-94.575312, 39.115836], [-94.575387, 39.115844], [-94.575563, 39.115855], [-94.575659, 39.115859], [-94.575787, 39.115859], [-94.575912, 39.115858], [-94.576001, 39.115851], [-94.576105, 39.115842], [-94.576221, 39.115833], [-94.576301, 39.115822], [-94.576389, 39.115808], [-94.576458, 39.115797], [-94.576508, 39.115761], [-94.576582, 39.115749], [-94.576684, 39.11573], [-94.576779, 39.115709], [-94.576899, 39.115678], [-94.577033, 39.115647], [-94.577155, 39.115616], [-94.577254, 39.115585], [-94.577414, 39.115529], [-94.577557, 39.115481], [-94.577695, 39.11543], [-94.577828, 39.115369], [-94.577935, 39.115318], [-94.578035, 39.115265], [-94.578158, 39.115194], [-94.578239, 39.11515], [-94.578355, 39.115085], [-94.57848, 39.115012], [-94.578642, 39.114916], [-94.578799, 39.11482], [-94.578922, 39.114739], [-94.579032, 39.114663], [-94.57915, 39.114572], [-94.579291, 39.114457], [-94.579526, 39.114252], [-94.579626, 39.114161], [-94.579699, 39.114089], [-94.579807, 39.11397], [-94.579897, 39.113866], [-94.580022, 39.113709], [-94.580166, 39.113509], [-94.58029, 39.113326], [-94.580391, 39.113163], [-94.580444, 39.113056], [-94.580501, 39.112934], [-94.580578, 39.112751], [-94.580654, 39.112554], [-94.580727, 39.112354], [-94.58087, 39.111884], [-94.580918, 39.111694], [-94.580938, 39.111601], [-94.580967, 39.111465], [-94.580983, 39.111378], [-94.581038, 39.111134], [-94.581089, 39.110931], [-94.581091, 39.11088], [-94.581086, 39.110827], [-94.581079, 39.110751], [-94.58107, 39.1107], [-94.581064, 39.110646], [-94.58105, 39.110582], [-94.581031, 39.11052], [-94.580973, 39.110334], [-94.580768, 39.109712], [-94.580464, 39.108777], [-94.580353, 39.108437], [-94.580144, 39.107821], [-94.580116, 39.107739], [-94.580071, 39.10759], [-94.580059, 39.10754], [-94.580048, 39.107483], [-94.580044, 39.107354], [-94.580053, 39.107295], [-94.580083, 39.107109], [-94.580134, 39.106901], [-94.580152, 39.106813], [-94.580177, 39.106703], [-94.58019, 39.106644], [-94.580203, 39.106579], [-94.580237, 39.106374], [-94.580278, 39.106192], [-94.580419, 39.105783], [-94.580558, 39.105418], [-94.580605, 39.105297], [-94.580629, 39.105215], [-94.580647, 39.105072], [-94.58065, 39.105001], [-94.580654, 39.104863], [-94.580658, 39.104737], [-94.580663, 39.104593], [-94.580669, 39.104436], [-94.580702, 39.103503], [-94.580753, 39.102282], [-94.580838, 39.101064], [-94.580854, 39.100867], [-94.580914, 39.099873], [-94.57974, 39.099815], [-94.578558, 39.099792], [-94.577397, 39.09973], [-94.576207, 39.099682], [-94.575056, 39.099643], [-94.573939, 39.099617], [-94.573384, 39.099585], [-94.573477, 39.099116]]}}, {"type": "Feature", "properties": {"route_id": "229", "route_short_name": "229", "route_long_name": "Boardwalk-KCI", "route_type": "Bus", "headway_minutes": 60.0, "frequency_tier": "Infrequent (31\u201360 min)", "color": "#6da7ec"}, "geometry": {"type": "LineString", "coordinates": [[-94.573569, 39.099405], [-94.573858, 39.099423], [-94.573939, 39.099617], [-94.573924, 39.100036], [-94.573909, 39.100437], [-94.573874, 39.100825], [-94.57436, 39.100844], [-94.574991, 39.100856], [-94.576159, 39.100878], [-94.577327, 39.100909], [-94.578484, 39.100957], [-94.579668, 39.101019], [-94.580838, 39.101064], [-94.581995, 39.101081], [-94.583089, 39.101132], [-94.583116, 39.100816], [-94.584256, 39.100852], [-94.585528, 39.100895], [-94.586951, 39.10094], [-94.587693, 39.100976], [-94.588014, 39.100985], [-94.58819, 39.100988], [-94.588385, 39.100996], [-94.588317, 39.102037], [-94.588295, 39.102361], [-94.588268, 39.102854], [-94.588272, 39.103399], [-94.588275, 39.103738], [-94.588262, 39.10403], [-94.588212, 39.104653], [-94.588164, 39.10555], [-94.588143, 39.10573], [-94.588105, 39.105966], [-94.588103, 39.10614], [-94.588103, 39.106259], [-94.588102, 39.106324], [-94.5881, 39.10656], [-94.588104, 39.106664], [-94.588048, 39.106762], [-94.588049, 39.106799], [-94.588057, 39.106839], [-94.588069, 39.106898], [-94.588078, 39.106951], [-94.588092, 39.107005], [-94.588098, 39.107036], [-94.58811, 39.107089], [-94.588137, 39.107222], [-94.588153, 39.107323], [-94.588176, 39.107435], [-94.5882, 39.107576], [-94.5883, 39.10786], [-94.588337, 39.10797], [-94.588413, 39.108204], [-94.588432, 39.108297], [-94.588438, 39.108336], [-94.588449, 39.108396], [-94.588459, 39.108455], [-94.588462, 39.10859], [-94.588455, 39.108744], [-94.588452, 39.108859], [-94.588442, 39.109037], [-94.588437, 39.109301], [-94.588446, 39.109437], [-94.588453, 39.10954], [-94.58848, 39.109741], [-94.588481, 39.109783], [-94.588498, 39.109865], [-94.588521, 39.109977], [-94.588571, 39.110154], [-94.588618, 39.110286], [-94.58873, 39.110546], [-94.58877, 39.110644], [-94.588946, 39.111051], [-94.588971, 39.111108], [-94.589005, 39.111193], [-94.589286, 39.111851], [-94.589366, 39.112037], [-94.589602, 39.112586], [-94.589933, 39.113331], [-94.590547, 39.114713], [-94.590576, 39.114781], [-94.590615, 39.114874], [-94.590632, 39.11493], [-94.590643, 39.114972], [-94.590659, 39.115051], [-94.590675, 39.115133], [-94.590682, 39.115245], [-94.590689, 39.115366], [-94.590714, 39.116064], [-94.590727, 39.11629], [-94.59072, 39.116449], [-94.59071, 39.116548], [-94.590703, 39.116629], [-94.590676, 39.116785], [-94.590664, 39.116844], [-94.590637, 39.116967], [-94.590587, 39.11714], [-94.590536, 39.117294], [-94.590474, 39.117444], [-94.590395, 39.117615], [-94.590271, 39.117845], [-94.589899, 39.118479], [-94.589755, 39.118712], [-94.589634, 39.118899], [-94.589466, 39.119163], [-94.589296, 39.119422], [-94.589134, 39.11967], [-94.58893, 39.119984], [-94.588731, 39.120288], [-94.588549, 39.120578], [-94.588406, 39.120795], [-94.588239, 39.121057], [-94.588159, 39.121178], [-94.587999, 39.121439], [-94.587925, 39.12156], [-94.587791, 39.121805], [-94.587711, 39.121958], [-94.587631, 39.122117], [-94.587546, 39.122311], [-94.587455, 39.12252], [-94.587349, 39.122807], [-94.587272, 39.123013], [-94.587208, 39.123227], [-94.587146, 39.123449], [-94.587096, 39.123643], [-94.587057, 39.123817], [-94.587022, 39.124009], [-94.586991, 39.1242], [-94.586957, 39.124456], [-94.586938, 39.124637], [-94.586923, 39.124833], [-94.586918, 39.125027], [-94.586917, 39.125214], [-94.586916, 39.125548], [-94.586912, 39.126136], [-94.586905, 39.126685], [-94.586907, 39.127085], [-94.586905, 39.127555], [-94.5869, 39.1282], [-94.586899, 39.128801], [-94.586888, 39.1298], [-94.586877, 39.131962], [-94.586861, 39.133417], [-94.586838, 39.135734], [-94.586836, 39.135947], [-94.586832, 39.136279], [-94.586819, 39.137636], [-94.586819, 39.138033], [-94.58682, 39.138165], [-94.586821, 39.138452], [-94.586816, 39.138568], [-94.586802, 39.139431], [-94.586794, 39.139566], [-94.586765, 39.140174], [-94.586744, 39.140459], [-94.586713, 39.141157], [-94.586708, 39.141342], [-94.586696, 39.14202], [-94.586595, 39.151819], [-94.58659, 39.152087], [-94.586588, 39.152416], [-94.586596, 39.152631], [-94.586617, 39.152886], [-94.586654, 39.153137], [-94.586704, 39.153387], [-94.586777, 39.153633], [-94.58686, 39.153879], [-94.586961, 39.154121], [-94.587075, 39.154355], [-94.587209, 39.154587], [-94.587355, 39.154814], [-94.587514, 39.155036], [-94.58762, 39.155166], [-94.587688, 39.15525], [-94.587888, 39.15547], [-94.588113, 39.155704], [-94.588226, 39.155853], [-94.588305, 39.155982], [-94.588327, 39.156028], [-94.588353, 39.156092], [-94.58838, 39.156156], [-94.588432, 39.156328], [-94.588525, 39.156708], [-94.58859, 39.156968], [-94.588696, 39.157404], [-94.588769, 39.157711], [-94.588825, 39.15793], [-94.588875, 39.158121], [-94.588967, 39.15856], [-94.588973, 39.158597], [-94.589022, 39.158797], [-94.589101, 39.159126], [-94.589235, 39.159663], [-94.589422, 39.160403], [-94.589524, 39.160814], [-94.589563, 39.160958], [-94.589583, 39.161026], [-94.589605, 39.16111], [-94.589669, 39.161378], [-94.589809, 39.161949], [-94.5899, 39.162328], [-94.589949, 39.162502], [-94.589982, 39.162632], [-94.590023, 39.16281], [-94.590055, 39.16294], [-94.59013, 39.163176], [-94.590194, 39.163314], [-94.590441, 39.16384], [-94.590666, 39.16418], [-94.59086, 39.164394], [-94.590965, 39.164509], [-94.591093, 39.16465], [-94.591211, 39.164772], [-94.591334, 39.164881], [-94.591391, 39.164932], [-94.591554, 39.165061], [-94.591723, 39.165196], [-94.592088, 39.16546], [-94.59229, 39.165607], [-94.592654, 39.165872], [-94.592796, 39.165973], [-94.5929, 39.166052], [-94.593028, 39.166145], [-94.593243, 39.166319], [-94.593299, 39.166369], [-94.593501, 39.166553], [-94.593683, 39.166746], [-94.593852, 39.166941], [-94.594002, 39.167144], [-94.594139, 39.16735], [-94.594264, 39.16756], [-94.594375, 39.167776], [-94.59447, 39.167996], [-94.594525, 39.168148], [-94.594548, 39.168221], [-94.5946, 39.168419], [-94.594644, 39.168621], [-94.594673, 39.168799], [-94.594701, 39.169018], [-94.594713, 39.169159], [-94.594721, 39.169243], [-94.594727, 39.169398], [-94.594722, 39.169693], [-94.594656, 39.172832], [-94.594652, 39.173034], [-94.594652, 39.173087], [-94.59465, 39.173512], [-94.594638, 39.174303], [-94.594622, 39.175466], [-94.594617, 39.175739], [-94.59461, 39.176146], [-94.594596, 39.17649], [-94.594569, 39.176833], [-94.594526, 39.177176], [-94.594468, 39.177515], [-94.594392, 39.177855], [-94.594302, 39.178192], [-94.594194, 39.178542], [-94.593993, 39.179039], [-94.593925, 39.179174], [-94.593777, 39.179537], [-94.593664, 39.179771], [-94.59354, 39.18], [-94.59334, 39.180346], [-94.593192, 39.180598], [-94.593035, 39.180838], [-94.592969, 39.18094], [-94.592938, 39.180984], [-94.592804, 39.181167], [-94.592714, 39.181311], [-94.592554, 39.181525], [-94.592365, 39.18177], [-94.592213, 39.181983], [-94.592147, 39.182073], [-94.591697, 39.182702], [-94.591489, 39.183036], [-94.59141, 39.183174], [-94.591309, 39.183351], [-94.591137, 39.183683], [-94.590988, 39.183996], [-94.59126, 39.184128], [-94.591547, 39.184263], [-94.591882, 39.184407], [-94.592147, 39.184508], [-94.592262, 39.184551], [-94.592488, 39.184632], [-94.592737, 39.184713], [-94.592979, 39.184787], [-94.593197, 39.184848], [-94.593417, 39.184905], [-94.593637, 39.184959], [-94.594083, 39.185054], [-94.594336, 39.185102], [-94.594561, 39.185141], [-94.59555, 39.185313], [-94.595805, 39.185355], [-94.596028, 39.185397], [-94.596367, 39.185468], [-94.596643, 39.185535], [-94.596858, 39.185589], [-94.596997, 39.185625], [-94.597136, 39.185667], [-94.597408, 39.185751], [-94.597516, 39.185786], [-94.597814, 39.185896], [-94.598142, 39.186031], [-94.598414, 39.186151], [-94.598529, 39.186203], [-94.599452, 39.186639], [-94.599812, 39.186813], [-94.600809, 39.18728], [-94.600928, 39.187336], [-94.601106, 39.187421], [-94.601168, 39.187451], [-94.601228, 39.187475], [-94.601285, 39.187502], [-94.601432, 39.187578], [-94.602056, 39.187873], [-94.602414, 39.188034], [-94.602665, 39.188144], [-94.602889, 39.188236], [-94.603032, 39.188293], [-94.603185, 39.188349], [-94.603329, 39.1884], [-94.603455, 39.18844], [-94.603577, 39.188482], [-94.603695, 39.188519], [-94.603908, 39.188585], [-94.603971, 39.188603], [-94.604117, 39.188643], [-94.604378, 39.188712], [-94.604633, 39.188772], [-94.604899, 39.188828], [-94.605172, 39.188881], [-94.605237, 39.188893], [-94.605406, 39.188923], [-94.60621, 39.189067], [-94.606526, 39.189126], [-94.606646, 39.189146], [-94.6083, 39.189433], [-94.608907, 39.189537], [-94.60962, 39.189666], [-94.60987, 39.189711], [-94.610144, 39.189771], [-94.611001, 39.189945], [-94.611265, 39.189993], [-94.611458, 39.190032], [-94.611841, 39.190111], [-94.611918, 39.190131], [-94.612234, 39.190218], [-94.612352, 39.190255], [-94.612478, 39.190299], [-94.612572, 39.190331], [-94.612667, 39.190367], [-94.612887, 39.190457], [-94.613229, 39.190606], [-94.613454, 39.190705], [-94.613595, 39.190772], [-94.613748, 39.190845], [-94.614044, 39.191003], [-94.614282, 39.191136], [-94.61457, 39.191315], [-94.614746, 39.191426], [-94.615029, 39.191625], [-94.6152, 39.191752], [-94.615297, 39.191831], [-94.615453, 39.191951], [-94.615611, 39.192078], [-94.615978, 39.192402], [-94.616281, 39.192704], [-94.616467, 39.192897], [-94.616787, 39.193237], [-94.617148, 39.193632], [-94.617339, 39.193831], [-94.617586, 39.194062], [-94.61767, 39.194138], [-94.617744, 39.194203], [-94.618166, 39.194589], [-94.618236, 39.194648], [-94.619247, 39.195459], [-94.619397, 39.195569], [-94.619529, 39.195667], [-94.619654, 39.195756], [-94.619887, 39.195917], [-94.620086, 39.196055], [-94.620596, 39.196424], [-94.620676, 39.196359], [-94.620779, 39.196269], [-94.620932, 39.196142], [-94.621027, 39.196069], [-94.621221, 39.196201], [-94.621637, 39.196474], [-94.622046, 39.196751], [-94.624493, 39.198427], [-94.625308, 39.198985], [-94.625478, 39.199098], [-94.626124, 39.19952], [-94.626553, 39.199809], [-94.626769, 39.199956], [-94.627195, 39.200246], [-94.62757, 39.200502], [-94.627835, 39.200696], [-94.628142, 39.200916], [-94.628455, 39.201134], [-94.628994, 39.201492], [-94.629323, 39.201712], [-94.629637, 39.201923], [-94.630182, 39.20228], [-94.6306, 39.202561], [-94.631372, 39.203094], [-94.632001, 39.203512], [-94.632632, 39.203937], [-94.63284, 39.204079], [-94.633161, 39.204315], [-94.633671, 39.204711], [-94.634158, 39.205111], [-94.634545, 39.205443], [-94.634702, 39.20559], [-94.635001, 39.205857], [-94.635185, 39.206032], [-94.635364, 39.206212], [-94.635519, 39.206369], [-94.635776, 39.206639], [-94.6361, 39.207005], [-94.636345, 39.207281], [-94.636668, 39.207659], [-94.636956, 39.207988], [-94.637054, 39.2081], [-94.637162, 39.20821], [-94.637338, 39.208398], [-94.637721, 39.208779], [-94.637876, 39.20893], [-94.638086, 39.209133], [-94.638203, 39.209234], [-94.638343, 39.20935], [-94.638453, 39.209423], [-94.638538, 39.209479], [-94.638834, 39.209634], [-94.63889, 39.209662], [-94.63911, 39.209771], [-94.639416, 39.209913], [-94.639803, 39.210133], [-94.639875, 39.21018], [-94.639981, 39.210273], [-94.64005, 39.210352], [-94.640088, 39.210425], [-94.6401, 39.210481], [-94.640113, 39.210555], [-94.640628, 39.21054], [-94.640855, 39.210534], [-94.641086, 39.210527], [-94.641605, 39.210514], [-94.641729, 39.210514], [-94.6422, 39.210515], [-94.642814, 39.210518], [-94.642808, 39.210656], [-94.642803, 39.210738], [-94.642844, 39.210863], [-94.642904, 39.21094], [-94.642966, 39.21101], [-94.643038, 39.211092], [-94.643156, 39.211193], [-94.643225, 39.211323], [-94.643253, 39.211444], [-94.643249, 39.212032], [-94.642516, 39.214275], [-94.644316, 39.216309], [-94.645407, 39.217548], [-94.646159, 39.218403], [-94.646726, 39.219039], [-94.647192, 39.219569], [-94.648802, 39.221401], [-94.649123, 39.22176], [-94.649827, 39.22254], [-94.650276, 39.223049], [-94.650675, 39.223497], [-94.652061, 39.225096], [-94.652136, 39.225169], [-94.652224, 39.225259], [-94.652557, 39.225636], [-94.653747, 39.226987], [-94.655424, 39.22889], [-94.655912, 39.229444], [-94.656327, 39.229916], [-94.656637, 39.230274], [-94.657444, 39.231222], [-94.657597, 39.231423], [-94.657673, 39.231529], [-94.65777, 39.231679], [-94.657832, 39.231785], [-94.658013, 39.232089], [-94.658254, 39.232525], [-94.658326, 39.232669], [-94.658385, 39.232795], [-94.658427, 39.232892], [-94.658472, 39.232998], [-94.658596, 39.233392], [-94.658629, 39.233527], [-94.658681, 39.233789], [-94.658708, 39.233927], [-94.658741, 39.234099], [-94.658754, 39.234184], [-94.658769, 39.234265], [-94.658789, 39.234423], [-94.658814, 39.234676], [-94.658817, 39.234718], [-94.658828, 39.234859], [-94.658846, 39.235357], [-94.658851, 39.235531], [-94.658849, 39.235711], [-94.65885, 39.235773], [-94.658856, 39.236562], [-94.658845, 39.238692], [-94.658843, 39.239218], [-94.658834, 39.239663], [-94.658834, 39.24015], [-94.658833, 39.240586], [-94.658833, 39.240772], [-94.658827, 39.24107], [-94.658797, 39.242775], [-94.6588, 39.242997], [-94.658837, 39.243484], [-94.658846, 39.2436], [-94.658878, 39.243966], [-94.658895, 39.244188], [-94.658927, 39.244486], [-94.658941, 39.244602], [-94.658952, 39.24465], [-94.658958, 39.244674], [-94.658983, 39.244731], [-94.65902, 39.244793], [-94.65909, 39.244877], [-94.65916, 39.244951], [-94.659238, 39.24501], [-94.659356, 39.245089], [-94.659465, 39.24515], [-94.65957, 39.245193], [-94.659661, 39.24522], [-94.659755, 39.245237], [-94.659854, 39.245247], [-94.659997, 39.245257], [-94.66015, 39.24526], [-94.660328, 39.245257], [-94.660459, 39.245254], [-94.660521, 39.245252], [-94.660645, 39.245252], [-94.6607, 39.245257], [-94.660793, 39.245263], [-94.660882, 39.245274], [-94.660931, 39.24528], [-94.661012, 39.245299], [-94.661058, 39.245314], [-94.661142, 39.245344], [-94.661225, 39.245384], [-94.661311, 39.245434], [-94.661393, 39.245497], [-94.661444, 39.245547], [-94.661456, 39.245612], [-94.661569, 39.245767], [-94.661609, 39.245828], [-94.661651, 39.245961], [-94.66166, 39.24604], [-94.661652, 39.246229], [-94.661638, 39.24627], [-94.661608, 39.246358], [-94.661585, 39.246431], [-94.66148, 39.246623], [-94.66136, 39.246837], [-94.661092, 39.246831], [-94.660894, 39.246825], [-94.660694, 39.246828], [-94.660535, 39.246825], [-94.66033, 39.24682], [-94.660126, 39.246817], [-94.659858, 39.246803], [-94.659739, 39.246806], [-94.65966, 39.246808], [-94.659425, 39.246805], [-94.659032, 39.246803], [-94.658495, 39.246805], [-94.658404, 39.246806], [-94.658311, 39.246805], [-94.65803, 39.246805], [-94.657732, 39.246799], [-94.657405, 39.24681], [-94.657194, 39.246811], [-94.656513, 39.246802], [-94.656029, 39.246802], [-94.65576, 39.246802], [-94.655012, 39.2468], [-94.655011, 39.246862], [-94.65501, 39.246954], [-94.655012, 39.247011], [-94.654916, 39.247115], [-94.654922, 39.247183], [-94.65494, 39.24729], [-94.654977, 39.247385], [-94.655073, 39.247571], [-94.655147, 39.247658], [-94.655229, 39.24775], [-94.655411, 39.247905], [-94.655559, 39.247979], [-94.655693, 39.248049], [-94.655974, 39.248161], [-94.656009, 39.248176], [-94.656248, 39.248308], [-94.656401, 39.248441], [-94.656521, 39.248561], [-94.656587, 39.248676], [-94.656651, 39.248857], [-94.656851, 39.249417], [-94.656879, 39.249498], [-94.656982, 39.249901], [-94.657004, 39.25023], [-94.656982, 39.250414], [-94.656818, 39.250892], [-94.656737, 39.251027], [-94.656648, 39.251151], [-94.656593, 39.251207], [-94.656443, 39.251356], [-94.656066, 39.251682], [-94.655782, 39.251913], [-94.65549, 39.252093], [-94.655224, 39.25222], [-94.655007, 39.252302], [-94.654826, 39.252355], [-94.65455, 39.252395], [-94.654377, 39.252409], [-94.652967, 39.252428], [-94.652534, 39.252428], [-94.651014, 39.252423], [-94.64999, 39.252423], [-94.64973, 39.252425], [-94.649545, 39.252425], [-94.649584, 39.252554], [-94.649545, 39.253957], [-94.649538, 39.254137], [-94.64954, 39.254294], [-94.649535, 39.254541], [-94.649518, 39.255037], [-94.649517, 39.255477], [-94.649448, 39.257697], [-94.649441, 39.257893], [-94.649321, 39.260998], [-94.649306, 39.261209], [-94.649298, 39.261316], [-94.649309, 39.261465], [-94.649317, 39.261566], [-94.649337, 39.261696], [-94.649354, 39.261795], [-94.649382, 39.26191], [-94.649418, 39.262036], [-94.649461, 39.262155], [-94.649493, 39.262233], [-94.64953, 39.262318], [-94.649574, 39.262411], [-94.649646, 39.26254], [-94.649728, 39.262675], [-94.64985, 39.262852], [-94.649975, 39.263012], [-94.650063, 39.263117], [-94.650148, 39.263199], [-94.65022, 39.263269], [-94.650336, 39.263379], [-94.65045, 39.263472], [-94.65057, 39.263556], [-94.65065, 39.263613], [-94.650902, 39.263776], [-94.651061, 39.263863], [-94.65123, 39.263948], [-94.65139, 39.264017], [-94.651448, 39.26404], [-94.651489, 39.264057], [-94.651572, 39.26409], [-94.651715, 39.264139], [-94.651866, 39.264186], [-94.651982, 39.26422], [-94.652123, 39.264254], [-94.65223, 39.264279], [-94.652321, 39.264294], [-94.652413, 39.264311], [-94.652522, 39.26433], [-94.652643, 39.264347], [-94.65276, 39.264361], [-94.652907, 39.264373], [-94.653031, 39.264383], [-94.653154, 39.264386], [-94.653272, 39.264387], [-94.65343, 39.264383], [-94.653572, 39.264378], [-94.653739, 39.264361], [-94.653824, 39.264352], [-94.653898, 39.264342], [-94.654039, 39.264315], [-94.654163, 39.264291], [-94.654183, 39.264287], [-94.654335, 39.264257], [-94.654419, 39.26424], [-94.654539, 39.264217], [-94.654687, 39.264178], [-94.654843, 39.264136], [-94.654959, 39.264104], [-94.65509, 39.264071], [-94.655208, 39.264045], [-94.655304, 39.264024], [-94.655404, 39.264004], [-94.655615, 39.263973], [-94.655773, 39.263959], [-94.655856, 39.26395], [-94.655962, 39.263939], [-94.65608, 39.263939], [-94.656172, 39.263938], [-94.656323, 39.263936], [-94.656417, 39.263933], [-94.656509, 39.263939], [-94.656589, 39.263944], [-94.6567, 39.263959], [-94.656869, 39.263981], [-94.657041, 39.264009], [-94.657193, 39.264037], [-94.657325, 39.264068], [-94.657567, 39.264128], [-94.65772, 39.26418], [-94.657838, 39.26422], [-94.657972, 39.264276], [-94.658084, 39.264322], [-94.658192, 39.264372], [-94.658305, 39.264423], [-94.658486, 39.264525], [-94.658632, 39.264619], [-94.658765, 39.26471], [-94.658863, 39.264777], [-94.659064, 39.264946], [-94.659227, 39.265104], [-94.659388, 39.265287], [-94.659497, 39.265424], [-94.659582, 39.265543], [-94.659694, 39.265706], [-94.659805, 39.265867], [-94.659936, 39.266052], [-94.66009, 39.266274], [-94.66024, 39.266491], [-94.660373, 39.26668], [-94.660582, 39.266984], [-94.66068, 39.267124], [-94.660799, 39.267294], [-94.660883, 39.267415], [-94.660989, 39.267561], [-94.661097, 39.267721], [-94.661221, 39.267898], [-94.661356, 39.26809], [-94.661469, 39.268259], [-94.661576, 39.268416], [-94.661743, 39.268655], [-94.66185, 39.268811], [-94.661978, 39.26899], [-94.662081, 39.269136], [-94.662148, 39.26923], [-94.662402, 39.269562], [-94.662581, 39.269796], [-94.662681, 39.269914], [-94.662834, 39.270133], [-94.662891, 39.270223], [-94.663026, 39.270414], [-94.66312, 39.270553], [-94.663263, 39.270732], [-94.663393, 39.270874], [-94.66341, 39.270896], [-94.663517, 39.270994], [-94.663572, 39.271051], [-94.663636, 39.271129], [-94.664056, 39.27161], [-94.66409, 39.271666], [-94.664128, 39.271757], [-94.664146, 39.271836], [-94.664151, 39.271906], [-94.664139, 39.271971], [-94.664113, 39.27203], [-94.664071, 39.272091], [-94.664005, 39.272159], [-94.663972, 39.272187], [-94.663923, 39.272233], [-94.663829, 39.272252], [-94.663737, 39.272275], [-94.66368, 39.2723], [-94.663635, 39.272325], [-94.663576, 39.272365], [-94.663518, 39.272412], [-94.663475, 39.272455], [-94.663437, 39.272503], [-94.663342, 39.272551], [-94.663297, 39.272573], [-94.663219, 39.272599], [-94.663268, 39.272807], [-94.663321, 39.272832], [-94.663387, 39.272871], [-94.66345, 39.272916], [-94.663475, 39.272951], [-94.663503, 39.272986], [-94.663546, 39.273026], [-94.663591, 39.273059], [-94.663639, 39.273086], [-94.663698, 39.273117], [-94.663745, 39.273133], [-94.663785, 39.273147], [-94.663839, 39.273158], [-94.663898, 39.273164], [-94.663957, 39.273164], [-94.664044, 39.273156], [-94.66414, 39.273138], [-94.664193, 39.273122], [-94.664259, 39.2731], [-94.664319, 39.273068], [-94.664413, 39.273074], [-94.664477, 39.273079], [-94.664529, 39.273088], [-94.664591, 39.273103], [-94.664664, 39.273133], [-94.664771, 39.273187], [-94.664901, 39.273265], [-94.665076, 39.273372], [-94.665243, 39.273482], [-94.665594, 39.273718], [-94.665794, 39.273853], [-94.665975, 39.273974], [-94.666272, 39.274138], [-94.666436, 39.274225], [-94.666571, 39.274268], [-94.666713, 39.274312], [-94.666961, 39.274341], [-94.667035, 39.274341], [-94.667147, 39.274338], [-94.667225, 39.274335], [-94.667311, 39.274332], [-94.667417, 39.274326], [-94.667522, 39.274317], [-94.667595, 39.274309], [-94.667647, 39.274427], [-94.667677, 39.274504], [-94.667719, 39.274582], [-94.667822, 39.27474], [-94.667902, 39.274858], [-94.668017, 39.275015], [-94.668143, 39.27519], [-94.668263, 39.275354], [-94.668537, 39.275761], [-94.66866, 39.275942], [-94.668893, 39.276296], [-94.669028, 39.27651], [-94.669174, 39.276749], [-94.669245, 39.276851], [-94.669353, 39.27704], [-94.669443, 39.277217], [-94.669476, 39.277315], [-94.669505, 39.277411], [-94.66954, 39.277557], [-94.66956, 39.277703], [-94.669568, 39.27785], [-94.66956, 39.278027], [-94.669537, 39.27837], [-94.669535, 39.278598], [-94.66955, 39.278815], [-94.669576, 39.279007], [-94.66961, 39.279169], [-94.669657, 39.279327], [-94.669724, 39.279485], [-94.66981, 39.279659], [-94.669928, 39.279862], [-94.670013, 39.279994], [-94.670141, 39.280192], [-94.670323, 39.280464], [-94.670468, 39.280687], [-94.670576, 39.280849], [-94.670755, 39.281117], [-94.670821, 39.281201], [-94.670884, 39.281278], [-94.67109, 39.281506], [-94.671199, 39.281624], [-94.671237, 39.281671], [-94.671277, 39.281734], [-94.67131, 39.281799], [-94.671335, 39.281875], [-94.671361, 39.28195], [-94.671386, 39.282023], [-94.67142, 39.282105], [-94.671532, 39.282195], [-94.671544, 39.282263], [-94.671559, 39.282314], [-94.671583, 39.282397], [-94.67161, 39.282463], [-94.671657, 39.28255], [-94.671717, 39.282646], [-94.671773, 39.282722], [-94.671826, 39.282781], [-94.671898, 39.282848], [-94.671987, 39.282912], [-94.672076, 39.282963], [-94.672195, 39.283029], [-94.672302, 39.283073], [-94.67242, 39.283109], [-94.67255, 39.283133], [-94.672698, 39.28315], [-94.672881, 39.28316], [-94.673159, 39.283158], [-94.673336, 39.283166], [-94.673478, 39.283185], [-94.673614, 39.283214], [-94.673743, 39.283253], [-94.673867, 39.283307], [-94.673979, 39.283369], [-94.674045, 39.283413], [-94.674081, 39.283437], [-94.674172, 39.28352], [-94.674246, 39.283599], [-94.674786, 39.284295], [-94.675319, 39.284995], [-94.675482, 39.285206], [-94.67564, 39.285417], [-94.676732, 39.286845], [-94.676906, 39.287078], [-94.677805, 39.288268], [-94.678612, 39.289313], [-94.679413, 39.290362], [-94.679721, 39.290757], [-94.679925, 39.291027], [-94.680223, 39.291409], [-94.680881, 39.29227], [-94.681461, 39.293033], [-94.681576, 39.29319], [-94.68164, 39.293297], [-94.681675, 39.293379], [-94.6817, 39.29348], [-94.681714, 39.293604], [-94.681718, 39.293739], [-94.681715, 39.294026], [-94.681713, 39.294798], [-94.681713, 39.296618], [-94.681711, 39.297713], [-94.681702, 39.298651], [-94.681696, 39.299405], [-94.681703, 39.300696], [-94.681692, 39.302469], [-94.681689, 39.303815], [-94.681696, 39.303964], [-94.681706, 39.304051], [-94.681656, 39.304135], [-94.681651, 39.304184], [-94.681655, 39.304231], [-94.681656, 39.304284], [-94.681663, 39.304332], [-94.681672, 39.30438], [-94.681685, 39.304434], [-94.681701, 39.304496], [-94.68173, 39.304589], [-94.681816, 39.304833], [-94.681856, 39.304963], [-94.681903, 39.305109], [-94.68194, 39.305253], [-94.681961, 39.305405], [-94.68196, 39.305585], [-94.681957, 39.306511], [-94.681956, 39.306956], [-94.68195, 39.30901], [-94.68195, 39.309958], [-94.681946, 39.310437], [-94.681944, 39.310628], [-94.681951, 39.310969], [-94.681955, 39.311024], [-94.681955, 39.311064], [-94.681955, 39.311106], [-94.681956, 39.311154], [-94.682034, 39.311152], [-94.682107, 39.311151], [-94.682619, 39.31114], [-94.683543, 39.31114], [-94.685081, 39.311141], [-94.685885, 39.311135], [-94.686103, 39.311132], [-94.686211, 39.311131], [-94.686847, 39.311143], [-94.687685, 39.311151], [-94.687928, 39.311151], [-94.688091, 39.311148], [-94.68823, 39.311146], [-94.688715, 39.311146], [-94.688922, 39.311149], [-94.68919, 39.311145], [-94.689457, 39.311143], [-94.690498, 39.311127], [-94.692077, 39.311148], [-94.692166, 39.311151], [-94.692223, 39.311152], [-94.692305, 39.311157], [-94.69239, 39.311159], [-94.692431, 39.31116], [-94.692694, 39.311171], [-94.692903, 39.311176], [-94.693089, 39.31118], [-94.694012, 39.311182], [-94.694185, 39.311182], [-94.695706, 39.31119], [-94.696376, 39.311188], [-94.697117, 39.311183], [-94.697928, 39.311163], [-94.698324, 39.311159], [-94.698676, 39.311157], [-94.698845, 39.31116], [-94.699031, 39.311166], [-94.699291, 39.311179], [-94.699417, 39.311185], [-94.699608, 39.311197], [-94.699798, 39.311213], [-94.699959, 39.311217], [-94.700462, 39.311225], [-94.70085, 39.311231], [-94.701008, 39.31123], [-94.701201, 39.311225], [-94.701396, 39.311213], [-94.701588, 39.311202], [-94.701839, 39.311177], [-94.702056, 39.311152], [-94.702201, 39.311135], [-94.702475, 39.311086], [-94.702912, 39.310989], [-94.703123, 39.310935], [-94.703249, 39.310899], [-94.7034, 39.310856], [-94.70361, 39.310786], [-94.70383, 39.310707], [-94.703888, 39.310687], [-94.704164, 39.310575], [-94.704269, 39.310532], [-94.704498, 39.310428], [-94.704712, 39.310336], [-94.704933, 39.310229], [-94.705151, 39.310119], [-94.705584, 39.309896], [-94.706456, 39.309452], [-94.706906, 39.309223], [-94.707085, 39.309134], [-94.707402, 39.308979], [-94.707549, 39.308906], [-94.707708, 39.309026], [-94.707901, 39.309179], [-94.708099, 39.309341], [-94.70885, 39.309927], [-94.709363, 39.310273], [-94.709549, 39.310412], [-94.709967, 39.310732], [-94.710057, 39.310803], [-94.710526, 39.311179], [-94.710905, 39.311481], [-94.711145, 39.311652], [-94.711455, 39.31183], [-94.711532, 39.31186], [-94.711871, 39.31199], [-94.712121, 39.312052], [-94.714295, 39.312446], [-94.714568, 39.312503], [-94.715993, 39.312764], [-94.716104, 39.312784], [-94.716222, 39.312811], [-94.716595, 39.311531], [-94.716982, 39.310242], [-94.717354, 39.30895], [-94.718113, 39.306367], [-94.718805, 39.304096], [-94.719018, 39.303398], [-94.717316, 39.303082], [-94.717607, 39.302149], [-94.718193, 39.302253], [-94.71793, 39.302621], [-94.718359, 39.302738], [-94.718753, 39.302404], [-94.718193, 39.302253], [-94.717607, 39.302149], [-94.717316, 39.303082], [-94.716023, 39.302855], [-94.714763, 39.302629], [-94.714414, 39.302574], [-94.714168, 39.302528], [-94.714023, 39.3025], [-94.713904, 39.302478], [-94.714056, 39.302154], [-94.714202, 39.301859], [-94.714259, 39.301757], [-94.714365, 39.301571], [-94.714478, 39.301389], [-94.714597, 39.301209], [-94.714656, 39.301127], [-94.714747, 39.301001], [-94.714823, 39.300905], [-94.715108, 39.300612], [-94.715179, 39.300547], [-94.715282, 39.300454], [-94.715361, 39.300378], [-94.715434, 39.300314], [-94.715526, 39.30023], [-94.715654, 39.300128], [-94.715766, 39.300038], [-94.715905, 39.299939], [-94.715974, 39.299889], [-94.716076, 39.299823], [-94.716145, 39.299781], [-94.716251, 39.299709], [-94.716857, 39.299331], [-94.716998, 39.299244], [-94.717067, 39.299196], [-94.717118, 39.299162], [-94.717213, 39.299092], [-94.717316, 39.299014], [-94.717432, 39.29892], [-94.717533, 39.29883], [-94.717602, 39.298762], [-94.717662, 39.298696], [-94.717668, 39.298689], [-94.717725, 39.298614], [-94.717781, 39.298537], [-94.717826, 39.29847], [-94.717861, 39.298397], [-94.717904, 39.298307], [-94.717943, 39.298214], [-94.717975, 39.29811]]}}, {"type": "Feature", "properties": {"route_id": "23", "route_short_name": "23", "route_long_name": "23rd Street", "route_type": "Bus", "headway_minutes": 45.0, "frequency_tier": "Infrequent (31\u201360 min)", "color": "#6da7ec"}, "geometry": {"type": "LineString", "coordinates": [[-94.512101, 39.086759], [-94.512101, 39.086723], [-94.512101, 39.086678], [-94.511962, 39.086687], [-94.511962, 39.086687], [-94.512101, 39.086723], [-94.512101, 39.086759], [-94.511962, 39.086768], [-94.51194, 39.086093], [-94.511964, 39.085723], [-94.511975, 39.085705], [-94.511999, 39.085615], [-94.512049, 39.085509], [-94.512242, 39.0853], [-94.51232, 39.085151], [-94.512333, 39.085076], [-94.512313, 39.08498], [-94.512281, 39.084927], [-94.512112, 39.084815], [-94.512265, 39.084701], [-94.512375, 39.084623], [-94.512432, 39.084574], [-94.512516, 39.084491], [-94.512587, 39.084406], [-94.512642, 39.084322], [-94.512679, 39.084235], [-94.512698, 39.084148], [-94.512703, 39.084065], [-94.512693, 39.083986], [-94.512668, 39.083907], [-94.512615, 39.083804], [-94.512519, 39.083624], [-94.512461, 39.083491], [-94.512428, 39.083373], [-94.512414, 39.083263], [-94.512415, 39.083157], [-94.512416, 39.083137], [-94.512418, 39.083066], [-94.512654, 39.08307], [-94.513418, 39.083089], [-94.514408, 39.083111], [-94.514736, 39.083117], [-94.514965, 39.083123], [-94.515327, 39.083129], [-94.516452, 39.083156], [-94.516986, 39.083177], [-94.517604, 39.083199], [-94.518146, 39.083224], [-94.518752, 39.083246], [-94.51916, 39.083258], [-94.519496, 39.083266], [-94.519656, 39.083269], [-94.519898, 39.083278], [-94.520264, 39.083289], [-94.520724, 39.083303], [-94.521063, 39.083314], [-94.522208, 39.083356], [-94.523343, 39.08339], [-94.524506, 39.083429], [-94.525543, 39.083469], [-94.52658, 39.083503], [-94.527608, 39.083536], [-94.528538, 39.083564], [-94.529553, 39.083598], [-94.530602, 39.08363], [-94.531626, 39.08366], [-94.532674, 39.083692], [-94.533732, 39.083702], [-94.533719, 39.083964], [-94.533642, 39.085532], [-94.533592, 39.086309], [-94.53355, 39.0873], [-94.533479, 39.088734], [-94.533405, 39.090159], [-94.5334, 39.090308], [-94.533373, 39.090941], [-94.533353, 39.091385], [-94.533342, 39.091605], [-94.533288, 39.092652], [-94.533216, 39.094033], [-94.534851, 39.094084], [-94.535408, 39.094104], [-94.53552, 39.09411], [-94.536885, 39.094169], [-94.537812, 39.0942], [-94.53821, 39.094216], [-94.538437, 39.094223], [-94.538616, 39.09423], [-94.539564, 39.094264], [-94.540103, 39.09429], [-94.540986, 39.094332], [-94.541259, 39.094346], [-94.541552, 39.094361], [-94.54183, 39.094377], [-94.54213, 39.094394], [-94.542394, 39.094408], [-94.542441, 39.09441], [-94.542653, 39.094414], [-94.543128, 39.094423], [-94.54388, 39.094447], [-94.543975, 39.094448], [-94.544218, 39.094453], [-94.544444, 39.094462], [-94.544692, 39.09447], [-94.544923, 39.094479], [-94.545136, 39.094487], [-94.54588, 39.094523], [-94.546238, 39.094535], [-94.546976, 39.094562], [-94.547319, 39.094574], [-94.548383, 39.094616], [-94.548649, 39.094624], [-94.549054, 39.094642], [-94.549458, 39.094659], [-94.549734, 39.094669], [-94.54994, 39.094675], [-94.550561, 39.094695], [-94.551006, 39.094712], [-94.55131, 39.094723], [-94.551625, 39.094735], [-94.551879, 39.094746], [-94.552132, 39.094757], [-94.552783, 39.094782], [-94.553948, 39.094814], [-94.555062, 39.09485], [-94.555137, 39.094853], [-94.555735, 39.094875], [-94.556025, 39.094884], [-94.556245, 39.094892], [-94.55673, 39.094906], [-94.557402, 39.094923], [-94.55851, 39.094966], [-94.559798, 39.095005], [-94.560401, 39.095024], [-94.560636, 39.09503], [-94.560845, 39.095038], [-94.561065, 39.095046], [-94.561295, 39.095055], [-94.561548, 39.095064], [-94.56231, 39.095094], [-94.56381, 39.09514], [-94.564007, 39.095146], [-94.564548, 39.095171], [-94.564834, 39.095182], [-94.565109, 39.095191], [-94.56561, 39.09521], [-94.565837, 39.095218], [-94.566847, 39.095256], [-94.567604, 39.095281], [-94.567876, 39.095291], [-94.568129, 39.095298], [-94.568315, 39.095305], [-94.568374, 39.095306], [-94.568499, 39.095311], [-94.568771, 39.09532], [-94.568951, 39.095328], [-94.569117, 39.095336], [-94.569305, 39.095343], [-94.569498, 39.095353], [-94.569784, 39.095365], [-94.570082, 39.095379], [-94.570466, 39.095395], [-94.570839, 39.09541], [-94.571397, 39.095435], [-94.57153, 39.095432], [-94.57168, 39.095432], [-94.571973, 39.09545], [-94.572151, 39.095458], [-94.572537, 39.095475], [-94.572715, 39.09548], [-94.57276, 39.09548], [-94.572805, 39.095478], [-94.573087, 39.095491], [-94.573353, 39.095498], [-94.573759, 39.095511], [-94.574146, 39.095523], [-94.574247, 39.095525], [-94.57437, 39.095581], [-94.574518, 39.095585], [-94.575272, 39.095613], [-94.575271, 39.095998], [-94.575266, 39.096214], [-94.575265, 39.096274], [-94.575263, 39.096355], [-94.575258, 39.096406], [-94.575227, 39.096808], [-94.575211, 39.096975], [-94.575201, 39.097047], [-94.575171, 39.097208], [-94.575164, 39.097537], [-94.575115, 39.098357], [-94.575074, 39.099341], [-94.575056, 39.099643], [-94.575007, 39.100557], [-94.574991, 39.100856], [-94.576159, 39.100878], [-94.577327, 39.100909], [-94.578484, 39.100957], [-94.579668, 39.101019], [-94.580838, 39.101064], [-94.581995, 39.101081], [-94.583089, 39.101132], [-94.583116, 39.100816], [-94.584256, 39.100852], [-94.585528, 39.100895], [-94.586782, 39.100923]]}}, {"type": "Feature", "properties": {"route_id": "238", "route_short_name": "238", "route_long_name": "Meadowbrook", "route_type": "Bus", "headway_minutes": 60.0, "frequency_tier": "Infrequent (31\u201360 min)", "color": "#6da7ec"}, "geometry": {"type": "LineString", "coordinates": [[-94.573743, 39.099252], [-94.573951, 39.099324], [-94.573939, 39.099617], [-94.573924, 39.100036], [-94.573909, 39.100437], [-94.573874, 39.100825], [-94.57436, 39.100844], [-94.574991, 39.100856], [-94.576159, 39.100878], [-94.577327, 39.100909], [-94.578484, 39.100957], [-94.579668, 39.101019], [-94.580838, 39.101064], [-94.580753, 39.102282], [-94.580702, 39.103503], [-94.580669, 39.104436], [-94.580663, 39.104593], [-94.580658, 39.104737], [-94.580654, 39.104863], [-94.58065, 39.105001], [-94.580647, 39.105072], [-94.580629, 39.105215], [-94.580605, 39.105297], [-94.580558, 39.105418], [-94.580419, 39.105783], [-94.580278, 39.106192], [-94.580237, 39.106374], [-94.580203, 39.106579], [-94.58019, 39.106644], [-94.580177, 39.106703], [-94.580152, 39.106813], [-94.580134, 39.106901], [-94.580083, 39.107109], [-94.580053, 39.107295], [-94.580044, 39.107354], [-94.580048, 39.107483], [-94.580059, 39.10754], [-94.580071, 39.10759], [-94.580116, 39.107739], [-94.580144, 39.107821], [-94.580353, 39.108437], [-94.580464, 39.108777], [-94.580768, 39.109712], [-94.580973, 39.110334], [-94.580383, 39.110456], [-94.579769, 39.110579], [-94.578557, 39.110827], [-94.578213, 39.110894], [-94.578096, 39.110917], [-94.577907, 39.110954], [-94.57762, 39.11101], [-94.577498, 39.111033], [-94.577572, 39.111306], [-94.577634, 39.111536], [-94.577698, 39.111806], [-94.577737, 39.112008], [-94.57776, 39.112104], [-94.577878, 39.112673], [-94.577995, 39.113232], [-94.578136, 39.113939], [-94.578152, 39.114012], [-94.578166, 39.114083], [-94.578243, 39.114482], [-94.578286, 39.114705], [-94.578355, 39.115085], [-94.578385, 39.115251], [-94.578419, 39.11547], [-94.578497, 39.11578], [-94.578539, 39.115991], [-94.578547, 39.116031], [-94.578699, 39.116816], [-94.578828, 39.117412], [-94.578997, 39.11824], [-94.579162, 39.118977], [-94.579305, 39.119593], [-94.579383, 39.119906], [-94.579541, 39.120705], [-94.579671, 39.121372], [-94.579749, 39.121754], [-94.579785, 39.121938], [-94.579965, 39.122841], [-94.579972, 39.122886], [-94.580004, 39.123047], [-94.580021, 39.123134], [-94.580033, 39.123185], [-94.580054, 39.123272], [-94.580085, 39.123482], [-94.580184, 39.123908], [-94.58023, 39.124164], [-94.580282, 39.12444], [-94.58032, 39.124665], [-94.58034, 39.124785], [-94.580372, 39.124921], [-94.580402, 39.125002], [-94.580454, 39.125227], [-94.580477, 39.125354], [-94.580492, 39.125464], [-94.580513, 39.125632], [-94.580532, 39.125773], [-94.580555, 39.125953], [-94.580556, 39.125995], [-94.580571, 39.126379], [-94.580577, 39.126677], [-94.580573, 39.12693], [-94.580405, 39.12693], [-94.580167, 39.12693], [-94.579987, 39.126928], [-94.579924, 39.126927], [-94.579873, 39.126924], [-94.578693, 39.126918], [-94.578156, 39.12691], [-94.577479, 39.1269], [-94.577482, 39.127381], [-94.577466, 39.128458], [-94.577465, 39.128712], [-94.577462, 39.128841], [-94.577449, 39.129854], [-94.577432, 39.13051], [-94.577417, 39.13234], [-94.57741, 39.134171], [-94.577361, 39.136001], [-94.577361, 39.136102], [-94.577363, 39.137815], [-94.577359, 39.137918], [-94.57733, 39.139043], [-94.577307, 39.140219], [-94.577299, 39.140622], [-94.577286, 39.141426], [-94.577271, 39.14182], [-94.577267, 39.141964], [-94.57688, 39.142037], [-94.576632, 39.142083], [-94.576374, 39.142133], [-94.576245, 39.142156], [-94.576044, 39.142195], [-94.575828, 39.142234], [-94.575614, 39.142271], [-94.575436, 39.142302], [-94.57527, 39.142333], [-94.575017, 39.142378], [-94.57489, 39.1424], [-94.574754, 39.142425], [-94.574602, 39.142451], [-94.574207, 39.142521], [-94.573841, 39.142584], [-94.573753, 39.1426], [-94.573085, 39.142721], [-94.572856, 39.142763], [-94.572621, 39.142806], [-94.572413, 39.142839], [-94.572254, 39.142865], [-94.572079, 39.142893], [-94.571884, 39.142926], [-94.57155, 39.14298], [-94.571426, 39.143], [-94.571157, 39.143045], [-94.57083, 39.143104], [-94.569709, 39.143312], [-94.569575, 39.143337], [-94.569383, 39.143374], [-94.569327, 39.143383], [-94.569147, 39.143413], [-94.568832, 39.143462], [-94.568562, 39.14351], [-94.568217, 39.143574], [-94.567927, 39.143628], [-94.567805, 39.143649], [-94.567595, 39.143684], [-94.567323, 39.143729], [-94.567223, 39.143746], [-94.567111, 39.143765], [-94.56698, 39.143787], [-94.566804, 39.143816], [-94.566545, 39.143866], [-94.566353, 39.143903], [-94.565779, 39.144008], [-94.565458, 39.144063], [-94.565297, 39.144089], [-94.564954, 39.144154], [-94.564678, 39.144208], [-94.564605, 39.144193], [-94.564563, 39.144185], [-94.564521, 39.144184], [-94.564457, 39.144187], [-94.564381, 39.144195], [-94.564195, 39.144218], [-94.564148, 39.14423], [-94.563973, 39.144261], [-94.563828, 39.144285], [-94.563713, 39.144303], [-94.563283, 39.144381], [-94.563024, 39.144427], [-94.562584, 39.144502], [-94.562123, 39.144584], [-94.562081, 39.144593], [-94.561982, 39.144609], [-94.561841, 39.144634], [-94.56177, 39.144646], [-94.561713, 39.144657], [-94.561614, 39.144674], [-94.561535, 39.144686], [-94.561424, 39.144705], [-94.561104, 39.144764], [-94.560935, 39.144796], [-94.56088, 39.144809], [-94.56026, 39.144916], [-94.560119, 39.144941], [-94.559635, 39.145023], [-94.559382, 39.145066], [-94.559203, 39.145097], [-94.559032, 39.145127], [-94.558683, 39.145192], [-94.55785, 39.145335], [-94.557152, 39.145454], [-94.557112, 39.14546], [-94.556685, 39.145535], [-94.556639, 39.145695], [-94.556043, 39.145808], [-94.555888, 39.145837], [-94.555689, 39.14587], [-94.555552, 39.145893], [-94.555283, 39.14594], [-94.554877, 39.146014], [-94.554749, 39.14604], [-94.554479, 39.146096], [-94.554334, 39.146126], [-94.554203, 39.146157], [-94.554063, 39.146191], [-94.553809, 39.146253], [-94.553633, 39.146293], [-94.553402, 39.14636], [-94.553127, 39.146428], [-94.552874, 39.146495], [-94.552604, 39.146552], [-94.552324, 39.146602], [-94.552102, 39.146641], [-94.551897, 39.14667], [-94.551762, 39.146687], [-94.551659, 39.146697], [-94.551428, 39.14672], [-94.550864, 39.146783], [-94.550459, 39.14683], [-94.550234, 39.146859], [-94.550038, 39.146881], [-94.549874, 39.146884], [-94.549746, 39.146894], [-94.549645, 39.146903], [-94.549631, 39.146903], [-94.54902, 39.146954], [-94.548899, 39.146965], [-94.548755, 39.146974], [-94.54871, 39.146977], [-94.548691, 39.147201], [-94.548677, 39.14732], [-94.54864, 39.147725], [-94.548632, 39.147798], [-94.548619, 39.147978], [-94.548861, 39.147987], [-94.549363, 39.14802], [-94.549487, 39.148023], [-94.549662, 39.148043], [-94.549779, 39.148085], [-94.549893, 39.148147], [-94.54997, 39.148214], [-94.550082, 39.148363], [-94.550128, 39.14851], [-94.55013, 39.148527], [-94.550155, 39.148642], [-94.550156, 39.148896], [-94.550071, 39.149642], [-94.550075, 39.149841], [-94.550079, 39.14988], [-94.550101, 39.150052], [-94.550133, 39.150227], [-94.550129, 39.150314], [-94.550128, 39.150364], [-94.550133, 39.150449], [-94.550122, 39.150564], [-94.550121, 39.150635], [-94.550117, 39.150714], [-94.550112, 39.150916], [-94.550122, 39.151051], [-94.550162, 39.151111], [-94.550228, 39.151167], [-94.550255, 39.151184], [-94.550314, 39.151221], [-94.550584, 39.151293], [-94.550839, 39.151314], [-94.550935, 39.151322], [-94.551162, 39.151327], [-94.551187, 39.15131], [-94.551322, 39.151217], [-94.551463, 39.150956], [-94.551591, 39.150877], [-94.551685, 39.150848], [-94.55181, 39.15082], [-94.551885, 39.150801], [-94.552042, 39.150745], [-94.552054, 39.150733], [-94.552199, 39.15061], [-94.552321, 39.150475], [-94.552413, 39.150325], [-94.552434, 39.150187], [-94.552434, 39.150179], [-94.552441, 39.149999], [-94.552475, 39.149259], [-94.552453, 39.149065], [-94.552447, 39.149008], [-94.552398, 39.148845], [-94.55234, 39.148724], [-94.552277, 39.148592], [-94.552256, 39.148558], [-94.552244, 39.148482], [-94.552272, 39.148342], [-94.552311, 39.148234], [-94.552396, 39.148085], [-94.552452, 39.148015], [-94.552546, 39.147947], [-94.552597, 39.14792], [-94.552667, 39.147883], [-94.552846, 39.147826], [-94.552896, 39.147815], [-94.553022, 39.147807], [-94.553278, 39.147854], [-94.553595, 39.147914], [-94.553837, 39.147959], [-94.554536, 39.14809], [-94.554686, 39.148116], [-94.5548, 39.148135], [-94.555307, 39.148223], [-94.555734, 39.148305], [-94.555307, 39.148223], [-94.5548, 39.148135], [-94.554686, 39.148116], [-94.554536, 39.14809], [-94.553837, 39.147959], [-94.553595, 39.147914], [-94.553278, 39.147854], [-94.553022, 39.147807], [-94.552896, 39.147815], [-94.552846, 39.147826], [-94.552667, 39.147883], [-94.552597, 39.14792], [-94.552546, 39.147947], [-94.552452, 39.148015], [-94.552396, 39.148085], [-94.552311, 39.148234], [-94.552272, 39.148342], [-94.552244, 39.148482], [-94.552256, 39.148558], [-94.552277, 39.148592], [-94.55234, 39.148724], [-94.552398, 39.148845], [-94.552447, 39.149008], [-94.552453, 39.149065], [-94.552475, 39.149259], [-94.552441, 39.149999], [-94.552434, 39.150179], [-94.552434, 39.150187], [-94.552413, 39.150325], [-94.552321, 39.150475], [-94.552199, 39.15061], [-94.552054, 39.150733], [-94.552042, 39.150745], [-94.551885, 39.150801], [-94.55181, 39.15082], [-94.551685, 39.150848], [-94.551591, 39.150877], [-94.551463, 39.150956], [-94.551322, 39.151217], [-94.551187, 39.15131], [-94.551162, 39.151327], [-94.550935, 39.151322], [-94.550839, 39.151314], [-94.550584, 39.151293], [-94.550314, 39.151221], [-94.550255, 39.151184], [-94.550228, 39.151167], [-94.550162, 39.151111], [-94.550122, 39.151051], [-94.550112, 39.150916], [-94.550117, 39.150714], [-94.550121, 39.150635], [-94.550122, 39.150564], [-94.550133, 39.150449], [-94.550128, 39.150364], [-94.550129, 39.150314], [-94.550133, 39.150227], [-94.550101, 39.150052], [-94.550079, 39.14988], [-94.550075, 39.149841], [-94.550071, 39.149642], [-94.550156, 39.148896], [-94.550155, 39.148642], [-94.55013, 39.148527], [-94.550128, 39.14851], [-94.550082, 39.148363], [-94.54997, 39.148214], [-94.549893, 39.148147], [-94.549779, 39.148085], [-94.549662, 39.148043], [-94.549487, 39.148023], [-94.549363, 39.14802], [-94.548861, 39.147987], [-94.548619, 39.147978], [-94.548475, 39.14797], [-94.548475, 39.14797], [-94.548861, 39.147987], [-94.549363, 39.14802], [-94.549487, 39.148023], [-94.549662, 39.148043], [-94.549779, 39.148085], [-94.549893, 39.148147], [-94.54997, 39.148214], [-94.550082, 39.148363], [-94.550128, 39.14851], [-94.55013, 39.148527], [-94.550155, 39.148642], [-94.550156, 39.148896], [-94.550071, 39.149642], [-94.550075, 39.149841], [-94.550079, 39.14988], [-94.550101, 39.150052], [-94.550133, 39.150227], [-94.550129, 39.150314], [-94.550128, 39.150364], [-94.550133, 39.150449], [-94.550122, 39.150564], [-94.550121, 39.150635], [-94.550117, 39.150714], [-94.550112, 39.150916], [-94.550122, 39.151051], [-94.550162, 39.151111], [-94.550228, 39.151167], [-94.550255, 39.151184], [-94.550314, 39.151221], [-94.550584, 39.151293], [-94.550839, 39.151314], [-94.550935, 39.151322], [-94.551162, 39.151327], [-94.551187, 39.15131], [-94.551322, 39.151217], [-94.551463, 39.150956], [-94.551591, 39.150877], [-94.551685, 39.150848], [-94.55181, 39.15082], [-94.551885, 39.150801], [-94.552042, 39.150745], [-94.552054, 39.150733], [-94.552199, 39.15061], [-94.552321, 39.150475], [-94.552413, 39.150325], [-94.552434, 39.150187], [-94.552434, 39.150179], [-94.552441, 39.149999], [-94.552475, 39.149259], [-94.552453, 39.149065], [-94.552447, 39.149008], [-94.552398, 39.148845], [-94.55234, 39.148724], [-94.552277, 39.148592], [-94.552256, 39.148558], [-94.552244, 39.148482], [-94.552272, 39.148342], [-94.552311, 39.148234], [-94.552396, 39.148085], [-94.552452, 39.148015], [-94.552546, 39.147947], [-94.552597, 39.14792], [-94.552667, 39.147883], [-94.552846, 39.147826], [-94.552896, 39.147815], [-94.553022, 39.147807], [-94.553278, 39.147854], [-94.553595, 39.147914], [-94.553837, 39.147959], [-94.554536, 39.14809], [-94.554686, 39.148116], [-94.5548, 39.148135], [-94.555307, 39.148223], [-94.555734, 39.148305], [-94.555807, 39.148314], [-94.55579, 39.14839], [-94.555743, 39.14869], [-94.555733, 39.148772], [-94.555708, 39.149003], [-94.5557, 39.149132], [-94.555695, 39.149197], [-94.55569, 39.149326], [-94.555688, 39.149439], [-94.555687, 39.14954], [-94.555689, 39.14965], [-94.555693, 39.149754], [-94.555706, 39.149917], [-94.555719, 39.150066], [-94.55573, 39.150204], [-94.555751, 39.150398], [-94.555766, 39.150545], [-94.555836, 39.151147], [-94.555892, 39.151626], [-94.555908, 39.151772], [-94.55595, 39.152164], [-94.555976, 39.152433], [-94.556038, 39.152976], [-94.556087, 39.153382], [-94.556145, 39.15383], [-94.556169, 39.154071], [-94.556186, 39.154338], [-94.556194, 39.15449], [-94.556195, 39.154634], [-94.5562, 39.154801], [-94.5562, 39.154975], [-94.556185, 39.155206], [-94.556167, 39.155445], [-94.556155, 39.155607], [-94.556117, 39.155895], [-94.556089, 39.156108], [-94.556065, 39.156244], [-94.556023, 39.156472], [-94.555878, 39.157167], [-94.555824, 39.157403], [-94.555684, 39.158039], [-94.555559, 39.158611], [-94.555487, 39.158951], [-94.555424, 39.159247], [-94.555359, 39.159494], [-94.555198, 39.160246], [-94.555025, 39.160997], [-94.554946, 39.161355], [-94.554739, 39.162247], [-94.554625, 39.162764], [-94.554503, 39.163296], [-94.554281, 39.164372], [-94.554126, 39.165067], [-94.554045, 39.165444], [-94.553935, 39.165916], [-94.553916, 39.165995], [-94.553876, 39.166131], [-94.553813, 39.16628], [-94.553742, 39.166438], [-94.553691, 39.166539], [-94.553612, 39.166671], [-94.553555, 39.166758], [-94.5535, 39.166834], [-94.553437, 39.16691], [-94.553388, 39.166964], [-94.553275, 39.167082], [-94.553172, 39.167181], [-94.55309, 39.167256], [-94.553022, 39.167312], [-94.552908, 39.167395], [-94.552989, 39.167453], [-94.553054, 39.167495], [-94.553113, 39.167529], [-94.553188, 39.167569], [-94.553263, 39.167606], [-94.553371, 39.167653], [-94.553442, 39.167681], [-94.553541, 39.167713], [-94.553635, 39.167743], [-94.553719, 39.167765], [-94.553831, 39.167791], [-94.553899, 39.167805], [-94.553968, 39.167816], [-94.554036, 39.167825], [-94.554102, 39.16783], [-94.554164, 39.167834], [-94.554236, 39.167839], [-94.554347, 39.167841], [-94.554429, 39.167839], [-94.554519, 39.167833], [-94.554576, 39.167827], [-94.554648, 39.167817], [-94.554734, 39.167802], [-94.554832, 39.167785], [-94.554914, 39.167763], [-94.554989, 39.167744], [-94.555096, 39.167713], [-94.555238, 39.167661], [-94.555358, 39.16761], [-94.555465, 39.167555], [-94.555651, 39.167444], [-94.555728, 39.167394], [-94.556045, 39.167194], [-94.556248, 39.167067], [-94.556343, 39.167014], [-94.556618, 39.166867], [-94.556731, 39.166814], [-94.556798, 39.16678], [-94.556875, 39.166747], [-94.55698, 39.166713], [-94.557135, 39.166671], [-94.557321, 39.166634], [-94.557479, 39.166601], [-94.557663, 39.166584], [-94.557686, 39.166584], [-94.557806, 39.166578], [-94.557968, 39.166572], [-94.55808, 39.166575], [-94.558147, 39.166575], [-94.558359, 39.166573], [-94.558525, 39.166578], [-94.558801, 39.166576], [-94.559092, 39.166578], [-94.55915, 39.166578], [-94.559451, 39.166587], [-94.559622, 39.166592], [-94.55969, 39.166595], [-94.55983, 39.166604], [-94.559925, 39.166612], [-94.559984, 39.16662], [-94.560046, 39.166629], [-94.560135, 39.166643], [-94.560301, 39.166676], [-94.560512, 39.166724], [-94.560649, 39.166766], [-94.560788, 39.166806], [-94.560873, 39.166836], [-94.560961, 39.166865], [-94.56122, 39.166964], [-94.56126, 39.16698], [-94.561953, 39.167315], [-94.562327, 39.167521], [-94.56236, 39.167585], [-94.562455, 39.167647], [-94.562049, 39.167954], [-94.5613, 39.168577], [-94.560844, 39.168945], [-94.560621, 39.169145], [-94.560563, 39.169196], [-94.560518, 39.169243], [-94.560473, 39.169308], [-94.560436, 39.169362], [-94.560402, 39.169417], [-94.560367, 39.169479], [-94.560342, 39.169531], [-94.560272, 39.169688], [-94.560209, 39.169868], [-94.560165, 39.170017], [-94.560112, 39.17025], [-94.560073, 39.17042], [-94.560056, 39.170526], [-94.560034, 39.170634], [-94.560023, 39.170751], [-94.560012, 39.170881], [-94.560017, 39.170988], [-94.560033, 39.171106], [-94.560066, 39.171259], [-94.560089, 39.171362], [-94.560114, 39.17148], [-94.560156, 39.171613], [-94.560214, 39.171767], [-94.560261, 39.171854], [-94.560325, 39.171968], [-94.560389, 39.172083], [-94.560513, 39.172336], [-94.560563, 39.172438], [-94.560601, 39.17253], [-94.560637, 39.172632], [-94.56067, 39.172719], [-94.560697, 39.172803], [-94.56072, 39.172894], [-94.560742, 39.172986], [-94.560768, 39.173116], [-94.560781, 39.17318], [-94.560794, 39.173268], [-94.560794, 39.173335], [-94.560785, 39.173391], [-94.560777, 39.173439], [-94.560761, 39.173492], [-94.560744, 39.173541], [-94.560721, 39.173585], [-94.560698, 39.173619], [-94.560686, 39.173636], [-94.56067, 39.173653], [-94.56064, 39.173689], [-94.560603, 39.173727], [-94.560571, 39.173763], [-94.560486, 39.173822], [-94.56039, 39.17389], [-94.560314, 39.17394], [-94.560237, 39.173991], [-94.56001, 39.174156], [-94.559937, 39.17421], [-94.55986, 39.174273], [-94.559588, 39.17448], [-94.55947, 39.17457], [-94.559324, 39.174677], [-94.55919, 39.17479], [-94.559135, 39.174844], [-94.55907, 39.174914], [-94.558977, 39.175027], [-94.558901, 39.175136], [-94.558847, 39.175235], [-94.558819, 39.175314], [-94.558802, 39.175376], [-94.558792, 39.175432], [-94.558791, 39.175488], [-94.55879, 39.175533], [-94.558794, 39.175632], [-94.558806, 39.175735], [-94.558819, 39.175808], [-94.558864, 39.175947], [-94.558978, 39.176236], [-94.559068, 39.176436], [-94.559252, 39.176861], [-94.55934, 39.177112], [-94.559404, 39.177309], [-94.559456, 39.177506], [-94.559505, 39.177728], [-94.559544, 39.17797], [-94.55958, 39.178226], [-94.559595, 39.178421], [-94.559596, 39.178569], [-94.559594, 39.178767], [-94.559589, 39.178933], [-94.559572, 39.179141], [-94.559544, 39.179333], [-94.559512, 39.179476], [-94.559456, 39.179659], [-94.559381, 39.179892], [-94.55927, 39.18023], [-94.559067, 39.180827], [-94.55902, 39.180976], [-94.558943, 39.180976], [-94.558835, 39.180976], [-94.558531, 39.18099], [-94.558449, 39.180996], [-94.55825, 39.181019], [-94.558049, 39.181052], [-94.557839, 39.181092], [-94.557716, 39.181117], [-94.557567, 39.181148], [-94.557507, 39.181196], [-94.557381, 39.181226], [-94.55714, 39.181283], [-94.556873, 39.181355], [-94.556454, 39.181488], [-94.556075, 39.181637], [-94.555629, 39.181831], [-94.555409, 39.181942], [-94.555323, 39.181986], [-94.555052, 39.182138], [-94.55477, 39.182313], [-94.554604, 39.182423], [-94.554042, 39.182806], [-94.553459, 39.183196], [-94.552593, 39.183765], [-94.552418, 39.183886], [-94.552216, 39.184024], [-94.552159, 39.184061], [-94.551813, 39.184283], [-94.5514, 39.18455], [-94.551232, 39.18466], [-94.550973, 39.184834], [-94.550887, 39.184848], [-94.550843, 39.184871], [-94.550729, 39.184947], [-94.550527, 39.185074], [-94.550239, 39.185251], [-94.549806, 39.185538], [-94.549409, 39.185797], [-94.548918, 39.186127], [-94.548765, 39.186228], [-94.548767, 39.186359], [-94.548753, 39.186886], [-94.548756, 39.186984], [-94.548823, 39.187077], [-94.548818, 39.187444], [-94.548807, 39.187888], [-94.548801, 39.188093], [-94.548792, 39.188561], [-94.548689, 39.188563], [-94.547465, 39.188524], [-94.548741, 39.19062], [-94.54871, 39.192073], [-94.548709, 39.192511], [-94.548696, 39.193057], [-94.548625, 39.193148], [-94.548598, 39.193952], [-94.548591, 39.194383], [-94.548586, 39.194704], [-94.548582, 39.194873], [-94.548579, 39.19507], [-94.548584, 39.195298], [-94.54864, 39.195386], [-94.548636, 39.195425], [-94.548636, 39.195439], [-94.548634, 39.195501], [-94.548644, 39.195601], [-94.548653, 39.195745], [-94.548664, 39.195928], [-94.548664, 39.196021], [-94.548666, 39.196111], [-94.548664, 39.196188], [-94.548648, 39.197085], [-94.548649, 39.197705], [-94.548649, 39.197857], [-94.548646, 39.197963], [-94.548643, 39.198036], [-94.54864, 39.198293], [-94.548631, 39.19877], [-94.548629, 39.198887], [-94.548623, 39.199291], [-94.548619, 39.199564], [-94.548618, 39.199688], [-94.548608, 39.199984], [-94.548607, 39.200203], [-94.548603, 39.200592], [-94.548604, 39.200659], [-94.548602, 39.200749], [-94.548601, 39.200856], [-94.548597, 39.201033], [-94.548585, 39.201618], [-94.548579, 39.201981], [-94.548574, 39.202323], [-94.54857, 39.202539], [-94.548565, 39.202787], [-94.548545, 39.203814], [-94.548535, 39.20447], [-94.548528, 39.204751], [-94.548529, 39.205044], [-94.548529, 39.205325], [-94.548531, 39.205435], [-94.548534, 39.205508], [-94.548523, 39.206164], [-94.548519, 39.206395], [-94.548517, 39.206685], [-94.548514, 39.207009], [-94.548511, 39.20774], [-94.548509, 39.207799], [-94.548507, 39.207998], [-94.548502, 39.208084], [-94.5485, 39.208415], [-94.548491, 39.208533], [-94.548433, 39.208612], [-94.548422, 39.208706], [-94.548413, 39.208857], [-94.548401, 39.209099], [-94.5484, 39.209443], [-94.5484, 39.209704], [-94.5484, 39.209789], [-94.548401, 39.210138], [-94.548402, 39.210374], [-94.548406, 39.210523], [-94.548411, 39.210754], [-94.548437, 39.21115], [-94.548484, 39.211283], [-94.548483, 39.212457], [-94.548508, 39.213427], [-94.548518, 39.214171], [-94.548514, 39.214483], [-94.54852, 39.215], [-94.548524, 39.21571], [-94.548536, 39.217246], [-94.548536, 39.217374], [-94.548537, 39.217713], [-94.548509, 39.218577], [-94.548528, 39.219169], [-94.548467, 39.219259], [-94.548456, 39.219411], [-94.548454, 39.21998], [-94.548455, 39.220243], [-94.548455, 39.22034], [-94.548445, 39.220593], [-94.548445, 39.220869], [-94.54843, 39.221397], [-94.548434, 39.221446], [-94.548491, 39.221533], [-94.548475, 39.222318], [-94.548468, 39.222889], [-94.548461, 39.223241], [-94.548455, 39.223779], [-94.548444, 39.224172], [-94.548428, 39.224753], [-94.548405, 39.22486], [-94.548382, 39.224998], [-94.548355, 39.22511], [-94.548323, 39.225256], [-94.548286, 39.225391], [-94.54819, 39.225603], [-94.548051, 39.225842], [-94.547888, 39.226035], [-94.547871, 39.226053], [-94.547785, 39.226143], [-94.547572, 39.226351], [-94.547495, 39.226416], [-94.547362, 39.226503], [-94.547185, 39.226613], [-94.547129, 39.226646], [-94.547064, 39.226686], [-94.546801, 39.226801], [-94.546758, 39.226819], [-94.546673, 39.22686], [-94.546362, 39.227004], [-94.546086, 39.227137], [-94.545708, 39.227316], [-94.545348, 39.227496], [-94.54504, 39.227659], [-94.544771, 39.227804], [-94.544471, 39.227984], [-94.543926, 39.228343], [-94.543576, 39.228585], [-94.54325, 39.228836], [-94.542822, 39.229199], [-94.542564, 39.22943], [-94.542286, 39.229708], [-94.541937, 39.230063], [-94.541514, 39.230553], [-94.541276, 39.230868], [-94.541043, 39.231203], [-94.540931, 39.23136], [-94.540789, 39.231597], [-94.540434, 39.232216], [-94.540235, 39.232643], [-94.540138, 39.232883], [-94.540035, 39.233153], [-94.539962, 39.233384], [-94.5399, 39.233589], [-94.539894, 39.233607], [-94.539845, 39.233781], [-94.539755, 39.234127], [-94.539744, 39.234257], [-94.539709, 39.234386], [-94.539676, 39.234586], [-94.539643, 39.234802], [-94.539623, 39.235044], [-94.539602, 39.235332], [-94.539584, 39.235708], [-94.539574, 39.236052], [-94.539579, 39.236375], [-94.539575, 39.236544], [-94.539648, 39.236648], [-94.539658, 39.236718], [-94.539659, 39.237481], [-94.539657, 39.238176], [-94.539658, 39.238559], [-94.539659, 39.238652], [-94.539659, 39.238762], [-94.539663, 39.238954], [-94.539664, 39.239114], [-94.539664, 39.239294], [-94.539668, 39.239671], [-94.539672, 39.240495], [-94.53968, 39.240628], [-94.539686, 39.240737], [-94.539691, 39.240825], [-94.539698, 39.240985], [-94.539702, 39.241134], [-94.539707, 39.241705], [-94.539698, 39.241787], [-94.539711, 39.241967], [-94.539705, 39.242139], [-94.539703, 39.242322], [-94.539691, 39.242589], [-94.539676, 39.242977], [-94.539665, 39.243141], [-94.53963, 39.243749], [-94.539603, 39.244079], [-94.539652, 39.244086], [-94.539861, 39.244092], [-94.540063, 39.244109], [-94.540271, 39.244106], [-94.54042, 39.244092], [-94.540549, 39.244067], [-94.540707, 39.244024], [-94.540919, 39.243949], [-94.541117, 39.24385], [-94.541236, 39.243782], [-94.541733, 39.244575], [-94.541384, 39.245655], [-94.541372, 39.245691], [-94.543649, 39.245721], [-94.543683, 39.245966], [-94.543717, 39.246074], [-94.543904, 39.246473], [-94.543987, 39.246631], [-94.544056, 39.246766], [-94.54418, 39.246968], [-94.544273, 39.247076], [-94.54436, 39.247152], [-94.544617, 39.247309], [-94.545006, 39.247475], [-94.54522, 39.2475], [-94.546266, 39.247563], [-94.546711, 39.247585], [-94.547197, 39.247624], [-94.548125, 39.247734], [-94.548241, 39.247751], [-94.548785, 39.247021]]}}, {"type": "Feature", "properties": {"route_id": "24", "route_short_name": "24", "route_long_name": "Independence", "route_type": "Bus", "headway_minutes": 20.0, "frequency_tier": "Standard (16\u201330 min)", "color": "#3987e5"}, "geometry": {"type": "LineString", "coordinates": [[-94.573419, 39.099594], [-94.573384, 39.099594], [-94.573419, 39.099287], [-94.573951, 39.099315], [-94.573939, 39.099617], [-94.573924, 39.100036], [-94.573909, 39.100437], [-94.573874, 39.100825], [-94.57436, 39.100844], [-94.574991, 39.100856], [-94.576159, 39.100878], [-94.577327, 39.100909], [-94.578484, 39.100957], [-94.579668, 39.101019], [-94.580838, 39.101064], [-94.581995, 39.101081], [-94.583089, 39.101132], [-94.583055, 39.101962], [-94.583039, 39.102356], [-94.583055, 39.102442], [-94.58305, 39.102721], [-94.583048, 39.102854], [-94.583113, 39.103448], [-94.583014, 39.10356], [-94.582993, 39.104236], [-94.582986, 39.104503], [-94.58277, 39.1045], [-94.582522, 39.104491], [-94.581809, 39.104449], [-94.581056, 39.104438], [-94.580669, 39.104436], [-94.580489, 39.104427], [-94.579513, 39.104396], [-94.579019, 39.104357], [-94.578816, 39.104368], [-94.578306, 39.104368], [-94.577949, 39.104351], [-94.57723, 39.104337], [-94.577082, 39.10502], [-94.577067, 39.105089], [-94.577057, 39.105153], [-94.577056, 39.105192], [-94.577059, 39.105249], [-94.576516, 39.105176], [-94.576064, 39.105145], [-94.574888, 39.105172], [-94.574151, 39.105215], [-94.573662, 39.105257], [-94.573655, 39.105586], [-94.573655, 39.105637], [-94.573633, 39.105955], [-94.573605, 39.106349], [-94.573603, 39.106392], [-94.573598, 39.106515], [-94.573595, 39.106596], [-94.573594, 39.106625], [-94.573587, 39.106766], [-94.573593, 39.106991], [-94.573622, 39.107106], [-94.573339, 39.107095], [-94.572391, 39.107061], [-94.571067, 39.107013], [-94.570873, 39.10701], [-94.570553, 39.106997], [-94.570205, 39.106988], [-94.569985, 39.106982], [-94.569895, 39.10698], [-94.569778, 39.106982], [-94.569702, 39.106982], [-94.569506, 39.10698], [-94.569273, 39.106968], [-94.569192, 39.106965], [-94.568949, 39.106957], [-94.568816, 39.106951], [-94.568365, 39.106929], [-94.568286, 39.106926], [-94.568205, 39.106923], [-94.566952, 39.106878], [-94.566625, 39.106867], [-94.566361, 39.106856], [-94.565887, 39.106842], [-94.565595, 39.10683], [-94.564913, 39.106808], [-94.563903, 39.106774], [-94.563458, 39.10676], [-94.562127, 39.106707], [-94.5613, 39.106673], [-94.56113, 39.106667], [-94.56095, 39.106661], [-94.560809, 39.106656], [-94.560666, 39.106651], [-94.560422, 39.106644], [-94.560158, 39.106634], [-94.559912, 39.106625], [-94.559642, 39.106616], [-94.559402, 39.106608], [-94.559173, 39.106602], [-94.558886, 39.106592], [-94.558611, 39.106583], [-94.557143, 39.106526], [-94.556338, 39.106493], [-94.556287, 39.10649], [-94.555993, 39.106479], [-94.555688, 39.106465], [-94.555441, 39.106456], [-94.555156, 39.106447], [-94.555081, 39.106444], [-94.554873, 39.106436], [-94.554501, 39.106422], [-94.554405, 39.106419], [-94.553715, 39.1064], [-94.553477, 39.106391], [-94.553252, 39.106383], [-94.55264, 39.106363], [-94.552239, 39.106349], [-94.552025, 39.106344], [-94.551047, 39.106301], [-94.550819, 39.10629], [-94.550527, 39.106281], [-94.550201, 39.10627], [-94.549763, 39.106256], [-94.549317, 39.106242], [-94.54922, 39.106242], [-94.54876, 39.106243], [-94.548584, 39.106239], [-94.548489, 39.106239], [-94.54841, 39.106236], [-94.54832, 39.106234], [-94.548254, 39.106225], [-94.548199, 39.10622], [-94.548077, 39.1062], [-94.547927, 39.106197], [-94.547747, 39.106194], [-94.547535, 39.106186], [-94.547274, 39.106177], [-94.546944, 39.106166], [-94.546622, 39.106152], [-94.546334, 39.10614], [-94.546161, 39.106132], [-94.545987, 39.106124], [-94.545812, 39.106118], [-94.545638, 39.10611], [-94.545421, 39.106101], [-94.545143, 39.10609], [-94.544889, 39.106081], [-94.54463, 39.10607], [-94.54441, 39.106062], [-94.544085, 39.10605], [-94.543896, 39.106045], [-94.54371, 39.10604], [-94.542293, 39.106005], [-94.541822, 39.105986], [-94.541184, 39.105964], [-94.540486, 39.105938], [-94.539095, 39.105899], [-94.538769, 39.10589], [-94.537676, 39.105853], [-94.537233, 39.10584], [-94.535366, 39.105781], [-94.535233, 39.105775], [-94.534183, 39.105733], [-94.533055, 39.105697], [-94.532585, 39.105685], [-94.531891, 39.105668], [-94.531481, 39.105651], [-94.530727, 39.10562], [-94.530328, 39.105603], [-94.530124, 39.105595], [-94.52955, 39.10557], [-94.529172, 39.105558], [-94.528379, 39.105533], [-94.528019, 39.105519], [-94.527882, 39.105514], [-94.52724, 39.105493], [-94.526112, 39.105451], [-94.525744, 39.105437], [-94.524904, 39.105406], [-94.523751, 39.105361], [-94.523411, 39.105352], [-94.522598, 39.105322], [-94.521438, 39.105288], [-94.52109, 39.105277], [-94.52093, 39.105271], [-94.52068, 39.105263], [-94.520285, 39.105252], [-94.519496, 39.10522], [-94.519312, 39.105212], [-94.519103, 39.105204], [-94.518722, 39.105187], [-94.518476, 39.105176], [-94.517942, 39.105155], [-94.517016, 39.10513], [-94.516758, 39.105124], [-94.516329, 39.105111], [-94.515962, 39.1051], [-94.51563, 39.105088], [-94.514961, 39.105065], [-94.514748, 39.105057], [-94.514499, 39.105055], [-94.514381, 39.105046], [-94.5141, 39.105035], [-94.513029, 39.104992], [-94.512529, 39.104967], [-94.511725, 39.104931], [-94.511218, 39.104909], [-94.511251, 39.104294], [-94.511298, 39.103335], [-94.511311, 39.103085], [-94.51109, 39.103214], [-94.510431, 39.103602], [-94.510144, 39.103766], [-94.508931, 39.104458], [-94.508566, 39.104663], [-94.508324, 39.104801]]}}, {"type": "Feature", "properties": {"route_id": "25", "route_short_name": "25", "route_long_name": "Troost", "route_type": "Bus", "headway_minutes": 30.0, "frequency_tier": "Standard (16\u201330 min)", "color": "#3987e5"}, "geometry": {"type": "LineString", "coordinates": [[-94.586742, 39.100064], [-94.585826, 39.100029], [-94.585576, 39.10002], [-94.584312, 39.099969], [-94.584108, 39.09997], [-94.58318, 39.099978], [-94.582087, 39.099935], [-94.580914, 39.099873], [-94.57974, 39.099815], [-94.578558, 39.099792], [-94.577397, 39.09973], [-94.576207, 39.099682], [-94.575056, 39.099643], [-94.573939, 39.099617], [-94.572844, 39.099576], [-94.572776, 39.099572], [-94.572685, 39.099569], [-94.572627, 39.099567], [-94.572526, 39.099563], [-94.572185, 39.09955], [-94.572139, 39.099547], [-94.571979, 39.099547], [-94.57192, 39.099545], [-94.571168, 39.099518], [-94.569897, 39.099471], [-94.569958, 39.098188], [-94.569997, 39.097385], [-94.569982, 39.097124], [-94.569979, 39.097039], [-94.569974, 39.096989], [-94.569961, 39.096868], [-94.569957, 39.096749], [-94.569963, 39.096578], [-94.569981, 39.096304], [-94.569989, 39.096265], [-94.570017, 39.096117], [-94.570038, 39.095998], [-94.570064, 39.09586], [-94.570081, 39.095655], [-94.570082, 39.095615], [-94.570082, 39.095379], [-94.570087, 39.095286], [-94.570128, 39.094599], [-94.57016, 39.094085], [-94.570196, 39.093468], [-94.570205, 39.093302], [-94.570217, 39.093007], [-94.57025, 39.09208], [-94.570274, 39.091377], [-94.570302, 39.090766], [-94.570313, 39.090515], [-94.57033, 39.090055], [-94.570339, 39.089373], [-94.570351, 39.08892], [-94.570351, 39.088703], [-94.57035, 39.088572], [-94.570352, 39.088262], [-94.570359, 39.088152], [-94.570352, 39.088042], [-94.570334, 39.087929], [-94.570308, 39.087811], [-94.570261, 39.087671], [-94.570151, 39.087423], [-94.570115, 39.087324], [-94.570087, 39.087238], [-94.570063, 39.087145], [-94.570047, 39.087066], [-94.570036, 39.086962], [-94.570031, 39.08688], [-94.570034, 39.086795], [-94.570061, 39.086584], [-94.57007, 39.086556], [-94.570089, 39.086483], [-94.570149, 39.086309], [-94.570175, 39.086243], [-94.57021, 39.086173], [-94.570274, 39.086033], [-94.570341, 39.085894], [-94.570397, 39.085779], [-94.57043, 39.0857], [-94.570457, 39.085614], [-94.570481, 39.085523], [-94.570503, 39.085405], [-94.570521, 39.08529], [-94.570531, 39.085231], [-94.570554, 39.085087], [-94.570566, 39.084952], [-94.570584, 39.084795], [-94.570599, 39.084688], [-94.570605, 39.0846], [-94.57062, 39.084197], [-94.570657, 39.083685], [-94.570677, 39.083356], [-94.570729, 39.08225], [-94.570745, 39.081814], [-94.570756, 39.081629], [-94.570763, 39.081482], [-94.570772, 39.081344], [-94.570781, 39.081172], [-94.570787, 39.081068], [-94.570791, 39.080997], [-94.57086, 39.079686], [-94.57087, 39.079458], [-94.570893, 39.078983], [-94.570952, 39.077934], [-94.570958, 39.077829], [-94.570963, 39.077733], [-94.570971, 39.077578], [-94.570978, 39.077413], [-94.571023, 39.076476], [-94.57104, 39.076107], [-94.571051, 39.075893], [-94.571134, 39.074373], [-94.57115, 39.074111], [-94.571162, 39.073816], [-94.571223, 39.072499], [-94.571235, 39.072293], [-94.571245, 39.072007], [-94.571303, 39.070807], [-94.57131, 39.070658], [-94.571319, 39.070492], [-94.571332, 39.070267], [-94.571344, 39.070061], [-94.571366, 39.069698], [-94.571403, 39.069099], [-94.571416, 39.068877], [-94.571428, 39.068674], [-94.571438, 39.068516], [-94.571449, 39.068336], [-94.571477, 39.067869], [-94.571492, 39.067605], [-94.571513, 39.067238], [-94.571534, 39.066864], [-94.571592, 39.06598], [-94.571624, 39.065241], [-94.57163, 39.065013], [-94.571634, 39.064914], [-94.571646, 39.06445], [-94.571674, 39.063889], [-94.571679, 39.063803], [-94.571695, 39.063653], [-94.571707, 39.063454], [-94.571726, 39.063209], [-94.571742, 39.062983], [-94.571758, 39.062705], [-94.571802, 39.061898], [-94.571805, 39.061458], [-94.571918, 39.059649], [-94.571939, 39.059291], [-94.571967, 39.058861], [-94.572002, 39.058365], [-94.572029, 39.057941], [-94.572029, 39.057862], [-94.572068, 39.057091], [-94.572076, 39.056902], [-94.572096, 39.056449], [-94.572104, 39.056291], [-94.572114, 39.05608], [-94.57212, 39.055953], [-94.572126, 39.05581], [-94.57213, 39.055751], [-94.572148, 39.055472], [-94.572164, 39.055182], [-94.572176, 39.054893], [-94.572214, 39.054324], [-94.572231, 39.05409], [-94.572249, 39.053786], [-94.572263, 39.053552], [-94.57227, 39.053421], [-94.572293, 39.053072], [-94.572312, 39.052759], [-94.572327, 39.052514], [-94.572344, 39.052236], [-94.572405, 39.05118], [-94.57243, 39.05071], [-94.572477, 39.049888], [-94.572496, 39.049534], [-94.572524, 39.04907], [-94.572535, 39.048892], [-94.572552, 39.048606], [-94.572626, 39.047423], [-94.572637, 39.047241], [-94.572643, 39.047114], [-94.572658, 39.046838], [-94.572693, 39.046241], [-94.572708, 39.045994], [-94.572733, 39.04556], [-94.572749, 39.04529], [-94.572764, 39.045023], [-94.572826, 39.043889], [-94.572833, 39.043759], [-94.572845, 39.043551], [-94.572861, 39.043317], [-94.572877, 39.043022], [-94.57289, 39.042786], [-94.572896, 39.042668], [-94.572914, 39.04229], [-94.57292, 39.042164], [-94.572946, 39.041676], [-94.572959, 39.041468], [-94.572975, 39.04126], [-94.573031, 39.040522], [-94.573059, 39.039883], [-94.57313, 39.038666], [-94.573171, 39.038364], [-94.573199, 39.038173], [-94.573168, 39.037993], [-94.573111, 39.037733], [-94.573127, 39.03752], [-94.573171, 39.037108], [-94.573267, 39.036223], [-94.573355, 39.034449], [-94.573385, 39.033976], [-94.573474, 39.032654], [-94.573526, 39.031824], [-94.573577, 39.030841], [-94.573629, 39.029983], [-94.573691, 39.02899], [-94.573746, 39.028067], [-94.573774, 39.027557], [-94.573792, 39.027183], [-94.573811, 39.026867], [-94.573843, 39.026296], [-94.573897, 39.025367], [-94.574001, 39.023567], [-94.574045, 39.022784], [-94.574104, 39.021765], [-94.57419, 39.020338], [-94.574213, 39.019953], [-94.574228, 39.019668], [-94.574235, 39.019547], [-94.57425, 39.019281], [-94.574252, 39.019221], [-94.57429, 39.018295], [-94.574381, 39.016613], [-94.574415, 39.016083], [-94.574487, 39.014946], [-94.574556, 39.013589], [-94.574561, 39.013514], [-94.574573, 39.013243], [-94.574584, 39.013019], [-94.574603, 39.012588], [-94.574624, 39.012048], [-94.574648, 39.011482], [-94.574669, 39.011017], [-94.57471, 39.010151], [-94.574736, 39.009664], [-94.574807, 39.008453], [-94.574849, 39.007744], [-94.574866, 39.00741], [-94.57487, 39.007336], [-94.574875, 39.007196], [-94.574887, 39.006937], [-94.574917, 39.006422], [-94.574943, 39.006022], [-94.574974, 39.005321], [-94.575011, 39.004632], [-94.575031, 39.004156], [-94.575074, 39.003239], [-94.575076, 39.003177], [-94.575092, 39.002819], [-94.575198, 39.000594], [-94.575256, 38.999696], [-94.575281, 38.999232], [-94.575305, 38.998764], [-94.575321, 38.998409], [-94.575328, 38.998251], [-94.575344, 38.997897], [-94.575379, 38.996985], [-94.575424, 38.996018], [-94.575455, 38.995528], [-94.575475, 38.995187], [-94.575523, 38.994233], [-94.575564, 38.993367], [-94.575637, 38.991942], [-94.575658, 38.991554], [-94.575677, 38.991183], [-94.575686, 38.991044], [-94.575698, 38.990633], [-94.575704, 38.990512], [-94.57575, 38.989747], [-94.575764, 38.989471], [-94.575804, 38.988857], [-94.575819, 38.988439], [-94.575834, 38.98796], [-94.575849, 38.987707], [-94.575866, 38.987399], [-94.575891, 38.987051], [-94.575918, 38.986567], [-94.575929, 38.98633], [-94.57594, 38.986136], [-94.575974, 38.985416], [-94.575981, 38.985289], [-94.576006, 38.984692], [-94.576019, 38.984309], [-94.576031, 38.984034], [-94.576037, 38.983899], [-94.576058, 38.983429], [-94.57607, 38.983162], [-94.576121, 38.982342], [-94.576166, 38.981512], [-94.576186, 38.981011], [-94.576215, 38.980493], [-94.576233, 38.980234], [-94.576254, 38.979944], [-94.576274, 38.979501], [-94.576295, 38.978996], [-94.576319, 38.97856], [-94.576188, 38.978558], [-94.576037, 38.97856], [-94.575745, 38.978563], [-94.575691, 38.978315], [-94.575647, 38.977921]]}}, {"type": "Feature", "properties": {"route_id": "27", "route_short_name": "27", "route_long_name": "27th Street", "route_type": "Bus", "headway_minutes": 45.0, "frequency_tier": "Infrequent (31\u201360 min)", "color": "#6da7ec"}, "geometry": {"type": "LineString", "coordinates": [[-94.521184, 39.069527], [-94.521096, 39.069522], [-94.520994, 39.069518], [-94.520849, 39.06951], [-94.520782, 39.069512], [-94.520713, 39.069524], [-94.520651, 39.069547], [-94.520617, 39.069566], [-94.520585, 39.069589], [-94.520578, 39.069673], [-94.520562, 39.070002], [-94.520553, 39.070264], [-94.520534, 39.070658], [-94.520528, 39.070872], [-94.520505, 39.071196], [-94.520503, 39.071252], [-94.520498, 39.071317], [-94.520494, 39.071412], [-94.520491, 39.071527], [-94.520489, 39.071637], [-94.520488, 39.071716], [-94.520488, 39.071764], [-94.520482, 39.071907], [-94.520477, 39.072006], [-94.520459, 39.072358], [-94.520453, 39.072456], [-94.52041, 39.073168], [-94.520371, 39.073881], [-94.520362, 39.07417], [-94.520342, 39.074601], [-94.520311, 39.075338], [-94.520275, 39.07607], [-94.520555, 39.076081], [-94.521446, 39.076099], [-94.521711, 39.076109], [-94.522572, 39.07614], [-94.522934, 39.076151], [-94.523732, 39.076179], [-94.52397, 39.076188], [-94.524867, 39.076222], [-94.52499, 39.076227], [-94.525844, 39.076248], [-94.526827, 39.076264], [-94.527309, 39.076273], [-94.527812, 39.07629], [-94.5283, 39.076307], [-94.52885, 39.076326], [-94.529129, 39.076335], [-94.529472, 39.076346], [-94.529899, 39.076362], [-94.530528, 39.076379], [-94.530951, 39.076391], [-94.531481, 39.076407], [-94.531982, 39.076419], [-94.53246, 39.07643], [-94.533027, 39.076448], [-94.533269, 39.076458], [-94.534103, 39.076495], [-94.534386, 39.076504], [-94.534737, 39.07652], [-94.535246, 39.076534], [-94.536351, 39.076569], [-94.536496, 39.076571], [-94.536771, 39.076574], [-94.536981, 39.076582], [-94.537279, 39.076588], [-94.537502, 39.076597], [-94.537693, 39.076602], [-94.538685, 39.076638], [-94.539659, 39.076672], [-94.539852, 39.076681], [-94.541011, 39.076715], [-94.542131, 39.076743], [-94.54328, 39.076771], [-94.543475, 39.07678], [-94.544432, 39.076824], [-94.544623, 39.07683], [-94.544905, 39.076838], [-94.545691, 39.076861], [-94.545951, 39.076869], [-94.546603, 39.076897], [-94.546892, 39.076909], [-94.547557, 39.076934], [-94.547835, 39.076945], [-94.548193, 39.076957], [-94.548773, 39.076976], [-94.549004, 39.076987], [-94.549199, 39.076993], [-94.549915, 39.077018], [-94.550154, 39.077027], [-94.550511, 39.077035], [-94.551046, 39.077049], [-94.551309, 39.077055], [-94.551624, 39.077064], [-94.552042, 39.077078], [-94.55249, 39.077092], [-94.552688, 39.0771], [-94.553381, 39.077123], [-94.55365, 39.077131], [-94.553944, 39.077142], [-94.554558, 39.077164], [-94.554788, 39.077171], [-94.55503, 39.077181], [-94.555705, 39.077204], [-94.55594, 39.077213], [-94.556195, 39.077221], [-94.556904, 39.077241], [-94.557107, 39.077246], [-94.557227, 39.077252], [-94.558042, 39.077283], [-94.558261, 39.077294], [-94.558481, 39.077298], [-94.559196, 39.07732], [-94.559399, 39.077325], [-94.559791, 39.077336], [-94.560407, 39.077356], [-94.560978, 39.077375], [-94.561214, 39.077382], [-94.561436, 39.077387], [-94.561712, 39.077396], [-94.561835, 39.077402], [-94.561921, 39.077407], [-94.562242, 39.077427], [-94.562331, 39.077435], [-94.562475, 39.077443], [-94.562583, 39.077441], [-94.562668, 39.077452], [-94.562892, 39.077454], [-94.56308, 39.07746], [-94.564019, 39.077486], [-94.564966, 39.077514], [-94.565112, 39.077517], [-94.565171, 39.077519], [-94.565226, 39.077522], [-94.566175, 39.077554], [-94.566407, 39.077562], [-94.567008, 39.077584], [-94.567368, 39.077601], [-94.568039, 39.077624], [-94.568315, 39.077634], [-94.568616, 39.077643], [-94.569254, 39.077665], [-94.569625, 39.077679], [-94.570002, 39.077689], [-94.570639, 39.077714], [-94.570963, 39.077733], [-94.57154, 39.077758], [-94.571916, 39.077767], [-94.572237, 39.077778], [-94.57252, 39.077787], [-94.573429, 39.077818], [-94.573646, 39.077821], [-94.575033, 39.077874], [-94.576194, 39.077921], [-94.57613, 39.079177], [-94.576081, 39.079917], [-94.576043, 39.080469], [-94.575959, 39.081535], [-94.575936, 39.081989], [-94.57592, 39.082289], [-94.575918, 39.082348], [-94.575881, 39.083053], [-94.575846, 39.083727], [-94.575835, 39.083948], [-94.575783, 39.085151], [-94.575777, 39.085273], [-94.575767, 39.085478], [-94.575723, 39.086378], [-94.576024, 39.08639], [-94.57611, 39.086432], [-94.576359, 39.086446], [-94.576447, 39.086454], [-94.576983, 39.086472], [-94.577669, 39.086511], [-94.577798, 39.086517], [-94.578214, 39.086551], [-94.578515, 39.086584], [-94.57862, 39.086593], [-94.57884, 39.08661], [-94.579071, 39.086637], [-94.579594, 39.086686], [-94.579684, 39.086691], [-94.579865, 39.086708], [-94.580415, 39.086736], [-94.580419, 39.086647], [-94.580425, 39.086553], [-94.580427, 39.086421], [-94.580434, 39.086207], [-94.58047, 39.085321], [-94.580483, 39.084904], [-94.580509, 39.084124], [-94.580622, 39.084136], [-94.581022, 39.084164], [-94.58123, 39.084172], [-94.581408, 39.08418], [-94.581633, 39.084184], [-94.581794, 39.08419], [-94.582094, 39.084192], [-94.582475, 39.084201], [-94.58288, 39.084206], [-94.5832, 39.084203], [-94.583481, 39.084189], [-94.583505, 39.084186], [-94.583734, 39.084164], [-94.583967, 39.08413], [-94.584096, 39.084107], [-94.584204, 39.084088], [-94.584333, 39.084074], [-94.58445, 39.084069], [-94.584513, 39.084068], [-94.584597, 39.084063], [-94.584742, 39.084057], [-94.584896, 39.084046], [-94.584945, 39.084037], [-94.585036, 39.084018], [-94.585144, 39.083978], [-94.58525, 39.083927], [-94.585278, 39.083911], [-94.585339, 39.083877], [-94.585424, 39.083837], [-94.585504, 39.083803], [-94.585626, 39.083764], [-94.585751, 39.083731], [-94.585772, 39.083727], [-94.585881, 39.083697], [-94.58607, 39.083652], [-94.586077, 39.083649], [-94.58623, 39.083612], [-94.586409, 39.083573], [-94.586737, 39.083509], [-94.586849, 39.083441], [-94.587193, 39.083435], [-94.58749, 39.083437], [-94.587965, 39.083429], [-94.588278, 39.083421], [-94.588459, 39.083415], [-94.588565, 39.083413], [-94.588682, 39.08341], [-94.588857, 39.083402], [-94.588937, 39.083395], [-94.589016, 39.083382], [-94.58909, 39.083368], [-94.589152, 39.083359], [-94.589242, 39.08335], [-94.589543, 39.083345], [-94.589793, 39.083348], [-94.58981, 39.083348], [-94.590029, 39.083351], [-94.590226, 39.083359], [-94.590461, 39.083362], [-94.59071, 39.08337], [-94.590896, 39.083376], [-94.59098, 39.083379], [-94.591076, 39.083382], [-94.59117, 39.083385], [-94.591384, 39.083395], [-94.591572, 39.083401], [-94.591586, 39.083198], [-94.591603, 39.082945], [-94.59161, 39.082836], [-94.591611, 39.082807], [-94.591615, 39.082723], [-94.591617, 39.082638], [-94.591626, 39.082433], [-94.591633, 39.082236], [-94.591789, 39.082244], [-94.592067, 39.082247], [-94.592772, 39.082256], [-94.592916, 39.082262], [-94.59308, 39.08227], [-94.593154, 39.082275], [-94.593269, 39.082282], [-94.593391, 39.08229], [-94.593947, 39.082292], [-94.593925, 39.082678], [-94.593907, 39.083015], [-94.593879, 39.083557], [-94.593873, 39.083666], [-94.593869, 39.083733], [-94.59386, 39.083883], [-94.59384, 39.084184], [-94.593811, 39.084718], [-94.593997, 39.084608], [-94.594363, 39.084392], [-94.594655, 39.084229], [-94.595029, 39.084023], [-94.595374, 39.08384], [-94.595532, 39.083741], [-94.595708, 39.083629], [-94.595819, 39.083551], [-94.595885, 39.083506], [-94.595945, 39.083449], [-94.596005, 39.083387], [-94.596078, 39.083303], [-94.596194, 39.083168], [-94.596309, 39.083038], [-94.596407, 39.082925], [-94.596573, 39.082743], [-94.596736, 39.082565], [-94.596609, 39.082487], [-94.596517, 39.082428], [-94.596433, 39.082379], [-94.596366, 39.082358], [-94.596262, 39.082348], [-94.595138, 39.082332], [-94.594575, 39.082292], [-94.594538, 39.08229], [-94.594318, 39.082276], [-94.594216, 39.082273], [-94.594026, 39.082281], [-94.593947, 39.082292], [-94.593391, 39.08229], [-94.593269, 39.082282], [-94.593154, 39.082275], [-94.59308, 39.08227], [-94.592916, 39.082262], [-94.592772, 39.082256], [-94.592067, 39.082247], [-94.591789, 39.082244], [-94.591633, 39.082236], [-94.591626, 39.082433], [-94.591617, 39.082638], [-94.591615, 39.082723], [-94.591611, 39.082807], [-94.59161, 39.082836], [-94.591603, 39.082945], [-94.591586, 39.083198], [-94.591572, 39.083401], [-94.591384, 39.083395], [-94.59117, 39.083385], [-94.591076, 39.083382], [-94.59098, 39.083379], [-94.590896, 39.083376], [-94.59071, 39.08337], [-94.590461, 39.083362], [-94.590226, 39.083359], [-94.590029, 39.083351], [-94.58981, 39.083348], [-94.589793, 39.083348], [-94.589543, 39.083345], [-94.589242, 39.08335], [-94.589152, 39.083359], [-94.58909, 39.083368], [-94.589016, 39.083382], [-94.588937, 39.083395]]}}, {"type": "Feature", "properties": {"route_id": "28", "route_short_name": "28", "route_long_name": "Blue Ridge", "route_type": "Bus", "headway_minutes": 60.0, "frequency_tier": "Infrequent (31\u201360 min)", "color": "#6da7ec"}, "geometry": {"type": "LineString", "coordinates": [[-94.507354, 38.953416], [-94.50709, 38.953101], [-94.507125, 38.952401], [-94.507965, 38.952461], [-94.507948, 38.952832], [-94.507943, 38.95293], [-94.507925, 38.953277], [-94.507924, 38.953325], [-94.507896, 38.953575], [-94.507857, 38.953791], [-94.507817, 38.953929], [-94.507752, 38.954081], [-94.507664, 38.954268], [-94.507579, 38.954419], [-94.507525, 38.954504], [-94.507428, 38.954635], [-94.507311, 38.954774], [-94.507232, 38.954864], [-94.507141, 38.954949], [-94.507058, 38.955024], [-94.506936, 38.955123], [-94.50675, 38.955257], [-94.506601, 38.955364], [-94.506164, 38.955677], [-94.505864, 38.955891], [-94.505168, 38.956386], [-94.504754, 38.956673], [-94.504289, 38.956997], [-94.504165, 38.957081], [-94.50403, 38.957161], [-94.503881, 38.957244], [-94.503641, 38.957374], [-94.503598, 38.957393], [-94.503403, 38.957483], [-94.503185, 38.957568], [-94.503024, 38.95763], [-94.502791, 38.957701], [-94.502764, 38.957709], [-94.502578, 38.957756], [-94.502443, 38.957788], [-94.502268, 38.957824], [-94.502019, 38.95787], [-94.501841, 38.9579], [-94.501666, 38.957923], [-94.501446, 38.957948], [-94.501142, 38.957979], [-94.500671, 38.958022], [-94.500324, 38.958058], [-94.500043, 38.958089], [-94.499835, 38.958117], [-94.499611, 38.958159], [-94.499392, 38.958221], [-94.499262, 38.958261], [-94.499127, 38.958311], [-94.49902, 38.958357], [-94.498911, 38.958413], [-94.498822, 38.958457], [-94.498726, 38.958511], [-94.498585, 38.958601], [-94.498451, 38.958699], [-94.498315, 38.958807], [-94.498211, 38.958905], [-94.497986, 38.959159], [-94.497878, 38.959313], [-94.497776, 38.959485], [-94.497726, 38.959591], [-94.497659, 38.959771], [-94.497619, 38.959921], [-94.497597, 38.960036], [-94.497585, 38.960188], [-94.497577, 38.960467], [-94.497547, 38.961241], [-94.497545, 38.961381], [-94.497551, 38.961581], [-94.497569, 38.961804], [-94.49757, 38.961812], [-94.497578, 38.961852], [-94.497608, 38.96204], [-94.497663, 38.962249], [-94.497709, 38.962395], [-94.497748, 38.962513], [-94.497843, 38.962744], [-94.49789, 38.962848], [-94.497955, 38.962975], [-94.498031, 38.963099], [-94.498142, 38.963264], [-94.498265, 38.963436], [-94.498403, 38.963608], [-94.498746, 38.963999], [-94.49911, 38.96439], [-94.499322, 38.964621], [-94.4995, 38.96484], [-94.499606, 38.964995], [-94.499621, 38.965021], [-94.499694, 38.965161], [-94.499726, 38.965243], [-94.499757, 38.965341], [-94.499797, 38.965493], [-94.499807, 38.965552], [-94.499815, 38.965612], [-94.499826, 38.965749], [-94.499827, 38.965811], [-94.499827, 38.965851], [-94.499813, 38.965955], [-94.499774, 38.966104], [-94.499717, 38.966262], [-94.499658, 38.966372], [-94.4996, 38.966459], [-94.499375, 38.966788], [-94.499343, 38.966835], [-94.499251, 38.96696], [-94.499189, 38.967033], [-94.499166, 38.967058], [-94.499076, 38.967154], [-94.498998, 38.967225], [-94.498964, 38.967258], [-94.498839, 38.967373], [-94.498728, 38.967461], [-94.498698, 38.967486], [-94.498557, 38.967587], [-94.498294, 38.967767], [-94.497945, 38.968007], [-94.497718, 38.968164], [-94.497375, 38.9684], [-94.497016, 38.968646], [-94.496827, 38.968789], [-94.496638, 38.968952], [-94.496477, 38.969113], [-94.496364, 38.969239], [-94.496264, 38.969363], [-94.49615, 38.969531], [-94.496035, 38.969724], [-94.495935, 38.969914], [-94.495874, 38.970046], [-94.495796, 38.970292], [-94.495772, 38.970387], [-94.495751, 38.970466], [-94.495735, 38.970553], [-94.495716, 38.970644], [-94.495661, 38.971021], [-94.495572, 38.971519], [-94.495535, 38.971668], [-94.495515, 38.971738], [-94.495498, 38.971826], [-94.495386, 38.972124], [-94.495301, 38.972313], [-94.495178, 38.972554], [-94.49503, 38.972777], [-94.494947, 38.9729], [-94.494881, 38.972991], [-94.494684, 38.973208], [-94.49449, 38.973394], [-94.494148, 38.973689], [-94.49366, 38.974125], [-94.493343, 38.974386], [-94.492966, 38.97471], [-94.492577, 38.975015], [-94.492464, 38.97511], [-94.491538, 38.975912], [-94.491337, 38.97608], [-94.491056, 38.976325], [-94.490521, 38.976788], [-94.490223, 38.977048], [-94.490075, 38.97717], [-94.489777, 38.977429], [-94.489051, 38.978051], [-94.48904, 38.97806], [-94.488983, 38.97811], [-94.488832, 38.978237], [-94.488658, 38.978386], [-94.488545, 38.978482], [-94.487615, 38.979289], [-94.487263, 38.979604], [-94.48714, 38.979708], [-94.486991, 38.979841], [-94.486671, 38.980122], [-94.486401, 38.980353], [-94.486369, 38.980381], [-94.486283, 38.980454], [-94.486183, 38.980536], [-94.486018, 38.980662], [-94.485713, 38.980933], [-94.485635, 38.981003], [-94.485564, 38.981057], [-94.485428, 38.98118], [-94.485299, 38.981292], [-94.485204, 38.981374], [-94.48509, 38.981475], [-94.485044, 38.981518], [-94.484775, 38.981732], [-94.484628, 38.981861], [-94.484489, 38.981977], [-94.48438, 38.98207], [-94.484261, 38.982173], [-94.484154, 38.982269], [-94.484052, 38.982359], [-94.483936, 38.982464], [-94.483861, 38.982539], [-94.48375, 38.982655], [-94.483654, 38.982781], [-94.483598, 38.982857], [-94.483525, 38.98297], [-94.483439, 38.983122], [-94.483378, 38.983254], [-94.483337, 38.983356], [-94.483294, 38.983485], [-94.483264, 38.983567], [-94.483224, 38.98375], [-94.483214, 38.983831], [-94.483205, 38.983898], [-94.483197, 38.984017], [-94.483187, 38.984126], [-94.483182, 38.984248], [-94.483176, 38.984369], [-94.483165, 38.984594], [-94.483153, 38.984861], [-94.483127, 38.98545], [-94.483121, 38.985602], [-94.483119, 38.985708], [-94.483115, 38.985885], [-94.483107, 38.986088], [-94.483096, 38.986341], [-94.48308, 38.986544], [-94.483068, 38.986787], [-94.483052, 38.986983], [-94.48303, 38.987206], [-94.483022, 38.987307], [-94.483011, 38.987451], [-94.483001, 38.987641], [-94.482989, 38.987816], [-94.482985, 38.987867], [-94.482984, 38.987918], [-94.482973, 38.988047], [-94.482962, 38.988188], [-94.482951, 38.9883], [-94.48294, 38.98841], [-94.482937, 38.988473], [-94.482922, 38.988596], [-94.482912, 38.988688], [-94.482866, 38.989013], [-94.482838, 38.98922], [-94.482822, 38.989333], [-94.48274, 38.98991], [-94.482714, 38.990054], [-94.482685, 38.990206], [-94.48265, 38.99036], [-94.482624, 38.99047], [-94.482597, 38.990561], [-94.482572, 38.990645], [-94.482529, 38.990757], [-94.482308, 38.991289], [-94.48196, 38.992085], [-94.48193, 38.992156], [-94.48191, 38.992199], [-94.481879, 38.992291], [-94.481851, 38.992373], [-94.481812, 38.992541], [-94.481792, 38.992696], [-94.481789, 38.992851], [-94.481797, 38.993006], [-94.481809, 38.993079], [-94.481827, 38.993158], [-94.481845, 38.993219], [-94.481854, 38.993254], [-94.48209, 38.994039], [-94.482108, 38.994103], [-94.48208, 38.99418], [-94.48209, 38.99421], [-94.482131, 38.994388], [-94.482161, 38.994495], [-94.482196, 38.994632], [-94.482337, 38.995151], [-94.482376, 38.9953], [-94.4824, 38.995392], [-94.482451, 38.995623], [-94.482493, 38.995876], [-94.482494, 38.995888], [-94.482521, 38.996155], [-94.482528, 38.996487], [-94.482517, 38.996921], [-94.482488, 38.997387], [-94.482462, 38.997855], [-94.482393, 38.998702], [-94.482383, 38.998828], [-94.482377, 38.998902], [-94.482337, 38.999388], [-94.482309, 38.999833], [-94.482286, 39.000162], [-94.482277, 39.000293], [-94.482269, 39.000432], [-94.482269, 39.000526], [-94.482269, 39.000613], [-94.482269, 39.000774], [-94.482264, 39.00092], [-94.482241, 39.00134], [-94.482236, 39.00143], [-94.482223, 39.001855], [-94.482219, 39.001964], [-94.482215, 39.002009], [-94.482201, 39.002279], [-94.482194, 39.002405], [-94.482195, 39.002468], [-94.482256, 39.002564], [-94.482231, 39.003016], [-94.482228, 39.003069], [-94.482202, 39.003486], [-94.482185, 39.003824], [-94.48218, 39.003915], [-94.482166, 39.00421], [-94.482158, 39.00441], [-94.482128, 39.005169], [-94.482122, 39.005434], [-94.482061, 39.006813], [-94.482005, 39.007762], [-94.481997, 39.00793], [-94.481978, 39.008284], [-94.48191, 39.008367], [-94.481859, 39.008996], [-94.481825, 39.009411], [-94.481814, 39.00954], [-94.48181, 39.009667], [-94.481767, 39.010381], [-94.481767, 39.010613], [-94.481845, 39.010753], [-94.481832, 39.01091], [-94.481796, 39.011524], [-94.481787, 39.011691], [-94.481782, 39.01178], [-94.481758, 39.012191], [-94.481745, 39.012593], [-94.481731, 39.012994], [-94.481712, 39.013576], [-94.481702, 39.013761], [-94.481678, 39.014186], [-94.481672, 39.014347], [-94.481671, 39.014364], [-94.481668, 39.014522], [-94.481668, 39.014648], [-94.481673, 39.014822], [-94.481682, 39.014994], [-94.481683, 39.01502], [-94.481685, 39.015076], [-94.481696, 39.01523], [-94.481707, 39.015366], [-94.481724, 39.015535], [-94.481735, 39.015638], [-94.481746, 39.015763], [-94.481752, 39.015878], [-94.481753, 39.015971], [-94.481755, 39.01614], [-94.481752, 39.016241], [-94.481747, 39.016337], [-94.481745, 39.016378], [-94.481735, 39.016509], [-94.481729, 39.016595], [-94.481723, 39.016703], [-94.481717, 39.016989], [-94.481706, 39.017422], [-94.481672, 39.018019], [-94.481654, 39.01834], [-94.481605, 39.019179], [-94.481599, 39.01932], [-94.481592, 39.019457], [-94.481571, 39.019844], [-94.481549, 39.020124], [-94.481517, 39.020761], [-94.481498, 39.021147], [-94.481448, 39.022244], [-94.481423, 39.022688], [-94.481381, 39.023415], [-94.481358, 39.023822], [-94.481339, 39.024256], [-94.481334, 39.024366], [-94.481313, 39.024804], [-94.48125, 39.02599], [-94.481215, 39.026606], [-94.481206, 39.026769], [-94.481195, 39.026955], [-94.481177, 39.027455], [-94.481174, 39.027492], [-94.481164, 39.027776], [-94.481153, 39.028016], [-94.481147, 39.02816], [-94.48114, 39.028286], [-94.481134, 39.028446], [-94.481123, 39.028641], [-94.481114, 39.028889], [-94.481094, 39.029113], [-94.481077, 39.029257], [-94.481055, 39.029389], [-94.481031, 39.029522], [-94.480975, 39.029783], [-94.480905, 39.030039], [-94.480832, 39.030256], [-94.480757, 39.030433], [-94.480669, 39.030611], [-94.480553, 39.030813], [-94.480394, 39.031066], [-94.480073, 39.031562], [-94.479731, 39.032086], [-94.478882, 39.033392], [-94.478755, 39.033597], [-94.478622, 39.033783], [-94.478586, 39.033831], [-94.478454, 39.03399], [-94.47839, 39.034059], [-94.478167, 39.034281], [-94.477322, 39.035114], [-94.477119, 39.035319], [-94.477035, 39.035412], [-94.476932, 39.035538], [-94.476845, 39.035653], [-94.476759, 39.035774], [-94.476712, 39.035845], [-94.476691, 39.035876], [-94.476536, 39.036175], [-94.476472, 39.036327], [-94.476344, 39.036684], [-94.47623, 39.036571], [-94.47607, 39.036409], [-94.475909, 39.036253], [-94.475717, 39.03607], [-94.475477, 39.035854], [-94.475314, 39.035705], [-94.475177, 39.035584], [-94.475063, 39.035479], [-94.475001, 39.035421], [-94.474913, 39.035341], [-94.473923, 39.034469], [-94.473861, 39.034505], [-94.47381, 39.034534], [-94.473731, 39.034571], [-94.473479, 39.034686], [-94.473145, 39.034838], [-94.4725, 39.035131], [-94.471486, 39.035575], [-94.470662, 39.035941], [-94.470461, 39.036037], [-94.470231, 39.036135], [-94.469959, 39.036231], [-94.469588, 39.036346], [-94.467977, 39.036803], [-94.467906, 39.036822], [-94.466363, 39.037253], [-94.465946, 39.037373], [-94.465856, 39.037399], [-94.46567, 39.037447], [-94.465444, 39.037503], [-94.465215, 39.037548], [-94.464973, 39.037582], [-94.464837, 39.037596], [-94.464712, 39.037604], [-94.464477, 39.037613], [-94.464242, 39.03761], [-94.464129, 39.037605], [-94.464009, 39.037601], [-94.463098, 39.037562], [-94.462655, 39.03754], [-94.462039, 39.037512], [-94.460851, 39.037453], [-94.460198, 39.037426], [-94.459716, 39.037405], [-94.45919, 39.037382], [-94.458403, 39.037346], [-94.456885, 39.03728], [-94.455143, 39.037196], [-94.454217, 39.03716], [-94.453793, 39.037145], [-94.4528, 39.037092], [-94.452336, 39.03707], [-94.451548, 39.037036], [-94.451037, 39.037011], [-94.449904, 39.036962], [-94.449316, 39.036937], [-94.449261, 39.036935], [-94.448801, 39.036918], [-94.448567, 39.036907], [-94.448115, 39.036889], [-94.448128, 39.036588], [-94.44816, 39.035817], [-94.448205, 39.034785], [-94.448249, 39.033763], [-94.448303, 39.032795], [-94.448321, 39.032355], [-94.448323, 39.032263], [-94.448342, 39.031737], [-94.448351, 39.03155], [-94.448367, 39.0308], [-94.448217, 39.030799], [-94.448037, 39.030802], [-94.447897, 39.0308], [-94.447798, 39.030797], [-94.447706, 39.030788], [-94.447608, 39.030766], [-94.447467, 39.030724], [-94.447224, 39.030661], [-94.447044, 39.030622], [-94.447061, 39.029502], [-94.445426, 39.029446], [-94.444429, 39.029426], [-94.444111, 39.029474], [-94.444013, 39.02949], [-94.443798, 39.029482], [-94.443351, 39.02947], [-94.443195, 39.029465], [-94.44259, 39.029446], [-94.440696, 39.029341], [-94.440061, 39.029307], [-94.439634, 39.029286], [-94.43957, 39.029373], [-94.439497, 39.02949], [-94.439436, 39.029603], [-94.439351, 39.029766], [-94.43926, 39.029966], [-94.439179, 39.030161], [-94.439148, 39.03025], [-94.439121, 39.030355], [-94.439102, 39.030487], [-94.439089, 39.03061], [-94.439054, 39.031317], [-94.438989, 39.032356], [-94.438934, 39.033403], [-94.438918, 39.033687], [-94.43889, 39.034697], [-94.43888, 39.034866], [-94.438837, 39.035651], [-94.438793, 39.035823], [-94.438756, 39.035946], [-94.438732, 39.036017], [-94.438693, 39.036107], [-94.438612, 39.036276], [-94.43853, 39.036403], [-94.438471, 39.03649], [-94.438396, 39.03658], [-94.438327, 39.03665], [-94.438199, 39.036768], [-94.438075, 39.036855], [-94.438057, 39.036867], [-94.437884, 39.036969], [-94.437674, 39.037086], [-94.4375, 39.037193], [-94.437426, 39.037247], [-94.437352, 39.037314], [-94.437282, 39.03739], [-94.437226, 39.037466], [-94.437191, 39.03754], [-94.437144, 39.037695], [-94.437117, 39.037833], [-94.437105, 39.037973], [-94.4371, 39.03808], [-94.437094, 39.038178], [-94.437066, 39.038775], [-94.437019, 39.040005], [-94.43693, 39.041428], [-94.436935, 39.041572], [-94.436938, 39.04162], [-94.436957, 39.041767], [-94.436986, 39.041885], [-94.437025, 39.041989], [-94.437078, 39.042095], [-94.437166, 39.042214], [-94.437302, 39.042371], [-94.437528, 39.042608], [-94.437816, 39.042918], [-94.43794, 39.043053], [-94.438235, 39.043385], [-94.438317, 39.043492], [-94.438413, 39.043632], [-94.438474, 39.043731], [-94.43866, 39.044122], [-94.438688, 39.044189], [-94.438743, 39.04435], [-94.438788, 39.044491], [-94.438922, 39.045067], [-94.438982, 39.045329], [-94.439019, 39.045495], [-94.439027, 39.045529], [-94.439036, 39.045571], [-94.439159, 39.045614], [-94.43931, 39.045667], [-94.439481, 39.045732], [-94.4396, 39.04578], [-94.439639, 39.045796], [-94.43993, 39.045912], [-94.44013, 39.045991], [-94.44018, 39.046011], [-94.440318, 39.046066], [-94.440476, 39.046132], [-94.440931, 39.04632], [-94.441121, 39.046402], [-94.441276, 39.046483], [-94.441452, 39.046565], [-94.441657, 39.046669], [-94.441935, 39.046796], [-94.442091, 39.046868], [-94.442278, 39.046956], [-94.442395, 39.04701], [-94.442518, 39.047069], [-94.44282, 39.047221], [-94.442903, 39.047263], [-94.442982, 39.047303], [-94.443143, 39.047395], [-94.443265, 39.047463], [-94.443392, 39.047538], [-94.443471, 39.047584], [-94.44355, 39.047629], [-94.443572, 39.047642], [-94.443642, 39.047679], [-94.443709, 39.047713], [-94.443803, 39.047764], [-94.444755, 39.048166], [-94.444871, 39.04822], [-94.44544, 39.048484], [-94.446006, 39.048755], [-94.446657, 39.049078], [-94.446824, 39.049165], [-94.446907, 39.049208], [-94.44717, 39.049343], [-94.447473, 39.049501], [-94.447586, 39.04956], [-94.447873, 39.049698], [-94.448136, 39.049824], [-94.448224, 39.049869], [-94.448278, 39.049895], [-94.4483, 39.049905], [-94.448446, 39.049911], [-94.448705, 39.050035], [-94.448864, 39.050108], [-94.449207, 39.050266], [-94.449724, 39.050519], [-94.45067, 39.050981], [-94.451365, 39.051327], [-94.451746, 39.051521], [-94.451965, 39.05163], [-94.45227, 39.051772], [-94.452639, 39.051934], [-94.452976, 39.052079], [-94.453181, 39.052168], [-94.453813, 39.052422], [-94.454729, 39.052799], [-94.456627, 39.053558], [-94.456993, 39.053708], [-94.457779, 39.054028], [-94.459655, 39.054797], [-94.461209, 39.055416], [-94.461821, 39.05566], [-94.462853, 39.056072], [-94.463825, 39.056466], [-94.464423, 39.05671], [-94.465187, 39.05702], [-94.465532, 39.057158], [-94.466003, 39.057344], [-94.467151, 39.05781], [-94.468127, 39.058197], [-94.468585, 39.05838], [-94.46898, 39.058532], [-94.469094, 39.058576], [-94.469685, 39.058799], [-94.470268, 39.059029], [-94.470326, 39.059095], [-94.470366, 39.059117], [-94.470596, 39.059213], [-94.470877, 39.059319], [-94.471438, 39.059542], [-94.471598, 39.059606], [-94.471654, 39.059629], [-94.471728, 39.059657], [-94.471849, 39.059713], [-94.472065, 39.059823], [-94.472155, 39.059871], [-94.472306, 39.059955], [-94.472712, 39.060189], [-94.473428, 39.0606], [-94.474864, 39.061385], [-94.474958, 39.061436], [-94.47521, 39.061571], [-94.475457, 39.061703], [-94.475522, 39.06174], [-94.475534, 39.061743], [-94.475621, 39.061748], [-94.475663, 39.06177], [-94.475774, 39.061824], [-94.475886, 39.061875], [-94.476032, 39.061934], [-94.476168, 39.061984], [-94.476305, 39.06203], [-94.476468, 39.062083], [-94.476572, 39.062117], [-94.476759, 39.06217], [-94.477072, 39.062246], [-94.477389, 39.062313], [-94.4782, 39.062483], [-94.478409, 39.062533], [-94.478744, 39.062606], [-94.478944, 39.062657], [-94.479207, 39.062722], [-94.479455, 39.062778], [-94.479545, 39.062798], [-94.479966, 39.0629], [-94.480419, 39.063003], [-94.480716, 39.063071], [-94.480822, 39.063094], [-94.481105, 39.063158], [-94.481537, 39.063254], [-94.48214, 39.063375], [-94.48236, 39.063417], [-94.482579, 39.063456], [-94.482809, 39.063491], [-94.483009, 39.063526], [-94.483189, 39.06355], [-94.48335, 39.063571], [-94.483545, 39.063591], [-94.483678, 39.063603], [-94.483784, 39.063614], [-94.483898, 39.06362], [-94.48411, 39.063614], [-94.48444, 39.063625], [-94.484678, 39.063616], [-94.484952, 39.063597], [-94.485313, 39.063563], [-94.486024, 39.06349], [-94.486459, 39.06344], [-94.486577, 39.063423], [-94.486845, 39.063384], [-94.487324, 39.063321], [-94.487626, 39.063299], [-94.487877, 39.063276], [-94.488061, 39.063263], [-94.488112, 39.063262], [-94.488282, 39.063242], [-94.488348, 39.063236], [-94.488414, 39.063228], [-94.488652, 39.0632], [-94.488962, 39.063173], [-94.489136, 39.06316], [-94.489574, 39.063161], [-94.489776, 39.063178], [-94.49003, 39.063212], [-94.490241, 39.063254], [-94.490427, 39.063298], [-94.490665, 39.063372], [-94.49074, 39.063397], [-94.49096, 39.063487], [-94.491094, 39.06355], [-94.491354, 39.063682], [-94.491703, 39.063875], [-94.492339, 39.064231], [-94.492973, 39.064577], [-94.493575, 39.064925], [-94.494065, 39.065193], [-94.494452, 39.065404], [-94.494752, 39.065573], [-94.495289, 39.065866], [-94.495478, 39.065969], [-94.49561, 39.066046], [-94.495851, 39.066184], [-94.496399, 39.066491], [-94.497556, 39.067154], [-94.497814, 39.067295], [-94.497859, 39.06732], [-94.498171, 39.06749], [-94.498222, 39.06757], [-94.498244, 39.067585], [-94.498439, 39.067697], [-94.499155, 39.068108], [-94.499722, 39.068424], [-94.500001, 39.068562], [-94.500118, 39.068567], [-94.500883, 39.068983], [-94.501186, 39.069149], [-94.501395, 39.069257], [-94.501569, 39.069361], [-94.501852, 39.069524], [-94.502049, 39.06964], [-94.502385, 39.069834], [-94.502741, 39.070002], [-94.503, 39.070113], [-94.503274, 39.070202], [-94.503487, 39.070259], [-94.503866, 39.070338], [-94.504138, 39.070371], [-94.50427, 39.070385], [-94.504412, 39.070397], [-94.50452, 39.070404], [-94.504651, 39.070407], [-94.504937, 39.070402], [-94.505187, 39.070385], [-94.505368, 39.070363], [-94.505486, 39.070348], [-94.505627, 39.07032], [-94.505774, 39.070284], [-94.506062, 39.070214], [-94.50636, 39.070126], [-94.506946, 39.069971], [-94.507733, 39.069749], [-94.508486, 39.069546], [-94.508663, 39.069501], [-94.508758, 39.069464], [-94.509007, 39.069395], [-94.509409, 39.069282], [-94.509818, 39.069189], [-94.509902, 39.069167], [-94.510058, 39.069124], [-94.510294, 39.069049], [-94.510433, 39.069012], [-94.510536, 39.068984], [-94.510665, 39.06895], [-94.510758, 39.068924], [-94.511031, 39.068851], [-94.51119, 39.068804], [-94.511272, 39.068776], [-94.511335, 39.068761], [-94.511471, 39.068725], [-94.511673, 39.068671], [-94.511866, 39.06861], [-94.512135, 39.068544], [-94.512234, 39.068514], [-94.512316, 39.068491], [-94.512489, 39.06844], [-94.512637, 39.068399], [-94.512846, 39.068345], [-94.51308, 39.06828], [-94.513312, 39.068221], [-94.513548, 39.068164], [-94.513706, 39.068125], [-94.513867, 39.068103], [-94.513964, 39.068092], [-94.514216, 39.068075], [-94.514469, 39.068069], [-94.51472, 39.068074], [-94.514871, 39.06808], [-94.515169, 39.068089], [-94.516043, 39.068116], [-94.51609, 39.068117], [-94.516761, 39.068134], [-94.517114, 39.068154], [-94.517482, 39.068185], [-94.51785, 39.068229], [-94.518164, 39.068277], [-94.518394, 39.06832], [-94.518686, 39.068393], [-94.518737, 39.068438], [-94.519474, 39.068652], [-94.519548, 39.068674], [-94.519837, 39.068744], [-94.520146, 39.068823], [-94.520284, 39.068852], [-94.520384, 39.068866], [-94.520551, 39.068877], [-94.520645, 39.068882], [-94.520746, 39.068888], [-94.520874, 39.068888], [-94.520966, 39.068888], [-94.521037, 39.068891], [-94.521141, 39.068891], [-94.521208, 39.068894], [-94.521154, 39.069176], [-94.521131, 39.069338], [-94.521119, 39.069474], [-94.521119, 39.069519], [-94.521096, 39.069522], [-94.520994, 39.069518], [-94.520849, 39.06951], [-94.520782, 39.069512], [-94.520713, 39.069524], [-94.520651, 39.069547], [-94.520617, 39.069566], [-94.520585, 39.069589], [-94.520578, 39.069673], [-94.520562, 39.070002], [-94.520553, 39.070264], [-94.520534, 39.070658], [-94.520528, 39.070872], [-94.520505, 39.071196], [-94.520503, 39.071252], [-94.520498, 39.071317], [-94.520494, 39.071412], [-94.520491, 39.071527], [-94.520489, 39.071637], [-94.520627, 39.071677], [-94.520763, 39.071714], [-94.520906, 39.071745], [-94.521713, 39.071914], [-94.522075, 39.071995], [-94.522396, 39.072065], [-94.522518, 39.072093], [-94.522666, 39.072125], [-94.522855, 39.072156], [-94.523099, 39.072192], [-94.525009, 39.072269], [-94.525044, 39.072269], [-94.525486, 39.07237], [-94.525615, 39.072405], [-94.52575, 39.072437], [-94.52585, 39.072459], [-94.525998, 39.072488], [-94.526132, 39.072515], [-94.526273, 39.072539], [-94.526662, 39.072606], [-94.526857, 39.072636], [-94.52705, 39.072664], [-94.527164, 39.072679], [-94.527377, 39.072705], [-94.527703, 39.07274], [-94.527969, 39.072763], [-94.528236, 39.072781], [-94.528454, 39.072792], [-94.528729, 39.072805], [-94.529173, 39.072817], [-94.529482, 39.072825], [-94.529899, 39.072836], [-94.53051, 39.072851], [-94.530737, 39.072857], [-94.530896, 39.072862], [-94.531036, 39.072865], [-94.531287, 39.072867], [-94.53143, 39.072864], [-94.531593, 39.072861], [-94.531747, 39.072861], [-94.531895, 39.072865], [-94.532036, 39.072873], [-94.532165, 39.072884], [-94.532343, 39.072898], [-94.532533, 39.07292], [-94.532696, 39.072943], [-94.53283, 39.072966], [-94.532959, 39.072991], [-94.53309, 39.073019], [-94.533252, 39.073058], [-94.533424, 39.073107], [-94.533559, 39.073151], [-94.533714, 39.073208], [-94.533878, 39.073278], [-94.534017, 39.073345], [-94.534126, 39.073405], [-94.534259, 39.073487], [-94.534364, 39.073554], [-94.534496, 39.073647], [-94.534623, 39.073751], [-94.534739, 39.073852], [-94.534835, 39.073942], [-94.534942, 39.074058], [-94.535098, 39.074241], [-94.535234, 39.074427], [-94.535312, 39.074533], [-94.535432, 39.074694], [-94.535548, 39.074854], [-94.535722, 39.075096], [-94.535838, 39.075262], [-94.535967, 39.075443], [-94.536109, 39.075642], [-94.536287, 39.07589], [-94.536439, 39.076101], [-94.536623, 39.076354], [-94.536626, 39.07636], [-94.536714, 39.076492], [-94.536738, 39.076529], [-94.536771, 39.076574], [-94.536829, 39.076653], [-94.536927, 39.076779], [-94.537004, 39.076889], [-94.537255, 39.077227], [-94.537486, 39.077562], [-94.537679, 39.077823], [-94.537795, 39.077986], [-94.537875, 39.0781], [-94.538, 39.078276], [-94.538183, 39.07853], [-94.538313, 39.07871], [-94.538425, 39.078867], [-94.538571, 39.079073], [-94.538717, 39.079268], [-94.538871, 39.079481], [-94.539101, 39.079804], [-94.539248, 39.080007], [-94.539348, 39.080148], [-94.539372, 39.080182], [-94.539457, 39.080295], [-94.539652, 39.080565], [-94.539874, 39.080882], [-94.540139, 39.081245], [-94.540342, 39.081524], [-94.540351, 39.081535], [-94.540367, 39.08156], [-94.540435, 39.081659], [-94.540474, 39.081719], [-94.540582, 39.081893], [-94.540743, 39.082146], [-94.54083, 39.082298], [-94.540851, 39.082343], [-94.540878, 39.082405], [-94.540931, 39.082537], [-94.541004, 39.082729], [-94.541059, 39.082897], [-94.541089, 39.083021], [-94.541113, 39.083143], [-94.541133, 39.083272], [-94.54115, 39.083424], [-94.54116, 39.083584], [-94.541171, 39.083823], [-94.541168, 39.083973], [-94.541167, 39.084069], [-94.541156, 39.084356], [-94.541145, 39.08487], [-94.541123, 39.085428], [-94.541115, 39.085717], [-94.541115, 39.086033], [-94.54111, 39.086281], [-94.541094, 39.086618], [-94.541089, 39.086739], [-94.541083, 39.086832], [-94.541083, 39.086962], [-94.541086, 39.087071], [-94.541106, 39.087313], [-94.541171, 39.087727], [-94.541178, 39.08777], [-94.541201, 39.087929], [-94.541225, 39.088084], [-94.541269, 39.088318], [-94.541336, 39.088577], [-94.541426, 39.088858], [-94.54154, 39.089176], [-94.541646, 39.089429], [-94.541752, 39.089646], [-94.541775, 39.089686], [-94.54196, 39.090004], [-94.542129, 39.090294], [-94.542178, 39.090383], [-94.542235, 39.090491], [-94.542303, 39.090617], [-94.5424, 39.090791], [-94.54257, 39.091099], [-94.542816, 39.091523], [-94.542934, 39.091734], [-94.543023, 39.091921], [-94.543096, 39.092112], [-94.543143, 39.092284], [-94.54315, 39.092306], [-94.543187, 39.092505], [-94.543192, 39.092548], [-94.5432, 39.092619], [-94.54321, 39.092711], [-94.543212, 39.092942], [-94.543199, 39.093212], [-94.543167, 39.093598], [-94.543166, 39.09362], [-94.543135, 39.094096], [-94.543127, 39.094334], [-94.543128, 39.094423], [-94.543131, 39.094503], [-94.543137, 39.094608], [-94.543154, 39.094774], [-94.543188, 39.094945], [-94.543201, 39.09499], [-94.543234, 39.095098], [-94.543294, 39.09525], [-94.543345, 39.095356], [-94.543367, 39.095396], [-94.543458, 39.095536], [-94.543569, 39.095685], [-94.543667, 39.095801], [-94.543791, 39.095922], [-94.543926, 39.09604], [-94.544071, 39.096145], [-94.544225, 39.096243], [-94.54439, 39.096336], [-94.544559, 39.096415], [-94.544589, 39.096428], [-94.544743, 39.096485], [-94.544983, 39.096561], [-94.545332, 39.096656], [-94.545595, 39.096725], [-94.545694, 39.09675], [-94.546058, 39.096832], [-94.54633, 39.096887], [-94.54666, 39.096949], [-94.54684, 39.096974], [-94.547008, 39.097002], [-94.547158, 39.097023], [-94.547462, 39.097051], [-94.547612, 39.097064], [-94.547679, 39.097068], [-94.547803, 39.097076], [-94.548244, 39.097104], [-94.54894, 39.097095], [-94.549062, 39.097084], [-94.549344, 39.097047], [-94.549496, 39.097025], [-94.549631, 39.097006], [-94.54985, 39.096969], [-94.550022, 39.096935], [-94.550222, 39.096887], [-94.550387, 39.096845], [-94.550618, 39.096781], [-94.550848, 39.096707], [-94.551046, 39.096645], [-94.551299, 39.096564], [-94.551557, 39.096482], [-94.551685, 39.09644], [-94.551901, 39.096375], [-94.552137, 39.096304], [-94.552316, 39.096248], [-94.552468, 39.096204], [-94.552651, 39.096155], [-94.552768, 39.096122], [-94.552893, 39.096094], [-94.553038, 39.096066], [-94.553174, 39.096037], [-94.553336, 39.096012], [-94.553524, 39.095986], [-94.553723, 39.095964], [-94.553905, 39.095945], [-94.554119, 39.095936], [-94.554334, 39.095927], [-94.554586, 39.095928], [-94.554852, 39.095936], [-94.555066, 39.095944], [-94.555351, 39.095945], [-94.555882, 39.095962], [-94.556173, 39.095972], [-94.556324, 39.095978], [-94.556629, 39.095987], [-94.556844, 39.095996], [-94.55716, 39.096009], [-94.557669, 39.096012], [-94.5582, 39.096023], [-94.558633, 39.096041], [-94.559032, 39.09606], [-94.5591, 39.096062], [-94.559422, 39.096068], [-94.56034, 39.096097], [-94.560788, 39.096108], [-94.560858, 39.096111], [-94.561239, 39.096124], [-94.56174, 39.096136], [-94.56219, 39.096153], [-94.562544, 39.096161], [-94.562721, 39.096164], [-94.563017, 39.096175], [-94.563388, 39.09619], [-94.56367, 39.096198], [-94.563952, 39.096206], [-94.564111, 39.096209], [-94.56448, 39.096229], [-94.564544, 39.096226], [-94.564723, 39.096221], [-94.565554, 39.096234], [-94.566021, 39.096243], [-94.566659, 39.096251], [-94.56698, 39.09626], [-94.56712, 39.096263], [-94.567334, 39.096268], [-94.567588, 39.096277], [-94.567796, 39.096285], [-94.568009, 39.096297], [-94.568118, 39.096305], [-94.568371, 39.096331], [-94.568567, 39.096358], [-94.568785, 39.096395], [-94.568921, 39.096425], [-94.569056, 39.096454], [-94.569205, 39.096491], [-94.569333, 39.096524], [-94.569467, 39.096566], [-94.569598, 39.096609], [-94.569755, 39.096668], [-94.569957, 39.096749], [-94.57011, 39.096817], [-94.570442, 39.096971], [-94.570716, 39.097098], [-94.570864, 39.097169], [-94.571139, 39.097296], [-94.571284, 39.09736], [-94.57136, 39.097391], [-94.571428, 39.09742], [-94.571601, 39.097482], [-94.57174, 39.097529], [-94.571809, 39.097552], [-94.571892, 39.097574], [-94.571967, 39.097596], [-94.57205, 39.097616], [-94.572175, 39.097636], [-94.572305, 39.097655], [-94.572422, 39.097664], [-94.57244, 39.097664], [-94.572545, 39.097672], [-94.572643, 39.097675], [-94.572755, 39.097675], [-94.572879, 39.097672], [-94.573171, 39.097653], [-94.573293, 39.097642], [-94.573431, 39.097628], [-94.573582, 39.097603], [-94.57371, 39.097572], [-94.573786, 39.097549], [-94.573862, 39.097521], [-94.573952, 39.097482], [-94.574057, 39.097444], [-94.574053, 39.097628], [-94.574026, 39.097974], [-94.574012, 39.098173], [-94.574004, 39.098309], [-94.573939, 39.099617], [-94.573939, 39.099621], [-94.573823, 39.099612], [-94.573823, 39.099603], [-94.573847, 39.099441], [-94.573847, 39.099405]]}}, {"type": "Feature", "properties": {"route_id": "3", "route_short_name": "PMAX", "route_long_name": "Prospect MAX", "route_type": "Bus", "headway_minutes": 15.0, "frequency_tier": "Frequent (\u226415 min)", "color": "#1c5cab"}, "geometry": {"type": "LineString", "coordinates": [[-94.556325, 38.990189], [-94.557306, 38.990226], [-94.557299, 38.990346], [-94.55728, 38.99078], [-94.55726, 38.991199], [-94.557196, 38.992592], [-94.557114, 38.994422], [-94.557095, 38.994751], [-94.55704, 38.995634], [-94.55699, 38.996237], [-94.556939, 38.997197], [-94.55691, 38.997762], [-94.556895, 38.998032], [-94.556883, 38.998435], [-94.556867, 38.998936], [-94.556835, 38.999476], [-94.556813, 38.999848], [-94.556783, 39.000495], [-94.556773, 39.000742], [-94.556734, 39.001649], [-94.556685, 39.002557], [-94.556628, 39.003461], [-94.556589, 39.004371], [-94.556582, 39.004497], [-94.556539, 39.00529], [-94.556483, 39.006531], [-94.556478, 39.006632], [-94.556464, 39.006878], [-94.556453, 39.007063], [-94.556439, 39.00723], [-94.556432, 39.007406], [-94.556405, 39.007989], [-94.556388, 39.008375], [-94.556383, 39.008498], [-94.556372, 39.008614], [-94.556363, 39.008715], [-94.556314, 39.009501], [-94.556297, 39.009856], [-94.556285, 39.010151], [-94.556259, 39.010702], [-94.556245, 39.011175], [-94.556214, 39.011684], [-94.556182, 39.012293], [-94.556174, 39.012439], [-94.556173, 39.012543], [-94.556164, 39.012655], [-94.556129, 39.013308], [-94.556112, 39.013621], [-94.556079, 39.014228], [-94.556003, 39.015914], [-94.555959, 39.016792], [-94.555932, 39.01733], [-94.555918, 39.017634], [-94.555914, 39.017688], [-94.555826, 39.018766], [-94.555801, 39.01907], [-94.555789, 39.019173], [-94.555764, 39.019302], [-94.555708, 39.019553], [-94.555683, 39.019669], [-94.555663, 39.019804], [-94.555655, 39.019888], [-94.555543, 39.020938], [-94.555526, 39.021102], [-94.555494, 39.021548], [-94.555425, 39.022497], [-94.555396, 39.022908], [-94.555284, 39.024718], [-94.555211, 39.02592], [-94.555195, 39.026193], [-94.555175, 39.026536], [-94.555141, 39.027088], [-94.555062, 39.028351], [-94.554961, 39.030132], [-94.5549, 39.031171], [-94.554855, 39.031948], [-94.554775, 39.033329], [-94.554749, 39.033749], [-94.554719, 39.034252], [-94.554677, 39.034933], [-94.55464, 39.035549], [-94.554591, 39.036509], [-94.554569, 39.036892], [-94.554547, 39.037373], [-94.554544, 39.037449], [-94.554503, 39.038305], [-94.554479, 39.038845], [-94.554474, 39.038936], [-94.554472, 39.038989], [-94.554439, 39.039662], [-94.554399, 39.040477], [-94.554381, 39.040764], [-94.55437, 39.04094], [-94.55436, 39.0411], [-94.554349, 39.041251], [-94.554315, 39.04188], [-94.554269, 39.042616], [-94.554257, 39.042791], [-94.554235, 39.043193], [-94.554202, 39.043922], [-94.554185, 39.044282], [-94.554179, 39.04442], [-94.554168, 39.044607], [-94.554152, 39.044854], [-94.55415, 39.044907], [-94.554073, 39.046219], [-94.554069, 39.046272], [-94.554062, 39.046419], [-94.554052, 39.046657], [-94.554016, 39.047338], [-94.553988, 39.047842], [-94.553977, 39.048065], [-94.553967, 39.048248], [-94.553956, 39.048533], [-94.553948, 39.048717], [-94.553938, 39.048926], [-94.55389, 39.049798], [-94.553877, 39.050043], [-94.553859, 39.050378], [-94.553832, 39.050868], [-94.553799, 39.051496], [-94.553794, 39.051586], [-94.55379, 39.051684], [-94.553781, 39.051839], [-94.553773, 39.051999], [-94.553762, 39.052179], [-94.553735, 39.05274], [-94.553731, 39.052799], [-94.553701, 39.053429], [-94.553691, 39.053637], [-94.553678, 39.053888], [-94.553621, 39.054831], [-94.553604, 39.0551], [-94.553595, 39.055272], [-94.553584, 39.055438], [-94.553574, 39.055612], [-94.553572, 39.055652], [-94.553566, 39.055779], [-94.553522, 39.056465], [-94.553492, 39.057108], [-94.553487, 39.057226], [-94.553481, 39.057322], [-94.553466, 39.057538], [-94.553445, 39.057999], [-94.553394, 39.058996], [-94.55338, 39.059323], [-94.553366, 39.059551], [-94.553324, 39.060554], [-94.553317, 39.06069], [-94.553308, 39.060808], [-94.553301, 39.060918], [-94.553281, 39.061219], [-94.553262, 39.061489], [-94.55324, 39.06183], [-94.553229, 39.062133], [-94.553211, 39.06248], [-94.553201, 39.062635], [-94.553185, 39.062894], [-94.553158, 39.063544], [-94.553126, 39.064194], [-94.553112, 39.064427], [-94.5531, 39.064622], [-94.553032, 39.065953], [-94.553013, 39.06624], [-94.552993, 39.066598], [-94.552961, 39.067444], [-94.552959, 39.067537], [-94.552949, 39.067763], [-94.55294, 39.06804], [-94.552923, 39.068362], [-94.55292, 39.068404], [-94.552905, 39.068694], [-94.552887, 39.069], [-94.55288, 39.069133], [-94.552873, 39.069246], [-94.552869, 39.069319], [-94.552863, 39.069425], [-94.552857, 39.069519], [-94.552847, 39.069687], [-94.55284, 39.069842], [-94.552828, 39.070062], [-94.55282, 39.07021], [-94.552771, 39.071309], [-94.55275, 39.071658], [-94.552733, 39.072026], [-94.552711, 39.072409], [-94.552694, 39.072746], [-94.552678, 39.073084], [-94.552662, 39.073464], [-94.552654, 39.073627], [-94.552643, 39.073808], [-94.552628, 39.074168], [-94.552604, 39.074663], [-94.552594, 39.074896], [-94.552576, 39.075296], [-94.552532, 39.075994], [-94.552519, 39.076345], [-94.552502, 39.076729], [-94.552496, 39.076923], [-94.55249, 39.077092], [-94.552481, 39.077272], [-94.55247, 39.077452], [-94.552422, 39.078538], [-94.552414, 39.078684], [-94.552411, 39.0788], [-94.552407, 39.078901], [-94.552395, 39.079182], [-94.552351, 39.080115], [-94.552349, 39.080157], [-94.55233, 39.080534], [-94.552323, 39.080719], [-94.552314, 39.080877], [-94.552278, 39.081656], [-94.552269, 39.081811], [-94.552252, 39.082214], [-94.552229, 39.082805], [-94.552218, 39.083106], [-94.552204, 39.083399], [-94.552192, 39.083646], [-94.552171, 39.084068], [-94.552158, 39.084338], [-94.552147, 39.084569], [-94.552115, 39.085247], [-94.552102, 39.085537], [-94.552085, 39.085855], [-94.55204, 39.086691], [-94.55197, 39.088051], [-94.551961, 39.088433], [-94.551942, 39.088754], [-94.551929, 39.089091], [-94.551905, 39.089489], [-94.551888, 39.089747], [-94.551817, 39.090811], [-94.551755, 39.092159], [-94.551708, 39.093175], [-94.551632, 39.094576], [-94.551625, 39.094735], [-94.55159, 39.095291], [-94.551602, 39.09563], [-94.551596, 39.09588], [-94.551586, 39.095979], [-94.551564, 39.096319], [-94.551557, 39.096482], [-94.551537, 39.096851], [-94.551528, 39.096986], [-94.551481, 39.097513], [-94.551433, 39.098294], [-94.551396, 39.098858], [-94.551884, 39.09888], [-94.552002, 39.098886], [-94.552536, 39.098908], [-94.55372, 39.098958], [-94.554879, 39.098996], [-94.555564, 39.099015], [-94.556021, 39.099029], [-94.55652, 39.099051], [-94.557186, 39.09908], [-94.558336, 39.099114], [-94.559171, 39.099138], [-94.559352, 39.099142], [-94.559459, 39.099192], [-94.559582, 39.099196], [-94.560276, 39.099212], [-94.560512, 39.099218], [-94.560648, 39.099223], [-94.56082, 39.099235], [-94.560969, 39.099254], [-94.561087, 39.099276], [-94.561229, 39.099313], [-94.561379, 39.099359], [-94.561535, 39.099421], [-94.561627, 39.099471], [-94.561674, 39.099505], [-94.561732, 39.099553], [-94.561817, 39.099629], [-94.562032, 39.099848], [-94.562261, 39.100079], [-94.562379, 39.100181], [-94.562445, 39.10024], [-94.562551, 39.10031], [-94.562622, 39.100343], [-94.562697, 39.100375], [-94.562803, 39.100406], [-94.562928, 39.100436], [-94.563074, 39.100456], [-94.563224, 39.100467], [-94.563356, 39.10047], [-94.563468, 39.100473], [-94.563721, 39.100481], [-94.563942, 39.100489], [-94.565184, 39.100534], [-94.566142, 39.100566], [-94.566496, 39.100574], [-94.5672, 39.100591], [-94.568517, 39.100639], [-94.569845, 39.100679], [-94.569897, 39.099471], [-94.571168, 39.099518], [-94.57192, 39.099545], [-94.571979, 39.099547], [-94.572139, 39.099547], [-94.572185, 39.09955], [-94.572526, 39.099563], [-94.572627, 39.099567], [-94.572685, 39.099569], [-94.572776, 39.099572], [-94.572844, 39.099576], [-94.573939, 39.099617], [-94.573924, 39.100036], [-94.573909, 39.100437], [-94.573874, 39.100825], [-94.57436, 39.100844], [-94.574991, 39.100856], [-94.576159, 39.100878], [-94.577327, 39.100909], [-94.578484, 39.100957], [-94.579668, 39.101019], [-94.580838, 39.101064], [-94.581995, 39.101081], [-94.583089, 39.101132], [-94.583116, 39.100816], [-94.584256, 39.100852], [-94.585528, 39.100895], [-94.58558, 39.100598]]}}, {"type": "Feature", "properties": {"route_id": "31", "route_short_name": "31", "route_long_name": "31st Street", "route_type": "Bus", "headway_minutes": 15.0, "frequency_tier": "Frequent (\u226415 min)", "color": "#1c5cab"}, "geometry": {"type": "LineString", "coordinates": [[-94.447728, 39.044153], [-94.447714, 39.044466], [-94.447657, 39.04531], [-94.447648, 39.045518], [-94.447637, 39.045791], [-94.447621, 39.046025], [-94.447621, 39.046101], [-94.447608, 39.046425], [-94.447601, 39.046526], [-94.447597, 39.046638], [-94.447592, 39.046878], [-94.447584, 39.047271], [-94.447575, 39.047412], [-94.447568, 39.047544], [-94.447557, 39.047916], [-94.447518, 39.048735], [-94.447507, 39.049072], [-94.447485, 39.049357], [-94.447192, 39.049204], [-94.446969, 39.049095], [-94.446876, 39.04905], [-94.445122, 39.048214], [-94.444512, 39.047913], [-94.444346, 39.047828], [-94.443779, 39.047544], [-94.443635, 39.047471], [-94.443563, 39.047437], [-94.443398, 39.047356], [-94.443336, 39.047328], [-94.443151, 39.047234], [-94.443066, 39.047187], [-94.442882, 39.047086], [-94.442657, 39.046967], [-94.442383, 39.046826], [-94.442108, 39.046689], [-94.44198, 39.046629], [-94.441796, 39.046545], [-94.441365, 39.046357], [-94.441184, 39.046283], [-94.441, 39.046208], [-94.440882, 39.04616], [-94.440383, 39.045963], [-94.440239, 39.045912], [-94.44015, 39.045881], [-94.439858, 39.045782], [-94.439509, 39.045662], [-94.439149, 39.045546], [-94.439019, 39.045495], [-94.438982, 39.045329], [-94.438922, 39.045067], [-94.438788, 39.044491], [-94.438743, 39.04435], [-94.438688, 39.044189], [-94.43866, 39.044122], [-94.438474, 39.043731], [-94.438839, 39.043759], [-94.439079, 39.043771], [-94.439104, 39.043773], [-94.439345, 39.043784], [-94.44, 39.043818], [-94.440207, 39.043818], [-94.441159, 39.043846], [-94.441907, 39.04388], [-94.442316, 39.043894], [-94.443732, 39.043948], [-94.444132, 39.043965], [-94.444725, 39.04399], [-94.44485, 39.043996], [-94.445922, 39.044069], [-94.447064, 39.044122], [-94.447151, 39.044128], [-94.44743, 39.044141], [-94.447728, 39.044153], [-94.447863, 39.044156], [-94.448643, 39.044192], [-94.449088, 39.044213], [-94.449358, 39.044224], [-94.450034, 39.044252], [-94.451645, 39.044316], [-94.452173, 39.044338], [-94.452163, 39.044533], [-94.452153, 39.04467], [-94.452144, 39.044817], [-94.452129, 39.044997], [-94.452119, 39.045181], [-94.452117, 39.045344], [-94.452117, 39.045423], [-94.452122, 39.045507], [-94.452134, 39.045591], [-94.452153, 39.045668], [-94.452172, 39.04572], [-94.452192, 39.045771], [-94.452236, 39.045855], [-94.452279, 39.045918], [-94.45232, 39.045977], [-94.45237, 39.046033], [-94.452421, 39.046083], [-94.452477, 39.046132], [-94.452595, 39.046218], [-94.452703, 39.046278], [-94.452853, 39.046346], [-94.452966, 39.046418], [-94.453284, 39.046461], [-94.453517, 39.046466], [-94.45389, 39.046408], [-94.454396, 39.046362], [-94.454949, 39.046349], [-94.455517, 39.04639], [-94.455663, 39.046415], [-94.456695, 39.046632], [-94.457278, 39.046714], [-94.457519, 39.046726], [-94.457817, 39.046742], [-94.457976, 39.04675], [-94.458042, 39.046751], [-94.45849, 39.046767], [-94.459535, 39.046801], [-94.460661, 39.046836], [-94.461575, 39.046875], [-94.461567, 39.047151], [-94.461566, 39.047249], [-94.461564, 39.047333], [-94.461567, 39.04742], [-94.461575, 39.04753], [-94.461584, 39.047643], [-94.461595, 39.047753], [-94.461605, 39.047848], [-94.461607, 39.047983], [-94.461611, 39.048206], [-94.461612, 39.048343], [-94.461607, 39.048535], [-94.461602, 39.048696], [-94.461597, 39.048845], [-94.461579, 39.04916], [-94.461538, 39.050291], [-94.461474, 39.05183], [-94.461431, 39.052599], [-94.461409, 39.052855], [-94.461372, 39.053035], [-94.461341, 39.053199], [-94.461318, 39.053331], [-94.461303, 39.053458], [-94.461292, 39.053581], [-94.461271, 39.053998], [-94.461239, 39.054488], [-94.461219, 39.054985], [-94.461212, 39.055337], [-94.461209, 39.055416], [-94.461821, 39.05566], [-94.462853, 39.056072], [-94.463825, 39.056466], [-94.464423, 39.05671], [-94.465187, 39.05702], [-94.465532, 39.057158], [-94.466003, 39.057344], [-94.467151, 39.05781], [-94.468127, 39.058197], [-94.468585, 39.05838], [-94.46898, 39.058532], [-94.469094, 39.058576], [-94.469685, 39.058799], [-94.470268, 39.059029], [-94.470326, 39.059095], [-94.470366, 39.059117], [-94.470596, 39.059213], [-94.470877, 39.059319], [-94.471438, 39.059542], [-94.471598, 39.059606], [-94.471654, 39.059629], [-94.471728, 39.059657], [-94.471849, 39.059713], [-94.472065, 39.059823], [-94.472155, 39.059871], [-94.472306, 39.059955], [-94.472712, 39.060189], [-94.473428, 39.0606], [-94.474864, 39.061385], [-94.474958, 39.061436], [-94.47521, 39.061571], [-94.475457, 39.061703], [-94.475522, 39.06174], [-94.475534, 39.061743], [-94.475621, 39.061748], [-94.475663, 39.06177], [-94.475774, 39.061824], [-94.475886, 39.061875], [-94.476032, 39.061934], [-94.476168, 39.061984], [-94.476305, 39.06203], [-94.476468, 39.062083], [-94.476572, 39.062117], [-94.476759, 39.06217], [-94.477072, 39.062246], [-94.477389, 39.062313], [-94.4782, 39.062483], [-94.478409, 39.062533], [-94.478744, 39.062606], [-94.478944, 39.062657], [-94.479207, 39.062722], [-94.479455, 39.062778], [-94.479545, 39.062798], [-94.479966, 39.0629], [-94.480419, 39.063003], [-94.480716, 39.063071], [-94.480822, 39.063094], [-94.481105, 39.063158], [-94.481537, 39.063254], [-94.48214, 39.063375], [-94.48236, 39.063417], [-94.482579, 39.063456], [-94.482809, 39.063491], [-94.483009, 39.063526], [-94.483189, 39.06355], [-94.48335, 39.063571], [-94.483545, 39.063591], [-94.483678, 39.063603], [-94.483784, 39.063614], [-94.483898, 39.06362], [-94.48411, 39.063614], [-94.48444, 39.063625], [-94.484678, 39.063616], [-94.484952, 39.063597], [-94.485313, 39.063563], [-94.486024, 39.06349], [-94.486459, 39.06344], [-94.486577, 39.063423], [-94.486845, 39.063384], [-94.487324, 39.063321], [-94.487626, 39.063299], [-94.487877, 39.063276], [-94.488061, 39.063263], [-94.488112, 39.063262], [-94.488282, 39.063242], [-94.488348, 39.063236], [-94.488414, 39.063228], [-94.488652, 39.0632], [-94.488962, 39.063173], [-94.489136, 39.06316], [-94.489574, 39.063161], [-94.489776, 39.063178], [-94.49003, 39.063212], [-94.490241, 39.063254], [-94.490427, 39.063298], [-94.490665, 39.063372], [-94.49074, 39.063397], [-94.49096, 39.063487], [-94.491094, 39.06355], [-94.491354, 39.063682], [-94.491703, 39.063875], [-94.492339, 39.064231], [-94.492973, 39.064577], [-94.493575, 39.064925], [-94.494065, 39.065193], [-94.494452, 39.065404], [-94.494752, 39.065573], [-94.495289, 39.065866], [-94.495478, 39.065969], [-94.49561, 39.066046], [-94.495851, 39.066184], [-94.496399, 39.066491], [-94.497556, 39.067154], [-94.497814, 39.067295], [-94.497859, 39.06732], [-94.498171, 39.06749], [-94.498222, 39.06757], [-94.498244, 39.067585], [-94.498439, 39.067697], [-94.499155, 39.068108], [-94.499722, 39.068424], [-94.500001, 39.068562], [-94.500118, 39.068567], [-94.500883, 39.068983], [-94.501186, 39.069149], [-94.501395, 39.069257], [-94.501569, 39.069361], [-94.501852, 39.069524], [-94.502049, 39.06964], [-94.502385, 39.069834], [-94.502741, 39.070002], [-94.503, 39.070113], [-94.503274, 39.070202], [-94.503487, 39.070259], [-94.503866, 39.070338], [-94.504138, 39.070371], [-94.50427, 39.070385], [-94.504412, 39.070397], [-94.50452, 39.070404], [-94.504651, 39.070407], [-94.504937, 39.070402], [-94.505187, 39.070385], [-94.505368, 39.070363], [-94.505486, 39.070348], [-94.505627, 39.07032], [-94.505774, 39.070284], [-94.506062, 39.070214], [-94.50636, 39.070126], [-94.506946, 39.069971], [-94.507733, 39.069749], [-94.508486, 39.069546], [-94.508663, 39.069501], [-94.508758, 39.069464], [-94.509007, 39.069395], [-94.509409, 39.069282], [-94.509818, 39.069189], [-94.509902, 39.069167], [-94.510058, 39.069124], [-94.510294, 39.069049], [-94.510433, 39.069012], [-94.510536, 39.068984], [-94.510665, 39.06895], [-94.510758, 39.068924], [-94.511031, 39.068851], [-94.51119, 39.068804], [-94.511272, 39.068776], [-94.511335, 39.068761], [-94.511471, 39.068725], [-94.511673, 39.068671], [-94.511866, 39.06861], [-94.512135, 39.068544], [-94.512234, 39.068514], [-94.512316, 39.068491], [-94.512489, 39.06844], [-94.512637, 39.068399], [-94.512846, 39.068345], [-94.51308, 39.06828], [-94.513312, 39.068221], [-94.513548, 39.068164], [-94.513706, 39.068125], [-94.513867, 39.068103], [-94.513964, 39.068092], [-94.514216, 39.068075], [-94.514469, 39.068069], [-94.51472, 39.068074], [-94.514871, 39.06808], [-94.515169, 39.068089], [-94.516043, 39.068116], [-94.51609, 39.068117], [-94.516761, 39.068134], [-94.517114, 39.068154], [-94.517482, 39.068185], [-94.51785, 39.068229], [-94.518164, 39.068277], [-94.518394, 39.06832], [-94.518686, 39.068393], [-94.518737, 39.068438], [-94.519474, 39.068652], [-94.519548, 39.068674], [-94.519837, 39.068744], [-94.520146, 39.068823], [-94.520284, 39.068852], [-94.520384, 39.068866], [-94.520551, 39.068877], [-94.520645, 39.068882], [-94.520746, 39.068888], [-94.520874, 39.068888], [-94.520966, 39.068888], [-94.521037, 39.068891], [-94.521141, 39.068891], [-94.521208, 39.068894], [-94.521309, 39.068894], [-94.52171, 39.0689], [-94.521933, 39.068902], [-94.522126, 39.068908], [-94.522384, 39.068917], [-94.523505, 39.068945], [-94.523743, 39.068952], [-94.523777, 39.06895], [-94.523842, 39.068925], [-94.52395, 39.068927], [-94.524133, 39.068933], [-94.524534, 39.068958], [-94.52481, 39.068961], [-94.525058, 39.068966], [-94.525729, 39.068986], [-94.526039, 39.068997], [-94.526818, 39.069021], [-94.527801, 39.069054], [-94.528211, 39.069071], [-94.528433, 39.069082], [-94.528704, 39.069093], [-94.528809, 39.069096], [-94.529857, 39.069133], [-94.530765, 39.069153], [-94.530998, 39.069161], [-94.532104, 39.069197], [-94.533277, 39.069243], [-94.534462, 39.069277], [-94.534997, 39.069298], [-94.535079, 39.069301], [-94.535613, 39.069319], [-94.536395, 39.069332], [-94.536736, 39.069339], [-94.536873, 39.069343], [-94.537173, 39.06935], [-94.53755, 39.06936], [-94.537592, 39.069361], [-94.537705, 39.069364], [-94.537938, 39.069372], [-94.539036, 39.069414], [-94.540218, 39.069445], [-94.541386, 39.069482], [-94.5416, 39.069488], [-94.542495, 39.069512], [-94.543087, 39.06953], [-94.543634, 39.069547], [-94.543896, 39.069558], [-94.544505, 39.06958], [-94.544724, 39.069586], [-94.545024, 39.069597], [-94.545671, 39.069617], [-94.545974, 39.069626], [-94.546064, 39.069628], [-94.54648, 39.069639], [-94.546761, 39.069647], [-94.547083, 39.069657], [-94.547616, 39.069674], [-94.54824, 39.069696], [-94.548355, 39.069699], [-94.548479, 39.069704], [-94.549021, 39.069721], [-94.549352, 39.06973], [-94.549605, 39.069738], [-94.550146, 39.069755], [-94.55056, 39.069769], [-94.550813, 39.069775], [-94.551379, 39.069795], [-94.551413, 39.069797], [-94.551681, 39.069808], [-94.552082, 39.06982], [-94.552431, 39.069831], [-94.55284, 39.069842], [-94.55303, 39.069848], [-94.553443, 39.069862], [-94.553712, 39.06987], [-94.553988, 39.069881], [-94.554257, 39.069895], [-94.554886, 39.069926], [-94.555159, 39.069938], [-94.555368, 39.069941], [-94.555944, 39.069954], [-94.556314, 39.069966], [-94.556545, 39.069975], [-94.557252, 39.069994], [-94.557483, 39.070002], [-94.557646, 39.070008], [-94.557893, 39.070017], [-94.558087, 39.070022], [-94.558392, 39.070058], [-94.558636, 39.070076], [-94.55888, 39.070092], [-94.559264, 39.070106], [-94.559442, 39.070109], [-94.559648, 39.070112], [-94.560089, 39.070135], [-94.560213, 39.070137], [-94.5605, 39.070146], [-94.560592, 39.070146], [-94.560997, 39.070165], [-94.561614, 39.070169], [-94.561758, 39.070177], [-94.56206, 39.070182], [-94.562291, 39.070191], [-94.56286, 39.070211], [-94.563004, 39.070216], [-94.563222, 39.070225], [-94.563411, 39.070236], [-94.564114, 39.070262], [-94.564379, 39.070272], [-94.564584, 39.070275], [-94.565178, 39.070292], [-94.565528, 39.070301], [-94.56573, 39.070307], [-94.565934, 39.070314], [-94.566113, 39.070318], [-94.566292, 39.070321], [-94.566475, 39.070328], [-94.566675, 39.070334], [-94.566823, 39.070337], [-94.567071, 39.070345], [-94.567261, 39.070352], [-94.567462, 39.07036], [-94.567634, 39.070368], [-94.567688, 39.070371], [-94.56792, 39.070379], [-94.568157, 39.070385], [-94.568431, 39.070391], [-94.568659, 39.070396], [-94.56901, 39.070408], [-94.569694, 39.070433], [-94.569987, 39.070442], [-94.570817, 39.070472], [-94.571319, 39.070492], [-94.571709, 39.070507], [-94.572074, 39.07052], [-94.57258, 39.070537], [-94.573925, 39.070599], [-94.573997, 39.070602], [-94.574899, 39.070644], [-94.575391, 39.070664], [-94.57602, 39.070675], [-94.576537, 39.070694], [-94.576905, 39.070703], [-94.577291, 39.07072], [-94.577727, 39.070737], [-94.578035, 39.070746], [-94.578524, 39.070765], [-94.578901, 39.070779], [-94.580056, 39.070827], [-94.580877, 39.070864], [-94.581248, 39.07088], [-94.581806, 39.070898], [-94.582372, 39.070917], [-94.583012, 39.070945], [-94.583594, 39.070968], [-94.584141, 39.070988], [-94.584664, 39.071005], [-94.584997, 39.071015], [-94.585324, 39.071022], [-94.585603, 39.071038], [-94.585826, 39.071049], [-94.585954, 39.071055], [-94.586215, 39.071069], [-94.586585, 39.071089], [-94.587068, 39.0711], [-94.587689, 39.071116], [-94.588588, 39.071182], [-94.589004, 39.071184], [-94.589876, 39.071213], [-94.589894, 39.071057], [-94.589956, 39.070984], [-94.589961, 39.070785], [-94.589965, 39.070588], [-94.590038, 39.069364], [-94.590079, 39.068676], [-94.590108, 39.068174], [-94.590113, 39.0681], [-94.590125, 39.067883], [-94.590149, 39.067484], [-94.59039, 39.06752], [-94.590648, 39.067551], [-94.590692, 39.067554], [-94.590985, 39.067579], [-94.591284, 39.067596], [-94.591553, 39.067605], [-94.591965, 39.067619], [-94.592034, 39.067622], [-94.592465, 39.067644], [-94.592449, 39.067787], [-94.59244, 39.067886], [-94.592423, 39.068013], [-94.592398, 39.068134], [-94.592361, 39.068235], [-94.59232, 39.068325], [-94.592258, 39.068424], [-94.59219, 39.068513], [-94.592123, 39.068592], [-94.592046, 39.068668], [-94.591925, 39.068781], [-94.591821, 39.068869], [-94.591701, 39.068975], [-94.591571, 39.069116], [-94.591452, 39.069288], [-94.591344, 39.069398], [-94.591305, 39.069422], [-94.591254, 39.069436], [-94.591262, 39.069459], [-94.591262, 39.069507], [-94.591255, 39.069566], [-94.59125, 39.069701]]}}, {"type": "Feature", "properties": {"route_id": "35", "route_short_name": "35", "route_long_name": "35th Street", "route_type": "Bus", "headway_minutes": 45.0, "frequency_tier": "Infrequent (31\u201360 min)", "color": "#6da7ec"}, "geometry": {"type": "LineString", "coordinates": [[-94.586481, 39.041545], [-94.586403, 39.041409], [-94.58623, 39.041296], [-94.586144, 39.041131], [-94.585909, 39.040689], [-94.586066, 39.040694], [-94.586145, 39.040697], [-94.58663, 39.040723], [-94.586899, 39.040742], [-94.587327, 39.040765], [-94.587356, 39.040767], [-94.587771, 39.040779], [-94.588094, 39.040784], [-94.588069, 39.041119], [-94.588048, 39.0416], [-94.588038, 39.041877], [-94.58803, 39.042146], [-94.588462, 39.042155], [-94.589235, 39.042177], [-94.590311, 39.042205], [-94.590665, 39.042219], [-94.591564, 39.042247], [-94.59156, 39.042377], [-94.591502, 39.043272], [-94.591476, 39.043894], [-94.591466, 39.044083], [-94.591442, 39.044434], [-94.591419, 39.044786], [-94.591385, 39.045681], [-94.591357, 39.046126], [-94.591357, 39.04614], [-94.591336, 39.046453], [-94.591308, 39.046931], [-94.5913, 39.047092], [-94.5913, 39.047218], [-94.591313, 39.047322], [-94.591342, 39.047404], [-94.591392, 39.047488], [-94.591449, 39.047569], [-94.591531, 39.047662], [-94.591644, 39.047769], [-94.591679, 39.0478], [-94.591785, 39.047891], [-94.591881, 39.047975], [-94.591947, 39.048042], [-94.591998, 39.048112], [-94.592029, 39.048177], [-94.592048, 39.048239], [-94.592063, 39.048321], [-94.592072, 39.048389], [-94.592072, 39.048445], [-94.592082, 39.048623], [-94.592079, 39.04887], [-94.592076, 39.049007], [-94.592072, 39.049132], [-94.592057, 39.049478], [-94.591617, 39.049466], [-94.591532, 39.049463], [-94.59111, 39.04945], [-94.590451, 39.04943], [-94.590271, 39.049432], [-94.590063, 39.049433], [-94.589962, 39.049432], [-94.589853, 39.04943], [-94.589616, 39.049427], [-94.588958, 39.049396], [-94.588268, 39.049368], [-94.588274, 39.049574], [-94.588284, 39.049733], [-94.588312, 39.049908], [-94.588353, 39.0501], [-94.58842, 39.050325], [-94.588475, 39.050485], [-94.588531, 39.050618], [-94.588583, 39.050721], [-94.588645, 39.050828], [-94.588723, 39.050946], [-94.58883, 39.051099], [-94.588937, 39.051243], [-94.589091, 39.051434], [-94.589141, 39.051496], [-94.589177, 39.051538], [-94.589246, 39.051625], [-94.589622, 39.052109], [-94.589868, 39.052427], [-94.590262, 39.052945], [-94.590417, 39.053148], [-94.590535, 39.0533], [-94.590636, 39.053435], [-94.5907, 39.053522], [-94.590734, 39.053567], [-94.590788, 39.05364], [-94.590847, 39.05375], [-94.590886, 39.053854], [-94.590909, 39.053963], [-94.590918, 39.054073], [-94.590918, 39.054158], [-94.590914, 39.054253], [-94.590906, 39.05433], [-94.590885, 39.054651], [-94.590836, 39.055511], [-94.590828, 39.055706], [-94.590823, 39.055841], [-94.590788, 39.056364], [-94.590781, 39.056472], [-94.590766, 39.056742], [-94.590744, 39.057082], [-94.59074, 39.057141], [-94.590693, 39.05796], [-94.590658, 39.058568], [-94.590609, 39.059404], [-94.59056, 39.060361], [-94.590502, 39.061266], [-94.59045, 39.062212], [-94.59041, 39.062744], [-94.590363, 39.063518], [-94.590339, 39.063949], [-94.589871, 39.063935], [-94.589104, 39.063912], [-94.587997, 39.06387], [-94.586886, 39.063822], [-94.586189, 39.063803], [-94.586016, 39.063797], [-94.585672, 39.063788], [-94.585329, 39.063774], [-94.585245, 39.063769], [-94.584478, 39.063738], [-94.583322, 39.063698], [-94.582162, 39.063654], [-94.581742, 39.063634], [-94.581598, 39.063626], [-94.580984, 39.063597], [-94.580494, 39.063577], [-94.579853, 39.063552], [-94.578675, 39.063521], [-94.577511, 39.063482], [-94.576334, 39.063425], [-94.575193, 39.063386], [-94.574049, 39.063307], [-94.572901, 39.063259], [-94.572226, 39.06324], [-94.572164, 39.063237], [-94.571726, 39.063209], [-94.571278, 39.063192], [-94.57104, 39.063194], [-94.570575, 39.063197], [-94.570493, 39.063194], [-94.570338, 39.063187], [-94.569461, 39.063173], [-94.56928, 39.063172], [-94.568369, 39.063138], [-94.568236, 39.063132], [-94.56777, 39.063113], [-94.567081, 39.063085], [-94.566794, 39.063073], [-94.565858, 39.063045], [-94.5656, 39.063037], [-94.565094, 39.063025], [-94.564769, 39.063017], [-94.563551, 39.062975], [-94.563314, 39.062967], [-94.56245, 39.062941], [-94.561887, 39.062919], [-94.561811, 39.062916], [-94.561631, 39.06291], [-94.561464, 39.062905], [-94.561289, 39.062899], [-94.561043, 39.062888], [-94.560879, 39.06288], [-94.560588, 39.062866], [-94.560507, 39.062863], [-94.560367, 39.062857], [-94.56016, 39.062848], [-94.559954, 39.062843], [-94.559218, 39.06282], [-94.558995, 39.062811], [-94.558781, 39.062803], [-94.5581, 39.062781], [-94.557845, 39.062772], [-94.557501, 39.062761], [-94.55694, 39.062745], [-94.556681, 39.062739], [-94.556274, 39.062725], [-94.555944, 39.062713], [-94.555524, 39.062699], [-94.55538, 39.062694], [-94.554497, 39.062674], [-94.554355, 39.062669], [-94.554148, 39.062666], [-94.553961, 39.06266], [-94.553473, 39.062646], [-94.553201, 39.062635], [-94.552887, 39.062621], [-94.552237, 39.062598], [-94.55203, 39.06259], [-94.551422, 39.062576], [-94.550895, 39.062564], [-94.550618, 39.062553], [-94.550329, 39.062542], [-94.54995, 39.06253], [-94.549741, 39.06252], [-94.549458, 39.062511], [-94.548902, 39.062494], [-94.548587, 39.062486], [-94.548321, 39.06248], [-94.547764, 39.062471], [-94.547522, 39.062461], [-94.547127, 39.062452], [-94.546937, 39.062448], [-94.546711, 39.062443], [-94.546297, 39.062434], [-94.545946, 39.06242], [-94.545708, 39.062412], [-94.545419, 39.062404], [-94.545152, 39.062395], [-94.543993, 39.062351], [-94.542859, 39.062299], [-94.541752, 39.062249], [-94.541473, 39.062243], [-94.540531, 39.06222], [-94.540339, 39.062215], [-94.539394, 39.062196], [-94.538269, 39.06217], [-94.535956, 39.062105], [-94.534972, 39.062067], [-94.534801, 39.062061], [-94.5343, 39.062044], [-94.533637, 39.062019], [-94.532482, 39.061981], [-94.532397, 39.061978], [-94.53133, 39.061937], [-94.530163, 39.061894], [-94.529116, 39.061847], [-94.528985, 39.063085], [-94.528071, 39.063985], [-94.527354, 39.064201], [-94.527159, 39.063228], [-94.528026, 39.063084], [-94.528985, 39.063085], [-94.529116, 39.061847], [-94.528868, 39.061841], [-94.528357, 39.061843], [-94.528114, 39.061844], [-94.527822, 39.061841], [-94.526461, 39.061804], [-94.526064, 39.061793], [-94.525865, 39.061785], [-94.5254, 39.061768], [-94.524951, 39.061757], [-94.524866, 39.061757], [-94.524786, 39.061759], [-94.523977, 39.061739], [-94.522837, 39.061697], [-94.521977, 39.061669], [-94.520904, 39.061621], [-94.520842, 39.06269], [-94.52083, 39.063437], [-94.520818, 39.063698], [-94.520759, 39.0653], [-94.520751, 39.065497], [-94.520711, 39.066546], [-94.520707, 39.06714], [-94.520701, 39.067557], [-94.520698, 39.06778], [-94.520707, 39.067892], [-94.52075, 39.067996], [-94.520707, 39.068055], [-94.520675, 39.068148], [-94.520661, 39.068381], [-94.520647, 39.068689], [-94.520643, 39.068798], [-94.520718, 39.068801], [-94.520785, 39.068804], [-94.520976, 39.068817], [-94.520971, 39.068849], [-94.520966, 39.068888], [-94.521037, 39.068891], [-94.52127, 39.068897], [-94.521177, 39.069257]]}}, {"type": "Feature", "properties": {"route_id": "39", "route_short_name": "39", "route_long_name": "39th Street", "route_type": "Bus", "headway_minutes": 30.0, "frequency_tier": "Standard (16\u201330 min)", "color": "#3987e5"}, "geometry": {"type": "LineString", "coordinates": [[-94.521255, 39.054408], [-94.521534, 39.054419], [-94.521683, 39.054426], [-94.521891, 39.054448], [-94.522097, 39.054485], [-94.522299, 39.054533], [-94.522497, 39.054591], [-94.522688, 39.054662], [-94.52282, 39.054712], [-94.522848, 39.054749], [-94.522965, 39.054811], [-94.523033, 39.054856], [-94.52309, 39.05491], [-94.52314, 39.054977], [-94.523183, 39.055058], [-94.523206, 39.055117], [-94.523278, 39.055101], [-94.523362, 39.055084], [-94.523477, 39.055073], [-94.523561, 39.055069], [-94.523769, 39.055064], [-94.52396, 39.055067], [-94.524446, 39.055075], [-94.524835, 39.055089], [-94.52522, 39.055101], [-94.525497, 39.055112], [-94.52569, 39.055132], [-94.525919, 39.055165], [-94.526092, 39.055205], [-94.526234, 39.055239], [-94.526353, 39.055267], [-94.526545, 39.055326], [-94.526669, 39.055371], [-94.52682, 39.055427], [-94.527023, 39.055506], [-94.527103, 39.055537], [-94.527202, 39.055571], [-94.527283, 39.055588], [-94.527392, 39.055598], [-94.527506, 39.055602], [-94.527648, 39.055601], [-94.5278, 39.055591], [-94.527934, 39.055574], [-94.528034, 39.055554], [-94.528225, 39.055489], [-94.528361, 39.055427], [-94.528484, 39.055366], [-94.528625, 39.055292], [-94.528813, 39.055188], [-94.528998, 39.055089], [-94.529149, 39.055008], [-94.529298, 39.054929], [-94.529433, 39.054864], [-94.529545, 39.054814], [-94.529656, 39.054775], [-94.52977, 39.054743], [-94.529893, 39.054716], [-94.530016, 39.054701], [-94.530153, 39.054693], [-94.530529, 39.05469], [-94.531694, 39.054716], [-94.532247, 39.054735], [-94.532859, 39.054757], [-94.533494, 39.05478], [-94.533997, 39.0548], [-94.535157, 39.054845], [-94.535713, 39.05487], [-94.53631, 39.054896], [-94.53746, 39.054918], [-94.538614, 39.054937], [-94.539305, 39.05496], [-94.539782, 39.054976], [-94.540288, 39.054991], [-94.540924, 39.055011], [-94.541651, 39.055024], [-94.542084, 39.055038], [-94.542613, 39.055064], [-94.543231, 39.055086], [-94.54437, 39.055134], [-94.545332, 39.05516], [-94.545533, 39.055166], [-94.545912, 39.05518], [-94.54673, 39.05521], [-94.546926, 39.055216], [-94.547707, 39.055233], [-94.547897, 39.055241], [-94.548056, 39.055247], [-94.548687, 39.055267], [-94.548978, 39.055278], [-94.549582, 39.055301], [-94.54994, 39.055314], [-94.550133, 39.055321], [-94.551281, 39.055362], [-94.552435, 39.055393], [-94.552583, 39.055399], [-94.553359, 39.05543], [-94.553465, 39.055433], [-94.553584, 39.055438], [-94.553743, 39.055444], [-94.554693, 39.055475], [-94.555021, 39.055484], [-94.555537, 39.055501], [-94.55579, 39.055511], [-94.555885, 39.055514], [-94.556079, 39.055523], [-94.556287, 39.055534], [-94.556481, 39.055543], [-94.556653, 39.055548], [-94.556809, 39.055556], [-94.55699, 39.055559], [-94.557077, 39.055565], [-94.55732, 39.055574], [-94.557699, 39.055588], [-94.558091, 39.055602], [-94.558233, 39.055604], [-94.558481, 39.05561], [-94.558654, 39.055616], [-94.5588, 39.055618], [-94.558843, 39.055619], [-94.558995, 39.055624], [-94.559184, 39.05563], [-94.559389, 39.055633], [-94.559667, 39.055635], [-94.559757, 39.055635], [-94.559898, 39.055635], [-94.560055, 39.055635], [-94.560167, 39.055688], [-94.560446, 39.055691], [-94.56076, 39.055701], [-94.561154, 39.055711], [-94.56144, 39.055714], [-94.562044, 39.055731], [-94.56219, 39.055743], [-94.56247, 39.055751], [-94.562576, 39.055725], [-94.562704, 39.055737], [-94.562847, 39.055748], [-94.562962, 39.055754], [-94.563308, 39.055771], [-94.563576, 39.055779], [-94.563802, 39.055787], [-94.563986, 39.055793], [-94.5642, 39.055801], [-94.564991, 39.055827], [-94.565167, 39.055835], [-94.565377, 39.055843], [-94.56561, 39.055852], [-94.566254, 39.055871], [-94.566327, 39.055872], [-94.566928, 39.055891], [-94.56694, 39.055891], [-94.567486, 39.055911], [-94.567721, 39.055914], [-94.568252, 39.055933], [-94.568327, 39.055936], [-94.568634, 39.055945], [-94.568797, 39.055953], [-94.568957, 39.055961], [-94.569381, 39.055982], [-94.569715, 39.055998], [-94.569965, 39.056004], [-94.570825, 39.056032], [-94.571802, 39.056069], [-94.572114, 39.05608], [-94.57253, 39.056088], [-94.572751, 39.056097], [-94.573294, 39.056119], [-94.574458, 39.056154], [-94.574628, 39.056162], [-94.575199, 39.056182], [-94.575406, 39.05619], [-94.575618, 39.056198], [-94.575918, 39.056212], [-94.576463, 39.05624], [-94.576773, 39.056257], [-94.577943, 39.0563], [-94.578691, 39.056317], [-94.579251, 39.056331], [-94.580036, 39.056359], [-94.580241, 39.056364], [-94.580789, 39.056392], [-94.581383, 39.056421], [-94.581678, 39.056431], [-94.582065, 39.056446], [-94.582445, 39.056457], [-94.582541, 39.05646], [-94.583117, 39.056479], [-94.583766, 39.0565], [-94.584362, 39.056522], [-94.584777, 39.056536], [-94.58494, 39.056542], [-94.585042, 39.056547], [-94.586108, 39.056586], [-94.586505, 39.056601], [-94.587311, 39.056623], [-94.587911, 39.05664], [-94.588438, 39.056659], [-94.588791, 39.056671], [-94.58946, 39.056699], [-94.589537, 39.056702], [-94.590254, 39.056727], [-94.590766, 39.056742], [-94.591491, 39.056766], [-94.593074, 39.05682], [-94.594565, 39.056874], [-94.595079, 39.056893], [-94.595258, 39.056901], [-94.595381, 39.056905], [-94.595443, 39.056908], [-94.595511, 39.056911], [-94.595768, 39.056925], [-94.595885, 39.05693], [-94.596659, 39.056955], [-94.596867, 39.056963], [-94.598305, 39.057023], [-94.598678, 39.057037], [-94.599315, 39.057063], [-94.599799, 39.057084], [-94.600206, 39.057096], [-94.601338, 39.057133], [-94.601457, 39.057136], [-94.601539, 39.057136], [-94.602563, 39.057175], [-94.602695, 39.057181], [-94.603026, 39.057195], [-94.603055, 39.057195], [-94.603264, 39.057201], [-94.603497, 39.057209], [-94.603727, 39.057212], [-94.604963, 39.05726], [-94.605226, 39.057268], [-94.605977, 39.05729], [-94.606126, 39.057299], [-94.606475, 39.057313], [-94.606538, 39.057341], [-94.606567, 39.057343], [-94.606796, 39.057346], [-94.60705, 39.057349], [-94.607292, 39.057352], [-94.607594, 39.057358], [-94.607806, 39.057361], [-94.608427, 39.057374], [-94.608822, 39.057372], [-94.609194, 39.057372], [-94.609358, 39.057372], [-94.609556, 39.057372], [-94.610629, 39.057372], [-94.611236, 39.057372], [-94.611478, 39.057372], [-94.611757, 39.057371], [-94.611894, 39.057371], [-94.612289, 39.057369], [-94.612375, 39.057335], [-94.612998, 39.05734], [-94.613045, 39.058185], [-94.613028, 39.058762], [-94.613023, 39.058847], [-94.613016, 39.058894], [-94.613004, 39.05894], [-94.612977, 39.058984], [-94.612938, 39.059029], [-94.612889, 39.059072], [-94.612842, 39.059106], [-94.612786, 39.059139], [-94.612722, 39.059173], [-94.612296, 39.058608], [-94.612172, 39.058444], [-94.612074, 39.058311], [-94.612058, 39.058284], [-94.611996, 39.05818], [-94.611946, 39.058059], [-94.611913, 39.057946], [-94.611896, 39.057841], [-94.611896, 39.057738], [-94.611897, 39.057716], [-94.611894, 39.057371], [-94.611892, 39.05733], [-94.61189, 39.057282], [-94.611829, 39.057282], [-94.611763, 39.057282], [-94.611474, 39.057273], [-94.610915, 39.057271], [-94.610547, 39.057274], [-94.60972, 39.057285]]}}, {"type": "Feature", "properties": {"route_id": "47", "route_short_name": "47", "route_long_name": "Martin Luther King Jr.", "route_type": "Bus", "headway_minutes": 45.0, "frequency_tier": "Infrequent (31\u201360 min)", "color": "#6da7ec"}, "geometry": {"type": "LineString", "coordinates": [[-94.439634, 39.029286], [-94.43957, 39.029373], [-94.439497, 39.02949], [-94.439436, 39.029603], [-94.439351, 39.029766], [-94.43926, 39.029966], [-94.439179, 39.030161], [-94.439148, 39.03025], [-94.439121, 39.030355], [-94.439102, 39.030487], [-94.439089, 39.03061], [-94.439054, 39.031317], [-94.438989, 39.032356], [-94.438934, 39.033403], [-94.438918, 39.033687], [-94.43889, 39.034697], [-94.43888, 39.034866], [-94.438837, 39.035651], [-94.438793, 39.035823], [-94.438756, 39.035946], [-94.438732, 39.036017], [-94.438693, 39.036107], [-94.438612, 39.036276], [-94.43853, 39.036403], [-94.438471, 39.03649], [-94.438396, 39.03658], [-94.438327, 39.03665], [-94.438199, 39.036768], [-94.438075, 39.036855], [-94.438057, 39.036867], [-94.437884, 39.036969], [-94.437674, 39.037086], [-94.4375, 39.037193], [-94.437426, 39.037247], [-94.437352, 39.037314], [-94.437282, 39.03739], [-94.437226, 39.037466], [-94.437191, 39.03754], [-94.437144, 39.037695], [-94.437117, 39.037833], [-94.437105, 39.037973], [-94.4371, 39.03808], [-94.437094, 39.038178], [-94.437066, 39.038775], [-94.437019, 39.040005], [-94.43693, 39.041428], [-94.436935, 39.041572], [-94.436938, 39.04162], [-94.436957, 39.041767], [-94.436986, 39.041885], [-94.437025, 39.041989], [-94.437078, 39.042095], [-94.437166, 39.042214], [-94.437302, 39.042371], [-94.437528, 39.042608], [-94.437816, 39.042918], [-94.43794, 39.043053], [-94.438235, 39.043385], [-94.438317, 39.043492], [-94.438413, 39.043632], [-94.438474, 39.043731], [-94.43866, 39.044122], [-94.438688, 39.044189], [-94.438743, 39.04435], [-94.438788, 39.044491], [-94.438922, 39.045067], [-94.438982, 39.045329], [-94.439019, 39.045495], [-94.439027, 39.045529], [-94.439036, 39.045571], [-94.439159, 39.045614], [-94.43931, 39.045667], [-94.439481, 39.045732], [-94.4396, 39.04578], [-94.439639, 39.045796], [-94.43993, 39.045912], [-94.44013, 39.045991], [-94.44018, 39.046011], [-94.440318, 39.046066], [-94.440476, 39.046132], [-94.440931, 39.04632], [-94.441121, 39.046402], [-94.441276, 39.046483], [-94.441452, 39.046565], [-94.441657, 39.046669], [-94.441935, 39.046796], [-94.442091, 39.046868], [-94.442278, 39.046956], [-94.442395, 39.04701], [-94.442518, 39.047069], [-94.44282, 39.047221], [-94.442903, 39.047263], [-94.442982, 39.047303], [-94.443143, 39.047395], [-94.443265, 39.047463], [-94.443392, 39.047538], [-94.443471, 39.047584], [-94.44355, 39.047629], [-94.443572, 39.047642], [-94.443642, 39.047679], [-94.443709, 39.047713], [-94.443803, 39.047764], [-94.444755, 39.048166], [-94.444871, 39.04822], [-94.44544, 39.048484], [-94.446006, 39.048755], [-94.447261, 39.049378], [-94.447473, 39.049501], [-94.447586, 39.04956], [-94.447873, 39.049698], [-94.448136, 39.049824], [-94.448224, 39.049869], [-94.448278, 39.049895], [-94.4483, 39.049905], [-94.448446, 39.049911], [-94.448705, 39.050035], [-94.448864, 39.050108], [-94.449207, 39.050266], [-94.449724, 39.050519], [-94.45067, 39.050981], [-94.451365, 39.051327], [-94.451746, 39.051521], [-94.451965, 39.05163], [-94.45227, 39.051772], [-94.452639, 39.051934], [-94.452976, 39.052079], [-94.453181, 39.052168], [-94.453813, 39.052422], [-94.454729, 39.052799], [-94.456627, 39.053558], [-94.456993, 39.053708], [-94.457779, 39.054028], [-94.459655, 39.054797], [-94.461209, 39.055416], [-94.461821, 39.05566], [-94.462853, 39.056072], [-94.463825, 39.056466], [-94.464423, 39.05671], [-94.465187, 39.05702], [-94.465532, 39.057158], [-94.466003, 39.057344], [-94.467151, 39.05781], [-94.468127, 39.058197], [-94.468585, 39.05838], [-94.46898, 39.058532], [-94.469094, 39.058576], [-94.469685, 39.058799], [-94.470268, 39.059029], [-94.470326, 39.059095], [-94.470366, 39.059117], [-94.470596, 39.059213], [-94.470877, 39.059319], [-94.471438, 39.059542], [-94.471598, 39.059606], [-94.471654, 39.059629], [-94.471728, 39.059657], [-94.471849, 39.059713], [-94.472065, 39.059823], [-94.472155, 39.059871], [-94.472196, 39.059781], [-94.472277, 39.059604], [-94.472337, 39.059466], [-94.47253, 39.059041], [-94.472629, 39.058818], [-94.472892, 39.058219], [-94.472915, 39.058166], [-94.472983, 39.057965], [-94.473028, 39.057792], [-94.473038, 39.057726], [-94.473055, 39.057622], [-94.473071, 39.057448], [-94.473068, 39.057276], [-94.473062, 39.057191], [-94.473051, 39.057043], [-94.473089, 39.05698], [-94.473087, 39.056942], [-94.473068, 39.056772], [-94.473062, 39.056727], [-94.473057, 39.056683], [-94.473006, 39.056235], [-94.472997, 39.056131], [-94.472988, 39.05601], [-94.472978, 39.055886], [-94.472975, 39.055782], [-94.472969, 39.055587], [-94.47297, 39.055466], [-94.472976, 39.05525], [-94.472997, 39.054988], [-94.473033, 39.054729], [-94.473084, 39.05447], [-94.473107, 39.054366], [-94.473146, 39.054231], [-94.473219, 39.054026], [-94.473303, 39.053821], [-94.473406, 39.053618], [-94.473477, 39.053479], [-94.473551, 39.053322], [-94.473646, 39.053134], [-94.473743, 39.052968], [-94.473787, 39.052894], [-94.473866, 39.05276], [-94.473911, 39.052692], [-94.474172, 39.05227], [-94.474232, 39.052174], [-94.474304, 39.052064], [-94.474407, 39.051912], [-94.474496, 39.051799], [-94.474621, 39.051636], [-94.474693, 39.051543], [-94.474898, 39.051287], [-94.475018, 39.051138], [-94.475196, 39.050884], [-94.475356, 39.050663], [-94.475359, 39.050561], [-94.475379, 39.050527], [-94.475398, 39.050488], [-94.475436, 39.050417], [-94.475464, 39.050347], [-94.475487, 39.05028], [-94.475509, 39.050196], [-94.475537, 39.050069], [-94.475565, 39.049939], [-94.475582, 39.049849], [-94.475589, 39.049751], [-94.475596, 39.049669], [-94.475601, 39.049582], [-94.475616, 39.049247], [-94.475616, 39.049182], [-94.475638, 39.048661], [-94.47565, 39.048304], [-94.47566, 39.048073], [-94.475663, 39.047735], [-94.475667, 39.047387], [-94.475677, 39.047159], [-94.47569, 39.04684], [-94.475699, 39.046605], [-94.475719, 39.045935], [-94.47572, 39.045926], [-94.475738, 39.045645], [-94.475758, 39.04544], [-94.475772, 39.04531], [-94.475792, 39.04507], [-94.475806, 39.044879], [-94.47581, 39.044742], [-94.475814, 39.0445], [-94.47582, 39.044139], [-94.475828, 39.043855], [-94.475849, 39.04314], [-94.475881, 39.04213], [-94.475883, 39.042065], [-94.475883, 39.042006], [-94.475926, 39.041184], [-94.475941, 39.040945], [-94.47596, 39.040712], [-94.475981, 39.040501], [-94.476005, 39.040309], [-94.47601, 39.040278], [-94.476045, 39.040004], [-94.4761, 39.039605], [-94.476125, 39.039307], [-94.47615, 39.038916], [-94.476161, 39.038693], [-94.476172, 39.038471], [-94.476203, 39.037827], [-94.476236, 39.037371], [-94.476247, 39.037239], [-94.476257, 39.037151], [-94.476275, 39.036996], [-94.476292, 39.036889], [-94.47631, 39.036803], [-94.476329, 39.036745], [-94.476344, 39.036684], [-94.476472, 39.036327], [-94.476536, 39.036175], [-94.476691, 39.035876], [-94.476712, 39.035845], [-94.476759, 39.035774], [-94.476845, 39.035653], [-94.476932, 39.035538], [-94.477035, 39.035412], [-94.477119, 39.035319], [-94.477322, 39.035114], [-94.478167, 39.034281], [-94.47839, 39.034059], [-94.478454, 39.03399], [-94.478586, 39.033831], [-94.478622, 39.033783], [-94.478755, 39.033597], [-94.478882, 39.033392], [-94.479731, 39.032086], [-94.480073, 39.031562], [-94.480394, 39.031066], [-94.480455, 39.031083], [-94.480512, 39.031095], [-94.48061, 39.031106], [-94.48071, 39.031104], [-94.480936, 39.0311], [-94.481155, 39.031095], [-94.481734, 39.031084], [-94.481741, 39.031084], [-94.482061, 39.031077], [-94.482459, 39.031075], [-94.482855, 39.031086], [-94.483251, 39.031109], [-94.48338, 39.031117], [-94.483973, 39.031146], [-94.485086, 39.031193], [-94.48577, 39.031227], [-94.486277, 39.031247], [-94.487137, 39.031266], [-94.487373, 39.031272], [-94.488377, 39.031323], [-94.490279, 39.031405], [-94.490314, 39.031449], [-94.490358, 39.03148], [-94.490413, 39.031503], [-94.490817, 39.03166], [-94.490914, 39.031703], [-94.491028, 39.031756], [-94.491277, 39.031928], [-94.493499, 39.03367], [-94.49453, 39.034467], [-94.494928, 39.034775], [-94.495328, 39.035097], [-94.495414, 39.03517], [-94.495547, 39.035263], [-94.495709, 39.035366], [-94.495921, 39.035482], [-94.49605, 39.035547], [-94.496249, 39.035635], [-94.496432, 39.035705], [-94.496548, 39.035747], [-94.496628, 39.035775], [-94.496741, 39.035811], [-94.496973, 39.035873], [-94.497062, 39.035894], [-94.497349, 39.035953], [-94.497463, 39.035972], [-94.49757, 39.035988], [-94.497969, 39.036036], [-94.498492, 39.03609], [-94.499028, 39.036135], [-94.499331, 39.036161], [-94.499442, 39.036169], [-94.499554, 39.036172], [-94.499655, 39.036174], [-94.499724, 39.036172], [-94.499846, 39.036171], [-94.499938, 39.036166], [-94.500072, 39.036154], [-94.5002, 39.036135], [-94.500274, 39.036123], [-94.500372, 39.036107], [-94.500467, 39.036088], [-94.500561, 39.036068], [-94.50063, 39.036048], [-94.500719, 39.036022], [-94.5008, 39.035997], [-94.500908, 39.03596], [-94.501682, 39.035687], [-94.502273, 39.035474], [-94.502498, 39.035395], [-94.502865, 39.035266], [-94.503296, 39.035114], [-94.503461, 39.03506], [-94.503614, 39.035015], [-94.503713, 39.034992], [-94.503808, 39.034973], [-94.503969, 39.03495], [-94.503941, 39.034838], [-94.503919, 39.034757], [-94.503883, 39.03468], [-94.503833, 39.034607], [-94.503765, 39.03454], [-94.503666, 39.034466], [-94.50339, 39.034284], [-94.503338, 39.034238], [-94.503299, 39.03419], [-94.50324, 39.034066], [-94.503212, 39.033937], [-94.503204, 39.033619], [-94.503258, 39.033386], [-94.503335, 39.033185], [-94.503468, 39.032887], [-94.50358, 39.032684], [-94.503697, 39.032423], [-94.503709, 39.032378], [-94.503748, 39.032229], [-94.503874, 39.032004], [-94.503923, 39.031781], [-94.503946, 39.031612], [-94.503951, 39.031502], [-94.503953, 39.031376], [-94.503953, 39.031266], [-94.503952, 39.031208], [-94.503946, 39.031162], [-94.50394, 39.031111], [-94.503924, 39.031061], [-94.503894, 39.031001], [-94.503848, 39.030901], [-94.504033, 39.030831], [-94.50422, 39.030754], [-94.504413, 39.030661], [-94.504513, 39.030614], [-94.504655, 39.03054], [-94.504756, 39.030479], [-94.50488, 39.030408], [-94.504998, 39.030332], [-94.505071, 39.030285], [-94.505201, 39.0302], [-94.505341, 39.030112], [-94.505566, 39.029975], [-94.505712, 39.029895], [-94.505848, 39.029836], [-94.505994, 39.029786], [-94.506146, 39.029744], [-94.506303, 39.029718], [-94.506465, 39.029702], [-94.506628, 39.029696], [-94.506848, 39.029702], [-94.507585, 39.029739], [-94.507733, 39.029749], [-94.50787, 39.029758], [-94.507985, 39.029758], [-94.508003, 39.029755], [-94.508071, 39.02975], [-94.508161, 39.029744], [-94.508244, 39.029732], [-94.508263, 39.029729], [-94.508352, 39.029708], [-94.508431, 39.029687], [-94.508448, 39.02968], [-94.508514, 39.029656], [-94.508588, 39.029629], [-94.508679, 39.029583], [-94.508791, 39.029516], [-94.508922, 39.029439], [-94.509079, 39.02957], [-94.509309, 39.029775], [-94.509497, 39.029933], [-94.509567, 39.029992], [-94.509708, 39.030099], [-94.509753, 39.030135], [-94.509877, 39.030222], [-94.509947, 39.030268], [-94.510503, 39.030652], [-94.511376, 39.031244], [-94.511622, 39.031416], [-94.511921, 39.031616], [-94.512167, 39.031781], [-94.512428, 39.031948], [-94.512763, 39.032169], [-94.513183, 39.032452], [-94.513334, 39.032555], [-94.513603, 39.032746], [-94.513797, 39.032882], [-94.513924, 39.032977], [-94.514093, 39.033098], [-94.514258, 39.03322], [-94.514611, 39.033462], [-94.514985, 39.033731], [-94.515045, 39.033774], [-94.51527, 39.033921], [-94.515423, 39.03401], [-94.515606, 39.034103], [-94.515772, 39.034171], [-94.515973, 39.034246], [-94.51635, 39.03435], [-94.516784, 39.034466], [-94.516974, 39.034511], [-94.517211, 39.034568], [-94.517804, 39.034697], [-94.51799, 39.03473], [-94.5181, 39.034745], [-94.51813, 39.034748], [-94.518199, 39.034756], [-94.518299, 39.034765], [-94.518404, 39.034767], [-94.518415, 39.034767], [-94.51849, 39.034765], [-94.518811, 39.034756], [-94.519255, 39.034734], [-94.519716, 39.034709], [-94.520595, 39.034663], [-94.521711, 39.034604], [-94.522486, 39.034564], [-94.523454, 39.034514], [-94.524055, 39.034478], [-94.525228, 39.034483], [-94.525515, 39.034486], [-94.526373, 39.034494], [-94.526589, 39.034503], [-94.527045, 39.034517], [-94.527353, 39.03452], [-94.527754, 39.034531], [-94.528315, 39.034562], [-94.528538, 39.034571], [-94.528785, 39.034581], [-94.529285, 39.034627], [-94.529788, 39.034661], [-94.530153, 39.03468], [-94.530292, 39.034686], [-94.530443, 39.034691], [-94.530885, 39.034685], [-94.531004, 39.034745], [-94.531034, 39.034748], [-94.531555, 39.034765], [-94.532112, 39.03477], [-94.532686, 39.034779], [-94.532837, 39.034779], [-94.533563, 39.034798], [-94.533879, 39.034809], [-94.533884, 39.034722], [-94.533889, 39.034623], [-94.533917, 39.034201], [-94.533972, 39.034112], [-94.533987, 39.033912], [-94.534008, 39.033856], [-94.534045, 39.033839], [-94.534076, 39.033813], [-94.534099, 39.033783], [-94.534111, 39.033751], [-94.534114, 39.033728], [-94.534114, 39.033706], [-94.534108, 39.033673], [-94.534086, 39.033644], [-94.534073, 39.033628], [-94.534041, 39.033605], [-94.534008, 39.033594], [-94.533962, 39.033585], [-94.533917, 39.033588], [-94.533865, 39.033597], [-94.533828, 39.033614], [-94.533799, 39.033636], [-94.533775, 39.033664], [-94.533759, 39.033701], [-94.533758, 39.033754], [-94.533765, 39.03378], [-94.53379, 39.033813], [-94.533812, 39.033831], [-94.533844, 39.03385], [-94.533867, 39.034112], [-94.533917, 39.034201], [-94.533889, 39.034623], [-94.533884, 39.034722], [-94.533879, 39.034809], [-94.534488, 39.034823], [-94.535032, 39.034826], [-94.535318, 39.034832], [-94.53536, 39.034832], [-94.535695, 39.034843], [-94.535962, 39.034861], [-94.536171, 39.034888], [-94.536315, 39.034911], [-94.536505, 39.034961], [-94.536681, 39.035018], [-94.53686, 39.03508], [-94.537091, 39.035164], [-94.537293, 39.035254], [-94.537486, 39.035347], [-94.538166, 39.035645], [-94.53852, 39.035783], [-94.538758, 39.035871], [-94.538976, 39.035946], [-94.539224, 39.036023], [-94.539444, 39.03607], [-94.539612, 39.036099], [-94.539721, 39.036119], [-94.540246, 39.036161], [-94.540744, 39.036183], [-94.54093, 39.036191], [-94.541252, 39.036189], [-94.541325, 39.036188], [-94.541371, 39.036189], [-94.541562, 39.036194], [-94.541799, 39.036209], [-94.541989, 39.036231], [-94.542192, 39.036262], [-94.542412, 39.036315], [-94.542587, 39.036368], [-94.542901, 39.036489], [-94.543145, 39.036599], [-94.543205, 39.036628], [-94.543299, 39.036675], [-94.543458, 39.036746], [-94.54367, 39.036856], [-94.543842, 39.036951], [-94.544076, 39.037081], [-94.544167, 39.037137], [-94.544255, 39.037188], [-94.544359, 39.037242], [-94.544445, 39.037284], [-94.544572, 39.037342], [-94.544706, 39.037398], [-94.544903, 39.037467], [-94.54522, 39.037576], [-94.546375, 39.037942], [-94.547416, 39.03828], [-94.547837, 39.038417], [-94.548456, 39.038609], [-94.548631, 39.03866], [-94.548739, 39.038688], [-94.548862, 39.038705], [-94.54899, 39.038719], [-94.549851, 39.038772], [-94.552164, 39.038834], [-94.553301, 39.038879], [-94.553646, 39.038888], [-94.553803, 39.038898], [-94.55397, 39.038907], [-94.554013, 39.038912], [-94.55414, 39.038927], [-94.554333, 39.038961], [-94.554472, 39.038989], [-94.554693, 39.039048], [-94.554907, 39.039126], [-94.555053, 39.039188], [-94.555188, 39.039247], [-94.555571, 39.039413], [-94.556055, 39.039645], [-94.557495, 39.040297], [-94.55759, 39.040342], [-94.557837, 39.040446], [-94.558064, 39.040542], [-94.558323, 39.04065], [-94.558526, 39.041063], [-94.558571, 39.041158], [-94.558712, 39.041397], [-94.558828, 39.041629], [-94.55897, 39.041927], [-94.559054, 39.042109], [-94.559133, 39.042282], [-94.559223, 39.042467], [-94.559369, 39.042772], [-94.559469, 39.042803], [-94.559836, 39.042915], [-94.560002, 39.042971], [-94.56037, 39.043089], [-94.560409, 39.043098], [-94.560862, 39.043253], [-94.560976, 39.043294], [-94.561087, 39.043331], [-94.561209, 39.043371], [-94.561449, 39.043447], [-94.561593, 39.043492], [-94.561695, 39.043514], [-94.561823, 39.043546], [-94.561875, 39.043556], [-94.56193, 39.043565], [-94.561998, 39.043574], [-94.562068, 39.043582], [-94.562156, 39.04359], [-94.562353, 39.043588], [-94.562562, 39.043585], [-94.562714, 39.043576], [-94.56291, 39.043556], [-94.563077, 39.043523], [-94.563291, 39.043467], [-94.563519, 39.043396], [-94.563817, 39.04327], [-94.564064, 39.043154], [-94.564282, 39.043033], [-94.564397, 39.042969], [-94.564476, 39.04296], [-94.564515, 39.042937], [-94.564752, 39.042771], [-94.564971, 39.042636], [-94.565241, 39.042495], [-94.565434, 39.0424], [-94.565629, 39.042313], [-94.565865, 39.042211], [-94.565944, 39.042183], [-94.566103, 39.04213], [-94.566316, 39.042065], [-94.566518, 39.042011], [-94.566759, 39.041955], [-94.566946, 39.041921], [-94.567211, 39.041876], [-94.567419, 39.041849], [-94.56766, 39.041823], [-94.567814, 39.041808], [-94.568166, 39.041772], [-94.568245, 39.041767], [-94.568319, 39.041759], [-94.568432, 39.041746], [-94.568611, 39.04173], [-94.569284, 39.041671], [-94.569443, 39.04166], [-94.569485, 39.041656], [-94.56953, 39.041652], [-94.569597, 39.041652], [-94.56977, 39.041642], [-94.569918, 39.041567], [-94.570307, 39.041581], [-94.570616, 39.041592], [-94.571751, 39.041639], [-94.57214, 39.041651], [-94.57241, 39.04166], [-94.572518, 39.041662], [-94.572739, 39.04167], [-94.572946, 39.041676], [-94.573092, 39.041679], [-94.573224, 39.041682], [-94.573457, 39.041688], [-94.573717, 39.041694], [-94.574124, 39.041705], [-94.574308, 39.041713], [-94.574478, 39.041719], [-94.575236, 39.041749], [-94.576386, 39.041792], [-94.577606, 39.041834], [-94.577867, 39.041846], [-94.578063, 39.041854], [-94.578344, 39.041865], [-94.578517, 39.041871], [-94.578663, 39.041885], [-94.578838, 39.041902], [-94.578954, 39.041967], [-94.57921, 39.042008], [-94.579509, 39.042051], [-94.579808, 39.042081], [-94.57996, 39.042087], [-94.580507, 39.042107], [-94.581547, 39.042135], [-94.581833, 39.042141], [-94.582008, 39.042144], [-94.582314, 39.042144], [-94.582402, 39.042146], [-94.582549, 39.042138], [-94.58265, 39.042127], [-94.582915, 39.042104], [-94.583181, 39.04209], [-94.583447, 39.04209], [-94.583481, 39.042093], [-94.583668, 39.042099], [-94.585184, 39.042169], [-94.585847, 39.042192], [-94.586258, 39.042198], [-94.586642, 39.042222], [-94.586758, 39.042228], [-94.586871, 39.04223], [-94.586951, 39.042226], [-94.587355, 39.042242], [-94.58803, 39.042259], [-94.588306, 39.042264], [-94.588391, 39.042265], [-94.588505, 39.042267], [-94.589275, 39.042288], [-94.59031, 39.042324], [-94.590669, 39.042335], [-94.59156, 39.042377], [-94.591874, 39.042386], [-94.592234, 39.042397], [-94.59326, 39.042434], [-94.593473, 39.042434], [-94.593676, 39.04243], [-94.594114, 39.042422], [-94.594175, 39.042423], [-94.594404, 39.042425], [-94.594689, 39.04243], [-94.595494, 39.042447], [-94.595561, 39.042448], [-94.595954, 39.042456], [-94.596205, 39.042458], [-94.596466, 39.042462], [-94.597104, 39.042481], [-94.597201, 39.042484], [-94.597234, 39.042487], [-94.597356, 39.04247], [-94.597413, 39.042487], [-94.597468, 39.042534], [-94.597515, 39.042571], [-94.597572, 39.042631], [-94.597695, 39.04276], [-94.59779, 39.04287], [-94.597802, 39.042886], [-94.598136, 39.043287], [-94.598472, 39.043671], [-94.598771, 39.044026], [-94.598847, 39.044114], [-94.599046, 39.044347], [-94.599564, 39.044958], [-94.599682, 39.045095], [-94.600024, 39.045485], [-94.600239, 39.045741], [-94.600455, 39.046022], [-94.600588, 39.046214], [-94.600635, 39.046292], [-94.601117, 39.047108], [-94.601281, 39.047395], [-94.601377, 39.047564], [-94.60146, 39.047704], [-94.601612, 39.047989], [-94.601726, 39.048205], [-94.601864, 39.048484], [-94.602063, 39.048839], [-94.602204, 39.049072], [-94.602362, 39.049315], [-94.602474, 39.049487], [-94.602556, 39.049613], [-94.602581, 39.04966], [-94.602604, 39.04972], [-94.60262, 39.049776], [-94.602626, 39.049835], [-94.602624, 39.049909], [-94.602604, 39.050004], [-94.602791, 39.050016], [-94.602991, 39.050037], [-94.603202, 39.05006], [-94.603352, 39.050074], [-94.603545, 39.050086], [-94.603907, 39.050099], [-94.60428, 39.050114], [-94.604528, 39.050127], [-94.605225, 39.050156], [-94.605372, 39.050164], [-94.605508, 39.050167], [-94.606061, 39.050187], [-94.606358, 39.050195], [-94.606469, 39.050195], [-94.606977, 39.050209], [-94.607337, 39.050213], [-94.607806, 39.050237], [-94.608393, 39.05023], [-94.608599, 39.05023], [-94.609567, 39.050241], [-94.610714, 39.050243], [-94.611778, 39.050251], [-94.611853, 39.050249], [-94.611856, 39.050463], [-94.611853, 39.05062], [-94.611859, 39.051093], [-94.611867, 39.051385], [-94.611862, 39.051676], [-94.611846, 39.053668], [-94.611846, 39.053832], [-94.611844, 39.054011], [-94.61184, 39.054166], [-94.611839, 39.054518], [-94.611834, 39.055033], [-94.61184, 39.055706], [-94.611844, 39.055992], [-94.6118, 39.056052], [-94.611793, 39.056189], [-94.611788, 39.056531], [-94.611773, 39.056935], [-94.611765, 39.057191], [-94.611763, 39.057282], [-94.61176, 39.057322], [-94.611757, 39.057371], [-94.611478, 39.057372], [-94.611236, 39.057372], [-94.610629, 39.057372], [-94.609556, 39.057372], [-94.609358, 39.057372], [-94.609194, 39.057372], [-94.608822, 39.057372]]}}, {"type": "Feature", "properties": {"route_id": "50", "route_short_name": "50", "route_long_name": "Brookside-Main", "route_type": "Bus", "headway_minutes": 20.0, "frequency_tier": "Standard (16\u201330 min)", "color": "#3987e5"}, "geometry": {"type": "LineString", "coordinates": [[-94.593759, 38.993709], [-94.59379, 38.993329], [-94.593849, 38.993329], [-94.593959, 38.993339], [-94.594129, 38.993349], [-94.594259, 38.99336], [-94.59424, 38.993779], [-94.594229, 38.99393], [-94.594219, 38.994149], [-94.594169, 38.994849], [-94.59415, 38.995059], [-94.594139, 38.995129], [-94.594079, 38.995939], [-94.594039, 38.99652], [-94.59402, 38.99672], [-94.59401, 38.9969], [-94.593989, 38.99724], [-94.59397, 38.99744], [-94.593949, 38.997759], [-94.593899, 38.998359], [-94.59389, 38.998539], [-94.593869, 38.998829], [-94.593819, 38.99958], [-94.593769, 39.00011], [-94.593759, 39.000329], [-94.5937, 39.0011], [-94.59365, 39.00185], [-94.593539, 39.003489], [-94.59353, 39.003589], [-94.59352, 39.003699], [-94.593459, 39.00479], [-94.59344, 39.00499], [-94.59343, 39.00516], [-94.593409, 39.005459], [-94.593399, 39.005769], [-94.59334, 39.006669], [-94.59334, 39.007259], [-94.59334, 39.007529], [-94.59326, 39.008189], [-94.593219, 39.008969], [-94.5932, 39.009269], [-94.593189, 39.009729], [-94.593179, 39.010259], [-94.593179, 39.01047], [-94.59317, 39.011079], [-94.59317, 39.01145], [-94.59317, 39.01165], [-94.59317, 39.01227], [-94.59262, 39.01227], [-94.592249, 39.01227], [-94.592059, 39.012769], [-94.591929, 39.013129], [-94.59177, 39.013489], [-94.591599, 39.013829], [-94.591479, 39.014039], [-94.591299, 39.014479], [-94.59109, 39.01491], [-94.590709, 39.015729], [-94.590309, 39.01659], [-94.590069, 39.017109], [-94.589899, 39.01748], [-94.589139, 39.01914], [-94.589079, 39.019259], [-94.588999, 39.01941], [-94.588909, 39.019539], [-94.588739, 39.01976], [-94.588559, 39.019989], [-94.58835, 39.020259], [-94.58821, 39.020419], [-94.588019, 39.02066], [-94.587749, 39.021039], [-94.58762, 39.02129], [-94.58754, 39.021489], [-94.58745, 39.02174], [-94.58732, 39.02201], [-94.587149, 39.02237], [-94.586789, 39.02315], [-94.586399, 39.023999], [-94.586, 39.02486], [-94.585579, 39.02578], [-94.585129, 39.02666], [-94.584909, 39.027189], [-94.584759, 39.02757], [-94.58457, 39.028089], [-94.584509, 39.028329], [-94.584449, 39.028619], [-94.58443, 39.028879], [-94.584409, 39.029149], [-94.584369, 39.03002], [-94.58434, 39.03083], [-94.584269, 39.031139], [-94.58421, 39.03135], [-94.584149, 39.03154], [-94.584129, 39.031669], [-94.58412, 39.031769], [-94.584149, 39.032299], [-94.58416, 39.032639], [-94.584179, 39.03341], [-94.58421, 39.034019], [-94.584279, 39.03476], [-94.58502, 39.03479], [-94.585539, 39.034809], [-94.58614, 39.034829], [-94.58669, 39.03486], [-94.586849, 39.03487], [-94.58731, 39.034889], [-94.587299, 39.035289], [-94.587279, 39.035719], [-94.58727, 39.03585], [-94.58726, 39.03603], [-94.587249, 39.036329], [-94.587239, 39.0365], [-94.587239, 39.03666], [-94.587199, 39.037529], [-94.587199, 39.037599], [-94.587189, 39.03773], [-94.58718, 39.03785], [-94.587159, 39.03829], [-94.587149, 39.03854], [-94.586649, 39.038529], [-94.585939, 39.038509], [-94.585619, 39.038499], [-94.585319, 39.038489], [-94.58497, 39.03848], [-94.5848, 39.03847], [-94.584909, 39.038689], [-94.585029, 39.03891], [-94.585219, 39.03919], [-94.585399, 39.039509], [-94.585539, 39.039779], [-94.5856, 39.0399], [-94.585629, 39.039959], [-94.585769, 39.04025], [-94.585949, 39.04055], [-94.586039, 39.040689], [-94.586119, 39.040829], [-94.586249, 39.04109], [-94.58645, 39.041489], [-94.5866, 39.041829], [-94.586669, 39.042039], [-94.58678, 39.04217], [-94.586249, 39.04215], [-94.586019, 39.04214], [-94.58591, 39.04214], [-94.585769, 39.042129], [-94.58569, 39.042129], [-94.5852, 39.042109], [-94.583689, 39.04207], [-94.583329, 39.04207], [-94.583249, 39.04207], [-94.5829, 39.04208], [-94.58259, 39.04208], [-94.582299, 39.04206], [-94.58231, 39.04198], [-94.582339, 39.0416], [-94.582339, 39.041569], [-94.582349, 39.04142], [-94.582379, 39.04098], [-94.582389, 39.040739], [-94.58241, 39.040309], [-94.58241, 39.04016], [-94.582429, 39.0398], [-94.582439, 39.03964], [-94.58245, 39.039429], [-94.58245, 39.039239], [-94.58246, 39.039059], [-94.582469, 39.03882], [-94.582479, 39.038679], [-94.582969, 39.038699], [-94.583139, 39.038709], [-94.58336, 39.03872], [-94.583559, 39.03874], [-94.58389, 39.038769], [-94.584039, 39.038779], [-94.584409, 39.038859], [-94.58447, 39.038869], [-94.58461, 39.03891], [-94.584899, 39.039029], [-94.585219, 39.03919], [-94.585399, 39.039509], [-94.585539, 39.039779], [-94.5856, 39.0399], [-94.585629, 39.039959], [-94.585769, 39.04025], [-94.585949, 39.04055], [-94.586039, 39.040689], [-94.586169, 39.0407], [-94.586569, 39.04073], [-94.587249, 39.040759], [-94.58813, 39.0408], [-94.588109, 39.04152], [-94.588019, 39.04223], [-94.58803, 39.04244], [-94.588049, 39.042549], [-94.588139, 39.042909], [-94.58817, 39.043009], [-94.588189, 39.043079], [-94.58822, 39.043189], [-94.58834, 39.043559], [-94.588379, 39.04368], [-94.588409, 39.043799], [-94.58849, 39.044079], [-94.588549, 39.044279], [-94.58875, 39.04494], [-94.588779, 39.04503], [-94.588829, 39.0452], [-94.58888, 39.045429], [-94.588909, 39.045609], [-94.58893, 39.04583], [-94.58893, 39.045889], [-94.58893, 39.045989], [-94.588919, 39.04611], [-94.588899, 39.0463], [-94.588859, 39.04648], [-94.588809, 39.04667], [-94.588729, 39.046949], [-94.58852, 39.04763], [-94.588419, 39.04802], [-94.588329, 39.048519], [-94.5883, 39.04881], [-94.588289, 39.04892], [-94.588279, 39.049129], [-94.588269, 39.049409], [-94.5883, 39.049679], [-94.588319, 39.0498], [-94.588329, 39.0499], [-94.588379, 39.05015], [-94.58844, 39.050379], [-94.58852, 39.050589], [-94.588649, 39.05081], [-94.58871, 39.050909], [-94.58879, 39.051029], [-94.58893, 39.05123], [-94.589129, 39.051479], [-94.58925, 39.051629], [-94.58934, 39.051739], [-94.589459, 39.051899], [-94.58961, 39.052089], [-94.589669, 39.05216], [-94.58987, 39.05241], [-94.59023, 39.05287], [-94.590359, 39.05303], [-94.590489, 39.053199], [-94.590569, 39.0533], [-94.59073, 39.053519], [-94.59083, 39.05366], [-94.59086, 39.053729], [-94.590889, 39.053789], [-94.590929, 39.053919], [-94.59095, 39.05403], [-94.59095, 39.054179], [-94.590939, 39.054359], [-94.59091, 39.054599], [-94.590899, 39.054699], [-94.59087, 39.05511], [-94.590809, 39.05584], [-94.590799, 39.056049], [-94.590789, 39.05619], [-94.59078, 39.05638], [-94.590759, 39.05664], [-94.590759, 39.056709], [-94.590759, 39.05675], [-94.59074, 39.05709], [-94.59073, 39.057249], [-94.590719, 39.05746], [-94.590719, 39.057509], [-94.590709, 39.057659], [-94.590699, 39.05781], [-94.59069, 39.057959], [-94.59068, 39.058129], [-94.590669, 39.058229], [-94.590659, 39.058319], [-94.59065, 39.058589], [-94.59064, 39.05865], [-94.590629, 39.05882], [-94.590619, 39.059039], [-94.590619, 39.05908], [-94.590609, 39.05918], [-94.5906, 39.05944], [-94.59059, 39.059669], [-94.590569, 39.05996], [-94.59056, 39.06008], [-94.59055, 39.06035], [-94.59055, 39.06043], [-94.590539, 39.060559], [-94.5905, 39.06122], [-94.5905, 39.061269], [-94.5905, 39.06134], [-94.590489, 39.061439], [-94.59046, 39.06188], [-94.590439, 39.062169], [-94.590439, 39.062259], [-94.590429, 39.062379], [-94.59041, 39.062719], [-94.590389, 39.063179], [-94.59038, 39.06332], [-94.590359, 39.06365], [-94.590339, 39.063959], [-94.590309, 39.06439], [-94.590299, 39.064589], [-94.59029, 39.06476], [-94.590259, 39.06528], [-94.59023, 39.06572], [-94.590219, 39.06601], [-94.590209, 39.066159], [-94.5902, 39.06627], [-94.59019, 39.066429], [-94.590179, 39.066599], [-94.59014, 39.06728], [-94.590129, 39.06747], [-94.590119, 39.067759], [-94.590119, 39.067849], [-94.590119, 39.067929], [-94.5901, 39.06815], [-94.590089, 39.068309], [-94.590089, 39.068409], [-94.590079, 39.06851], [-94.59006, 39.06887], [-94.59005, 39.06905], [-94.590039, 39.069379], [-94.590029, 39.0695], [-94.59002, 39.069739], [-94.59002, 39.06979], [-94.59001, 39.069939], [-94.589999, 39.07016], [-94.589999, 39.070259], [-94.589989, 39.070449], [-94.589979, 39.070569], [-94.58997, 39.070809], [-94.58996, 39.07096], [-94.589949, 39.071199], [-94.58992, 39.071649], [-94.589909, 39.071889], [-94.589899, 39.072159], [-94.589889, 39.072429], [-94.589889, 39.072629], [-94.589909, 39.07285], [-94.589939, 39.07301], [-94.589989, 39.073159], [-94.590159, 39.07347], [-94.59023, 39.07365], [-94.590269, 39.073779], [-94.590249, 39.073969], [-94.5902, 39.07409], [-94.5901, 39.0743], [-94.58996, 39.07457], [-94.58993, 39.074619], [-94.58983, 39.074789], [-94.589769, 39.07501], [-94.589769, 39.075149], [-94.58978, 39.075319], [-94.58987, 39.07556], [-94.589909, 39.075669], [-94.590069, 39.075949], [-94.590179, 39.076109], [-94.590339, 39.076319], [-94.590479, 39.07647], [-94.590789, 39.07681], [-94.59101, 39.077009], [-94.591209, 39.077219], [-94.591419, 39.077469], [-94.591389, 39.07761], [-94.591419, 39.077739], [-94.59149, 39.07788], [-94.59155, 39.078019], [-94.591609, 39.078199], [-94.59164, 39.078359], [-94.59168, 39.078559], [-94.591709, 39.07878], [-94.59172, 39.079079], [-94.59173, 39.079479], [-94.59173, 39.079989], [-94.59172, 39.080339], [-94.59173, 39.08051], [-94.59173, 39.080619], [-94.59173, 39.080709], [-94.59172, 39.08105], [-94.591709, 39.081279], [-94.591689, 39.081549], [-94.59168, 39.081729], [-94.59168, 39.081779], [-94.591649, 39.08221], [-94.59163, 39.082589], [-94.591619, 39.08282], [-94.591609, 39.083169], [-94.591599, 39.083309], [-94.59159, 39.083399], [-94.591, 39.08337], [-94.59091, 39.08337], [-94.59037, 39.083349], [-94.589909, 39.083339], [-94.589489, 39.083339], [-94.58925, 39.08336], [-94.58894, 39.083399], [-94.58871, 39.083429], [-94.588509, 39.083439], [-94.588139, 39.08345], [-94.58785, 39.08345], [-94.587749, 39.08345], [-94.587549, 39.08345], [-94.58718, 39.08345], [-94.587069, 39.08345], [-94.586969, 39.08345], [-94.58678, 39.08346], [-94.58668, 39.08347], [-94.586609, 39.08348], [-94.58654, 39.083489], [-94.58642, 39.083509], [-94.58636, 39.083519], [-94.586259, 39.08354], [-94.586169, 39.08356], [-94.586109, 39.08355], [-94.586019, 39.08354], [-94.58597, 39.08354], [-94.585889, 39.08355], [-94.585839, 39.08356], [-94.58569, 39.083589], [-94.58564, 39.083599], [-94.585589, 39.083609], [-94.58552, 39.083619], [-94.58542, 39.08363], [-94.585179, 39.08364], [-94.58506, 39.08364], [-94.58493, 39.08365], [-94.584859, 39.08366], [-94.584809, 39.083669], [-94.584759, 39.083689], [-94.58462, 39.083759], [-94.584539, 39.083799], [-94.58444, 39.083849], [-94.58435, 39.083889], [-94.584269, 39.08392], [-94.58421, 39.083939], [-94.584129, 39.083959], [-94.58402, 39.083979], [-94.583949, 39.08399], [-94.583869, 39.084], [-94.58376, 39.08401], [-94.583589, 39.08402], [-94.583469, 39.08402], [-94.583369, 39.08402], [-94.582929, 39.084], [-94.582749, 39.08399], [-94.58245, 39.083979], [-94.58228, 39.083969], [-94.582249, 39.083969], [-94.58204, 39.083959], [-94.581889, 39.083959], [-94.581699, 39.083949], [-94.58169, 39.084149], [-94.58168, 39.084509], [-94.58168, 39.08456]]}}, {"type": "Feature", "properties": {"route_id": "550", "route_short_name": "550", "route_long_name": "Lee's Summit Express", "route_type": "Bus", "headway_minutes": 330.0, "frequency_tier": "Limited (60+ min / peak-only)", "color": "#86b6ef"}, "geometry": {"type": "LineString", "coordinates": [[-94.583842, 39.083987], [-94.584006, 39.083967], [-94.584123, 39.083947], [-94.584273, 39.083902], [-94.584415, 39.083851], [-94.584545, 39.083798], [-94.584658, 39.083739], [-94.584772, 39.083685], [-94.584845, 39.08366], [-94.584873, 39.083654], [-94.584923, 39.083641], [-94.585003, 39.083629], [-94.585083, 39.083623], [-94.585164, 39.083621], [-94.585272, 39.083623], [-94.585356, 39.083624], [-94.585431, 39.083618], [-94.585513, 39.08361], [-94.585633, 39.083587], [-94.585778, 39.083556], [-94.58593, 39.083525], [-94.586029, 39.083505], [-94.586074, 39.083497], [-94.586201, 39.083472], [-94.58637, 39.083444], [-94.586431, 39.083435], [-94.586511, 39.083424], [-94.586714, 39.083401], [-94.586849, 39.083441], [-94.587193, 39.083435], [-94.58749, 39.083437], [-94.587965, 39.083429], [-94.588278, 39.083421], [-94.588459, 39.083415], [-94.588565, 39.083413], [-94.588682, 39.08341], [-94.588857, 39.083402], [-94.588937, 39.083395], [-94.589016, 39.083382], [-94.58909, 39.083368], [-94.589152, 39.083359], [-94.589242, 39.08335], [-94.589235, 39.083502], [-94.589236, 39.08361], [-94.589222, 39.083829], [-94.589223, 39.084028], [-94.589235, 39.084155], [-94.589275, 39.084305], [-94.589485, 39.084763], [-94.589242, 39.084828], [-94.589172, 39.084848], [-94.589071, 39.084873], [-94.588814, 39.084924], [-94.588369, 39.085017], [-94.587997, 39.085096], [-94.587742, 39.085143], [-94.587496, 39.085197], [-94.587272, 39.085245], [-94.587175, 39.085256], [-94.587086, 39.085262], [-94.587012, 39.085256], [-94.586956, 39.08523], [-94.586922, 39.085183], [-94.586879, 39.085082], [-94.586712, 39.084712], [-94.586541, 39.084297], [-94.586479, 39.084162], [-94.586456, 39.084138], [-94.586429, 39.084117], [-94.586399, 39.084111], [-94.586359, 39.084117], [-94.586336, 39.084125], [-94.586303, 39.084133], [-94.586269, 39.084148], [-94.586173, 39.084198], [-94.586157, 39.084217], [-94.58614, 39.084229], [-94.586123, 39.084237], [-94.585395, 39.08442], [-94.585325, 39.084443], [-94.585013, 39.084507], [-94.58437, 39.084653], [-94.58429, 39.084677], [-94.583991, 39.084895], [-94.584003, 39.084741], [-94.584013, 39.08465], [-94.58403, 39.084499], [-94.584051, 39.084363], [-94.584076, 39.084212], [-94.584096, 39.084107], [-94.584108, 39.084029], [-94.584123, 39.083947], [-94.584006, 39.083967], [-94.583842, 39.083987], [-94.583656, 39.083995], [-94.583427, 39.083995], [-94.583191, 39.083989], [-94.582897, 39.083975], [-94.582269, 39.083953], [-94.582066, 39.083945], [-94.581789, 39.083928], [-94.581642, 39.083925], [-94.581633, 39.084184], [-94.581626, 39.084299], [-94.581625, 39.084338], [-94.581694, 39.084449], [-94.581677, 39.084651], [-94.58166, 39.084851], [-94.581624, 39.085278], [-94.581584, 39.086032], [-94.581576, 39.086173], [-94.581569, 39.08632], [-94.581568, 39.086356], [-94.581559, 39.086553], [-94.581552, 39.086722], [-94.581541, 39.087048], [-94.5815, 39.088127], [-94.58146, 39.088734], [-94.581451, 39.088878], [-94.581445, 39.088999], [-94.581442, 39.089109], [-94.581435, 39.089286], [-94.581427, 39.0895], [-94.581418, 39.089694], [-94.581413, 39.089823], [-94.581404, 39.090076], [-94.581391, 39.090363], [-94.581378, 39.090631], [-94.581367, 39.090876], [-94.581357, 39.091071], [-94.581349, 39.091265], [-94.581338, 39.091484], [-94.581327, 39.091706], [-94.581303, 39.092199], [-94.581292, 39.09241], [-94.581277, 39.092697], [-94.581264, 39.092955], [-94.581253, 39.093176], [-94.581243, 39.09337], [-94.58123, 39.093597], [-94.581216, 39.093831], [-94.581209, 39.093977], [-94.5812, 39.09411], [-94.581191, 39.094285], [-94.581181, 39.094453], [-94.581173, 39.09462], [-94.581165, 39.094779], [-94.581153, 39.095064], [-94.581142, 39.095295], [-94.58112, 39.095695], [-94.581115, 39.09581], [-94.581108, 39.095967], [-94.581104, 39.096017], [-94.581103, 39.096066], [-94.581095, 39.096232], [-94.58109, 39.096316], [-94.581068, 39.096694], [-94.581056, 39.09698], [-94.581044, 39.097183], [-94.58104, 39.097363], [-94.580983, 39.098289], [-94.580961, 39.098548], [-94.580929, 39.099559], [-94.580914, 39.099873], [-94.580854, 39.100867], [-94.580838, 39.101064], [-94.580753, 39.102282], [-94.580702, 39.103503], [-94.580089, 39.103476], [-94.579552, 39.103465], [-94.578372, 39.103392], [-94.578401, 39.102201], [-94.577271, 39.102156], [-94.577327, 39.100909], [-94.577397, 39.09973], [-94.577422, 39.099421], [-94.577443, 39.098432], [-94.576275, 39.098398], [-94.575115, 39.098357], [-94.574583, 39.09834], [-94.574004, 39.098309], [-94.574012, 39.098173], [-94.574026, 39.097974], [-94.574053, 39.097628], [-94.574057, 39.097444], [-94.573952, 39.097482], [-94.573862, 39.097521], [-94.573786, 39.097549], [-94.57371, 39.097572], [-94.573582, 39.097603], [-94.573431, 39.097628], [-94.573293, 39.097642], [-94.573171, 39.097653], [-94.572879, 39.097672], [-94.572755, 39.097675], [-94.572643, 39.097675], [-94.572545, 39.097672], [-94.57244, 39.097664], [-94.572422, 39.097664], [-94.572305, 39.097655], [-94.572175, 39.097636], [-94.57205, 39.097616], [-94.571967, 39.097596], [-94.571892, 39.097574], [-94.571809, 39.097552], [-94.57174, 39.097529], [-94.571601, 39.097482], [-94.571428, 39.09742], [-94.57136, 39.097391], [-94.571284, 39.09736], [-94.571139, 39.097296], [-94.570864, 39.097169], [-94.570716, 39.097098], [-94.570442, 39.096971], [-94.57011, 39.096817], [-94.569957, 39.096749], [-94.569755, 39.096668], [-94.569598, 39.096609], [-94.569467, 39.096566], [-94.569333, 39.096524], [-94.569205, 39.096491], [-94.569056, 39.096454], [-94.568921, 39.096425], [-94.568785, 39.096395], [-94.568567, 39.096358], [-94.568371, 39.096331], [-94.568118, 39.096305], [-94.568009, 39.096297], [-94.567796, 39.096285], [-94.567588, 39.096277], [-94.567334, 39.096268], [-94.56712, 39.096263], [-94.56698, 39.09626], [-94.566659, 39.096251], [-94.566021, 39.096243], [-94.565554, 39.096234], [-94.564723, 39.096221], [-94.564544, 39.096226], [-94.56448, 39.096229], [-94.564483, 39.096192], [-94.564485, 39.096155], [-94.564449, 39.096077], [-94.563964, 39.096058], [-94.563, 39.096027], [-94.561147, 39.09597], [-94.561064, 39.095968], [-94.560905, 39.095964], [-94.560799, 39.095959], [-94.560717, 39.095958], [-94.56067, 39.095956], [-94.560316, 39.095947], [-94.559993, 39.095934], [-94.557723, 39.095838], [-94.557533, 39.095832], [-94.556821, 39.095806], [-94.556771, 39.095804], [-94.556188, 39.095787], [-94.555976, 39.095781], [-94.55552, 39.095779], [-94.554733, 39.095768], [-94.554514, 39.095767], [-94.55426, 39.095771], [-94.554064, 39.095781], [-94.553838, 39.095798], [-94.553698, 39.09581], [-94.553438, 39.095838], [-94.553127, 39.095889], [-94.55278, 39.095961], [-94.552542, 39.096021], [-94.552267, 39.096099], [-94.551907, 39.096212], [-94.551704, 39.096271], [-94.551564, 39.096319], [-94.551198, 39.096432], [-94.550926, 39.096522], [-94.550684, 39.096594], [-94.550369, 39.096682], [-94.550182, 39.096733], [-94.549932, 39.096787], [-94.549701, 39.096834], [-94.549498, 39.096863], [-94.549351, 39.096881], [-94.549114, 39.096904], [-94.548938, 39.096915], [-94.5487, 39.096924], [-94.548534, 39.096926], [-94.548376, 39.096921], [-94.548229, 39.096913], [-94.548094, 39.096901], [-94.547994, 39.09689], [-94.547813, 39.09687], [-94.547741, 39.096862], [-94.547674, 39.096853], [-94.547567, 39.09684], [-94.547436, 39.09682], [-94.547297, 39.096795], [-94.547195, 39.096775], [-94.546965, 39.096722], [-94.546684, 39.096646], [-94.546548, 39.096603], [-94.546422, 39.096563], [-94.546285, 39.09651], [-94.546085, 39.096423], [-94.545863, 39.096311], [-94.545638, 39.096183], [-94.545382, 39.096026], [-94.545196, 39.095902], [-94.545027, 39.095781], [-94.544979, 39.095744], [-94.544837, 39.095624], [-94.544712, 39.095539], [-94.544623, 39.095453], [-94.544505, 39.095331], [-94.544348, 39.095173], [-94.544269, 39.095081], [-94.544104, 39.094808], [-94.544, 39.094639], [-94.543965, 39.094574], [-94.54388, 39.094447], [-94.543844, 39.094366], [-94.543785, 39.094253], [-94.543724, 39.094118], [-94.543659, 39.093907], [-94.543597, 39.09369], [-94.543542, 39.093429], [-94.543468, 39.092992], [-94.543413, 39.092722], [-94.543379, 39.092525], [-94.543357, 39.092424], [-94.543325, 39.092278], [-94.543306, 39.092199], [-94.543289, 39.092154], [-94.543277, 39.092114], [-94.543246, 39.092035], [-94.543225, 39.091982], [-94.543188, 39.091886], [-94.54311, 39.091718], [-94.542985, 39.091478], [-94.542801, 39.091112], [-94.542596, 39.090747], [-94.542528, 39.090626], [-94.542457, 39.090501], [-94.542375, 39.090363], [-94.542327, 39.090282], [-94.542168, 39.090009], [-94.541989, 39.089683], [-94.541893, 39.089489], [-94.541848, 39.089396], [-94.541728, 39.089111], [-94.541621, 39.088821], [-94.541577, 39.088693], [-94.541527, 39.088527], [-94.541465, 39.088295], [-94.541419, 39.088101], [-94.541393, 39.087992], [-94.541342, 39.087716], [-94.541306, 39.087437], [-94.541284, 39.087159], [-94.541276, 39.08688], [-94.54128, 39.086706], [-94.541285, 39.086559], [-94.541289, 39.08643], [-94.541291, 39.086315], [-94.541317, 39.085362], [-94.541346, 39.08449], [-94.541353, 39.084212], [-94.541353, 39.084172], [-94.541354, 39.084093], [-94.541355, 39.083978], [-94.541352, 39.083623], [-94.541335, 39.083373], [-94.541319, 39.083261], [-94.541308, 39.083182], [-94.541267, 39.082977], [-94.541217, 39.082794], [-94.541171, 39.082659], [-94.541143, 39.082579], [-94.541071, 39.082397], [-94.541004, 39.082262], [-94.540952, 39.082154], [-94.540891, 39.082056], [-94.540834, 39.081963], [-94.540632, 39.081676], [-94.540502, 39.081493], [-94.540277, 39.081175], [-94.539837, 39.080568], [-94.53976, 39.080461], [-94.539629, 39.080277], [-94.539394, 39.079948], [-94.539147, 39.0796], [-94.538582, 39.078816], [-94.538458, 39.078642], [-94.538283, 39.078398], [-94.537942, 39.077921], [-94.537542, 39.077371], [-94.537385, 39.077156], [-94.537253, 39.076981], [-94.537176, 39.076875], [-94.537086, 39.076742], [-94.536981, 39.076582], [-94.536957, 39.076535], [-94.536938, 39.076498], [-94.536896, 39.076424], [-94.536827, 39.076286], [-94.536759, 39.076149], [-94.536711, 39.076045], [-94.536662, 39.07593], [-94.536591, 39.07576], [-94.536539, 39.075628], [-94.536423, 39.075305], [-94.536261, 39.074846], [-94.536146, 39.07448], [-94.536129, 39.074441], [-94.53604, 39.07423], [-94.535955, 39.074057], [-94.535871, 39.073909], [-94.535775, 39.073779], [-94.535666, 39.073653], [-94.53563, 39.073619], [-94.535514, 39.073507], [-94.535443, 39.07345], [-94.535396, 39.073411], [-94.535274, 39.073315], [-94.535123, 39.073214], [-94.534964, 39.073126], [-94.53479, 39.073048], [-94.534609, 39.072974], [-94.534425, 39.072913], [-94.534298, 39.072879], [-94.534214, 39.072859], [-94.534006, 39.07282], [-94.533787, 39.072789], [-94.533541, 39.072769], [-94.533331, 39.07276], [-94.533249, 39.072755], [-94.533126, 39.072757], [-94.532516, 39.072761], [-94.532308, 39.072755], [-94.532038, 39.072749], [-94.530888, 39.072724], [-94.530648, 39.072718], [-94.530462, 39.072713], [-94.529589, 39.07269], [-94.529241, 39.072682], [-94.528751, 39.072668], [-94.528582, 39.072662], [-94.528454, 39.072657], [-94.528262, 39.072645], [-94.528064, 39.072629], [-94.527778, 39.072606], [-94.527637, 39.072594], [-94.527514, 39.07258], [-94.527409, 39.072569], [-94.527246, 39.072549], [-94.527096, 39.07253], [-94.526932, 39.072507], [-94.526722, 39.072476], [-94.526546, 39.072448], [-94.526435, 39.072428], [-94.52614, 39.07238], [-94.525857, 39.072327], [-94.525604, 39.072276], [-94.525454, 39.072245], [-94.525175, 39.07218], [-94.524862, 39.072111], [-94.524422, 39.072017], [-94.524238, 39.071984], [-94.524109, 39.071958], [-94.523827, 39.071899], [-94.523482, 39.071823], [-94.522788, 39.071675], [-94.522627, 39.071643], [-94.522414, 39.071598], [-94.52078, 39.071255], [-94.520505, 39.071196], [-94.518838, 39.070847], [-94.518015, 39.070677], [-94.517792, 39.070628], [-94.517483, 39.070565], [-94.516771, 39.070419], [-94.516407, 39.07034], [-94.516228, 39.070304], [-94.515882, 39.070233], [-94.515327, 39.070121], [-94.514752, 39.069975], [-94.514649, 39.069951], [-94.514094, 39.069817], [-94.51383, 39.069754], [-94.513627, 39.069698], [-94.513424, 39.069642], [-94.513221, 39.069581], [-94.512983, 39.069502], [-94.512733, 39.069409], [-94.512496, 39.069321], [-94.512281, 39.069228], [-94.512078, 39.069142], [-94.511833, 39.069032], [-94.511671, 39.068956], [-94.511516, 39.068883], [-94.511369, 39.068818], [-94.511326, 39.0688], [-94.511272, 39.068776], [-94.511185, 39.068739], [-94.511035, 39.068665], [-94.510874, 39.068586], [-94.510267, 39.0683], [-94.509828, 39.068102], [-94.509215, 39.067821], [-94.508341, 39.067416], [-94.508177, 39.067337], [-94.50798, 39.067239], [-94.507801, 39.067154], [-94.507665, 39.067089], [-94.507272, 39.066889], [-94.506981, 39.066738], [-94.50681, 39.06665], [-94.506614, 39.066549], [-94.506375, 39.066426], [-94.506175, 39.066332], [-94.506039, 39.066268], [-94.505881, 39.0662], [-94.505718, 39.066127], [-94.505531, 39.06604], [-94.505325, 39.065944], [-94.50518, 39.065877], [-94.504912, 39.065752], [-94.504796, 39.065696], [-94.504653, 39.065627], [-94.504508, 39.065556], [-94.504339, 39.065479], [-94.50403, 39.065339], [-94.503758, 39.065219], [-94.503528, 39.065112], [-94.503252, 39.064985], [-94.502786, 39.064784], [-94.502386, 39.064605], [-94.50223, 39.064537], [-94.502002, 39.064442], [-94.501857, 39.064382], [-94.501508, 39.064227], [-94.501249, 39.064112], [-94.501062, 39.064033], [-94.500622, 39.06384], [-94.500209, 39.063661], [-94.499876, 39.06351], [-94.499302, 39.063246], [-94.49897, 39.063091], [-94.498538, 39.062894], [-94.49818, 39.06273], [-94.497833, 39.062567], [-94.497489, 39.062415], [-94.497203, 39.06228], [-94.496838, 39.062111], [-94.4962, 39.061816], [-94.495811, 39.06163], [-94.495766, 39.061607], [-94.495247, 39.061363], [-94.494989, 39.061248], [-94.49248, 39.06009], [-94.492395, 39.060051], [-94.492192, 39.059958], [-94.491892, 39.059826], [-94.491551, 39.059671], [-94.491326, 39.059567], [-94.490953, 39.059404], [-94.490909, 39.059384], [-94.490658, 39.059282], [-94.490499, 39.05921], [-94.490627, 39.059083], [-94.490818, 39.058888], [-94.490983, 39.058715], [-94.491209, 39.058483], [-94.491388, 39.0583], [-94.491708, 39.057971], [-94.49195, 39.057724], [-94.49211, 39.057555], [-94.492361, 39.057293], [-94.492734, 39.056905], [-94.492846, 39.056789], [-94.493019, 39.056617], [-94.493253, 39.056382], [-94.49368, 39.056018], [-94.493761, 39.055956], [-94.493814, 39.055914], [-94.493913, 39.05584], [-94.49408, 39.055714], [-94.49475, 39.055174], [-94.494994, 39.054979], [-94.495063, 39.054923], [-94.495211, 39.054803], [-94.49541, 39.054642], [-94.495656, 39.054433], [-94.495861, 39.05427], [-94.496155, 39.05404], [-94.496379, 39.053865], [-94.496576, 39.053713], [-94.496756, 39.053572], [-94.496898, 39.053458], [-94.497022, 39.053353], [-94.497153, 39.053244], [-94.497254, 39.053162], [-94.497326, 39.053099], [-94.497467, 39.052968], [-94.497609, 39.052826], [-94.497729, 39.052701], [-94.497826, 39.052599], [-94.497971, 39.052438], [-94.498104, 39.052284], [-94.498192, 39.052182], [-94.498282, 39.05207], [-94.49834, 39.051988], [-94.498399, 39.051907], [-94.498476, 39.051797], [-94.498574, 39.051653], [-94.498678, 39.051504], [-94.498735, 39.051414], [-94.498791, 39.051321], [-94.498864, 39.051191], [-94.498946, 39.051037], [-94.499008, 39.050919], [-94.499072, 39.050789], [-94.499142, 39.05064], [-94.499195, 39.050516], [-94.49925, 39.05039], [-94.499305, 39.05026], [-94.499352, 39.050133], [-94.499399, 39.049996], [-94.499436, 39.049885], [-94.499476, 39.049754], [-94.499509, 39.049649], [-94.499538, 39.049548], [-94.499568, 39.049425], [-94.499599, 39.049301], [-94.499621, 39.049196], [-94.499643, 39.049078], [-94.499662, 39.048969], [-94.499683, 39.048834], [-94.499701, 39.048704], [-94.499716, 39.04856], [-94.499729, 39.048403], [-94.499734, 39.048285], [-94.499771, 39.047623], [-94.49984, 39.046536], [-94.499905, 39.045631], [-94.49996, 39.044562], [-94.500051, 39.042668], [-94.500131, 39.041165], [-94.500228, 39.039133], [-94.500281, 39.038088], [-94.500314, 39.037303], [-94.50036, 39.036538], [-94.500372, 39.036107], [-94.500376, 39.03606], [-94.500435, 39.035285], [-94.500452, 39.034941], [-94.500456, 39.034711], [-94.500497, 39.033673], [-94.500517, 39.033251], [-94.500532, 39.033008], [-94.500551, 39.032665], [-94.500591, 39.031781], [-94.500596, 39.031646], [-94.500631, 39.031097], [-94.500647, 39.03062], [-94.500667, 39.03029], [-94.500692, 39.029758], [-94.500714, 39.029282], [-94.500764, 39.028396], [-94.500786, 39.027917], [-94.500817, 39.027467], [-94.50084, 39.026817], [-94.500861, 39.026426], [-94.5009, 39.025697], [-94.500923, 39.025233], [-94.500945, 39.024709], [-94.500956, 39.024481], [-94.500977, 39.024051], [-94.500996, 39.023642], [-94.501062, 39.022353], [-94.501076, 39.022027], [-94.501081, 39.021914], [-94.501088, 39.021762], [-94.501095, 39.021638], [-94.501098, 39.021568], [-94.501112, 39.021295], [-94.501129, 39.020892], [-94.501147, 39.020501], [-94.501039, 39.020328], [-94.500815, 39.02002], [-94.50053, 39.019581], [-94.500462, 39.019475], [-94.500169, 39.01903], [-94.50004, 39.018833], [-94.499886, 39.01861], [-94.499795, 39.01849], [-94.499695, 39.018368], [-94.499554, 39.018205], [-94.499429, 39.018079], [-94.499319, 39.017972], [-94.499159, 39.01782], [-94.499121, 39.017789], [-94.49907, 39.017744], [-94.498919, 39.017626], [-94.498485, 39.017271], [-94.498324, 39.01717], [-94.49768, 39.016767], [-94.497354, 39.016556], [-94.497031, 39.016362], [-94.496637, 39.016117], [-94.496429, 39.015987], [-94.496393, 39.015963], [-94.496318, 39.015914], [-94.496211, 39.015847], [-94.496078, 39.01576], [-94.495975, 39.01569], [-94.495771, 39.015563], [-94.495586, 39.015452], [-94.495575, 39.015444], [-94.495521, 39.01541], [-94.495435, 39.015349], [-94.49524, 39.015208], [-94.495071, 39.015084], [-94.494917, 39.014969], [-94.494775, 39.014854], [-94.494601, 39.01471], [-94.49438, 39.014518], [-94.494183, 39.014336], [-94.494016, 39.014184], [-94.493863, 39.014035], [-94.493666, 39.013848], [-94.493437, 39.013634], [-94.49321, 39.013415], [-94.492994, 39.013212], [-94.492763, 39.012994], [-94.492572, 39.012811], [-94.492416, 39.012661], [-94.492268, 39.012515], [-94.492112, 39.012363], [-94.491962, 39.01222], [-94.491821, 39.012084], [-94.491673, 39.011946], [-94.491584, 39.011864], [-94.49153, 39.011814], [-94.491401, 39.011696], [-94.491363, 39.011665], [-94.49111, 39.011422], [-94.490951, 39.011268], [-94.490177, 39.010525], [-94.489593, 39.00996], [-94.489547, 39.009917], [-94.48951, 39.00988], [-94.489462, 39.00983], [-94.489412, 39.009779], [-94.488487, 39.008893], [-94.488405, 39.008814], [-94.487892, 39.008324], [-94.486915, 39.007387], [-94.486746, 39.007215], [-94.486628, 39.007075], [-94.486457, 39.006864], [-94.48636, 39.006748], [-94.486299, 39.006663], [-94.486188, 39.006504], [-94.486067, 39.006304], [-94.486006, 39.006197], [-94.485901, 39.005988], [-94.48584, 39.005859], [-94.485786, 39.005729], [-94.485731, 39.005594], [-94.485674, 39.005432], [-94.485612, 39.005222], [-94.485558, 39.005009], [-94.485513, 39.004807], [-94.48547, 39.004582], [-94.48545, 39.004482], [-94.485426, 39.004367], [-94.485383, 39.004153], [-94.485335, 39.003936], [-94.485332, 39.003928], [-94.485303, 39.003816], [-94.485274, 39.003725], [-94.485228, 39.003616], [-94.485163, 39.003478], [-94.48509, 39.003363], [-94.48501, 39.003242], [-94.484941, 39.003163], [-94.484821, 39.00303], [-94.484673, 39.002864], [-94.484549, 39.002726], [-94.48443, 39.002589], [-94.484305, 39.002462], [-94.484206, 39.002358], [-94.484089, 39.002225], [-94.48399, 39.002113], [-94.483853, 39.001967], [-94.483768, 39.001873], [-94.483642, 39.001742], [-94.483519, 39.001618], [-94.483382, 39.001475], [-94.48327, 39.001362], [-94.483181, 39.001274], [-94.483102, 39.001196], [-94.483035, 39.001131], [-94.482975, 39.001074], [-94.482838, 39.000945], [-94.482705, 39.000818], [-94.482563, 39.000692], [-94.482399, 39.00054], [-94.482337, 39.000486], [-94.482269, 39.000432], [-94.482187, 39.000352], [-94.481927, 39.000129], [-94.481894, 39.000101], [-94.48155, 38.999805], [-94.481322, 38.999609], [-94.480777, 38.999146], [-94.480562, 38.998966], [-94.480228, 38.9987], [-94.480019, 38.998547], [-94.47995, 38.998499], [-94.479878, 38.998449], [-94.47966, 38.998302], [-94.479451, 38.998167], [-94.479185, 38.997999], [-94.478397, 38.997523], [-94.478151, 38.997363], [-94.477744, 38.997106], [-94.477423, 38.996903], [-94.477254, 38.996796], [-94.47699, 38.996633], [-94.476929, 38.996594], [-94.476607, 38.996405], [-94.475893, 38.995981], [-94.475544, 38.995759], [-94.474763, 38.995271], [-94.474635, 38.99519], [-94.474413, 38.995049], [-94.474154, 38.994884], [-94.473971, 38.994771], [-94.473917, 38.99474], [-94.473753, 38.994638], [-94.473577, 38.994529], [-94.473404, 38.994427], [-94.473032, 38.994205], [-94.472468, 38.993855], [-94.472228, 38.993701], [-94.472111, 38.993628], [-94.471987, 38.993549], [-94.471778, 38.993414], [-94.471671, 38.993346], [-94.471496, 38.993237], [-94.471427, 38.993192], [-94.471222, 38.993053], [-94.471028, 38.992916], [-94.470703, 38.992673], [-94.470348, 38.992403], [-94.470089, 38.992201], [-94.469791, 38.991965], [-94.469503, 38.991728], [-94.469346, 38.991604], [-94.469206, 38.991486], [-94.46907, 38.99137], [-94.468901, 38.991222], [-94.468761, 38.991103], [-94.468389, 38.990769], [-94.468231, 38.990625], [-94.468093, 38.990501], [-94.467686, 38.990104], [-94.467325, 38.989747], [-94.466969, 38.989379], [-94.466588, 38.988973], [-94.466339, 38.988703], [-94.466044, 38.988362], [-94.465242, 38.987409], [-94.465179, 38.987335], [-94.464949, 38.987059], [-94.464759, 38.986826], [-94.464494, 38.986507], [-94.464376, 38.986358], [-94.464256, 38.98621], [-94.464095, 38.986016], [-94.463809, 38.985663], [-94.463749, 38.985591], [-94.463706, 38.98554], [-94.463532, 38.985332], [-94.463262, 38.985017], [-94.463036, 38.984771], [-94.462762, 38.984498], [-94.462568, 38.984313], [-94.462339, 38.984107], [-94.462138, 38.983932], [-94.462104, 38.983904], [-94.461915, 38.983747], [-94.461748, 38.983615], [-94.461546, 38.98346], [-94.461324, 38.983297], [-94.461044, 38.983105], [-94.460847, 38.982973], [-94.460598, 38.982813], [-94.46038, 38.982683], [-94.460108, 38.982522], [-94.459991, 38.982458], [-94.459818, 38.982365], [-94.459547, 38.982225], [-94.459157, 38.982033], [-94.458804, 38.98187], [-94.458056, 38.981521], [-94.457448, 38.981239], [-94.455912, 38.980533], [-94.455592, 38.980386], [-94.45448, 38.979866], [-94.454074, 38.979675], [-94.453342, 38.979345], [-94.453091, 38.979233], [-94.451942, 38.978696], [-94.451413, 38.978451], [-94.450822, 38.978185], [-94.450596, 38.978071], [-94.450497, 38.978029], [-94.450235, 38.977907], [-94.44943, 38.977542], [-94.448297, 38.977015], [-94.447967, 38.976849], [-94.447626, 38.976664], [-94.447315, 38.97648], [-94.44717, 38.97639], [-94.447112, 38.976353], [-94.446903, 38.976216], [-94.44686, 38.976188], [-94.44656, 38.975974], [-94.446416, 38.97587], [-94.446276, 38.97576], [-94.446128, 38.975633], [-94.445989, 38.975513], [-94.445734, 38.975281], [-94.445297, 38.974854], [-94.444779, 38.974307], [-94.444547, 38.974058], [-94.444447, 38.973953], [-94.44395, 38.973426], [-94.443837, 38.9733], [-94.442723, 38.972141], [-94.442555, 38.971972], [-94.442389, 38.971805], [-94.442115, 38.971516], [-94.441931, 38.971319], [-94.441725, 38.971103], [-94.441288, 38.970646], [-94.441114, 38.970466], [-94.440657, 38.969965], [-94.440355, 38.969652], [-94.440223, 38.969512], [-94.44006, 38.969332], [-94.439803, 38.969062], [-94.439599, 38.968862], [-94.439385, 38.968685], [-94.439156, 38.968514], [-94.438945, 38.968361], [-94.438705, 38.968201], [-94.438458, 38.968051], [-94.438202, 38.967914], [-94.437933, 38.967784], [-94.437661, 38.967664], [-94.437377, 38.967554], [-94.437094, 38.967452], [-94.436802, 38.967356], [-94.436505, 38.967274], [-94.436355, 38.967238], [-94.436205, 38.967201], [-94.435897, 38.96714], [-94.435588, 38.967089], [-94.435275, 38.96705], [-94.43491, 38.967025], [-94.434421, 38.967004], [-94.43371, 38.966977], [-94.433452, 38.966962], [-94.433294, 38.966952], [-94.433062, 38.966929], [-94.432961, 38.96692], [-94.432666, 38.966881], [-94.432477, 38.966847], [-94.432367, 38.966824], [-94.432198, 38.966785], [-94.431951, 38.966717], [-94.431693, 38.96663], [-94.43142, 38.966526], [-94.43112, 38.9664], [-94.430366, 38.966045], [-94.430232, 38.965985], [-94.429952, 38.965857], [-94.429688, 38.965732], [-94.429597, 38.965685], [-94.429454, 38.965615], [-94.429219, 38.965502], [-94.429136, 38.965457], [-94.429051, 38.965412], [-94.42891, 38.965341], [-94.42877, 38.965277], [-94.428534, 38.965173], [-94.42843, 38.965124], [-94.428257, 38.965045], [-94.428165, 38.964995], [-94.428045, 38.964936], [-94.427988, 38.964903], [-94.427904, 38.964852], [-94.427835, 38.964801], [-94.427768, 38.964756], [-94.427688, 38.964697], [-94.427509, 38.964545], [-94.427441, 38.96448], [-94.427366, 38.964399], [-94.42721, 38.964219], [-94.427115, 38.964108], [-94.426997, 38.963957], [-94.426871, 38.963807], [-94.42661, 38.963532], [-94.426406, 38.96332], [-94.426337, 38.963248], [-94.426291, 38.963196], [-94.426196, 38.963082], [-94.426069, 38.962932], [-94.426034, 38.962885], [-94.426006, 38.96285], [-94.425832, 38.962628], [-94.425567, 38.962291], [-94.425382, 38.962062], [-94.425066, 38.961652], [-94.4247, 38.961185], [-94.424501, 38.960918], [-94.424049, 38.960346], [-94.423598, 38.959786], [-94.423377, 38.959539], [-94.423148, 38.959266], [-94.42304, 38.959138], [-94.422717, 38.958789], [-94.422659, 38.958727], [-94.422337, 38.958354], [-94.422115, 38.9581], [-94.421981, 38.957937], [-94.421909, 38.95785], [-94.421825, 38.957737], [-94.421762, 38.957642], [-94.421709, 38.957554], [-94.421659, 38.957456], [-94.421632, 38.957383], [-94.421599, 38.957273], [-94.421577, 38.95716], [-94.42152, 38.956749], [-94.421447, 38.956259], [-94.421368, 38.955624], [-94.421342, 38.955404], [-94.421316, 38.955179], [-94.421285, 38.954934], [-94.421251, 38.954653], [-94.421227, 38.954531], [-94.421197, 38.954419], [-94.42116, 38.95432], [-94.421122, 38.954236], [-94.42107, 38.95414], [-94.420991, 38.954025], [-94.420933, 38.953952], [-94.420839, 38.953851], [-94.420727, 38.95375], [-94.420637, 38.953679], [-94.420528, 38.953605], [-94.420416, 38.953535], [-94.420288, 38.953473], [-94.420169, 38.95342], [-94.420035, 38.953372], [-94.419904, 38.95333], [-94.419804, 38.953301], [-94.419636, 38.953251], [-94.419231, 38.953133], [-94.419111, 38.953099], [-94.418841, 38.95302], [-94.418334, 38.952876], [-94.418075, 38.952798], [-94.417793, 38.952711], [-94.417556, 38.952632], [-94.417411, 38.952576], [-94.417163, 38.952482], [-94.416933, 38.952384], [-94.416711, 38.95228], [-94.416366, 38.952114], [-94.416139, 38.952002], [-94.415835, 38.951852], [-94.415539, 38.951701], [-94.415229, 38.951548], [-94.41488, 38.951374], [-94.41476, 38.951315], [-94.41425, 38.951058], [-94.413826, 38.950845], [-94.413729, 38.950794], [-94.413459, 38.950645], [-94.413133, 38.950449], [-94.412833, 38.950256], [-94.412546, 38.950051], [-94.412267, 38.949843], [-94.412002, 38.949624], [-94.411749, 38.949399], [-94.411505, 38.949165], [-94.411274, 38.948926], [-94.411055, 38.948681], [-94.410848, 38.948427], [-94.410653, 38.948169], [-94.410475, 38.947906], [-94.410325, 38.947639], [-94.410239, 38.947463], [-94.410076, 38.947163], [-94.410047, 38.947108], [-94.409966, 38.946967], [-94.409916, 38.946859], [-94.40985, 38.946697], [-94.409755, 38.946472], [-94.409716, 38.946359], [-94.409637, 38.946094], [-94.409572, 38.945867], [-94.409386, 38.945175], [-94.409256, 38.944679], [-94.409161, 38.944291], [-94.409143, 38.944243], [-94.409132, 38.944192], [-94.409119, 38.944138], [-94.408698, 38.942554], [-94.408677, 38.942472], [-94.408546, 38.941977], [-94.408454, 38.941591], [-94.408348, 38.941195], [-94.408283, 38.94093], [-94.408258, 38.940835], [-94.408214, 38.940683], [-94.408178, 38.940542], [-94.408044, 38.940027], [-94.407944, 38.939647], [-94.407831, 38.939211], [-94.407611, 38.938381], [-94.407572, 38.938237], [-94.407482, 38.9379], [-94.407419, 38.937658], [-94.407319, 38.937288], [-94.407245, 38.937004], [-94.406993, 38.936058], [-94.406959, 38.93594], [-94.406692, 38.934871], [-94.406665, 38.934764], [-94.406633, 38.93466], [-94.40656, 38.934418], [-94.40652, 38.934255], [-94.406503, 38.934184], [-94.406491, 38.934131], [-94.406475, 38.934066], [-94.406448, 38.933959], [-94.406305, 38.93343], [-94.406271, 38.933306], [-94.406081, 38.932572], [-94.405705, 38.931142], [-94.405631, 38.930844], [-94.405576, 38.930632], [-94.405507, 38.930351], [-94.405443, 38.930092], [-94.405298, 38.929549], [-94.405275, 38.92947], [-94.405224, 38.92931], [-94.405176, 38.929144], [-94.405146, 38.929023], [-94.405092, 38.928823], [-94.405021, 38.928539], [-94.404897, 38.928069], [-94.404717, 38.927379], [-94.404612, 38.92699], [-94.404549, 38.926769], [-94.404486, 38.926547], [-94.404421, 38.926341], [-94.404365, 38.926158], [-94.404314, 38.925997], [-94.404268, 38.925857], [-94.404152, 38.925852], [-94.404042, 38.925849], [-94.403846, 38.925843], [-94.403516, 38.925834], [-94.403414, 38.925831], [-94.403079, 38.925831], [-94.402726, 38.925825], [-94.402619, 38.925823], [-94.402449, 38.92582], [-94.402223, 38.925815], [-94.402201, 38.925815], [-94.402033, 38.925811], [-94.401767, 38.925801], [-94.401629, 38.925794], [-94.401443, 38.925784], [-94.40121, 38.925773], [-94.401009, 38.925767], [-94.401071, 38.925252], [-94.40111, 38.924866], [-94.401118, 38.924833], [-94.401179, 38.924618], [-94.401224, 38.924514], [-94.401273, 38.924455], [-94.401308, 38.924387], [-94.40141, 38.924252], [-94.401567, 38.924114], [-94.401848, 38.923946], [-94.402016, 38.923789], [-94.402164, 38.923633], [-94.402249, 38.923442], [-94.402281, 38.923296]]}}, {"type": "Feature", "properties": {"route_id": "57", "route_short_name": "57", "route_long_name": "Wornall", "route_type": "Bus", "headway_minutes": 45.0, "frequency_tier": "Infrequent (31\u201360 min)", "color": "#6da7ec"}, "geometry": {"type": "LineString", "coordinates": [[-94.607933, 38.881428], [-94.60804, 38.881427], [-94.608346, 38.881447], [-94.608608, 38.881549], [-94.608817, 38.881667], [-94.60898, 38.881804], [-94.609072, 38.88186], [-94.608935, 38.881954], [-94.608806, 38.882044], [-94.608703, 38.882117], [-94.608615, 38.882195], [-94.608534, 38.882264], [-94.608446, 38.882353], [-94.608351, 38.88246], [-94.608284, 38.882541], [-94.608237, 38.882609], [-94.608171, 38.882702], [-94.60812, 38.882781], [-94.608086, 38.882851], [-94.608052, 38.882919], [-94.608012, 38.883026], [-94.607938, 38.883254], [-94.607928, 38.883319], [-94.607905, 38.883462], [-94.6079, 38.883709], [-94.607894, 38.883816], [-94.607883, 38.883909], [-94.607883, 38.883972], [-94.607884, 38.884464], [-94.607885, 38.884622], [-94.607887, 38.884749], [-94.607892, 38.88582], [-94.607894, 38.886315], [-94.607896, 38.886333], [-94.607905, 38.886349], [-94.607967, 38.886446], [-94.607968, 38.886553], [-94.607973, 38.887298], [-94.607975, 38.8876], [-94.607979, 38.888036], [-94.607983, 38.888615], [-94.607982, 38.889358], [-94.607979, 38.89029], [-94.607979, 38.890917], [-94.607855, 38.890918], [-94.607724, 38.89085], [-94.607465, 38.890835], [-94.606648, 38.890791], [-94.60569, 38.890737], [-94.604795, 38.890686], [-94.604055, 38.890645], [-94.603144, 38.890599], [-94.602825, 38.890585], [-94.602497, 38.890568], [-94.602288, 38.890559], [-94.60192, 38.89054], [-94.601596, 38.890532], [-94.601562, 38.890534], [-94.601483, 38.890563], [-94.600747, 38.89052], [-94.599964, 38.89047], [-94.599277, 38.890436], [-94.598483, 38.890389], [-94.597762, 38.890349], [-94.597049, 38.890304], [-94.596155, 38.890258], [-94.595958, 38.890247], [-94.595871, 38.890244], [-94.595239, 38.890214], [-94.595191, 38.89078], [-94.595183, 38.890993], [-94.595124, 38.891801], [-94.595027, 38.893205], [-94.594971, 38.893932], [-94.594931, 38.894458], [-94.5949, 38.894956], [-94.594885, 38.895201], [-94.594873, 38.895406], [-94.594847, 38.895758], [-94.594808, 38.896261], [-94.594763, 38.896894], [-94.594735, 38.897297], [-94.594729, 38.897382], [-94.594722, 38.897472], [-94.594713, 38.897562], [-94.594706, 38.897694], [-94.594688, 38.897919], [-94.594666, 38.898178], [-94.594644, 38.898476], [-94.594621, 38.898781], [-94.594605, 38.899016], [-94.594601, 38.899067], [-94.594566, 38.899545], [-94.594541, 38.899844], [-94.594526, 38.900086], [-94.594509, 38.900319], [-94.594489, 38.900618], [-94.594459, 38.901097], [-94.594423, 38.901589], [-94.594401, 38.901955], [-94.594398, 38.901995], [-94.594367, 38.902402], [-94.594359, 38.902478], [-94.594352, 38.902557], [-94.594335, 38.902746], [-94.594311, 38.903049], [-94.594299, 38.903193], [-94.594226, 38.90433], [-94.594192, 38.90473], [-94.594168, 38.905006], [-94.594142, 38.905355], [-94.594127, 38.905498], [-94.594102, 38.905862], [-94.594071, 38.906241], [-94.59404, 38.906627], [-94.594021, 38.906826], [-94.594008, 38.906976], [-94.593986, 38.907265], [-94.593947, 38.907786], [-94.593897, 38.908377], [-94.593891, 38.908445], [-94.593856, 38.908934], [-94.593847, 38.909032], [-94.593829, 38.909235], [-94.593811, 38.909446], [-94.593777, 38.909928], [-94.593742, 38.910392], [-94.593678, 38.911205], [-94.593654, 38.911512], [-94.59362, 38.911979], [-94.593596, 38.91226], [-94.593581, 38.912415], [-94.593566, 38.91263], [-94.593558, 38.912768], [-94.593531, 38.913116], [-94.593524, 38.913226], [-94.593515, 38.913331], [-94.593479, 38.913822], [-94.593457, 38.914098], [-94.593447, 38.914228], [-94.59339, 38.914945], [-94.593334, 38.915716], [-94.593298, 38.916125], [-94.593273, 38.916401], [-94.593011, 38.916493], [-94.592049, 38.916829], [-94.591742, 38.916943], [-94.590952, 38.917194], [-94.590709, 38.91727], [-94.590609, 38.91731], [-94.590496, 38.917406], [-94.59043, 38.917465], [-94.590292, 38.917616], [-94.590191, 38.917743], [-94.590147, 38.917859], [-94.590085, 38.918143], [-94.589983, 38.918993], [-94.589973, 38.919128], [-94.589927, 38.919766], [-94.589867, 38.920672], [-94.589855, 38.920886], [-94.589815, 38.921052], [-94.589747, 38.921162], [-94.589567, 38.921335], [-94.589378, 38.921461], [-94.589309, 38.921486], [-94.589191, 38.921529], [-94.588817, 38.921579], [-94.588435, 38.921551], [-94.588313, 38.923132], [-94.58831, 38.923188], [-94.588274, 38.923982], [-94.588258, 38.924129], [-94.588211, 38.924548], [-94.588144, 38.92533], [-94.588105, 38.925885], [-94.588087, 38.926158], [-94.588334, 38.926175], [-94.588866, 38.926206], [-94.589087, 38.92622], [-94.58927, 38.926234], [-94.589538, 38.92625], [-94.589973, 38.926279], [-94.590311, 38.926296], [-94.590597, 38.926315], [-94.591104, 38.926352], [-94.591362, 38.926374], [-94.591567, 38.926388], [-94.591763, 38.926399], [-94.591828, 38.926402], [-94.592088, 38.926412], [-94.592211, 38.926414], [-94.592346, 38.926417], [-94.592375, 38.926417], [-94.592562, 38.926419], [-94.59259, 38.926529], [-94.59264, 38.926639], [-94.592644, 38.926647], [-94.592714, 38.926788], [-94.592871, 38.927075], [-94.592879, 38.927092], [-94.593187, 38.927694], [-94.593537, 38.928398], [-94.593981, 38.929279], [-94.59402, 38.929353], [-94.594071, 38.929451], [-94.594393, 38.930059], [-94.594658, 38.930579], [-94.59468, 38.930621], [-94.595218, 38.931671], [-94.595613, 38.932437], [-94.595765, 38.932732], [-94.595918, 38.933031], [-94.596007, 38.933202], [-94.59641, 38.933979], [-94.59662, 38.934381], [-94.596683, 38.934499], [-94.596766, 38.934671], [-94.596784, 38.934711], [-94.596807, 38.934762], [-94.596867, 38.934918], [-94.596907, 38.935076], [-94.59693, 38.935237], [-94.596937, 38.9354], [-94.596937, 38.935563], [-94.596914, 38.935997], [-94.596905, 38.936205], [-94.596898, 38.936342], [-94.596894, 38.936458], [-94.596885, 38.936692], [-94.597736, 38.936728], [-94.59867, 38.93675], [-94.599586, 38.936804], [-94.599919, 38.936816], [-94.600149, 38.936818], [-94.600322, 38.936818], [-94.600443, 38.936799], [-94.60051, 38.93679], [-94.600652, 38.936743], [-94.60078, 38.936691], [-94.600886, 38.936641], [-94.600983, 38.936582], [-94.601061, 38.936534], [-94.601114, 38.936489], [-94.601178, 38.936433], [-94.601223, 38.936379], [-94.601275, 38.936298], [-94.601331, 38.936182], [-94.601381, 38.936053], [-94.601428, 38.935898], [-94.601468, 38.935752], [-94.601573, 38.9354], [-94.601659, 38.935082], [-94.60167, 38.935045], [-94.601866, 38.935088], [-94.602092, 38.935118], [-94.602248, 38.935127], [-94.602378, 38.935121], [-94.602531, 38.93511], [-94.602613, 38.935094], [-94.602748, 38.935074], [-94.60284, 38.935051], [-94.602982, 38.935009], [-94.603149, 38.934967], [-94.603235, 38.93495], [-94.603307, 38.934936], [-94.603464, 38.934924], [-94.60373, 38.934918], [-94.603767, 38.934916], [-94.603935, 38.934933], [-94.604072, 38.934947], [-94.604225, 38.934986], [-94.604326, 38.935009], [-94.604499, 38.93506], [-94.604579, 38.935094], [-94.60472, 38.93516], [-94.60485, 38.935214], [-94.604963, 38.935243], [-94.605035, 38.935273], [-94.605099, 38.935288], [-94.605154, 38.935296], [-94.605236, 38.935298], [-94.605295, 38.935293], [-94.605419, 38.935271], [-94.605501, 38.935246], [-94.605568, 38.935211], [-94.605695, 38.935121], [-94.605862, 38.934973], [-94.605907, 38.935006], [-94.606002, 38.935062], [-94.606147, 38.935124], [-94.606174, 38.935136], [-94.606262, 38.935164], [-94.606204, 38.935145], [-94.606054, 38.935325], [-94.60595, 38.935469], [-94.605823, 38.935622], [-94.605766, 38.935712], [-94.605535, 38.935622], [-94.605523, 38.935586], [-94.605523, 38.935622], [-94.605523, 38.935586], [-94.605685, 38.935541], [-94.605766, 38.935703], [-94.605754, 38.935703], [-94.605766, 38.935703], [-94.606193, 38.935145], [-94.606262, 38.935164], [-94.606382, 38.935195], [-94.606504, 38.935211], [-94.606637, 38.935218], [-94.606757, 38.935211], [-94.606763, 38.935211], [-94.607071, 38.935189], [-94.607451, 38.935174], [-94.607771, 38.935156], [-94.607955, 38.935152], [-94.607955, 38.935282], [-94.607955, 38.935485], [-94.607954, 38.935628], [-94.607956, 38.935907], [-94.607961, 38.936717], [-94.607961, 38.936878], [-94.607967, 38.936976], [-94.607963, 38.937077], [-94.607991, 38.937358], [-94.608016, 38.937798], [-94.608108, 38.938414], [-94.608129, 38.938521], [-94.608143, 38.93858], [-94.608158, 38.938642], [-94.608171, 38.93869], [-94.608192, 38.938755], [-94.608215, 38.93883], [-94.608262, 38.93898], [-94.608322, 38.939171], [-94.60839, 38.939383], [-94.608424, 38.939484], [-94.608455, 38.939573], [-94.608476, 38.939644], [-94.6085, 38.939718], [-94.608536, 38.939839], [-94.608564, 38.939965], [-94.608591, 38.940098], [-94.608604, 38.940198], [-94.608613, 38.940311], [-94.60862, 38.940528], [-94.608625, 38.940624], [-94.60862, 38.940849], [-94.608609, 38.941043], [-94.608585, 38.94122], [-94.608543, 38.941375], [-94.608535, 38.941411], [-94.608462, 38.941631], [-94.608352, 38.94191], [-94.608298, 38.942065], [-94.608136, 38.942067], [-94.607466, 38.942033], [-94.606206, 38.941985], [-94.60615, 38.941983], [-94.605669, 38.941957], [-94.60525, 38.941932], [-94.604534, 38.941887], [-94.604264, 38.94187], [-94.60333, 38.941827], [-94.602509, 38.941791], [-94.601248, 38.941746], [-94.599677, 38.941688], [-94.598865, 38.941653], [-94.598652, 38.941645], [-94.597211, 38.941597], [-94.596648, 38.941574], [-94.596635, 38.941813], [-94.596611, 38.942146], [-94.596602, 38.942334], [-94.596597, 38.942438], [-94.596575, 38.942757], [-94.596535, 38.943578], [-94.596517, 38.943981], [-94.596514, 38.944037], [-94.596514, 38.944136], [-94.596489, 38.944555], [-94.596485, 38.944637], [-94.596447, 38.945433], [-94.596406, 38.946283], [-94.596368, 38.947069], [-94.596339, 38.947606], [-94.59632, 38.947986], [-94.596303, 38.948312], [-94.596279, 38.948711], [-94.596273, 38.948818], [-94.596242, 38.949232], [-94.596237, 38.949285], [-94.596203, 38.949702], [-94.596181, 38.949967], [-94.59617, 38.950111], [-94.596121, 38.950637], [-94.596044, 38.951566], [-94.596011, 38.951928], [-94.595982, 38.952269], [-94.595968, 38.952449], [-94.595956, 38.952671], [-94.595941, 38.952964], [-94.595918, 38.953417], [-94.595906, 38.953679], [-94.595882, 38.954397], [-94.595881, 38.954476], [-94.595804, 38.954577], [-94.595781, 38.955392], [-94.595766, 38.955868], [-94.595759, 38.95606], [-94.595754, 38.956116], [-94.595753, 38.956173], [-94.595742, 38.9564], [-94.595738, 38.956496], [-94.59572, 38.956828], [-94.595716, 38.95716], [-94.595713, 38.957456], [-94.59571, 38.957588], [-94.595704, 38.957869], [-94.595696, 38.958205], [-94.595692, 38.958294], [-94.595685, 38.958382], [-94.595678, 38.958463], [-94.595661, 38.958564], [-94.595643, 38.95864], [-94.595618, 38.958733], [-94.595597, 38.958793], [-94.595562, 38.95888], [-94.595509, 38.958992], [-94.595309, 38.959308], [-94.59523, 38.959443], [-94.595044, 38.959784], [-94.594948, 38.959971], [-94.594853, 38.960185], [-94.594783, 38.96038], [-94.594748, 38.960498], [-94.594742, 38.96056], [-94.594784, 38.960652], [-94.594759, 38.960756], [-94.594755, 38.960844], [-94.594757, 38.960906], [-94.594763, 38.96112], [-94.594778, 38.961241], [-94.594809, 38.961365], [-94.594862, 38.961509], [-94.594956, 38.961719], [-94.595091, 38.962032], [-94.595144, 38.962155], [-94.595187, 38.962251], [-94.595205, 38.962287], [-94.595256, 38.96239], [-94.595301, 38.962482], [-94.595357, 38.962603], [-94.595404, 38.962716], [-94.595451, 38.962826], [-94.595473, 38.962888], [-94.595501, 38.962975], [-94.595524, 38.963067], [-94.595549, 38.963178], [-94.59556, 38.963295], [-94.595566, 38.963526], [-94.59553, 38.964463], [-94.595496, 38.965325], [-94.59547, 38.965992], [-94.595457, 38.966247], [-94.595454, 38.966318], [-94.595444, 38.966512], [-94.595426, 38.966912], [-94.595411, 38.967275], [-94.595386, 38.967941], [-94.595375, 38.968251], [-94.595357, 38.968741], [-94.595337, 38.969226], [-94.595333, 38.969285], [-94.595318, 38.969558], [-94.595314, 38.969659], [-94.595286, 38.970553], [-94.595262, 38.971029], [-94.595219, 38.971711], [-94.595183, 38.972365], [-94.595168, 38.972622], [-94.595121, 38.97348], [-94.595111, 38.973776], [-94.5951, 38.974128], [-94.595095, 38.974227], [-94.595078, 38.974567], [-94.595044, 38.975251], [-94.595008, 38.976008], [-94.594943, 38.977207], [-94.594932, 38.977387], [-94.594823, 38.979618], [-94.594797, 38.980102], [-94.594772, 38.980521], [-94.594725, 38.981403], [-94.594717, 38.981606], [-94.594684, 38.982345], [-94.594644, 38.983235], [-94.594606, 38.984161], [-94.594599, 38.984316], [-94.594562, 38.98505], [-94.594539, 38.985449], [-94.594509, 38.985992], [-94.594457, 38.98688], [-94.594421, 38.987779], [-94.594408, 38.987985], [-94.594358, 38.988709], [-94.594375, 38.989108], [-94.594391, 38.98944], [-94.594393, 38.989519], [-94.594396, 38.989578], [-94.594391, 38.989718], [-94.594346, 38.990681], [-94.594306, 38.991419], [-94.594301, 38.991494], [-94.594297, 38.99174], [-94.594302, 38.992038], [-94.594303, 38.992127], [-94.594296, 38.99235], [-94.594295, 38.992392], [-94.594274, 38.992876], [-94.594262, 38.993186], [-94.594254, 38.993336], [-94.594201, 38.994152], [-94.594149, 38.99504], [-94.594083, 38.99597], [-94.594005, 38.996977], [-94.593954, 38.997782], [-94.593875, 38.998897], [-94.593827, 38.999602], [-94.593777, 39.000323], [-94.593709, 39.001145], [-94.593647, 39.001852], [-94.593273, 39.001846], [-94.59317, 39.00184], [-94.593192, 39.001092], [-94.593199, 39.000796], [-94.59323, 39.000354]]}}, {"type": "Feature", "properties": {"route_id": "601", "route_short_name": "STCR", "route_long_name": "KC Streetcar", "route_type": "Streetcar", "headway_minutes": 10.0, "frequency_tier": "Frequent (\u226415 min)", "color": "#1c5cab"}, "geometry": {"type": "LineString", "coordinates": [[-94.58399, 39.03586], [-94.584009, 39.036179], [-94.58403, 39.036329], [-94.58412, 39.036819], [-94.584279, 39.03766], [-94.584369, 39.037949], [-94.584369, 39.038079], [-94.584369, 39.03821], [-94.58439, 39.0383], [-94.584459, 39.038349], [-94.584679, 39.03847], [-94.5848, 39.03847], [-94.584909, 39.038689], [-94.585029, 39.03891], [-94.585219, 39.03919], [-94.585399, 39.039509], [-94.585539, 39.039779], [-94.5856, 39.0399], [-94.585629, 39.039959], [-94.585769, 39.04025], [-94.585949, 39.04055], [-94.586039, 39.040689], [-94.586119, 39.040829], [-94.586249, 39.04109], [-94.58645, 39.041489], [-94.5866, 39.041829], [-94.586669, 39.042039], [-94.58678, 39.04217], [-94.58682, 39.042369], [-94.586849, 39.04262], [-94.58687, 39.04279], [-94.58687, 39.042899], [-94.58687, 39.04297], [-94.58687, 39.04323], [-94.586849, 39.043559], [-94.586839, 39.04379], [-94.586839, 39.043889], [-94.586829, 39.044079], [-94.58682, 39.044269], [-94.58682, 39.044369], [-94.58681, 39.044609], [-94.58678, 39.045329], [-94.58677, 39.045609], [-94.586749, 39.04593], [-94.586739, 39.04601], [-94.58672, 39.046229], [-94.586709, 39.046409], [-94.58668, 39.04682], [-94.586649, 39.04727], [-94.586609, 39.04799], [-94.5866, 39.04817], [-94.58659, 39.048329], [-94.586579, 39.04846], [-94.586579, 39.04855], [-94.586569, 39.04864], [-94.586559, 39.048879], [-94.586529, 39.04936], [-94.5865, 39.049859], [-94.586489, 39.050039], [-94.586479, 39.050119], [-94.586469, 39.050279], [-94.58646, 39.050499], [-94.58645, 39.05061], [-94.586439, 39.050749], [-94.586439, 39.050849], [-94.58642, 39.051109], [-94.58642, 39.05116], [-94.586399, 39.05144], [-94.586399, 39.0515], [-94.586379, 39.05169], [-94.586379, 39.051759], [-94.586379, 39.051829], [-94.586339, 39.05249], [-94.586339, 39.052549], [-94.586309, 39.053009], [-94.586299, 39.053259], [-94.586289, 39.053429], [-94.58628, 39.05348], [-94.58628, 39.053559], [-94.58627, 39.053699], [-94.58624, 39.054169], [-94.586199, 39.05486], [-94.58619, 39.055089], [-94.586169, 39.055359], [-94.58615, 39.05567], [-94.58614, 39.05585], [-94.58614, 39.05594], [-94.586119, 39.05628], [-94.5861, 39.056589], [-94.586069, 39.05702], [-94.58605, 39.05736], [-94.586039, 39.057519], [-94.586029, 39.057659], [-94.586029, 39.05772], [-94.586029, 39.057839], [-94.58601, 39.05826], [-94.586, 39.058409], [-94.585989, 39.058569], [-94.585979, 39.0587], [-94.585949, 39.05909], [-94.585939, 39.05918], [-94.585929, 39.05935], [-94.585899, 39.05987], [-94.585889, 39.06015], [-94.585889, 39.060179], [-94.585849, 39.06088], [-94.585839, 39.061089], [-94.58583, 39.061299], [-94.58582, 39.06141], [-94.58579, 39.061989], [-94.585769, 39.062269], [-94.585769, 39.06233], [-94.585759, 39.062459], [-94.58573, 39.06295], [-94.585719, 39.06314], [-94.585709, 39.063269], [-94.585679, 39.063779], [-94.585659, 39.064239], [-94.58565, 39.06438], [-94.58564, 39.06449], [-94.58564, 39.06457], [-94.585629, 39.064719], [-94.585629, 39.064809], [-94.585629, 39.064899], [-94.585589, 39.065529], [-94.585579, 39.065669], [-94.585579, 39.065759], [-94.585529, 39.06637], [-94.58552, 39.066499], [-94.58551, 39.066669], [-94.585489, 39.06719], [-94.585479, 39.06744], [-94.58546, 39.06771], [-94.58546, 39.06781], [-94.585449, 39.068019], [-94.585439, 39.06834], [-94.58542, 39.06879], [-94.58542, 39.068929], [-94.585409, 39.069189], [-94.585399, 39.069399], [-94.58538, 39.069639], [-94.58537, 39.0698], [-94.585359, 39.07005], [-94.585359, 39.070169], [-94.585349, 39.070299], [-94.585349, 39.070349], [-94.585319, 39.071009], [-94.585319, 39.071369], [-94.585319, 39.071519], [-94.585319, 39.071609], [-94.585309, 39.071739], [-94.585309, 39.07179], [-94.585309, 39.07202], [-94.585309, 39.072169], [-94.585299, 39.072329], [-94.585299, 39.07241], [-94.585299, 39.07268], [-94.585299, 39.07283], [-94.58529, 39.073169], [-94.585269, 39.07347], [-94.585219, 39.07384], [-94.585209, 39.07394], [-94.585179, 39.074129], [-94.58516, 39.074339], [-94.58511, 39.07475], [-94.58507, 39.075139], [-94.585049, 39.07529], [-94.58497, 39.076059], [-94.584939, 39.07629], [-94.584909, 39.07654], [-94.584869, 39.076929], [-94.58483, 39.077309], [-94.584809, 39.07754], [-94.584779, 39.07781], [-94.58475, 39.07797], [-94.58471, 39.078099], [-94.58466, 39.07823], [-94.58456, 39.078479], [-94.584489, 39.07868], [-94.584449, 39.078819], [-94.58438, 39.079119], [-94.584329, 39.0794], [-94.5843, 39.079629], [-94.584269, 39.079919], [-94.58425, 39.080199], [-94.58425, 39.08031], [-94.584239, 39.080459], [-94.584229, 39.08069], [-94.584229, 39.08095], [-94.584219, 39.081239], [-94.584219, 39.081819], [-94.584219, 39.0823], [-94.584219, 39.08248], [-94.58421, 39.082809], [-94.5842, 39.083229], [-94.584189, 39.08336], [-94.584129, 39.083959], [-94.58411, 39.0841], [-94.58408, 39.084299], [-94.584059, 39.084429], [-94.584049, 39.08453], [-94.58402, 39.084779], [-94.584009, 39.08489], [-94.58399, 39.08509], [-94.58398, 39.08525], [-94.58393, 39.085869], [-94.583919, 39.08607], [-94.583909, 39.08625], [-94.583869, 39.0867], [-94.58385, 39.08689], [-94.58385, 39.08696], [-94.58384, 39.087039], [-94.58384, 39.087119], [-94.583819, 39.087299], [-94.5838, 39.087749], [-94.583789, 39.087999], [-94.583769, 39.088259], [-94.583729, 39.088899], [-94.58372, 39.089109], [-94.58371, 39.089349], [-94.583699, 39.089529], [-94.58367, 39.090059], [-94.583649, 39.0904], [-94.58363, 39.09083], [-94.58362, 39.090989], [-94.583599, 39.091359], [-94.583589, 39.091589], [-94.58358, 39.091789], [-94.58357, 39.09194], [-94.583549, 39.092349], [-94.58354, 39.09265], [-94.583519, 39.093029], [-94.583509, 39.09317], [-94.583499, 39.093429], [-94.58349, 39.09371], [-94.58348, 39.093849], [-94.58348, 39.093969], [-94.583469, 39.09409], [-94.583469, 39.094139], [-94.583459, 39.094229], [-94.583459, 39.094299], [-94.583459, 39.09437], [-94.58345, 39.09452], [-94.583429, 39.094939], [-94.583419, 39.09509], [-94.583409, 39.09524], [-94.5834, 39.09536], [-94.5834, 39.09545], [-94.58339, 39.09562], [-94.58339, 39.09578], [-94.58339, 39.095839], [-94.58339, 39.09606], [-94.583379, 39.09624], [-94.583369, 39.09641], [-94.58336, 39.096569], [-94.583339, 39.097019], [-94.583329, 39.09724], [-94.583319, 39.097379], [-94.58331, 39.097549], [-94.5833, 39.0977], [-94.58327, 39.09823], [-94.58327, 39.09833], [-94.58326, 39.09857], [-94.583239, 39.09885], [-94.583229, 39.099069], [-94.58321, 39.099369], [-94.583199, 39.099539], [-94.583199, 39.099629], [-94.583189, 39.099909], [-94.58317, 39.100359], [-94.583149, 39.100809], [-94.583109, 39.1011], [-94.583099, 39.10139], [-94.58308, 39.101709], [-94.58308, 39.101859], [-94.583059, 39.102329], [-94.583059, 39.10255], [-94.58308, 39.1028], [-94.58309, 39.1029], [-94.583099, 39.10307], [-94.583109, 39.103299], [-94.583109, 39.103579], [-94.58313, 39.10361], [-94.583149, 39.10364], [-94.583159, 39.103669], [-94.58317, 39.10371], [-94.58318, 39.10382], [-94.583189, 39.103949], [-94.58318, 39.104319], [-94.58317, 39.10451], [-94.583149, 39.1047], [-94.58312, 39.104939], [-94.583109, 39.10506], [-94.583109, 39.10523], [-94.583109, 39.10533], [-94.58312, 39.10541], [-94.583099, 39.105479], [-94.583049, 39.10552], [-94.58309, 39.10571], [-94.583139, 39.10588], [-94.583229, 39.106079], [-94.583319, 39.106269], [-94.583379, 39.106389], [-94.58357, 39.10676], [-94.583639, 39.106909], [-94.58385, 39.107349], [-94.584039, 39.107909], [-94.584089, 39.108059], [-94.583509, 39.108189], [-94.583469, 39.1082], [-94.583339, 39.10823], [-94.582969, 39.1083], [-94.582829, 39.108329], [-94.58249, 39.10839], [-94.58227, 39.108429], [-94.58165, 39.10856], [-94.58047, 39.108789], [-94.580679, 39.109429], [-94.580719, 39.10955], [-94.580769, 39.109719], [-94.580979, 39.110339], [-94.581029, 39.110489], [-94.58105, 39.11054], [-94.581089, 39.110679], [-94.58111, 39.110789], [-94.58111, 39.1109], [-94.5811, 39.11101], [-94.581079, 39.11111], [-94.58105, 39.111229], [-94.58102, 39.111339], [-94.580999, 39.111409], [-94.58096, 39.11157], [-94.580939, 39.11172], [-94.58093, 39.111759], [-94.580909, 39.111869], [-94.580859, 39.112049], [-94.580799, 39.112239], [-94.58074, 39.112419], [-94.580679, 39.112579], [-94.58061, 39.112779], [-94.580539, 39.112959], [-94.580489, 39.113049], [-94.580359, 39.113299], [-94.580269, 39.11345], [-94.580139, 39.113639], [-94.579999, 39.113829], [-94.579859, 39.11399], [-94.579729, 39.114129], [-94.57957, 39.114289], [-94.57939, 39.114449], [-94.579229, 39.114579], [-94.579059, 39.11471], [-94.57885, 39.114849], [-94.578649, 39.11497], [-94.578549, 39.115029], [-94.578429, 39.115099], [-94.57827, 39.115179], [-94.57809, 39.115269], [-94.577889, 39.115359], [-94.577709, 39.11543], [-94.577489, 39.11551], [-94.577299, 39.115569], [-94.577119, 39.115619], [-94.57692, 39.11567], [-94.576799, 39.1157], [-94.576669, 39.115729], [-94.57647, 39.11577], [-94.57638, 39.11579], [-94.57611, 39.115829], [-94.57588, 39.115839], [-94.575679, 39.115839], [-94.575489, 39.115829], [-94.575309, 39.115809], [-94.575189, 39.1158], [-94.575009, 39.11576], [-94.574829, 39.115709], [-94.57476, 39.11568], [-94.574639, 39.115639], [-94.574499, 39.11558], [-94.574409, 39.115749], [-94.574339, 39.11587], [-94.574159, 39.11613], [-94.57408, 39.116199], [-94.574, 39.116249], [-94.57382, 39.11633], [-94.57305, 39.11659], [-94.5726, 39.11676], [-94.572449, 39.116819], [-94.572079, 39.116979], [-94.57196, 39.11703], [-94.57188, 39.117069]]}}, {"type": "Feature", "properties": {"route_id": "63", "route_short_name": "63", "route_long_name": "63rd Street", "route_type": "Bus", "headway_minutes": 60.0, "frequency_tier": "Infrequent (31\u201360 min)", "color": "#6da7ec"}, "geometry": {"type": "LineString", "coordinates": [[-94.590593, 39.013981], [-94.590085, 39.013959], [-94.589554, 39.013936], [-94.589021, 39.013899], [-94.588384, 39.013855], [-94.587782, 39.013832], [-94.587254, 39.013809], [-94.586105, 39.013756], [-94.584975, 39.013702], [-94.58377, 39.013652], [-94.583038, 39.013618], [-94.581508, 39.013544], [-94.580881, 39.013519], [-94.580586, 39.013508], [-94.579795, 39.013477], [-94.579479, 39.013466], [-94.579183, 39.013455], [-94.578734, 39.013435], [-94.577759, 39.013387], [-94.577417, 39.013373], [-94.576874, 39.013348], [-94.576311, 39.01332], [-94.575729, 39.013291], [-94.575394, 39.01328], [-94.575042, 39.013264], [-94.574573, 39.013243], [-94.57414, 39.013227], [-94.573824, 39.013216], [-94.573407, 39.013204], [-94.572267, 39.013167], [-94.57204, 39.013156], [-94.571088, 39.013117], [-94.57046, 39.0131], [-94.56998, 39.013078], [-94.569599, 39.013058], [-94.568943, 39.013035], [-94.568762, 39.013032], [-94.568638, 39.013075], [-94.568152, 39.013049], [-94.567505, 39.013027], [-94.567317, 39.013021], [-94.567137, 39.013004], [-94.56701, 39.012946], [-94.565115, 39.012881], [-94.564764, 39.012869], [-94.564706, 39.012866], [-94.56464, 39.012864], [-94.564563, 39.012861], [-94.564263, 39.012847], [-94.563561, 39.012811], [-94.563058, 39.012787], [-94.56254, 39.012765], [-94.562155, 39.012749], [-94.56149, 39.012721], [-94.560781, 39.012692], [-94.560642, 39.012686], [-94.559467, 39.012632], [-94.55866, 39.012585], [-94.558566, 39.01254], [-94.55852, 39.012534], [-94.558397, 39.012531], [-94.557314, 39.012484], [-94.55676, 39.012459], [-94.556494, 39.01245], [-94.556174, 39.012439], [-94.55589, 39.012427], [-94.555756, 39.012422], [-94.555646, 39.012416], [-94.555391, 39.012405], [-94.555234, 39.012399], [-94.555045, 39.012391], [-94.554845, 39.012382], [-94.554704, 39.012376], [-94.554445, 39.012363], [-94.55413, 39.012352], [-94.553901, 39.012348], [-94.553749, 39.012345], [-94.553279, 39.012323], [-94.552687, 39.012296], [-94.552612, 39.01229], [-94.552526, 39.012318], [-94.552336, 39.012306], [-94.551519, 39.012287], [-94.550346, 39.01223], [-94.549194, 39.012182], [-94.548035, 39.012134], [-94.546865, 39.012081], [-94.544642, 39.011983], [-94.544543, 39.012019], [-94.544298, 39.012008], [-94.544005, 39.011997], [-94.543619, 39.011986], [-94.543395, 39.011977], [-94.542824, 39.011951], [-94.542327, 39.011929], [-94.54209, 39.011916], [-94.541827, 39.011901], [-94.541657, 39.011896], [-94.541432, 39.011888], [-94.541011, 39.011867], [-94.540154, 39.011812], [-94.539158, 39.011761], [-94.537796, 39.011699], [-94.537567, 39.011688], [-94.537381, 39.011682], [-94.5372, 39.01167], [-94.537036, 39.011665], [-94.536883, 39.011667], [-94.53673, 39.01167], [-94.536653, 39.011674], [-94.536555, 39.011682], [-94.536383, 39.011702], [-94.536225, 39.011727], [-94.536084, 39.011755], [-94.535949, 39.011789], [-94.535831, 39.011823], [-94.535685, 39.011875], [-94.53557, 39.011915], [-94.53543, 39.011963], [-94.535275, 39.012011], [-94.535144, 39.012044], [-94.535014, 39.012075], [-94.53487, 39.012107], [-94.534722, 39.012135], [-94.534567, 39.01216], [-94.534434, 39.012174], [-94.534307, 39.012185], [-94.534149, 39.012196], [-94.533969, 39.0122], [-94.533741, 39.012203], [-94.533544, 39.012208], [-94.533337, 39.012214], [-94.533174, 39.012217], [-94.533017, 39.012224], [-94.532854, 39.012239], [-94.532711, 39.012256], [-94.532567, 39.01227], [-94.532364, 39.012293], [-94.53224, 39.012304], [-94.532115, 39.012318], [-94.531998, 39.012337], [-94.531518, 39.012417], [-94.530844, 39.012619], [-94.530038, 39.012925], [-94.529833, 39.013002], [-94.529656, 39.013064], [-94.529514, 39.013123], [-94.529341, 39.01319], [-94.529203, 39.013241], [-94.528986, 39.013314], [-94.5288, 39.013371], [-94.528678, 39.013367], [-94.5286, 39.013396], [-94.528482, 39.013432], [-94.528198, 39.013503], [-94.528093, 39.013527], [-94.527906, 39.013564], [-94.527705, 39.013598], [-94.527645, 39.013604], [-94.527478, 39.013635], [-94.52715, 39.01368], [-94.526965, 39.013711], [-94.526334, 39.013812], [-94.526013, 39.013865], [-94.525512, 39.013944], [-94.525183, 39.013995], [-94.524688, 39.014074], [-94.523869, 39.014204], [-94.523443, 39.014287], [-94.523353, 39.014304], [-94.523123, 39.01435], [-94.52306, 39.014364], [-94.522703, 39.014442], [-94.522277, 39.014535], [-94.522209, 39.014552], [-94.522112, 39.014532], [-94.521805, 39.014572], [-94.521617, 39.0146], [-94.521403, 39.014628], [-94.521108, 39.014665], [-94.520801, 39.014704], [-94.520517, 39.014746], [-94.520296, 39.01478], [-94.52018, 39.014797], [-94.519771, 39.014865], [-94.51964, 39.014885], [-94.519433, 39.014924], [-94.519273, 39.014947], [-94.519119, 39.014972], [-94.518809, 39.015014], [-94.518564, 39.015048], [-94.518103, 39.015115], [-94.517685, 39.015175], [-94.517264, 39.015222], [-94.516975, 39.015247], [-94.516842, 39.015259], [-94.516733, 39.015267], [-94.516499, 39.015278], [-94.516322, 39.015276], [-94.516206, 39.01527], [-94.516112, 39.015265], [-94.515811, 39.015236], [-94.515657, 39.015217], [-94.515471, 39.015192], [-94.515317, 39.015169], [-94.515144, 39.01514], [-94.514983, 39.015106], [-94.514855, 39.015073], [-94.514685, 39.015031], [-94.514533, 39.014985], [-94.514382, 39.014935], [-94.514194, 39.014868], [-94.513999, 39.014798], [-94.513789, 39.014716], [-94.513649, 39.014657], [-94.513526, 39.014606], [-94.513368, 39.014541], [-94.513282, 39.014504], [-94.513165, 39.014454], [-94.512975, 39.014373], [-94.512805, 39.014299], [-94.512366, 39.014105], [-94.512236, 39.014051], [-94.511725, 39.013835], [-94.511189, 39.013615], [-94.510988, 39.013531], [-94.510521, 39.013348], [-94.510312, 39.013267], [-94.509911, 39.013125], [-94.509648, 39.013026], [-94.509435, 39.012948], [-94.509234, 39.012873], [-94.509037, 39.012799], [-94.508875, 39.01274], [-94.508723, 39.012689], [-94.508511, 39.012619], [-94.508302, 39.012557], [-94.50807, 39.012493], [-94.508054, 39.012489], [-94.507864, 39.012439], [-94.507701, 39.012399], [-94.507555, 39.012365], [-94.507362, 39.012323], [-94.507175, 39.012295], [-94.507007, 39.012275], [-94.506811, 39.012259], [-94.506559, 39.01225], [-94.506339, 39.012256], [-94.506185, 39.012278], [-94.506004, 39.01231], [-94.505892, 39.012335], [-94.50578, 39.012358], [-94.505645, 39.012393], [-94.505523, 39.01243], [-94.505386, 39.012476], [-94.505242, 39.01254], [-94.505129, 39.012587], [-94.505014, 39.012647], [-94.504898, 39.012711], [-94.50479, 39.012771], [-94.504681, 39.012832], [-94.504521, 39.012923], [-94.504401, 39.012996], [-94.504292, 39.013061], [-94.504164, 39.013133], [-94.504007, 39.013215], [-94.503882, 39.013275], [-94.503702, 39.01335], [-94.503562, 39.013396], [-94.503415, 39.013435], [-94.503258, 39.013469], [-94.503146, 39.013489], [-94.503041, 39.013505], [-94.502938, 39.013519], [-94.502814, 39.01353], [-94.502673, 39.013536], [-94.502532, 39.013539], [-94.502412, 39.013533], [-94.502303, 39.013525], [-94.502225, 39.013517], [-94.502123, 39.013502], [-94.502021, 39.013482], [-94.501913, 39.013458], [-94.501763, 39.013427], [-94.501491, 39.013365], [-94.501187, 39.013297], [-94.500996, 39.013254], [-94.500829, 39.013213], [-94.500674, 39.013176], [-94.500495, 39.013131], [-94.50035, 39.013092], [-94.500212, 39.013049], [-94.500083, 39.012999], [-94.499972, 39.012954], [-94.49984, 39.012895], [-94.49972, 39.01283], [-94.499624, 39.012774], [-94.499505, 39.012698], [-94.499285, 39.012526], [-94.499154, 39.012417], [-94.499094, 39.012352], [-94.498975, 39.012228], [-94.498891, 39.012143], [-94.498824, 39.012078], [-94.498757, 39.012003], [-94.498695, 39.011921], [-94.498654, 39.011871], [-94.498598, 39.011805], [-94.498532, 39.011741], [-94.498459, 39.011674], [-94.498395, 39.011617], [-94.498343, 39.011567], [-94.498228, 39.011471], [-94.49812, 39.011392], [-94.498011, 39.011308], [-94.497934, 39.011262], [-94.497866, 39.011223], [-94.49776, 39.011161], [-94.497663, 39.011108], [-94.497528, 39.011048], [-94.497384, 39.010986], [-94.497062, 39.010852], [-94.496819, 39.010764], [-94.496669, 39.01071], [-94.496007, 39.010463], [-94.495825, 39.010393], [-94.495711, 39.010351], [-94.495603, 39.010314], [-94.495502, 39.010277], [-94.495418, 39.010246], [-94.495317, 39.010213], [-94.49521, 39.010181], [-94.495091, 39.010145], [-94.494971, 39.010112], [-94.494834, 39.010078], [-94.494697, 39.010052], [-94.49454, 39.010024], [-94.494348, 39.010001], [-94.494211, 39.009987], [-94.494071, 39.009974], [-94.493919, 39.009968], [-94.493769, 39.00996], [-94.493606, 39.009956], [-94.493432, 39.009946], [-94.49329, 39.009942], [-94.493099, 39.009934], [-94.492836, 39.009923], [-94.492632, 39.009917], [-94.492436, 39.009912], [-94.492292, 39.009908], [-94.49217, 39.009903], [-94.492037, 39.009897], [-94.491877, 39.009891], [-94.491708, 39.009884], [-94.491538, 39.009878], [-94.491356, 39.009875], [-94.491252, 39.009872], [-94.490976, 39.009858], [-94.490593, 39.009838], [-94.489941, 39.009796], [-94.489819, 39.00979], [-94.489709, 39.009788], [-94.489412, 39.009779], [-94.48922, 39.009771], [-94.489064, 39.009765], [-94.488944, 39.00976], [-94.488849, 39.009757], [-94.488561, 39.009751], [-94.488172, 39.009753], [-94.487763, 39.009754], [-94.487634, 39.009801], [-94.487476, 39.009799], [-94.487198, 39.009799], [-94.486904, 39.009796], [-94.486457, 39.009785], [-94.486176, 39.009776], [-94.485274, 39.009743], [-94.484374, 39.009704], [-94.484166, 39.009697], [-94.483917, 39.009686], [-94.483497, 39.009669], [-94.482949, 39.00963], [-94.482825, 39.00967], [-94.482786, 39.009675], [-94.482609, 39.00968], [-94.482253, 39.009678], [-94.482011, 39.009672], [-94.482016, 39.009545], [-94.482043, 39.008552], [-94.482039, 39.008372], [-94.481978, 39.008284], [-94.481997, 39.00793], [-94.482005, 39.007762], [-94.482061, 39.006813], [-94.482122, 39.005434], [-94.482128, 39.005169], [-94.482158, 39.00441], [-94.482166, 39.00421], [-94.48218, 39.003915], [-94.482185, 39.003824], [-94.482202, 39.003486], [-94.482228, 39.003069], [-94.482231, 39.003016], [-94.482256, 39.002564], [-94.482327, 39.00247], [-94.482331, 39.002409], [-94.482583, 39.002419]]}}, {"type": "Feature", "properties": {"route_id": "71", "route_short_name": "71", "route_long_name": "Prospect", "route_type": "Bus", "headway_minutes": 60.0, "frequency_tier": "Infrequent (31\u201360 min)", "color": "#6da7ec"}, "geometry": {"type": "LineString", "coordinates": [[-94.557299, 38.990346], [-94.55728, 38.99078], [-94.55726, 38.991199], [-94.557196, 38.992592], [-94.557114, 38.994422], [-94.557095, 38.994751], [-94.55704, 38.995634], [-94.55699, 38.996237], [-94.556939, 38.997197], [-94.55691, 38.997762], [-94.556895, 38.998032], [-94.556883, 38.998435], [-94.556867, 38.998936], [-94.556835, 38.999476], [-94.556813, 38.999848], [-94.556783, 39.000495], [-94.556773, 39.000742], [-94.556734, 39.001649], [-94.556685, 39.002557], [-94.556628, 39.003461], [-94.556589, 39.004371], [-94.556582, 39.004497], [-94.556539, 39.00529], [-94.556483, 39.006531], [-94.556478, 39.006632], [-94.556464, 39.006878], [-94.556453, 39.007063], [-94.556439, 39.00723], [-94.556432, 39.007406], [-94.556405, 39.007989], [-94.556388, 39.008375], [-94.556383, 39.008498], [-94.556372, 39.008614], [-94.556363, 39.008715], [-94.556314, 39.009501], [-94.556297, 39.009856], [-94.556285, 39.010151], [-94.556259, 39.010702], [-94.556245, 39.011175], [-94.556214, 39.011684], [-94.556182, 39.012293], [-94.556174, 39.012439], [-94.556173, 39.012543], [-94.556164, 39.012655], [-94.556129, 39.013308], [-94.556112, 39.013621], [-94.556079, 39.014228], [-94.556003, 39.015914], [-94.555959, 39.016792], [-94.555932, 39.01733], [-94.555918, 39.017634], [-94.555914, 39.017688], [-94.555826, 39.018766], [-94.555801, 39.01907], [-94.555789, 39.019173], [-94.555764, 39.019302], [-94.555708, 39.019553], [-94.555683, 39.019669], [-94.555663, 39.019804], [-94.555655, 39.019888], [-94.555543, 39.020938], [-94.555526, 39.021102], [-94.555494, 39.021548], [-94.555425, 39.022497], [-94.555396, 39.022908], [-94.555284, 39.024718], [-94.555211, 39.02592], [-94.555195, 39.026193], [-94.555175, 39.026536], [-94.555141, 39.027088], [-94.555062, 39.028351], [-94.554961, 39.030132], [-94.5549, 39.031171], [-94.554855, 39.031948], [-94.554775, 39.033329], [-94.554749, 39.033749], [-94.554719, 39.034252], [-94.554677, 39.034933], [-94.55464, 39.035549], [-94.554591, 39.036509], [-94.554569, 39.036892], [-94.554547, 39.037373], [-94.554544, 39.037449], [-94.554503, 39.038305], [-94.554479, 39.038845], [-94.554474, 39.038936], [-94.554472, 39.038989], [-94.554439, 39.039662], [-94.554399, 39.040477], [-94.554381, 39.040764], [-94.55437, 39.04094], [-94.55436, 39.0411], [-94.554349, 39.041251], [-94.554315, 39.04188], [-94.554269, 39.042616], [-94.554257, 39.042791], [-94.554235, 39.043193], [-94.554202, 39.043922], [-94.554185, 39.044282], [-94.554179, 39.04442], [-94.554168, 39.044607], [-94.554152, 39.044854], [-94.55415, 39.044907], [-94.554073, 39.046219], [-94.554069, 39.046272], [-94.554062, 39.046419], [-94.554052, 39.046657], [-94.554016, 39.047338], [-94.553988, 39.047842], [-94.553977, 39.048065], [-94.553967, 39.048248], [-94.553956, 39.048533], [-94.553948, 39.048717], [-94.553938, 39.048926], [-94.55389, 39.049798], [-94.553877, 39.050043], [-94.553859, 39.050378], [-94.553832, 39.050868], [-94.553799, 39.051496], [-94.553794, 39.051586], [-94.55379, 39.051684], [-94.553781, 39.051839], [-94.553773, 39.051999], [-94.553762, 39.052179], [-94.553735, 39.05274], [-94.553731, 39.052799], [-94.553701, 39.053429], [-94.553691, 39.053637], [-94.553678, 39.053888], [-94.553621, 39.054831], [-94.553604, 39.0551], [-94.553595, 39.055272], [-94.553584, 39.055438], [-94.553574, 39.055612], [-94.553572, 39.055652], [-94.553566, 39.055779], [-94.553522, 39.056465], [-94.553492, 39.057108], [-94.553487, 39.057226], [-94.553481, 39.057322], [-94.553466, 39.057538], [-94.553445, 39.057999], [-94.553394, 39.058996], [-94.55338, 39.059323], [-94.553366, 39.059551], [-94.553324, 39.060554], [-94.553317, 39.06069], [-94.553308, 39.060808], [-94.553301, 39.060918], [-94.553281, 39.061219], [-94.553262, 39.061489], [-94.55324, 39.06183], [-94.553229, 39.062133], [-94.553211, 39.06248], [-94.553201, 39.062635], [-94.553185, 39.062894], [-94.553158, 39.063544], [-94.553126, 39.064194], [-94.553112, 39.064427], [-94.5531, 39.064622], [-94.553032, 39.065953], [-94.553013, 39.06624], [-94.552993, 39.066598], [-94.552961, 39.067444], [-94.552959, 39.067537], [-94.552949, 39.067763], [-94.55294, 39.06804], [-94.552923, 39.068362], [-94.55292, 39.068404], [-94.552905, 39.068694], [-94.552887, 39.069], [-94.55288, 39.069133], [-94.552873, 39.069246], [-94.552869, 39.069319], [-94.552863, 39.069425], [-94.552857, 39.069519], [-94.552847, 39.069687], [-94.55284, 39.069842], [-94.552828, 39.070062], [-94.55282, 39.07021], [-94.552771, 39.071309], [-94.55275, 39.071658], [-94.552733, 39.072026], [-94.552711, 39.072409], [-94.552694, 39.072746], [-94.552678, 39.073084], [-94.552662, 39.073464], [-94.552654, 39.073627], [-94.552643, 39.073808], [-94.552628, 39.074168], [-94.552604, 39.074663], [-94.552594, 39.074896], [-94.552576, 39.075296], [-94.552532, 39.075994], [-94.552519, 39.076345], [-94.552502, 39.076729], [-94.552496, 39.076923], [-94.55249, 39.077092], [-94.552481, 39.077272], [-94.55247, 39.077452], [-94.552422, 39.078538], [-94.552414, 39.078684], [-94.552411, 39.0788], [-94.552407, 39.078901], [-94.552395, 39.079182], [-94.552351, 39.080115], [-94.552349, 39.080157], [-94.55233, 39.080534], [-94.552323, 39.080719], [-94.552314, 39.080877], [-94.552278, 39.081656], [-94.552269, 39.081811], [-94.552252, 39.082214], [-94.552229, 39.082805], [-94.552218, 39.083106], [-94.552204, 39.083399], [-94.552192, 39.083646], [-94.552171, 39.084068], [-94.552158, 39.084338], [-94.552147, 39.084569], [-94.552115, 39.085247], [-94.552102, 39.085537], [-94.552085, 39.085855], [-94.55204, 39.086691], [-94.55197, 39.088051], [-94.551961, 39.088433], [-94.551942, 39.088754], [-94.551929, 39.089091], [-94.551905, 39.089489], [-94.551888, 39.089747], [-94.551817, 39.090811], [-94.551755, 39.092159], [-94.551708, 39.093175], [-94.551632, 39.094576], [-94.551625, 39.094735], [-94.551879, 39.094746], [-94.552132, 39.094757], [-94.552783, 39.094782], [-94.553948, 39.094814], [-94.555062, 39.09485], [-94.555137, 39.094853], [-94.555735, 39.094875], [-94.556025, 39.094884], [-94.556245, 39.094892], [-94.55673, 39.094906], [-94.557402, 39.094923], [-94.55851, 39.094966], [-94.559798, 39.095005], [-94.560401, 39.095024], [-94.560636, 39.09503], [-94.560845, 39.095038], [-94.561065, 39.095046], [-94.561295, 39.095055], [-94.561548, 39.095064], [-94.56231, 39.095094], [-94.56381, 39.09514], [-94.564007, 39.095146], [-94.564548, 39.095171], [-94.564834, 39.095182], [-94.565109, 39.095191], [-94.56561, 39.09521], [-94.565837, 39.095218], [-94.566847, 39.095256], [-94.567604, 39.095281], [-94.567876, 39.095291], [-94.568129, 39.095298], [-94.568315, 39.095305], [-94.568374, 39.095306], [-94.568499, 39.095311], [-94.568771, 39.09532], [-94.568951, 39.095328], [-94.569117, 39.095336], [-94.569305, 39.095343], [-94.569498, 39.095353], [-94.569784, 39.095365], [-94.570082, 39.095379], [-94.570082, 39.095615], [-94.570081, 39.095655], [-94.570064, 39.09586], [-94.570038, 39.095998], [-94.570017, 39.096117], [-94.569989, 39.096265], [-94.569981, 39.096304], [-94.569963, 39.096578], [-94.569957, 39.096749], [-94.569961, 39.096868], [-94.569974, 39.096989], [-94.569979, 39.097039], [-94.569982, 39.097124], [-94.569997, 39.097385], [-94.569958, 39.098188], [-94.569897, 39.099471], [-94.571168, 39.099518], [-94.57192, 39.099545], [-94.571979, 39.099547], [-94.572139, 39.099547], [-94.572185, 39.09955], [-94.572526, 39.099563], [-94.572627, 39.099567], [-94.572685, 39.099569], [-94.572776, 39.099572], [-94.572844, 39.099576], [-94.573939, 39.099617]]}}, {"type": "Feature", "properties": {"route_id": "75", "route_short_name": "75", "route_long_name": "75th Street", "route_type": "Bus", "headway_minutes": 65.0, "frequency_tier": "Limited (60+ min / peak-only)", "color": "#86b6ef"}, "geometry": {"type": "LineString", "coordinates": [[-94.608103, 38.968682], [-94.608104, 38.969062], [-94.608131, 38.970993], [-94.608141, 38.971715], [-94.608144, 38.971935], [-94.608148, 38.972912], [-94.60816, 38.973182], [-94.608159, 38.973539], [-94.608158, 38.973885], [-94.608176, 38.974286], [-94.608193, 38.974682], [-94.608226, 38.975141], [-94.608266, 38.976559], [-94.608272, 38.976695], [-94.608322, 38.977789], [-94.608346, 38.978147], [-94.608378, 38.978709], [-94.608373, 38.978757], [-94.608368, 38.978957], [-94.608293, 38.980553], [-94.608269, 38.981073], [-94.608248, 38.98158], [-94.608245, 38.981692], [-94.608247, 38.981707], [-94.608251, 38.981715], [-94.60832, 38.9818], [-94.608316, 38.981901], [-94.608305, 38.982126], [-94.608241, 38.983666], [-94.608194, 38.984313], [-94.608142, 38.985264], [-94.608123, 38.985616], [-94.608108, 38.985838], [-94.608057, 38.986592], [-94.608035, 38.987057], [-94.608014, 38.987352], [-94.608012, 38.987467], [-94.608, 38.987681], [-94.60798, 38.988501], [-94.60798, 38.988765], [-94.60798, 38.988854], [-94.607977, 38.989128], [-94.60798, 38.98924], [-94.607984, 38.989294], [-94.60799, 38.98937], [-94.608001, 38.989879], [-94.608002, 38.989933], [-94.608007, 38.99013], [-94.607983, 38.990586], [-94.607967, 38.990912], [-94.607958, 38.991866], [-94.607956, 38.992283], [-94.607951, 38.992696], [-94.607945, 38.992977], [-94.607815, 38.992959], [-94.607727, 38.992955], [-94.607642, 38.992953], [-94.60723, 38.992941], [-94.606881, 38.992932], [-94.605767, 38.992883], [-94.605309, 38.992862], [-94.604708, 38.992835], [-94.604628, 38.992831], [-94.603806, 38.992801], [-94.603463, 38.992784], [-94.60229, 38.992733], [-94.601371, 38.992704], [-94.601239, 38.992699], [-94.601055, 38.992693], [-94.600851, 38.992685], [-94.60039, 38.992668], [-94.59999, 38.992654], [-94.598813, 38.99261], [-94.598639, 38.992604], [-94.598206, 38.992587], [-94.597696, 38.99257], [-94.597307, 38.992558], [-94.596509, 38.992528], [-94.596244, 38.992516], [-94.595359, 38.992483], [-94.595215, 38.992474], [-94.594836, 38.992454], [-94.594598, 38.992443], [-94.594522, 38.992438], [-94.594453, 38.992432], [-94.59437, 38.992415], [-94.594295, 38.992392], [-94.594207, 38.992372], [-94.594136, 38.992356], [-94.594035, 38.992339], [-94.593858, 38.992308], [-94.593545, 38.992283], [-94.593402, 38.992272], [-94.593076, 38.992255], [-94.592749, 38.992249], [-94.592588, 38.992246], [-94.591866, 38.992234], [-94.590749, 38.992179], [-94.589556, 38.99213], [-94.588386, 38.992086], [-94.587237, 38.992032], [-94.586088, 38.991982], [-94.584917, 38.991936], [-94.583405, 38.991877], [-94.583318, 38.991875], [-94.582603, 38.99185], [-94.582348, 38.991838], [-94.582285, 38.991835], [-94.580914, 38.991754], [-94.580832, 38.991751], [-94.580293, 38.991731], [-94.579687, 38.991711], [-94.579567, 38.991706], [-94.579138, 38.991689], [-94.577906, 38.991646], [-94.577269, 38.991618], [-94.576859, 38.991599], [-94.575658, 38.991554], [-94.575017, 38.991531], [-94.574529, 38.991514], [-94.574421, 38.991511], [-94.573351, 38.991469], [-94.572228, 38.991421], [-94.571061, 38.991377], [-94.570454, 38.991357], [-94.569928, 38.991337], [-94.568956, 38.991289], [-94.568775, 38.99128], [-94.567633, 38.991216], [-94.567066, 38.991194], [-94.566638, 38.991177], [-94.566508, 38.991171], [-94.566118, 38.991157], [-94.56541, 38.991128], [-94.564149, 38.991076], [-94.563548, 38.991056], [-94.562594, 38.991019], [-94.562073, 38.990999], [-94.561857, 38.990988], [-94.56143, 38.990977], [-94.560737, 38.990946], [-94.559549, 38.990889], [-94.558639, 38.99085], [-94.55844, 38.990842], [-94.557893, 38.990814], [-94.557663, 38.990802], [-94.55728, 38.99078], [-94.557165, 38.990768], [-94.557062, 38.990707], [-94.557021, 38.990701], [-94.556786, 38.990679], [-94.55637, 38.99065], [-94.556121, 38.990631], [-94.556163, 38.990477], [-94.556094, 38.990387], [-94.556348, 38.990036], [-94.556349, 38.989667], [-94.557341, 38.989712], [-94.557341, 38.989712], [-94.556348, 38.990036], [-94.556094, 38.990387], [-94.556163, 38.990477], [-94.556121, 38.990631], [-94.55637, 38.99065], [-94.556786, 38.990679], [-94.557021, 38.990701], [-94.557062, 38.990707], [-94.557165, 38.990768], [-94.55728, 38.99078], [-94.557299, 38.990346], [-94.557316, 38.98997], [-94.557323, 38.989826], [-94.557391, 38.988582], [-94.557395, 38.988506], [-94.557458, 38.987189], [-94.557509, 38.986288], [-94.557517, 38.986189], [-94.557535, 38.985919], [-94.557563, 38.985474], [-94.55759, 38.985033], [-94.557601, 38.984785], [-94.557618, 38.98438], [-94.557665, 38.983562], [-94.557686, 38.982996], [-94.557687, 38.982959], [-94.557732, 38.981749], [-94.557753, 38.981364], [-94.557772, 38.980975], [-94.55777, 38.980621], [-94.557772, 38.980283], [-94.557777, 38.980162], [-94.55779, 38.97992], [-94.557804, 38.979809], [-94.557822, 38.979722], [-94.557846, 38.979632], [-94.557873, 38.979579], [-94.557889, 38.979529], [-94.5579, 38.979477], [-94.557907, 38.979419], [-94.557923, 38.979014], [-94.557929, 38.978887], [-94.557952, 38.977862], [-94.557985, 38.976813], [-94.558007, 38.976438], [-94.558053, 38.975392], [-94.558071, 38.974972], [-94.558092, 38.974493], [-94.558119, 38.973435], [-94.558131, 38.973117], [-94.558149, 38.972638], [-94.557468, 38.972616], [-94.556955, 38.972597], [-94.556625, 38.972585], [-94.556147, 38.972566], [-94.556135, 38.972563], [-94.55606, 38.972517], [-94.555477, 38.972487], [-94.554633, 38.972499], [-94.553893, 38.972507], [-94.553658, 38.972504], [-94.553399, 38.972496], [-94.553268, 38.972492], [-94.5531, 38.972484], [-94.553004, 38.972478], [-94.552885, 38.972467], [-94.552779, 38.972459], [-94.552643, 38.972442], [-94.552294, 38.972405], [-94.552041, 38.972383], [-94.551851, 38.972382], [-94.551759, 38.972382], [-94.551659, 38.972383], [-94.551563, 38.972389], [-94.551447, 38.972402], [-94.551349, 38.972414], [-94.551224, 38.972431], [-94.551052, 38.972464], [-94.550403, 38.972591], [-94.550291, 38.97261], [-94.55019, 38.972625], [-94.549864, 38.972689], [-94.54974, 38.972709], [-94.549448, 38.972754], [-94.549244, 38.97278], [-94.549059, 38.972808], [-94.548914, 38.972839], [-94.548755, 38.972883], [-94.548624, 38.972926], [-94.548434, 38.973007], [-94.548371, 38.973038], [-94.548266, 38.973103], [-94.548109, 38.973216], [-94.54799, 38.973303], [-94.547656, 38.973568], [-94.547545, 38.973644], [-94.547436, 38.973722], [-94.547376, 38.973753], [-94.547218, 38.973829], [-94.547171, 38.973847], [-94.547092, 38.973878], [-94.547027, 38.973902], [-94.547003, 38.973911], [-94.546895, 38.973936], [-94.546762, 38.973958], [-94.546394, 38.974007], [-94.546126, 38.974052], [-94.545823, 38.9741], [-94.545232, 38.974198], [-94.545215, 38.974116], [-94.545197, 38.974034], [-94.545165, 38.97395], [-94.545115, 38.973841], [-94.54506, 38.973748], [-94.545017, 38.973666], [-94.544972, 38.973601], [-94.544936, 38.973553], [-94.544774, 38.973317], [-94.544762, 38.9733], [-94.544521, 38.972966], [-94.544387, 38.972782], [-94.544325, 38.972696], [-94.544066, 38.972343], [-94.54391, 38.972144], [-94.543722, 38.971929], [-94.543605, 38.971814], [-94.543479, 38.971713], [-94.543368, 38.971629], [-94.543223, 38.97153], [-94.542906, 38.971367], [-94.542784, 38.971313], [-94.542726, 38.971203], [-94.542717, 38.971189], [-94.542704, 38.971181], [-94.542017, 38.970821], [-94.541408, 38.970505], [-94.541184, 38.970393], [-94.540896, 38.970247], [-94.540621, 38.970109], [-94.540023, 38.969794], [-94.538717, 38.969163], [-94.538251, 38.96898], [-94.538135, 38.968933], [-94.537363, 38.968693], [-94.53672, 38.968538], [-94.536568, 38.968513], [-94.535937, 38.968415], [-94.53581, 38.968403], [-94.53573, 38.968395], [-94.535573, 38.968378], [-94.535144, 38.96835], [-94.534891, 38.968339], [-94.534527, 38.968344], [-94.534192, 38.968345], [-94.53363, 38.96837], [-94.533108, 38.968389], [-94.53269, 38.968381], [-94.532504, 38.968376], [-94.53228, 38.968367], [-94.532133, 38.968356], [-94.53202, 38.968344], [-94.531542, 38.968279], [-94.53145, 38.968265], [-94.53102, 38.968195], [-94.530917, 38.968172], [-94.530662, 38.968117], [-94.529467, 38.967824], [-94.529274, 38.967784], [-94.529169, 38.967767], [-94.529002, 38.967736], [-94.528923, 38.967723], [-94.528722, 38.967691], [-94.528407, 38.967649], [-94.528049, 38.967616], [-94.527878, 38.967606], [-94.527781, 38.967599], [-94.527635, 38.967596], [-94.527186, 38.96759], [-94.526909, 38.967593], [-94.526617, 38.967593], [-94.526066, 38.967593], [-94.525907, 38.967592], [-94.525406, 38.967584], [-94.52482, 38.967556], [-94.524354, 38.967543], [-94.524034, 38.967526], [-94.523566, 38.967503], [-94.523262, 38.9675], [-94.522862, 38.967477], [-94.522406, 38.967466], [-94.521816, 38.967474], [-94.521603, 38.967457], [-94.521518, 38.967447], [-94.521446, 38.967435], [-94.521384, 38.967413], [-94.521259, 38.96737], [-94.521246, 38.967354], [-94.521232, 38.96734], [-94.521203, 38.967317], [-94.521157, 38.967291], [-94.521124, 38.967272], [-94.521088, 38.967255], [-94.521019, 38.967233], [-94.520967, 38.967216], [-94.520875, 38.967196], [-94.520816, 38.967193], [-94.520752, 38.967199], [-94.520694, 38.967204], [-94.520651, 38.967215], [-94.520611, 38.967227], [-94.520583, 38.967235], [-94.520542, 38.96725], [-94.520495, 38.967272], [-94.520455, 38.967295], [-94.520437, 38.967308], [-94.520257, 38.967376], [-94.520223, 38.967384], [-94.520185, 38.96739], [-94.520094, 38.967396], [-94.519987, 38.967393], [-94.51982, 38.967396], [-94.519666, 38.967385], [-94.51953, 38.967374], [-94.519464, 38.967368], [-94.519407, 38.967362], [-94.519323, 38.967334], [-94.519291, 38.96732], [-94.519186, 38.967261], [-94.519133, 38.967238], [-94.519104, 38.967221], [-94.519064, 38.967198], [-94.519023, 38.96718], [-94.518958, 38.96716], [-94.518906, 38.967145], [-94.518873, 38.967137], [-94.51884, 38.967134], [-94.518805, 38.967131], [-94.518738, 38.967132], [-94.518698, 38.96714], [-94.51864, 38.967154], [-94.518587, 38.967168], [-94.518553, 38.967185], [-94.518495, 38.96721], [-94.51845, 38.96725], [-94.518373, 38.967269], [-94.518285, 38.967289], [-94.518246, 38.967298], [-94.518191, 38.967306], [-94.518108, 38.967309], [-94.517925, 38.967291], [-94.517787, 38.967275], [-94.517643, 38.967264], [-94.517512, 38.967252], [-94.517229, 38.967264], [-94.516909, 38.967255], [-94.516722, 38.967247], [-94.51654, 38.967244], [-94.516257, 38.967235], [-94.515992, 38.967224], [-94.51576, 38.967238], [-94.515311, 38.967224], [-94.514803, 38.967213], [-94.514488, 38.967202], [-94.514179, 38.967188], [-94.513514, 38.967162], [-94.51214, 38.967075], [-94.511655, 38.967052], [-94.511384, 38.967041], [-94.511195, 38.967035], [-94.51075, 38.967018], [-94.510315, 38.966999], [-94.508876, 38.966942], [-94.507746, 38.9669], [-94.506681, 38.966852], [-94.506529, 38.966845], [-94.505572, 38.966811], [-94.504482, 38.966762], [-94.503428, 38.966723], [-94.503282, 38.966714], [-94.503083, 38.966692], [-94.502913, 38.966665], [-94.502574, 38.966602], [-94.502377, 38.966566], [-94.502295, 38.966548], [-94.50218, 38.966478], [-94.502135, 38.966468], [-94.502114, 38.966465], [-94.501924, 38.966445], [-94.501669, 38.966427], [-94.501441, 38.966414], [-94.50071, 38.966392], [-94.500388, 38.966389], [-94.499915, 38.966379], [-94.499658, 38.966372], [-94.499717, 38.966262], [-94.499774, 38.966104], [-94.499813, 38.965955], [-94.499827, 38.965851], [-94.499827, 38.965811], [-94.499826, 38.965749], [-94.499815, 38.965612], [-94.499807, 38.965552], [-94.499797, 38.965493], [-94.499757, 38.965341], [-94.499726, 38.965243], [-94.499694, 38.965161], [-94.499621, 38.965021], [-94.499606, 38.964995], [-94.4995, 38.96484], [-94.499322, 38.964621], [-94.49911, 38.96439], [-94.498746, 38.963999], [-94.498403, 38.963608], [-94.498265, 38.963436], [-94.498142, 38.963264], [-94.498031, 38.963099], [-94.497955, 38.962975], [-94.49789, 38.962848], [-94.497843, 38.962744], [-94.497748, 38.962513], [-94.497709, 38.962395], [-94.497663, 38.962249], [-94.497608, 38.96204], [-94.497578, 38.961852], [-94.49757, 38.961812], [-94.497569, 38.961804], [-94.497551, 38.961581], [-94.497545, 38.961381], [-94.497547, 38.961241], [-94.497577, 38.960467], [-94.497585, 38.960188], [-94.497597, 38.960036], [-94.497619, 38.959921], [-94.497659, 38.959771], [-94.497726, 38.959591], [-94.497776, 38.959485], [-94.497878, 38.959313], [-94.497986, 38.959159], [-94.498211, 38.958905], [-94.498315, 38.958807], [-94.498451, 38.958699], [-94.498585, 38.958601], [-94.498726, 38.958511], [-94.498822, 38.958457], [-94.498911, 38.958413], [-94.49902, 38.958357], [-94.499127, 38.958311], [-94.499262, 38.958261], [-94.499392, 38.958221], [-94.499611, 38.958159], [-94.499835, 38.958117], [-94.500043, 38.958089], [-94.500324, 38.958058], [-94.500671, 38.958022], [-94.501142, 38.957979], [-94.501446, 38.957948], [-94.501666, 38.957923], [-94.501841, 38.9579], [-94.502019, 38.95787], [-94.502268, 38.957824], [-94.502443, 38.957788], [-94.502578, 38.957756], [-94.502764, 38.957709], [-94.502791, 38.957701], [-94.503024, 38.95763], [-94.503185, 38.957568], [-94.503403, 38.957483], [-94.503598, 38.957393], [-94.503641, 38.957374], [-94.503881, 38.957244], [-94.50403, 38.957161], [-94.504165, 38.957081], [-94.504289, 38.956997], [-94.504754, 38.956673], [-94.505168, 38.956386], [-94.505864, 38.955891], [-94.506164, 38.955677], [-94.506601, 38.955364], [-94.50675, 38.955257], [-94.506936, 38.955123], [-94.507058, 38.955024], [-94.507141, 38.954949], [-94.507232, 38.954864], [-94.507311, 38.954774], [-94.507428, 38.954635], [-94.507525, 38.954504], [-94.507579, 38.954419], [-94.507664, 38.954268], [-94.507752, 38.954081], [-94.507817, 38.953929], [-94.507857, 38.953791], [-94.507896, 38.953575], [-94.507331, 38.953515], [-94.50732, 38.953326], [-94.507125, 38.952401], [-94.507965, 38.952461], [-94.50797, 38.952353], [-94.507987, 38.951904], [-94.507996, 38.951695], [-94.508053, 38.950121], [-94.508089, 38.949224], [-94.508146, 38.948315], [-94.508163, 38.947803], [-94.508177, 38.947403], [-94.508217, 38.94661], [-94.50827, 38.945551], [-94.508291, 38.945132], [-94.508309, 38.944723], [-94.508324, 38.94437], [-94.508325, 38.944279], [-94.508359, 38.943609], [-94.508365, 38.943519], [-94.508419, 38.942428], [-94.508495, 38.941], [-94.50851, 38.940731], [-94.508555, 38.940106], [-94.508556, 38.940046], [-94.50856, 38.939982], [-94.508621, 38.939906], [-94.508668, 38.939492], [-94.508674, 38.939407], [-94.508684, 38.939323], [-94.508689, 38.939266], [-94.508696, 38.939157], [-94.508711, 38.939064], [-94.508724, 38.938893], [-94.508726, 38.938735], [-94.508731, 38.938667], [-94.508737, 38.938541], [-94.508743, 38.938374], [-94.508735, 38.937976], [-94.508718, 38.937686], [-94.508695, 38.937375], [-94.508684, 38.937331], [-94.508628, 38.93726], [-94.508612, 38.937134], [-94.508556, 38.93679], [-94.508407, 38.935876], [-94.507987, 38.933], [-94.507917, 38.932538], [-94.507892, 38.932347], [-94.507866, 38.932101], [-94.507801, 38.931438], [-94.507773, 38.930956], [-94.50775, 38.930539], [-94.507754, 38.930138], [-94.507754, 38.930098], [-94.507756, 38.929676], [-94.507752, 38.929611], [-94.507818, 38.928552], [-94.507938, 38.927515], [-94.507985, 38.927255], [-94.508045, 38.926935], [-94.508105, 38.926617], [-94.508154, 38.926372], [-94.508196, 38.926197], [-94.508314, 38.925727], [-94.508465, 38.92519], [-94.508674, 38.924509], [-94.508809, 38.924089], [-94.508847, 38.923966], [-94.508904, 38.923785], [-94.509112, 38.923113], [-94.5093, 38.922573], [-94.509341, 38.922445], [-94.509471, 38.92199], [-94.509625, 38.92145], [-94.509688, 38.921275], [-94.509857, 38.92076], [-94.509938, 38.92052], [-94.510064, 38.920087], [-94.510212, 38.919587], [-94.51026, 38.919437], [-94.510385, 38.919075], [-94.510458, 38.918889], [-94.51051, 38.918765], [-94.51056, 38.918649], [-94.5106, 38.918568], [-94.51065, 38.918464], [-94.5107, 38.918368], [-94.510754, 38.918267], [-94.510805, 38.91817], [-94.510858, 38.918075], [-94.510926, 38.917973], [-94.511015, 38.917831], [-94.511069, 38.91774], [-94.511117, 38.917668], [-94.511167, 38.917588], [-94.51123, 38.917498], [-94.511285, 38.91742], [-94.511345, 38.917337], [-94.511409, 38.917253], [-94.511467, 38.917178], [-94.511561, 38.917064], [-94.511671, 38.916933], [-94.511785, 38.916801], [-94.511881, 38.916697], [-94.511978, 38.916592], [-94.51205, 38.916514], [-94.512352, 38.916212], [-94.512409, 38.916155], [-94.512489, 38.916083], [-94.5126, 38.916052], [-94.512691, 38.915987], [-94.512833, 38.915885], [-94.513271, 38.915551], [-94.513435, 38.915433], [-94.513536, 38.915367], [-94.513728, 38.915238], [-94.51384, 38.915162], [-94.51388, 38.915072], [-94.514048, 38.914955], [-94.514335, 38.914757], [-94.514636, 38.914566], [-94.51448, 38.914414], [-94.513992, 38.913983], [-94.513722, 38.913744], [-94.513093, 38.913212], [-94.512985, 38.913122], [-94.512838, 38.912998], [-94.512546, 38.912719], [-94.512486, 38.912644], [-94.51193, 38.91301], [-94.511759, 38.913153], [-94.511617, 38.913218], [-94.511506, 38.913257], [-94.511317, 38.913269], [-94.511172, 38.913269], [-94.51102, 38.913269], [-94.510838, 38.913263], [-94.510538, 38.91324], [-94.510529, 38.913434], [-94.510527, 38.913507], [-94.510519, 38.913621], [-94.510509, 38.913747], [-94.510501, 38.913893], [-94.510491, 38.914028], [-94.510482, 38.914161], [-94.510473, 38.914278], [-94.510464, 38.914391], [-94.510451, 38.914515], [-94.510439, 38.914664], [-94.510434, 38.914769], [-94.510428, 38.914861], [-94.510427, 38.914988], [-94.510424, 38.915137], [-94.510414, 38.915269], [-94.509917, 38.915233], [-94.509714, 38.915216], [-94.509545, 38.915204], [-94.509378, 38.915188], [-94.509215, 38.915176], [-94.509028, 38.915165], [-94.508853, 38.915156], [-94.508655, 38.915143], [-94.508334, 38.915121], [-94.508073, 38.915103], [-94.507711, 38.915081], [-94.506586, 38.915008], [-94.506276, 38.914994], [-94.505954, 38.914982], [-94.505657, 38.914974], [-94.505482, 38.914969], [-94.505289, 38.914974], [-94.505145, 38.914971], [-94.504722, 38.914954], [-94.504606, 38.914949], [-94.5036, 38.914924], [-94.502556, 38.914881], [-94.501558, 38.914861], [-94.500037, 38.91481], [-94.497726, 38.914771]]}}, {"type": "Feature", "properties": {"route_id": "85", "route_short_name": "85", "route_long_name": "Paseo", "route_type": "Bus", "headway_minutes": 50.0, "frequency_tier": "Infrequent (31\u201360 min)", "color": "#6da7ec"}, "geometry": {"type": "LineString", "coordinates": [[-94.579769, 39.110579], [-94.578557, 39.110827], [-94.57845, 39.110508], [-94.578338, 39.110174], [-94.57804, 39.109251], [-94.579258, 39.10902], [-94.57987, 39.10889], [-94.580464, 39.108777], [-94.580353, 39.108437], [-94.580144, 39.107821], [-94.580116, 39.107739], [-94.580071, 39.10759], [-94.580059, 39.10754], [-94.580048, 39.107483], [-94.580044, 39.107354], [-94.580053, 39.107295], [-94.580083, 39.107109], [-94.580134, 39.106901], [-94.580152, 39.106813], [-94.580177, 39.106703], [-94.58019, 39.106644], [-94.580203, 39.106579], [-94.580237, 39.106374], [-94.580278, 39.106192], [-94.580419, 39.105783], [-94.580558, 39.105418], [-94.580605, 39.105297], [-94.580629, 39.105215], [-94.580647, 39.105072], [-94.58065, 39.105001], [-94.580654, 39.104863], [-94.580658, 39.104737], [-94.580663, 39.104593], [-94.580669, 39.104436], [-94.580702, 39.103503], [-94.580753, 39.102282], [-94.580838, 39.101064], [-94.580854, 39.100867], [-94.580914, 39.099873], [-94.580929, 39.099559], [-94.580961, 39.098548], [-94.580983, 39.098289], [-94.58104, 39.097363], [-94.581044, 39.097183], [-94.581056, 39.09698], [-94.581068, 39.096694], [-94.58109, 39.096316], [-94.581095, 39.096232], [-94.581103, 39.096066], [-94.581104, 39.096017], [-94.581108, 39.095967], [-94.581115, 39.09581], [-94.58112, 39.095695], [-94.581142, 39.095295], [-94.581153, 39.095064], [-94.581165, 39.094779], [-94.581173, 39.09462], [-94.581181, 39.094453], [-94.581191, 39.094285], [-94.5812, 39.09411], [-94.581209, 39.093977], [-94.581216, 39.093831], [-94.58123, 39.093597], [-94.581243, 39.09337], [-94.581253, 39.093176], [-94.581264, 39.092955], [-94.581277, 39.092697], [-94.581292, 39.09241], [-94.581303, 39.092199], [-94.581327, 39.091706], [-94.581338, 39.091484], [-94.581349, 39.091265], [-94.581357, 39.091071], [-94.581367, 39.090876], [-94.581378, 39.090631], [-94.581391, 39.090363], [-94.581404, 39.090076], [-94.581413, 39.089823], [-94.581418, 39.089694], [-94.581427, 39.0895], [-94.581435, 39.089286], [-94.581442, 39.089109], [-94.581445, 39.088999], [-94.581451, 39.088878], [-94.58146, 39.088734], [-94.5815, 39.088127], [-94.581541, 39.087048], [-94.581552, 39.086722], [-94.581559, 39.086553], [-94.581568, 39.086356], [-94.581569, 39.08632], [-94.581576, 39.086173], [-94.581584, 39.086032], [-94.581624, 39.085278], [-94.58166, 39.084851], [-94.581677, 39.084651], [-94.581694, 39.084449], [-94.581778, 39.08435], [-94.581794, 39.08419], [-94.581789, 39.083928], [-94.581807, 39.083646], [-94.581818, 39.083485], [-94.581858, 39.0831], [-94.581869, 39.082979], [-94.58188, 39.082859], [-94.581889, 39.082788], [-94.5819, 39.082715], [-94.581922, 39.082529], [-94.581951, 39.082388], [-94.58201, 39.082273], [-94.582063, 39.082152], [-94.582159, 39.081971], [-94.582273, 39.081771], [-94.58241, 39.081504], [-94.582717, 39.081003], [-94.582768, 39.080905], [-94.582763, 39.080745], [-94.58282, 39.080658], [-94.583034, 39.080295], [-94.583062, 39.080247], [-94.583082, 39.080219], [-94.583128, 39.080112], [-94.583162, 39.079965], [-94.583169, 39.079807], [-94.583168, 39.079742], [-94.583166, 39.079652], [-94.583163, 39.079583], [-94.58316, 39.079414], [-94.582267, 39.079389], [-94.581833, 39.079379], [-94.581839, 39.079292], [-94.581858, 39.079208], [-94.581889, 39.079115], [-94.581931, 39.078961], [-94.581973, 39.078819], [-94.581998, 39.078662], [-94.582031, 39.078119], [-94.580834, 39.078071], [-94.58056, 39.077587], [-94.580106, 39.076815], [-94.579915, 39.076498], [-94.579727, 39.076171], [-94.579569, 39.075895], [-94.579457, 39.075702], [-94.579438, 39.075668], [-94.579403, 39.075597], [-94.579363, 39.075502], [-94.57934, 39.075428], [-94.579323, 39.075319], [-94.579314, 39.07522], [-94.579312, 39.075118], [-94.57931, 39.075004], [-94.57931, 39.074846], [-94.579352, 39.074406], [-94.578695, 39.074388], [-94.578737, 39.073673], [-94.578742, 39.073593], [-94.578755, 39.073295], [-94.578778, 39.072814], [-94.57879, 39.072572], [-94.578873, 39.071249], [-94.578901, 39.070779], [-94.578917, 39.070534], [-94.578923, 39.070357], [-94.578944, 39.069768], [-94.578986, 39.069003], [-94.579013, 39.068592], [-94.579043, 39.068086], [-94.579063, 39.067821], [-94.579078, 39.067632], [-94.579093, 39.067452], [-94.57912, 39.067323], [-94.579161, 39.067207], [-94.579216, 39.067107], [-94.579296, 39.067005], [-94.579379, 39.066912], [-94.579449, 39.066839], [-94.579493, 39.066792], [-94.579695, 39.066591], [-94.579897, 39.066386], [-94.580105, 39.066173], [-94.580385, 39.065869], [-94.58052, 39.065727], [-94.580631, 39.065607], [-94.58071, 39.065497], [-94.580769, 39.065404], [-94.580817, 39.065289], [-94.580864, 39.065134], [-94.580894, 39.064974], [-94.580912, 39.064804], [-94.580927, 39.064625], [-94.580945, 39.064298], [-94.580968, 39.063865], [-94.580984, 39.063597], [-94.580494, 39.063577], [-94.579853, 39.063552], [-94.578675, 39.063521], [-94.577511, 39.063482], [-94.576334, 39.063425], [-94.575193, 39.063386], [-94.574049, 39.063307], [-94.572901, 39.063259], [-94.572226, 39.06324], [-94.572164, 39.063237], [-94.571726, 39.063209], [-94.571278, 39.063192], [-94.57104, 39.063194], [-94.570575, 39.063197], [-94.570493, 39.063194], [-94.570338, 39.063187], [-94.569461, 39.063173], [-94.56928, 39.063172], [-94.568369, 39.063138], [-94.568236, 39.063132], [-94.56777, 39.063113], [-94.567081, 39.063085], [-94.567088, 39.062897], [-94.567099, 39.062676], [-94.567175, 39.061304], [-94.567207, 39.060777], [-94.567289, 39.059489], [-94.567319, 39.059018], [-94.567352, 39.058369], [-94.567368, 39.05794], [-94.567376, 39.057699], [-94.567413, 39.057085], [-94.567431, 39.056807], [-94.567465, 39.05626], [-94.567475, 39.056092], [-94.567486, 39.055911], [-94.567498, 39.055745], [-94.56751, 39.05558], [-94.567525, 39.055377], [-94.567542, 39.055131], [-94.567571, 39.054515], [-94.567586, 39.054125], [-94.567598, 39.053868], [-94.567601, 39.053767], [-94.567638, 39.052976], [-94.567677, 39.052345], [-94.567687, 39.052182], [-94.567727, 39.05143], [-94.567738, 39.051217], [-94.567751, 39.050921], [-94.567761, 39.050736], [-94.567774, 39.050544], [-94.567785, 39.050387], [-94.567864, 39.049244], [-94.567884, 39.048968], [-94.567897, 39.048737], [-94.567907, 39.048577], [-94.567948, 39.047964], [-94.567959, 39.047739], [-94.567978, 39.04735], [-94.567987, 39.047063], [-94.567991, 39.046931], [-94.56801, 39.046523], [-94.568043, 39.045856], [-94.568045, 39.045797], [-94.568071, 39.045394], [-94.568089, 39.045118], [-94.568095, 39.044975], [-94.568128, 39.044604], [-94.568138, 39.044451], [-94.568151, 39.044303], [-94.568244, 39.044203], [-94.568248, 39.044175], [-94.568257, 39.044052], [-94.568273, 39.043815], [-94.568312, 39.043373], [-94.568327, 39.043165], [-94.568371, 39.042377], [-94.568386, 39.042158], [-94.568432, 39.041746], [-94.568441, 39.041609], [-94.568445, 39.041525], [-94.568451, 39.041386], [-94.568456, 39.041252], [-94.568459, 39.041085], [-94.568461, 39.040854], [-94.568443, 39.040455], [-94.56843, 39.040283], [-94.568405, 39.039847], [-94.568394, 39.039655], [-94.568394, 39.03954], [-94.568393, 39.039453], [-94.568392, 39.039388], [-94.568397, 39.039256], [-94.568399, 39.039143], [-94.568397, 39.039079], [-94.568398, 39.038975], [-94.568389, 39.038828], [-94.568381, 39.03867], [-94.568361, 39.038499], [-94.568324, 39.038319], [-94.568219, 39.03788], [-94.568201, 39.037812], [-94.567965, 39.036959], [-94.567832, 39.036515], [-94.567689, 39.036045], [-94.567646, 39.035815], [-94.567603, 39.0356], [-94.567578, 39.035437], [-94.567561, 39.035288], [-94.567553, 39.035139], [-94.567548, 39.034993], [-94.567577, 39.034241], [-94.567582, 39.034086], [-94.567678, 39.03244], [-94.567723, 39.031706], [-94.56779, 39.030616], [-94.567896, 39.028799], [-94.567981, 39.026983], [-94.568017, 39.026333], [-94.568083, 39.025181], [-94.568201, 39.023369], [-94.568223, 39.02299], [-94.568229, 39.022869], [-94.568253, 39.022289], [-94.568262, 39.021931], [-94.568273, 39.021819], [-94.568284, 39.021748], [-94.568308, 39.021676], [-94.56837, 39.021563], [-94.568449, 39.021428], [-94.568567, 39.021261], [-94.568793, 39.020949], [-94.568995, 39.02069], [-94.569256, 39.020341], [-94.569281, 39.020308], [-94.569401, 39.020147], [-94.569663, 39.019801], [-94.56999, 39.019334], [-94.570059, 39.019227], [-94.570092, 39.01916], [-94.570113, 39.019089], [-94.570131, 39.018977], [-94.570171, 39.018475], [-94.570177, 39.018399], [-94.570198, 39.018152], [-94.570272, 39.016942], [-94.570301, 39.016458], [-94.570321, 39.015904], [-94.570348, 39.015327], [-94.570375, 39.014791], [-94.570406, 39.013961], [-94.570425, 39.013663], [-94.570437, 39.013468], [-94.57046, 39.0131], [-94.570464, 39.013019], [-94.570469, 39.012917], [-94.570435, 39.012819], [-94.570417, 39.012773], [-94.570387, 39.012715], [-94.570345, 39.012659], [-94.570273, 39.012596], [-94.570172, 39.012531], [-94.570066, 39.01247], [-94.569978, 39.012495], [-94.569905, 39.012511], [-94.569778, 39.012523], [-94.569613, 39.01252], [-94.569548, 39.01252], [-94.569299, 39.012507], [-94.568748, 39.012481], [-94.568657, 39.01171], [-94.568507, 39.010097], [-94.568488, 39.009706], [-94.568488, 39.009436], [-94.568365, 39.008234], [-94.568017, 39.008183], [-94.567864, 39.008164], [-94.567611, 39.008138], [-94.567424, 39.008066], [-94.567176, 39.00797], [-94.566952, 39.007871], [-94.566736, 39.007776], [-94.566672, 39.007722], [-94.566597, 39.00766], [-94.566507, 39.007593], [-94.566371, 39.007494], [-94.566108, 39.007314], [-94.565849, 39.007137], [-94.565701, 39.007035], [-94.565349, 39.006807], [-94.565072, 39.006619], [-94.564806, 39.006422], [-94.564548, 39.006217], [-94.564396, 39.006086], [-94.564302, 39.006005], [-94.564072, 39.005782], [-94.564006, 39.005713], [-94.563875, 39.005575], [-94.563773, 39.005462], [-94.563686, 39.005355], [-94.563565, 39.0052], [-94.563434, 39.005014], [-94.563317, 39.004823], [-94.563215, 39.004643], [-94.563156, 39.004541], [-94.563068, 39.00437], [-94.562984, 39.004182], [-94.562904, 39.003977], [-94.562888, 39.003926], [-94.562815, 39.003706], [-94.562757, 39.003489], [-94.562748, 39.00345], [-94.5627, 39.003219], [-94.562658, 39.002963], [-94.562641, 39.002799], [-94.562639, 39.002698], [-94.562635, 39.002578], [-94.562639, 39.002057], [-94.56265, 39.001887], [-94.562669, 39.001755], [-94.562728, 39.001469], [-94.5628, 39.001184], [-94.562826, 39.001097], [-94.56286, 39.000993], [-94.562901, 39.000869], [-94.562965, 39.000697], [-94.563051, 39.000503], [-94.56314, 39.000334], [-94.563269, 39.000109], [-94.563421, 38.999867], [-94.563591, 38.999594], [-94.563632, 38.99953], [-94.563822, 38.999234], [-94.564385, 38.998348], [-94.564785, 38.997715], [-94.564885, 38.997562], [-94.565053, 38.997303], [-94.565523, 38.996577], [-94.565646, 38.996386], [-94.565877, 38.996006], [-94.565939, 38.995901], [-94.566012, 38.995772], [-94.566096, 38.995604], [-94.566142, 38.995488], [-94.566182, 38.995376], [-94.566213, 38.995271], [-94.566243, 38.995168], [-94.566271, 38.995058], [-94.566286, 38.994948], [-94.566304, 38.99479], [-94.566334, 38.994432], [-94.566343, 38.994289], [-94.566421, 38.992978], [-94.566458, 38.992184], [-94.566508, 38.991171], [-94.566557, 38.990136], [-94.566564, 38.98998], [-94.566614, 38.989078], [-94.56662, 38.988947], [-94.566659, 38.988033], [-94.566708, 38.987307], [-94.566728, 38.987003], [-94.566727, 38.986862], [-94.566727, 38.986353], [-94.566734, 38.98597], [-94.5668, 38.98492], [-94.566815, 38.984417], [-94.566821, 38.984329], [-94.566829, 38.984181], [-94.566849, 38.98395], [-94.566863, 38.983812], [-94.566872, 38.983736], [-94.566879, 38.983657], [-94.566907, 38.983409], [-94.566878, 38.983353], [-94.566909, 38.982824], [-94.566931, 38.982142], [-94.566969, 38.980947], [-94.567026, 38.979965], [-94.567043, 38.979607], [-94.567062, 38.979242], [-94.567068, 38.979084], [-94.567094, 38.978513], [-94.567143, 38.977787], [-94.567179, 38.977234], [-94.56719, 38.977055], [-94.567235, 38.976244], [-94.567269, 38.975298], [-94.56729, 38.97493], [-94.567316, 38.974505], [-94.567346, 38.973806], [-94.567357, 38.973447], [-94.567367, 38.973064], [-94.568533, 38.973112], [-94.569665, 38.973165], [-94.570802, 38.973216], [-94.571977, 38.973269], [-94.574236, 38.973365], [-94.575224, 38.973404], [-94.576205, 38.97345], [-94.576541, 38.973469], [-94.576796, 38.973483], [-94.576892, 38.973489], [-94.57715, 38.973503], [-94.57728, 38.973509], [-94.577487, 38.973529], [-94.5775, 38.973531], [-94.57773, 38.973564], [-94.578252, 38.97366], [-94.578708, 38.973736], [-94.578844, 38.973751], [-94.57908, 38.973779], [-94.57924, 38.973798], [-94.579474, 38.973813], [-94.579717, 38.973816], [-94.579874, 38.97381], [-94.579991, 38.973804], [-94.580319, 38.973787], [-94.580562, 38.973768], [-94.580817, 38.973747], [-94.581164, 38.973722], [-94.581394, 38.973697], [-94.581575, 38.973681], [-94.581703, 38.973674], [-94.581891, 38.973666], [-94.582149, 38.973668], [-94.582357, 38.973672], [-94.583499, 38.973726], [-94.583791, 38.973737], [-94.584659, 38.973771], [-94.585183, 38.973793], [-94.585796, 38.97382], [-94.587048, 38.973877], [-94.587186, 38.973883], [-94.587343, 38.973894], [-94.587519, 38.973902], [-94.587672, 38.973908], [-94.588044, 38.973919], [-94.588471, 38.973931], [-94.589247, 38.973959], [-94.589875, 38.973992], [-94.590024, 38.973999], [-94.590456, 38.974021], [-94.590995, 38.974041], [-94.591549, 38.974063], [-94.593245, 38.974119], [-94.593355, 38.974169], [-94.593397, 38.974173], [-94.593682, 38.974179], [-94.59442, 38.974193], [-94.594544, 38.9742], [-94.594806, 38.974212], [-94.594955, 38.974221], [-94.595095, 38.974227], [-94.595363, 38.974234], [-94.596029, 38.974257], [-94.596575, 38.974285], [-94.596676, 38.974248], [-94.597494, 38.974286], [-94.597965, 38.974305], [-94.599744, 38.974379], [-94.600902, 38.97444], [-94.601055, 38.974443], [-94.602089, 38.974471], [-94.60262, 38.974479], [-94.603226, 38.974491], [-94.604395, 38.974541], [-94.605476, 38.974575], [-94.606547, 38.974621], [-94.606915, 38.974635], [-94.606902, 38.974555], [-94.606851, 38.974355], [-94.606785, 38.974159], [-94.60672, 38.974001], [-94.606662, 38.973869], [-94.606576, 38.973647], [-94.606442, 38.973387], [-94.606333, 38.973196], [-94.606219, 38.973005], [-94.606156, 38.972901], [-94.606086, 38.972796], [-94.606009, 38.97269], [-94.605908, 38.972554], [-94.605822, 38.972422], [-94.605753, 38.972313], [-94.605677, 38.972191], [-94.605626, 38.972088], [-94.605564, 38.971975], [-94.605509, 38.971825], [-94.605455, 38.97167], [-94.605411, 38.971547], [-94.605371, 38.971414], [-94.605317, 38.971214], [-94.605271, 38.971029], [-94.605227, 38.970854], [-94.6052, 38.970694], [-94.605179, 38.970576], [-94.605164, 38.97048], [-94.605138, 38.970297], [-94.605121, 38.970072], [-94.605096, 38.969732], [-94.605081, 38.969499], [-94.605067, 38.969239], [-94.605059, 38.968904], [-94.605061, 38.968622], [-94.605076, 38.968288], [-94.605087, 38.968128], [-94.605148, 38.967618], [-94.60517, 38.967478], [-94.605187, 38.96732], [-94.605222, 38.967146], [-94.605466, 38.967092], [-94.605574, 38.967069], [-94.605635, 38.967058], [-94.605723, 38.967044], [-94.605867, 38.967024], [-94.605987, 38.967013], [-94.606143, 38.96701], [-94.606346, 38.967013], [-94.606486, 38.967036], [-94.606616, 38.967067], [-94.606762, 38.967114], [-94.60709, 38.967241], [-94.607326, 38.967328], [-94.607445, 38.967359], [-94.607482, 38.96737], [-94.607603, 38.967393], [-94.607737, 38.967405], [-94.607928, 38.967407], [-94.607968, 38.967405], [-94.608081, 38.96741], [-94.608086, 38.967601], [-94.608103, 38.968682]]}}, {"type": "Feature", "properties": {"route_id": "9", "route_short_name": "9", "route_long_name": "9th Street", "route_type": "Bus", "headway_minutes": 37.0, "frequency_tier": "Infrequent (31\u201360 min)", "color": "#6da7ec"}, "geometry": {"type": "LineString", "coordinates": [[-94.503534, 39.093719], [-94.503478, 39.094603], [-94.503442, 39.095517], [-94.503393, 39.096412], [-94.503343, 39.09733], [-94.504245, 39.097351], [-94.505402, 39.097386], [-94.506546, 39.09742], [-94.507694, 39.097462], [-94.509707, 39.097495], [-94.50998, 39.097498], [-94.510828, 39.097518], [-94.511587, 39.097537], [-94.512293, 39.097552], [-94.513402, 39.09758], [-94.514566, 39.097603], [-94.514836, 39.09762], [-94.515127, 39.097639], [-94.515422, 39.09765], [-94.515731, 39.097658], [-94.516879, 39.097678], [-94.518018, 39.097709], [-94.51875, 39.097721], [-94.519152, 39.097729], [-94.519112, 39.098615], [-94.519096, 39.098976], [-94.519086, 39.099145], [-94.519003, 39.099189], [-94.518897, 39.099246], [-94.518775, 39.099324], [-94.51858, 39.099448], [-94.517724, 39.099997], [-94.516774, 39.10061], [-94.516733, 39.100661], [-94.516707, 39.100707], [-94.516686, 39.100754], [-94.516668, 39.100813], [-94.516661, 39.100872], [-94.51666, 39.100934], [-94.516666, 39.100999], [-94.517056, 39.101095], [-94.51745, 39.101191], [-94.517844, 39.101286], [-94.518152, 39.101362], [-94.518293, 39.101393], [-94.518422, 39.101415], [-94.518531, 39.101429], [-94.518653, 39.101438], [-94.518783, 39.101444], [-94.51899, 39.101449], [-94.519525, 39.101469], [-94.521315, 39.101534], [-94.52363, 39.101612], [-94.525919, 39.101685], [-94.527045, 39.10173], [-94.528019, 39.101767], [-94.528214, 39.101776], [-94.529364, 39.101824], [-94.530253, 39.101846], [-94.530497, 39.101854], [-94.530978, 39.101872], [-94.531672, 39.101894], [-94.533095, 39.101939], [-94.533834, 39.101958], [-94.534437, 39.101972], [-94.535418, 39.102007], [-94.536128, 39.102032], [-94.536607, 39.102054], [-94.53676, 39.102054], [-94.536897, 39.102046], [-94.537047, 39.102034], [-94.537187, 39.102018], [-94.537324, 39.102009], [-94.537414, 39.102004], [-94.537563, 39.102007], [-94.537647, 39.10201], [-94.538026, 39.102027], [-94.538953, 39.102069], [-94.539877, 39.102097], [-94.540203, 39.102111], [-94.54053, 39.102125], [-94.542017, 39.102162], [-94.542706, 39.10219], [-94.543244, 39.10221], [-94.543636, 39.102223], [-94.543751, 39.102226], [-94.544275, 39.102246], [-94.545801, 39.102308], [-94.545861, 39.10231], [-94.546102, 39.102321], [-94.546908, 39.102339], [-94.548418, 39.102384], [-94.549085, 39.102407], [-94.551232, 39.10248], [-94.552498, 39.102524], [-94.553421, 39.10255], [-94.553573, 39.102553], [-94.554685, 39.102586], [-94.555857, 39.102615], [-94.556503, 39.10264], [-94.557019, 39.10266], [-94.557098, 39.102662], [-94.557879, 39.102684], [-94.558261, 39.102694], [-94.559488, 39.10275], [-94.560006, 39.102792], [-94.560445, 39.102846], [-94.560525, 39.102842], [-94.560641, 39.102899], [-94.560692, 39.102905], [-94.561065, 39.102921], [-94.56162, 39.102944], [-94.563372, 39.103003], [-94.563587, 39.103009], [-94.563839, 39.103014], [-94.564085, 39.103019], [-94.56451, 39.103026], [-94.564644, 39.103014], [-94.564835, 39.102984], [-94.565049, 39.102966], [-94.565281, 39.102972], [-94.567062, 39.103017], [-94.568377, 39.103068], [-94.569708, 39.103115], [-94.569789, 39.101917], [-94.569845, 39.100679], [-94.569897, 39.099471], [-94.571168, 39.099518], [-94.57192, 39.099545], [-94.571979, 39.099547], [-94.572139, 39.099547], [-94.572185, 39.09955], [-94.572526, 39.099563], [-94.572627, 39.099567], [-94.572685, 39.099569], [-94.572776, 39.099572], [-94.572844, 39.099576], [-94.573939, 39.099617], [-94.573924, 39.100036], [-94.573909, 39.100437], [-94.573874, 39.100825], [-94.57436, 39.100844], [-94.574991, 39.100856], [-94.576159, 39.100878], [-94.577327, 39.100909], [-94.578484, 39.100957], [-94.579668, 39.101019], [-94.580838, 39.101064], [-94.581995, 39.101081], [-94.583089, 39.101132], [-94.583116, 39.100816], [-94.584256, 39.100852], [-94.585528, 39.100895], [-94.586951, 39.10094], [-94.587693, 39.100976], [-94.588014, 39.100985], [-94.58819, 39.100988], [-94.588385, 39.100996], [-94.588395, 39.100807], [-94.588396, 39.10076], [-94.588402, 39.10054], [-94.588406, 39.100445], [-94.588419, 39.100113], [-94.588604, 39.100123], [-94.59005, 39.100169], [-94.590614, 39.100197], [-94.591179, 39.100228], [-94.591665, 39.100248], [-94.592268, 39.10027], [-94.59299, 39.100296], [-94.593076, 39.100262], [-94.593124, 39.100262], [-94.593429, 39.100271], [-94.593631, 39.100276], [-94.593804, 39.100279], [-94.593862, 39.100281], [-94.59392, 39.100282], [-94.594098, 39.100285], [-94.594243, 39.100298], [-94.594346, 39.100301], [-94.59444, 39.100306], [-94.594746, 39.100323], [-94.594896, 39.10033], [-94.595072, 39.100341], [-94.595219, 39.100343], [-94.5954, 39.100355], [-94.595575, 39.100363], [-94.596001, 39.100375], [-94.596694, 39.100397], [-94.596998, 39.100409], [-94.597222, 39.100409], [-94.597459, 39.100425], [-94.597668, 39.100431], [-94.597907, 39.100448], [-94.59819, 39.100492], [-94.59831, 39.100509], [-94.598451, 39.100524], [-94.598536, 39.100532], [-94.59862, 39.10054], [-94.598715, 39.100548], [-94.598879, 39.100552], [-94.599883, 39.100585], [-94.600978, 39.10062], [-94.601451, 39.100633], [-94.601662, 39.100641], [-94.60178, 39.100645], [-94.601884, 39.100648], [-94.601985, 39.100637], [-94.602074, 39.100616], [-94.602151, 39.100597], [-94.602163, 39.100596], [-94.602266, 39.100605], [-94.602394, 39.100551], [-94.60302, 39.100343], [-94.603784, 39.100082], [-94.60422, 39.099943], [-94.604682, 39.099812], [-94.604727, 39.099485], [-94.604744, 39.099362], [-94.604749, 39.099147], [-94.604748, 39.099052], [-94.604748, 39.098998], [-94.604757, 39.098927], [-94.604757, 39.098877], [-94.60476, 39.098736], [-94.604765, 39.098596], [-94.604768, 39.098463], [-94.604777, 39.098153], [-94.604776, 39.098036], [-94.604783, 39.097951], [-94.603632, 39.097909], [-94.603623, 39.098165], [-94.603622, 39.09836], [-94.603618, 39.098474], [-94.603616, 39.098568], [-94.603612, 39.09861], [-94.603589, 39.098829], [-94.603583, 39.098975], [-94.603571, 39.099215], [-94.603561, 39.099353], [-94.60356, 39.09939], [-94.603556, 39.09953], [-94.603566, 39.099643]]}}]}