{"type": "FeatureCollection", "features": [{"type": "Feature", "properties": {"stop_id": "217", "stop_name": "East Village Bay M", "route_count": 1, "frequent": false}, "geometry": {"type": "Point", "coordinates": [-94.573916, 39.099297]}}, {"type": "Feature", "properties": {"stop_id": "1090042", "stop_name": "ON 11TH AT CHERRY WESTBOUND", "route_count": 10, "frequent": false}, "geometry": {"type": "Point", "coordinates": [-94.576088, 39.100883]}}, {"type": "Feature", "properties": {"stop_id": "110046", "stop_name": "ON 11TH AT OAK WESTBOUND", "route_count": 12, "frequent": true}, "geometry": {"type": "Point", "coordinates": [-94.578364, 39.101005]}}, {"type": "Feature", "properties": {"stop_id": "5811", "stop_name": "ON 11TH AT GRAND WESTBOUND NEARSIDE", "route_count": 12, "frequent": true}, "geometry": {"type": "Point", "coordinates": [-94.580719, 39.101114]}}, {"type": "Feature", "properties": {"stop_id": "25225", "stop_name": "ON 11TH/PETTICOAT LANE AT MAIN WESTBOUND", "route_count": 9, "frequent": true}, "geometry": {"type": "Point", "coordinates": [-94.58297, 39.101181]}}, {"type": "Feature", "properties": {"stop_id": "1010004", "stop_name": "ON 11TH AT CENTRAL WESTBOUND", "route_count": 7, "frequent": false}, "geometry": {"type": "Point", "coordinates": [-94.586833, 39.100989]}}, {"type": "Feature", "properties": {"stop_id": "51153", "stop_name": "ON BROADWAY AT 12TH ST SB", "route_count": 2, "frequent": false}, "geometry": {"type": "Point", "coordinates": [-94.588484, 39.100206]}}, {"type": "Feature", "properties": {"stop_id": "1200083", "stop_name": "ON 12TH AT JEFFERSON WESTBOUND", "route_count": 2, "frequent": false}, "geometry": {"type": "Point", "coordinates": [-94.592272, 39.100323]}}, {"type": "Feature", "properties": {"stop_id": "1200084", "stop_name": "ON 12TH BTWN WYOMING & GENESSEE WESTBOUND", "route_count": 2, "frequent": false}, "geometry": {"type": "Point", "coordinates": [-94.60414, 39.100027]}}, {"type": "Feature", "properties": {"stop_id": "1031543", "stop_name": "ON W 9TH ST AT LYON AVE WB", "route_count": 1, "frequent": false}, "geometry": {"type": "Point", "coordinates": [-94.611121, 39.105806]}}, {"type": "Feature", "properties": {"stop_id": "1031544", "stop_name": "ON JAMES AT RIVERVIEW NORTHBOUND", "route_count": 1, "frequent": false}, "geometry": {"type": "Point", "coordinates": [-94.61229, 39.107481]}}, {"type": "Feature", "properties": {"stop_id": "10601", "stop_name": "ON JAMES STREET AT 346 JAMES STREET NWB", "route_count": 1, "frequent": false}, "geometry": {"type": "Point", "coordinates": [-94.613743, 39.10958]}}, {"type": "Feature", "properties": {"stop_id": "1012806", "stop_name": "ON ARMSTRONG AT 4TH WESTBOUND", "route_count": 1, "frequent": false}, "geometry": {"type": "Point", "coordinates": [-94.618611, 39.114623]}}, {"type": "Feature", "properties": {"stop_id": "101152", "stop_name": "ON ARMSTRONG AT 5TH WB", "route_count": 1, "frequent": false}, "geometry": {"type": "Point", "coordinates": [-94.621248, 39.114622]}}, {"type": "Feature", "properties": {"stop_id": "106158", "stop_name": "ON MINNESOTA AT 5TH WB", "route_count": 1, "frequent": false}, "geometry": {"type": "Point", "coordinates": [-94.622091, 39.115588]}}, {"type": "Feature", "properties": {"stop_id": "10101", "stop_name": "ON MINNESOTA AVE AT 7TH STREET WB", "route_count": 1, "frequent": false}, "geometry": {"type": "Point", "coordinates": [-94.626944, 39.115568]}}, {"type": "Feature", "properties": {"stop_id": "1040016", "stop_name": "ON MINNESOTA AT 8TH WESTBOUND", "route_count": 1, "frequent": false}, "geometry": {"type": "Point", "coordinates": [-94.629808, 39.115583]}}, {"type": "Feature", "properties": {"stop_id": "1040017", "stop_name": "ON MINNESOTA AT 9TH WESTBOUND", "route_count": 1, "frequent": false}, "geometry": {"type": "Point", "coordinates": [-94.63228, 39.115588]}}, {"type": "Feature", "properties": {"stop_id": "1010023", "stop_name": "ON MINNESOTA AT 10TH WESTBOUND", "route_count": 1, "frequent": false}, "geometry": {"type": "Point", "coordinates": [-94.635032, 39.115575]}}, {"type": "Feature", "properties": {"stop_id": "1010024", "stop_name": "ON MINNESOTA AT 11TH WESTBOUND", "route_count": 1, "frequent": false}, "geometry": {"type": "Point", "coordinates": [-94.638005, 39.115573]}}, {"type": "Feature", "properties": {"stop_id": "1011303", "stop_name": "ON MINNESOTA AT 12TH ST WB", "route_count": 1, "frequent": false}, "geometry": {"type": "Point", "coordinates": [-94.640601, 39.115571]}}, {"type": "Feature", "properties": {"stop_id": "1011304", "stop_name": "ON MINNESOTA AT 13TH ST WB", "route_count": 1, "frequent": false}, "geometry": {"type": "Point", "coordinates": [-94.642999, 39.115574]}}, {"type": "Feature", "properties": {"stop_id": "1011305", "stop_name": "ON MINNESOTA AT 14TH WB", "route_count": 1, "frequent": false}, "geometry": {"type": "Point", "coordinates": [-94.644582, 39.115571]}}, {"type": "Feature", "properties": {"stop_id": "1011306", "stop_name": "ON MINNESOTA AT 16TH ST WB", "route_count": 1, "frequent": false}, "geometry": {"type": "Point", "coordinates": [-94.646924, 39.115569]}}, {"type": "Feature", "properties": {"stop_id": "1011307", "stop_name": "ON MINNESOTA AT 18TH ST WB", "route_count": 1, "frequent": false}, "geometry": {"type": "Point", "coordinates": [-94.648255, 39.115567]}}, {"type": "Feature", "properties": {"stop_id": "1011308", "stop_name": "ON HOEL PKWY AT STATE AVE NB", "route_count": 1, "frequent": false}, "geometry": {"type": "Point", "coordinates": [-94.652205, 39.116468]}}, {"type": "Feature", "properties": {"stop_id": "1012810", "stop_name": "ON STATE AVE AT 24TH WESTBOUND", "route_count": 1, "frequent": false}, "geometry": {"type": "Point", "coordinates": [-94.655886, 39.116844]}}, {"type": "Feature", "properties": {"stop_id": "1012818", "stop_name": "ON STATE AVE AT WASHINGTON WB", "route_count": 1, "frequent": false}, "geometry": {"type": "Point", "coordinates": [-94.657894, 39.116837]}}, {"type": "Feature", "properties": {"stop_id": "1020081", "stop_name": "ON STATE AT 29TH ST WESTBOUND", "route_count": 1, "frequent": false}, "geometry": {"type": "Point", "coordinates": [-94.661696, 39.116825]}}, {"type": "Feature", "properties": {"stop_id": "1020102", "stop_name": "ON STATE AVE AT 31ST WESTBOUND", "route_count": 1, "frequent": false}, "geometry": {"type": "Point", "coordinates": [-94.664288, 39.116817]}}, {"type": "Feature", "properties": {"stop_id": "1012819", "stop_name": "ON STATE AVE AT 32ND ST WB", "route_count": 1, "frequent": false}, "geometry": {"type": "Point", "coordinates": [-94.665724, 39.116817]}}, {"type": "Feature", "properties": {"stop_id": "1020103", "stop_name": "ON STATE AVE AT 34TH WESTBOUND", "route_count": 1, "frequent": false}, "geometry": {"type": "Point", "coordinates": [-94.667301, 39.11681]}}, {"type": "Feature", "properties": {"stop_id": "1020104", "stop_name": "ON STATE AVE AT 37TH WESTBOUND", "route_count": 1, "frequent": false}, "geometry": {"type": "Point", "coordinates": [-94.670665, 39.116883]}}, {"type": "Feature", "properties": {"stop_id": "1010041", "stop_name": "ON STATE AT 41ST TERRACE WESTBOUND", "route_count": 1, "frequent": false}, "geometry": {"type": "Point", "coordinates": [-94.677956, 39.116878]}}, {"type": "Feature", "properties": {"stop_id": "1010042", "stop_name": "ON 47TH AT MINNESOTA SB", "route_count": 1, "frequent": false}, "geometry": {"type": "Point", "coordinates": [-94.68655, 39.11602]}}, {"type": "Feature", "properties": {"stop_id": "473", "stop_name": "47TH 7 STATE AVE METROCENTER NORTHBOUND", "route_count": 1, "frequent": false}, "geometry": {"type": "Point", "coordinates": [-94.685611, 39.113813]}}, {"type": "Feature", "properties": {"stop_id": "1012820", "stop_name": "ON 47TH ST AT MINNESOTA AVE NB", "route_count": 1, "frequent": false}, "geometry": {"type": "Point", "coordinates": [-94.68645, 39.115906]}}, {"type": "Feature", "properties": {"stop_id": "114001", "stop_name": "ON STATE AVE AT N  47TH ST  WESTBOUND", "route_count": 1, "frequent": false}, "geometry": {"type": "Point", "coordinates": [-94.686953, 39.116735]}}, {"type": "Feature", "properties": {"stop_id": "114002", "stop_name": "ON STATE AVE  AT N  50TH ST  WESTBOUND", "route_count": 1, "frequent": false}, "geometry": {"type": "Point", "coordinates": [-94.692706, 39.116709]}}, {"type": "Feature", "properties": {"stop_id": "114004", "stop_name": "ON STATE AVE  AT N  52ND ST  WESTBOUND", "route_count": 1, "frequent": false}, "geometry": {"type": "Point", "coordinates": [-94.697163, 39.116726]}}, {"type": "Feature", "properties": {"stop_id": "114005", "stop_name": "ON STATE AVE  AT N  55TH ST  WESTBOUND", "route_count": 1, "frequent": false}, "geometry": {"type": "Point", "coordinates": [-94.705034, 39.116752]}}, {"type": "Feature", "properties": {"stop_id": "114003", "stop_name": "ON STATE AVE  AT MEADOWLARK LANE  WESTBOUND", "route_count": 1, "frequent": false}, "geometry": {"type": "Point", "coordinates": [-94.709604, 39.116771]}}, {"type": "Feature", "properties": {"stop_id": "114006", "stop_name": "ON STATE AVE  AT N  59TH PL WB", "route_count": 1, "frequent": false}, "geometry": {"type": "Point", "coordinates": [-94.716261, 39.116803]}}, {"type": "Feature", "properties": {"stop_id": "114007", "stop_name": "ON STATE AVE  AT N  62ND PL  WESTBOUND", "route_count": 1, "frequent": false}, "geometry": {"type": "Point", "coordinates": [-94.722478, 39.116825]}}, {"type": "Feature", "properties": {"stop_id": "114008", "stop_name": "ON STATE AVE  AT N 65TH WESTBOUND", "route_count": 1, "frequent": false}, "geometry": {"type": "Point", "coordinates": [-94.729327, 39.116848]}}, {"type": "Feature", "properties": {"stop_id": "1142700", "stop_name": "ON STATE AVE AT 67TH WB", "route_count": 1, "frequent": false}, "geometry": {"type": "Point", "coordinates": [-94.734165, 39.116862]}}, {"type": "Feature", "properties": {"stop_id": "114010", "stop_name": "ON STATE AVE AT N 69TH ST WESTBOUND", "route_count": 1, "frequent": false}, "geometry": {"type": "Point", "coordinates": [-94.73776, 39.116892]}}, {"type": "Feature", "properties": {"stop_id": "1140390", "stop_name": "KANSAS CITY KANSAS COMMUNITY COLLEGE", "route_count": 1, "frequent": false}, "geometry": {"type": "Point", "coordinates": [-94.748704, 39.120903]}}, {"type": "Feature", "properties": {"stop_id": "1011301", "stop_name": "ON STATE AVE AT CAMPUS DR WB", "route_count": 1, "frequent": false}, "geometry": {"type": "Point", "coordinates": [-94.747172, 39.116796]}}, {"type": "Feature", "properties": {"stop_id": "114012", "stop_name": "ON STATE AVE  AT N  75TH ST  WESTBOUND", "route_count": 1, "frequent": false}, "geometry": {"type": "Point", "coordinates": [-94.75423, 39.11662]}}, {"type": "Feature", "properties": {"stop_id": "114013", "stop_name": "ON STATE AVE  AT N  78TH ST  WESTBOUND", "route_count": 1, "frequent": false}, "geometry": {"type": "Point", "coordinates": [-94.760726, 39.116526]}}, {"type": "Feature", "properties": {"stop_id": "114016", "stop_name": "ON STATE AVE  AT N 82ND ST WESTBOUND", "route_count": 1, "frequent": false}, "geometry": {"type": "Point", "coordinates": [-94.770193, 39.116468]}}, {"type": "Feature", "properties": {"stop_id": "1012814", "stop_name": "ON STATE AVE AT 86TH WESTBOUND", "route_count": 1, "frequent": false}, "geometry": {"type": "Point", "coordinates": [-94.779008, 39.11646]}}, {"type": "Feature", "properties": {"stop_id": "1012815", "stop_name": "ON STATE AVE AT 89TH WESTBOUND", "route_count": 1, "frequent": false}, "geometry": {"type": "Point", "coordinates": [-94.78551, 39.116456]}}, {"type": "Feature", "properties": {"stop_id": "114026", "stop_name": "ON STATE AVE AT N 92ND ST  WESTBOUND", "route_count": 1, "frequent": false}, "geometry": {"type": "Point", "coordinates": [-94.792184, 39.116525]}}, {"type": "Feature", "properties": {"stop_id": "1012816", "stop_name": "ON STATE AVE AT 94TH WESTBOUND", "route_count": 1, "frequent": false}, "geometry": {"type": "Point", "coordinates": [-94.798117, 39.116511]}}, {"type": "Feature", "properties": {"stop_id": "1012822", "stop_name": "ON STATE AVE AT 95TH WESTBOUND", "route_count": 1, "frequent": false}, "geometry": {"type": "Point", "coordinates": [-94.799386, 39.116526]}}, {"type": "Feature", "properties": {"stop_id": "114200", "stop_name": "ON VILLAGE WEST AT CABELA DR NORTHBOUND", "route_count": 1, "frequent": false}, "geometry": {"type": "Point", "coordinates": [-94.818485, 39.118976]}}, {"type": "Feature", "properties": {"stop_id": "101155", "stop_name": "ON VILLAGE PKWY AT PRAIRIE CROSSING WB", "route_count": 1, "frequent": false}, "geometry": {"type": "Point", "coordinates": [-94.8246, 39.123864]}}, {"type": "Feature", "properties": {"stop_id": "101156", "stop_name": "ON VILLAGE WEST AT SUNFLOWER LANE NWB", "route_count": 1, "frequent": false}, "geometry": {"type": "Point", "coordinates": [-94.828875, 39.125312]}}, {"type": "Feature", "properties": {"stop_id": "1142704", "stop_name": "VILLAGE WEST WALMART", "route_count": 1, "frequent": false}, "geometry": {"type": "Point", "coordinates": [-94.830952, 39.130065]}}, {"type": "Feature", "properties": {"stop_id": "1011316", "stop_name": "ON VILLAGE WEST PKWY AT SUNFLOWER LANE SEB", "route_count": 1, "frequent": false}, "geometry": {"type": "Point", "coordinates": [-94.828875, 39.124953]}}, {"type": "Feature", "properties": {"stop_id": "1011317", "stop_name": "ON VILLAGE WEST PKWY AT PRAIRIE CROSSING SEB", "route_count": 1, "frequent": false}, "geometry": {"type": "Point", "coordinates": [-94.82436, 39.123487]}}, {"type": "Feature", "properties": {"stop_id": "1011318", "stop_name": "ON VILLAGE WEST PKWY AT CABELA DR SB", "route_count": 1, "frequent": false}, "geometry": {"type": "Point", "coordinates": [-94.818811, 39.118815]}}, {"type": "Feature", "properties": {"stop_id": "1011315", "stop_name": "ON STATE AVE AT 94TH ST EB", "route_count": 1, "frequent": false}, "geometry": {"type": "Point", "coordinates": [-94.79734, 39.116275]}}, {"type": "Feature", "properties": {"stop_id": "1011319", "stop_name": "ON STATE AVE AT 92ND EB", "route_count": 1, "frequent": false}, "geometry": {"type": "Point", "coordinates": [-94.791867, 39.116262]}}, {"type": "Feature", "properties": {"stop_id": "1012823", "stop_name": "ON STATE AVE AT 89TH EB", "route_count": 1, "frequent": false}, "geometry": {"type": "Point", "coordinates": [-94.785848, 39.116231]}}, {"type": "Feature", "properties": {"stop_id": "1011320", "stop_name": "ON STATE AVE AT 86TH ST EB", "route_count": 1, "frequent": false}, "geometry": {"type": "Point", "coordinates": [-94.779253, 39.116218]}}, {"type": "Feature", "properties": {"stop_id": "101154", "stop_name": "ON STATE AVE AT 82ND EB", "route_count": 1, "frequent": false}, "geometry": {"type": "Point", "coordinates": [-94.769007, 39.11622]}}, {"type": "Feature", "properties": {"stop_id": "1142701", "stop_name": "ON STATE AVE AT 78TH EB", "route_count": 1, "frequent": false}, "geometry": {"type": "Point", "coordinates": [-94.760237, 39.116257]}}, {"type": "Feature", "properties": {"stop_id": "114036", "stop_name": "ON STATE AVE AT 75TH EASTBOUND", "route_count": 1, "frequent": false}, "geometry": {"type": "Point", "coordinates": [-94.754467, 39.116354]}}, {"type": "Feature", "properties": {"stop_id": "1011302", "stop_name": "ON STATE AVE AT CAMPUS DR EB", "route_count": 1, "frequent": false}, "geometry": {"type": "Point", "coordinates": [-94.746606, 39.116545]}}, {"type": "Feature", "properties": {"stop_id": "114040", "stop_name": "ON STATE AVE  AT N  69TH ST  EASTBOUND", "route_count": 1, "frequent": false}, "geometry": {"type": "Point", "coordinates": [-94.737459, 39.116683]}}, {"type": "Feature", "properties": {"stop_id": "1142702", "stop_name": "ON STATE AVE AT 67TH EB", "route_count": 1, "frequent": false}, "geometry": {"type": "Point", "coordinates": [-94.734175, 39.116644]}}, {"type": "Feature", "properties": {"stop_id": "114041", "stop_name": "ON STATE AVE AT N 65TH ST EASTBOUND", "route_count": 1, "frequent": false}, "geometry": {"type": "Point", "coordinates": [-94.72933, 39.116581]}}, {"type": "Feature", "properties": {"stop_id": "114042", "stop_name": "ON STATE AVE  AT N 62ND PLACE EASTBOUND", "route_count": 1, "frequent": false}, "geometry": {"type": "Point", "coordinates": [-94.72276, 39.116591]}}, {"type": "Feature", "properties": {"stop_id": "114043", "stop_name": "ON STATE AVE  AT N  59TH PL  EASTBOUND", "route_count": 1, "frequent": false}, "geometry": {"type": "Point", "coordinates": [-94.714575, 39.116577]}}, {"type": "Feature", "properties": {"stop_id": "114044", "stop_name": "ON STATE AVE  AT N  57TH ST  EASTBOUND", "route_count": 1, "frequent": false}, "geometry": {"type": "Point", "coordinates": [-94.709989, 39.116535]}}, {"type": "Feature", "properties": {"stop_id": "114045", "stop_name": "ON STATE AVE  AT N  55TH ST  EASTBOUND", "route_count": 1, "frequent": false}, "geometry": {"type": "Point", "coordinates": [-94.705264, 39.116516]}}, {"type": "Feature", "properties": {"stop_id": "114046", "stop_name": "ON STATE AVE  AT N  52ND ST  EASTBOUND", "route_count": 1, "frequent": false}, "geometry": {"type": "Point", "coordinates": [-94.697386, 39.116493]}}, {"type": "Feature", "properties": {"stop_id": "114047", "stop_name": "ON STATE AVE  AT N  50TH ST  EASTBOUND", "route_count": 1, "frequent": false}, "geometry": {"type": "Point", "coordinates": [-94.694685, 39.116482]}}, {"type": "Feature", "properties": {"stop_id": "474", "stop_name": "47TH & STATE AVE METROCENTER SOUTHBOUND", "route_count": 1, "frequent": false}, "geometry": {"type": "Point", "coordinates": [-94.685842, 39.113408]}}, {"type": "Feature", "properties": {"stop_id": "1070001", "stop_name": "ON STATE AT 41ST TERRACE EASTBOUND", "route_count": 1, "frequent": false}, "geometry": {"type": "Point", "coordinates": [-94.677382, 39.116563]}}, {"type": "Feature", "properties": {"stop_id": "1010101", "stop_name": "REMOVEJAN2019 ON STATE AT 38TH EASTBOUND", "route_count": 1, "frequent": false}, "geometry": {"type": "Point", "coordinates": [-94.673488, 39.116578]}}, {"type": "Feature", "properties": {"stop_id": "1020089", "stop_name": "ON STATE AVE AT 37TH ST EASTBOUND", "route_count": 1, "frequent": false}, "geometry": {"type": "Point", "coordinates": [-94.670663, 39.116608]}}, {"type": "Feature", "properties": {"stop_id": "1020090", "stop_name": "ON STATE AVE AT 34TH ST EASTBOUND", "route_count": 1, "frequent": false}, "geometry": {"type": "Point", "coordinates": [-94.667042, 39.116693]}}, {"type": "Feature", "properties": {"stop_id": "101007", "stop_name": "ON STATE AVE AT 32ND STREET EB", "route_count": 1, "frequent": false}, "geometry": {"type": "Point", "coordinates": [-94.665742, 39.116696]}}, {"type": "Feature", "properties": {"stop_id": "1020091", "stop_name": "ON STATE AVE AT 31ST EASTBOUND", "route_count": 1, "frequent": false}, "geometry": {"type": "Point", "coordinates": [-94.664287, 39.116696]}}, {"type": "Feature", "properties": {"stop_id": "1020092", "stop_name": "ON STATE AVE AT 29TH ST EASTBOUND", "route_count": 1, "frequent": false}, "geometry": {"type": "Point", "coordinates": [-94.661631, 39.116705]}}, {"type": "Feature", "properties": {"stop_id": "1012802", "stop_name": "ON STATE AVE AT WASHINGTON EB", "route_count": 1, "frequent": false}, "geometry": {"type": "Point", "coordinates": [-94.658122, 39.116711]}}, {"type": "Feature", "properties": {"stop_id": "1012817", "stop_name": "ON STATE AVE AT 24TH EB", "route_count": 1, "frequent": false}, "geometry": {"type": "Point", "coordinates": [-94.655599, 39.116727]}}, {"type": "Feature", "properties": {"stop_id": "1012803", "stop_name": "ON STATE AVE AT HOEL PKWY EB", "route_count": 1, "frequent": false}, "geometry": {"type": "Point", "coordinates": [-94.65246, 39.116507]}}, {"type": "Feature", "properties": {"stop_id": "1011309", "stop_name": "ON MINNESOTA AT 18TH ST EB", "route_count": 1, "frequent": false}, "geometry": {"type": "Point", "coordinates": [-94.649455, 39.115476]}}, {"type": "Feature", "properties": {"stop_id": "1011310", "stop_name": "ON MINNESOTA AT 16TH ST EB", "route_count": 1, "frequent": false}, "geometry": {"type": "Point", "coordinates": [-94.647157, 39.115462]}}, {"type": "Feature", "properties": {"stop_id": "1011311", "stop_name": "ON MINNESOTA AT 14TH ST EB", "route_count": 1, "frequent": false}, "geometry": {"type": "Point", "coordinates": [-94.644815, 39.115463]}}, {"type": "Feature", "properties": {"stop_id": "1011312", "stop_name": "ON MINNESOTA AT 13TH ST EB", "route_count": 1, "frequent": false}, "geometry": {"type": "Point", "coordinates": [-94.643231, 39.115467]}}, {"type": "Feature", "properties": {"stop_id": "1011313", "stop_name": "ON MINNESOTA AT 12TH ST EB", "route_count": 1, "frequent": false}, "geometry": {"type": "Point", "coordinates": [-94.640834, 39.115464]}}, {"type": "Feature", "properties": {"stop_id": "1011314", "stop_name": "ON MINNESOTA AT 11TH ST EB", "route_count": 1, "frequent": false}, "geometry": {"type": "Point", "coordinates": [-94.638241, 39.115468]}}, {"type": "Feature", "properties": {"stop_id": "1010118", "stop_name": "ON MINNESOTA AT 10TH EASTBOUND", "route_count": 1, "frequent": false}, "geometry": {"type": "Point", "coordinates": [-94.634994, 39.115483]}}, {"type": "Feature", "properties": {"stop_id": "1010119", "stop_name": "ON MINNESOTA AT 9TH EASTBOUND", "route_count": 1, "frequent": false}, "geometry": {"type": "Point", "coordinates": [-94.632511, 39.115483]}}, {"type": "Feature", "properties": {"stop_id": "1010120", "stop_name": "ON MINNESOTA AT 8TH EASTBOUND", "route_count": 1, "frequent": false}, "geometry": {"type": "Point", "coordinates": [-94.629722, 39.115482]}}, {"type": "Feature", "properties": {"stop_id": "101002", "stop_name": "ON MINNESOTA AVE AT 7TH STREET EB", "route_count": 1, "frequent": false}, "geometry": {"type": "Point", "coordinates": [-94.62653, 39.115464]}}, {"type": "Feature", "properties": {"stop_id": "1012501", "stop_name": "ON MINNESOTA AT 5TH EB", "route_count": 1, "frequent": false}, "geometry": {"type": "Point", "coordinates": [-94.621131, 39.115421]}}, {"type": "Feature", "properties": {"stop_id": "106157", "stop_name": "ON JAMES ST AT 346 JAMES ST EASTBOUND", "route_count": 1, "frequent": false}, "geometry": {"type": "Point", "coordinates": [-94.613979, 39.109677]}}, {"type": "Feature", "properties": {"stop_id": "1031526", "stop_name": "ON JAMES ST AT RIVERVIEW AVE SB", "route_count": 1, "frequent": false}, "geometry": {"type": "Point", "coordinates": [-94.612521, 39.107589]}}, {"type": "Feature", "properties": {"stop_id": "1031527", "stop_name": "ON JAMES AT LYON EASTBOUND", "route_count": 1, "frequent": false}, "geometry": {"type": "Point", "coordinates": [-94.611122, 39.105584]}}, {"type": "Feature", "properties": {"stop_id": "1200103", "stop_name": "ON 12TH STREET AT LIBERTY EASTBOUND", "route_count": 2, "frequent": false}, "geometry": {"type": "Point", "coordinates": [-94.602474, 39.100466]}}, {"type": "Feature", "properties": {"stop_id": "1200104", "stop_name": "ON 12TH STREET AT JEFFERSON EASTBOUND", "route_count": 2, "frequent": false}, "geometry": {"type": "Point", "coordinates": [-94.592388, 39.10022]}}, {"type": "Feature", "properties": {"stop_id": "1200122", "stop_name": "ON 12TH AT WASHINGTON EASTBOUND MIDBLOCK", "route_count": 4, "frequent": false}, "geometry": {"type": "Point", "coordinates": [-94.588686, 39.100072]}}, {"type": "Feature", "properties": {"stop_id": "25001", "stop_name": "ON 12TH BETWEEN BROADWAY AND CENTRAL EASTBOUND", "route_count": 5, "frequent": false}, "geometry": {"type": "Point", "coordinates": [-94.587482, 39.100027]}}, {"type": "Feature", "properties": {"stop_id": "1730003", "stop_name": "ON 12TH BETWEEN CENTRAL AND WYANDOTTE EASTBOUND", "route_count": 7, "frequent": false}, "geometry": {"type": "Point", "coordinates": [-94.586299, 39.099994]}}, {"type": "Feature", "properties": {"stop_id": "90081", "stop_name": "PLAZA STATION", "route_count": 3, "frequent": false}, "geometry": {"type": "Point", "coordinates": [-94.586434, 39.041303]}}, {"type": "Feature", "properties": {"stop_id": "10718", "stop_name": "ON 47TH AT WYANDOTTE WB NS", "route_count": 1, "frequent": false}, "geometry": {"type": "Point", "coordinates": [-94.589252, 39.042304]}}, {"type": "Feature", "properties": {"stop_id": "10719", "stop_name": "ON 47TH AT BROADWAY WB FS", "route_count": 1, "frequent": false}, "geometry": {"type": "Point", "coordinates": [-94.591816, 39.042394]}}, {"type": "Feature", "properties": {"stop_id": "10720", "stop_name": "ON 47TH AT JEFFERSON WB FS", "route_count": 1, "frequent": false}, "geometry": {"type": "Point", "coordinates": [-94.594865, 39.04244]}}, {"type": "Feature", "properties": {"stop_id": "10710", "stop_name": "ON ROANOKE AT 45TH NB", "route_count": 1, "frequent": false}, "geometry": {"type": "Point", "coordinates": [-94.600547, 39.046189]}}, {"type": "Feature", "properties": {"stop_id": "1078", "stop_name": "ON ROANOKE AT MERCIER NB", "route_count": 1, "frequent": false}, "geometry": {"type": "Point", "coordinates": [-94.601678, 39.048153]}}, {"type": "Feature", "properties": {"stop_id": "1076", "stop_name": "ON ROANOKE AT TERRACE NB", "route_count": 1, "frequent": false}, "geometry": {"type": "Point", "coordinates": [-94.602521, 39.049594]}}, {"type": "Feature", "properties": {"stop_id": "1073", "stop_name": "ON 43RD AT FAIRMOUNT WB", "route_count": 1, "frequent": false}, "geometry": {"type": "Point", "coordinates": [-94.603168, 39.050081]}}, {"type": "Feature", "properties": {"stop_id": "1075", "stop_name": "On 43RD AT STATE LINE WBFS", "route_count": 1, "frequent": false}, "geometry": {"type": "Point", "coordinates": [-94.607373, 39.050234]}}, {"type": "Feature", "properties": {"stop_id": "1070124", "stop_name": "ON 43RD AT BOOTH WESTBOUND", "route_count": 1, "frequent": false}, "geometry": {"type": "Point", "coordinates": [-94.613739, 39.050317]}}, {"type": "Feature", "properties": {"stop_id": "1070125", "stop_name": "ON 43RD AT FISHER WESTBOUND", "route_count": 1, "frequent": false}, "geometry": {"type": "Point", "coordinates": [-94.616859, 39.050351]}}, {"type": "Feature", "properties": {"stop_id": "1070126", "stop_name": "ON 43RD AT MINNIE WESTBOUND", "route_count": 1, "frequent": false}, "geometry": {"type": "Point", "coordinates": [-94.619107, 39.050273]}}, {"type": "Feature", "properties": {"stop_id": "1070127", "stop_name": "ON MISSION AT SENECA SOUTHBOUND", "route_count": 1, "frequent": false}, "geometry": {"type": "Point", "coordinates": [-94.621345, 39.049236]}}, {"type": "Feature", "properties": {"stop_id": "1070128", "stop_name": "ON MISSION AT 45TH AVE SOUTHBOUND", "route_count": 1, "frequent": false}, "geometry": {"type": "Point", "coordinates": [-94.621371, 39.046276]}}, {"type": "Feature", "properties": {"stop_id": "1070129", "stop_name": "ON 47TH AT MISSION EASTBOUND", "route_count": 1, "frequent": false}, "geometry": {"type": "Point", "coordinates": [-94.620151, 39.044012]}}, {"type": "Feature", "properties": {"stop_id": "1070130", "stop_name": "ON 47TH AT ADAMS EASTBOUND", "route_count": 1, "frequent": false}, "geometry": {"type": "Point", "coordinates": [-94.613212, 39.044032]}}, {"type": "Feature", "properties": {"stop_id": "1070122", "stop_name": "ON RAINBOW AT 46TH NORTHBOUND", "route_count": 1, "frequent": false}, "geometry": {"type": "Point", "coordinates": [-94.611854, 39.04452]}}, {"type": "Feature", "properties": {"stop_id": "1070123", "stop_name": "ON RAINBOW AT 45TH NORTHBOUND", "route_count": 1, "frequent": false}, "geometry": {"type": "Point", "coordinates": [-94.611826, 39.046261]}}, {"type": "Feature", "properties": {"stop_id": "1070062", "stop_name": "ON RAINBOW AT 43RD NORTHBOUND", "route_count": 1, "frequent": false}, "geometry": {"type": "Point", "coordinates": [-94.611698, 39.050409]}}, {"type": "Feature", "properties": {"stop_id": "1070063", "stop_name": "ON RAINBOW AT LUTHERAN CHURCH NORTHBOUND", "route_count": 1, "frequent": false}, "geometry": {"type": "Point", "coordinates": [-94.611778, 39.052591]}}, {"type": "Feature", "properties": {"stop_id": "1070064", "stop_name": "ON RAINBOW AT OLATHE BLVD  NORTHBOUND", "route_count": 2, "frequent": false}, "geometry": {"type": "Point", "coordinates": [-94.611762, 39.054427]}}, {"type": "Feature", "properties": {"stop_id": "1070066", "stop_name": "ON RAINBOW AT 39TH NORTHBOUND NEARSIDE", "route_count": 2, "frequent": false}, "geometry": {"type": "Point", "coordinates": [-94.61169, 39.057098]}}, {"type": "Feature", "properties": {"stop_id": "1070067", "stop_name": "ON RAINBOW AT 36TH NORTHBOUND", "route_count": 2, "frequent": false}, "geometry": {"type": "Point", "coordinates": [-94.612891, 39.060203]}}, {"type": "Feature", "properties": {"stop_id": "1070068", "stop_name": "ON RAINBOW AT 35TH NORTHBOUND", "route_count": 2, "frequent": false}, "geometry": {"type": "Point", "coordinates": [-94.612825, 39.063501]}}, {"type": "Feature", "properties": {"stop_id": "107051", "stop_name": "ON RAINBOW AT SW BLVD NORTHBOUND", "route_count": 2, "frequent": false}, "geometry": {"type": "Point", "coordinates": [-94.613441, 39.06775]}}, {"type": "Feature", "properties": {"stop_id": "1040090", "stop_name": "ON 7TH AT STEIN NORTHBOUND", "route_count": 1, "frequent": false}, "geometry": {"type": "Point", "coordinates": [-94.62267, 39.07266]}}, {"type": "Feature", "properties": {"stop_id": "1040091", "stop_name": "ON 7TH AT CHEYENNE NORTHBOUND", "route_count": 1, "frequent": false}, "geometry": {"type": "Point", "coordinates": [-94.625615, 39.080787]}}, {"type": "Feature", "properties": {"stop_id": "1040092", "stop_name": "ON 7TH AT MIAMI NORTHBOUND", "route_count": 1, "frequent": false}, "geometry": {"type": "Point", "coordinates": [-94.625613, 39.082318]}}, {"type": "Feature", "properties": {"stop_id": "1070080", "stop_name": "ON 7TH AT OSAGE NORTHBOUND", "route_count": 1, "frequent": false}, "geometry": {"type": "Point", "coordinates": [-94.625683, 39.084452]}}, {"type": "Feature", "properties": {"stop_id": "1070081", "stop_name": "ON 7TH AT KANSAS NORTHBOUND", "route_count": 1, "frequent": false}, "geometry": {"type": "Point", "coordinates": [-94.625784, 39.087433]}}, {"type": "Feature", "properties": {"stop_id": "1070082", "stop_name": "ON 7TH AT PACIFIC NORTHBOUND", "route_count": 1, "frequent": false}, "geometry": {"type": "Point", "coordinates": [-94.626059, 39.098923]}}, {"type": "Feature", "properties": {"stop_id": "1070083", "stop_name": "ON 7TH AT LOWELL AVE NORTHBOUND", "route_count": 1, "frequent": false}, "geometry": {"type": "Point", "coordinates": [-94.626103, 39.100883]}}, {"type": "Feature", "properties": {"stop_id": "1070084", "stop_name": "ON 7TH AT CENTRAL NORTHBOUND", "route_count": 1, "frequent": false}, "geometry": {"type": "Point", "coordinates": [-94.626117, 39.102656]}}, {"type": "Feature", "properties": {"stop_id": "1070085", "stop_name": "ON 7TH AT REYNOLDS NORTHBOUND", "route_count": 1, "frequent": false}, "geometry": {"type": "Point", "coordinates": [-94.626685, 39.104637]}}, {"type": "Feature", "properties": {"stop_id": "1070086", "stop_name": "ON 7TH AT TENNY NORTHBOUND", "route_count": 1, "frequent": false}, "geometry": {"type": "Point", "coordinates": [-94.626725, 39.106394]}}, {"type": "Feature", "properties": {"stop_id": "1070088", "stop_name": "ON 7TH AT OHIO NORTHBOUND", "route_count": 1, "frequent": false}, "geometry": {"type": "Point", "coordinates": [-94.626724, 39.108037]}}, {"type": "Feature", "properties": {"stop_id": "1072500", "stop_name": "ON 7TH ST AT SPLITLOG NB", "route_count": 1, "frequent": false}, "geometry": {"type": "Point", "coordinates": [-94.626723, 39.108941]}}, {"type": "Feature", "properties": {"stop_id": "1070089", "stop_name": "ON 7TH AT ORVILLE NORTHBOUND", "route_count": 1, "frequent": false}, "geometry": {"type": "Point", "coordinates": [-94.626715, 39.10977]}}, {"type": "Feature", "properties": {"stop_id": "1070090", "stop_name": "ON 7TH AT TAUROMEE NORTHBOUND", "route_count": 1, "frequent": false}, "geometry": {"type": "Point", "coordinates": [-94.626725, 39.111631]}}, {"type": "Feature", "properties": {"stop_id": "1070091", "stop_name": "ON 7TH AT BARNETT NORTHBOUND", "route_count": 1, "frequent": false}, "geometry": {"type": "Point", "coordinates": [-94.626724, 39.11282]}}, {"type": "Feature", "properties": {"stop_id": "1072501", "stop_name": "ON 7TH ST AT MINNESOTA NB", "route_count": 1, "frequent": false}, "geometry": {"type": "Point", "coordinates": [-94.626746, 39.115558]}}, {"type": "Feature", "properties": {"stop_id": "1060017", "stop_name": "ON 6TH AT MINNESOTA SOUTHBOUND", "route_count": 1, "frequent": false}, "geometry": {"type": "Point", "coordinates": [-94.624138, 39.115416]}}, {"type": "Feature", "properties": {"stop_id": "1010017", "stop_name": "ON 6TH AT ANN SOUTHBOUND", "route_count": 1, "frequent": false}, "geometry": {"type": "Point", "coordinates": [-94.624141, 39.113705]}}, {"type": "Feature", "properties": {"stop_id": "1070033", "stop_name": "ON 7TH BETWEEN ANN AND BARNETT SB", "route_count": 1, "frequent": false}, "geometry": {"type": "Point", "coordinates": [-94.626876, 39.113262]}}, {"type": "Feature", "properties": {"stop_id": "1070034", "stop_name": "ON 7TH AT TOURAMEE SOUTHBOUND", "route_count": 1, "frequent": false}, "geometry": {"type": "Point", "coordinates": [-94.626878, 39.111814]}}, {"type": "Feature", "properties": {"stop_id": "1070035", "stop_name": "ON 7TH AT ORVILLE SOUTHBOUND", "route_count": 1, "frequent": false}, "geometry": {"type": "Point", "coordinates": [-94.626872, 39.109951]}}, {"type": "Feature", "properties": {"stop_id": "1070036", "stop_name": "ON 7TH AT SPLITLOG SOUTHBOUND", "route_count": 1, "frequent": false}, "geometry": {"type": "Point", "coordinates": [-94.626866, 39.109118]}}, {"type": "Feature", "properties": {"stop_id": "1070037", "stop_name": "ON 7TH AT NORTHRUP SOUTHBOUND", "route_count": 1, "frequent": false}, "geometry": {"type": "Point", "coordinates": [-94.626841, 39.107362]}}, {"type": "Feature", "properties": {"stop_id": "1070038", "stop_name": "ON 7TH AT TENNY SOUTHBOUND", "route_count": 1, "frequent": false}, "geometry": {"type": "Point", "coordinates": [-94.626836, 39.106422]}}, {"type": "Feature", "properties": {"stop_id": "1070039", "stop_name": "ON 7TH AT REYNOLDS SOUTHBOUND", "route_count": 1, "frequent": false}, "geometry": {"type": "Point", "coordinates": [-94.626841, 39.104628]}}, {"type": "Feature", "properties": {"stop_id": "1070040", "stop_name": "ON 7TH AT CENTRAL SOUTHBOUND", "route_count": 1, "frequent": false}, "geometry": {"type": "Point", "coordinates": [-94.626285, 39.102609]}}, {"type": "Feature", "properties": {"stop_id": "1070041", "stop_name": "ON 7TH AT LOWELL SOUTHBOUND", "route_count": 1, "frequent": false}, "geometry": {"type": "Point", "coordinates": [-94.626275, 39.101061]}}, {"type": "Feature", "properties": {"stop_id": "1070042", "stop_name": "ON 7TH AT PACIFIC SOUTHBOUND", "route_count": 1, "frequent": false}, "geometry": {"type": "Point", "coordinates": [-94.626217, 39.099104]}}, {"type": "Feature", "properties": {"stop_id": "1070043", "stop_name": "ON 7TH AT KANSAS SOUTHBOUND", "route_count": 1, "frequent": false}, "geometry": {"type": "Point", "coordinates": [-94.626076, 39.087307]}}, {"type": "Feature", "properties": {"stop_id": "1070044", "stop_name": "ON 7TH AT OSAGE SOUTHBOUND", "route_count": 1, "frequent": false}, "geometry": {"type": "Point", "coordinates": [-94.625949, 39.084429]}}, {"type": "Feature", "properties": {"stop_id": "1070045", "stop_name": "ON 7TH AT MIAMI SOUTHBOUND", "route_count": 1, "frequent": false}, "geometry": {"type": "Point", "coordinates": [-94.625893, 39.082494]}}, {"type": "Feature", "properties": {"stop_id": "1070046", "stop_name": "ON 7TH AT CHEYENNE SOUTHBOUND", "route_count": 1, "frequent": false}, "geometry": {"type": "Point", "coordinates": [-94.625766, 39.080806]}}, {"type": "Feature", "properties": {"stop_id": "1070047", "stop_name": "ON 7TH AT METROPOLITAN SOUTHBOUND", "route_count": 1, "frequent": false}, "geometry": {"type": "Point", "coordinates": [-94.622899, 39.072513]}}, {"type": "Feature", "properties": {"stop_id": "107050", "stop_name": "ON RAINBOW AT SW BLVD SOUTHBOUND", "route_count": 2, "frequent": false}, "geometry": {"type": "Point", "coordinates": [-94.613228, 39.066313]}}, {"type": "Feature", "properties": {"stop_id": "1070054", "stop_name": "ON RAINBOW AT 35TH SOUTHBOUND", "route_count": 2, "frequent": false}, "geometry": {"type": "Point", "coordinates": [-94.613157, 39.063552]}}, {"type": "Feature", "properties": {"stop_id": "1070055", "stop_name": "ON RAINBOW AT 36TH SOUTHBOUND", "route_count": 2, "frequent": false}, "geometry": {"type": "Point", "coordinates": [-94.613181, 39.060544]}}, {"type": "Feature", "properties": {"stop_id": "1070056", "stop_name": "ON RAINBOW AT 39TH SOUTHBOUND FARSIDE", "route_count": 1, "frequent": false}, "geometry": {"type": "Point", "coordinates": [-94.611962, 39.056986]}}, {"type": "Feature", "properties": {"stop_id": "1072506", "stop_name": "ON RAINBOW AT 3948 RAINBOW SB", "route_count": 1, "frequent": false}, "geometry": {"type": "Point", "coordinates": [-94.611916, 39.055628]}}, {"type": "Feature", "properties": {"stop_id": "1070058", "stop_name": "ON RAINBOW AT OLATHE BLVD SOUTHBOUND", "route_count": 1, "frequent": false}, "geometry": {"type": "Point", "coordinates": [-94.611918, 39.054258]}}, {"type": "Feature", "properties": {"stop_id": "1072507", "stop_name": "ON RAINBOW AT 4140 RAINBOW SB", "route_count": 1, "frequent": false}, "geometry": {"type": "Point", "coordinates": [-94.611965, 39.052549]}}, {"type": "Feature", "properties": {"stop_id": "1070060", "stop_name": "ON RAINBOW AT 43RD SOUTHBOUND", "route_count": 1, "frequent": false}, "geometry": {"type": "Point", "coordinates": [-94.611988, 39.050342]}}, {"type": "Feature", "properties": {"stop_id": "1071", "stop_name": "On 43RD AT STATE LINE EB NS", "route_count": 1, "frequent": false}, "geometry": {"type": "Point", "coordinates": [-94.607396, 39.050198]}}, {"type": "Feature", "properties": {"stop_id": "1072", "stop_name": "ON 43RD AT FAIRMOUNT EB", "route_count": 1, "frequent": false}, "geometry": {"type": "Point", "coordinates": [-94.603272, 39.050045]}}, {"type": "Feature", "properties": {"stop_id": "1074", "stop_name": "ON ROANOKE AT TERRACE SB", "route_count": 1, "frequent": false}, "geometry": {"type": "Point", "coordinates": [-94.602567, 39.049576]}}, {"type": "Feature", "properties": {"stop_id": "1077", "stop_name": "ON ROANOKE AT MERCIER SB", "route_count": 1, "frequent": false}, "geometry": {"type": "Point", "coordinates": [-94.601736, 39.048162]}}, {"type": "Feature", "properties": {"stop_id": "1079", "stop_name": "ON ROANOKE AT 45TH SB", "route_count": 1, "frequent": false}, "geometry": {"type": "Point", "coordinates": [-94.600605, 39.046189]}}, {"type": "Feature", "properties": {"stop_id": "10711", "stop_name": "ON ROANOKE AT 46TH SB", "route_count": 1, "frequent": false}, "geometry": {"type": "Point", "coordinates": [-94.599115, 39.044396]}}, {"type": "Feature", "properties": {"stop_id": "10714", "stop_name": "On 47th at Jefferson EB Nearside", "route_count": 1, "frequent": false}, "geometry": {"type": "Point", "coordinates": [-94.594773, 39.042278]}}, {"type": "Feature", "properties": {"stop_id": "10715", "stop_name": "On 47th at Central EB Farside", "route_count": 1, "frequent": false}, "geometry": {"type": "Point", "coordinates": [-94.590719, 39.042196]}}, {"type": "Feature", "properties": {"stop_id": "10716", "stop_name": "ON W 47TH ST AT JC NICHOLS PARKWAY EB NS", "route_count": 1, "frequent": false}, "geometry": {"type": "Point", "coordinates": [-94.588258, 39.042132]}}, {"type": "Feature", "properties": {"stop_id": "11062", "stop_name": "N. CAMBRIDGE @ FRONT", "route_count": 1, "frequent": false}, "geometry": {"type": "Point", "coordinates": [-94.501218, 39.129605]}}, {"type": "Feature", "properties": {"stop_id": "5102", "stop_name": "ON UNIVERSAL AT COMMERCE NB", "route_count": 1, "frequent": false}, "geometry": {"type": "Point", "coordinates": [-94.506212, 39.131404]}}, {"type": "Feature", "properties": {"stop_id": "8326", "stop_name": "ON UNIVERSAL AT ENTERPRISE NB", "route_count": 1, "frequent": false}, "geometry": {"type": "Point", "coordinates": [-94.506039, 39.134358]}}, {"type": "Feature", "properties": {"stop_id": "6533", "stop_name": "ON EQUITABLE AT UNIVERSAL WB", "route_count": 1, "frequent": false}, "geometry": {"type": "Point", "coordinates": [-94.506122, 39.137058]}}, {"type": "Feature", "properties": {"stop_id": "6319", "stop_name": "ON EQUITABLE AT COMMERCE WB", "route_count": 1, "frequent": false}, "geometry": {"type": "Point", "coordinates": [-94.508674, 39.137135]}}, {"type": "Feature", "properties": {"stop_id": "5839", "stop_name": "ON EQUITABLE AT TOPPING WB", "route_count": 1, "frequent": false}, "geometry": {"type": "Point", "coordinates": [-94.513701, 39.137292]}}, {"type": "Feature", "properties": {"stop_id": "5840", "stop_name": "ON TOPPING AT PARETTA SB", "route_count": 1, "frequent": false}, "geometry": {"type": "Point", "coordinates": [-94.514082, 39.134906]}}, {"type": "Feature", "properties": {"stop_id": "5841", "stop_name": "ON TOPPING BETWEEN FRONT AND CONNECTICUT", "route_count": 1, "frequent": false}, "geometry": {"type": "Point", "coordinates": [-94.514237, 39.131915]}}, {"type": "Feature", "properties": {"stop_id": "11168", "stop_name": "ON FRONT AT TOPPING WESTBOUND", "route_count": 2, "frequent": false}, "geometry": {"type": "Point", "coordinates": [-94.515883, 39.130728]}}, {"type": "Feature", "properties": {"stop_id": "30151", "stop_name": "ON FRONT ST BETW SOUTHERN AND CHOUTEAU WB", "route_count": 2, "frequent": false}, "geometry": {"type": "Point", "coordinates": [-94.518306, 39.130805]}}, {"type": "Feature", "properties": {"stop_id": "1210097", "stop_name": "ON CHOUTEAU AT GARDNER SOUTHBOUND", "route_count": 2, "frequent": false}, "geometry": {"type": "Point", "coordinates": [-94.520105, 39.127524]}}, {"type": "Feature", "properties": {"stop_id": "1210102", "stop_name": "ON BELMONT AT ST JOHN SOUTHBOUND", "route_count": 2, "frequent": false}, "geometry": {"type": "Point", "coordinates": [-94.509405, 39.112229]}}, {"type": "Feature", "properties": {"stop_id": "3000007", "stop_name": "ON ST JOHN AT WHITE WESTBOUND", "route_count": 1, "frequent": false}, "geometry": {"type": "Point", "coordinates": [-94.511651, 39.112244]}}, {"type": "Feature", "properties": {"stop_id": "3000010", "stop_name": "ON ST JOHN AT LAWNDALE WESTBOUND", "route_count": 1, "frequent": false}, "geometry": {"type": "Point", "coordinates": [-94.515072, 39.112374]}}, {"type": "Feature", "properties": {"stop_id": "3000013", "stop_name": "ON ST JOHN AT HARDESTY WESTBOUND", "route_count": 1, "frequent": false}, "geometry": {"type": "Point", "coordinates": [-94.518808, 39.112497]}}, {"type": "Feature", "properties": {"stop_id": "3000014", "stop_name": "ON ST JOHN AT DENVER WESTBOUND", "route_count": 1, "frequent": false}, "geometry": {"type": "Point", "coordinates": [-94.520928, 39.112574]}}, {"type": "Feature", "properties": {"stop_id": "3000015", "stop_name": "ON ST JOHN AT QUINCY WESTBOUND", "route_count": 1, "frequent": false}, "geometry": {"type": "Point", "coordinates": [-94.5221, 39.112615]}}, {"type": "Feature", "properties": {"stop_id": "3000016", "stop_name": "ON ST JOHN AT BRIGHTON WESTBOUND", "route_count": 1, "frequent": false}, "geometry": {"type": "Point", "coordinates": [-94.52327, 39.112647]}}, {"type": "Feature", "properties": {"stop_id": "3000018", "stop_name": "ON ST JOHN AT VAN BRUNT WESTBOUND", "route_count": 1, "frequent": false}, "geometry": {"type": "Point", "coordinates": [-94.52559, 39.112725]}}, {"type": "Feature", "properties": {"stop_id": "3000019", "stop_name": "ON ST JOHN AT LAWN WB", "route_count": 1, "frequent": false}, "geometry": {"type": "Point", "coordinates": [-94.526738, 39.112762]}}, {"type": "Feature", "properties": {"stop_id": "3000020", "stop_name": "ON ST JOHN AT ELMWOOD WESTBOUND", "route_count": 1, "frequent": false}, "geometry": {"type": "Point", "coordinates": [-94.527907, 39.1128]}}, {"type": "Feature", "properties": {"stop_id": "3000022", "stop_name": "ON ST JOHN AT KENSINGTON WESTBOUND", "route_count": 1, "frequent": false}, "geometry": {"type": "Point", "coordinates": [-94.530235, 39.112875]}}, {"type": "Feature", "properties": {"stop_id": "3000023", "stop_name": "ON ST JOHN AT JACKSON WESTBOUND", "route_count": 1, "frequent": false}, "geometry": {"type": "Point", "coordinates": [-94.532583, 39.112961]}}, {"type": "Feature", "properties": {"stop_id": "3000026", "stop_name": "ON ST JOHN AT MONROE WESTBOUND", "route_count": 1, "frequent": false}, "geometry": {"type": "Point", "coordinates": [-94.537209, 39.113124]}}, {"type": "Feature", "properties": {"stop_id": "3000028", "stop_name": "ON ST JOHN AT ASKEW WESTBOUND NEARSIDE", "route_count": 1, "frequent": false}, "geometry": {"type": "Point", "coordinates": [-94.538589, 39.11318]}}, {"type": "Feature", "properties": {"stop_id": "3000030", "stop_name": "ON ST JOHN AT BENTON WESTBOUND", "route_count": 1, "frequent": false}, "geometry": {"type": "Point", "coordinates": [-94.543904, 39.113386]}}, {"type": "Feature", "properties": {"stop_id": "11182", "stop_name": "ON BENTON BLVD AT ANDERSON SOUTHBOUND NEARSIDE", "route_count": 1, "frequent": false}, "geometry": {"type": "Point", "coordinates": [-94.544422, 39.111593]}}, {"type": "Feature", "properties": {"stop_id": "3000032", "stop_name": "ON BELLEFONTAINE AT LEXINGTON SOUTHBOUND", "route_count": 1, "frequent": false}, "geometry": {"type": "Point", "coordinates": [-94.546737, 39.11099]}}, {"type": "Feature", "properties": {"stop_id": "3000034", "stop_name": "ON LEXINGTON AT PROSPECT WESTBOUND", "route_count": 1, "frequent": false}, "geometry": {"type": "Point", "coordinates": [-94.550488, 39.110903]}}, {"type": "Feature", "properties": {"stop_id": "3000036", "stop_name": "ON LEXINGTON AT OLIVE WESTBOUND", "route_count": 1, "frequent": false}, "geometry": {"type": "Point", "coordinates": [-94.553372, 39.11099]}}, {"type": "Feature", "properties": {"stop_id": "3000038", "stop_name": "ON LEXINGTON AT GARFIELD WESTBOUND", "route_count": 1, "frequent": false}, "geometry": {"type": "Point", "coordinates": [-94.556779, 39.111117]}}, {"type": "Feature", "properties": {"stop_id": "3000040", "stop_name": "ON MAPLE BLVD AT MISSOURI SOUTHBOUND", "route_count": 1, "frequent": false}, "geometry": {"type": "Point", "coordinates": [-94.558536, 39.10905]}}, {"type": "Feature", "properties": {"stop_id": "3000041", "stop_name": "ON WOODLAND AT INDEPENDENCE AVE SB FARSIDE", "route_count": 1, "frequent": false}, "geometry": {"type": "Point", "coordinates": [-94.560287, 39.106507]}}, {"type": "Feature", "properties": {"stop_id": "3000042", "stop_name": "ON WOODLAND AT 8TH WESTBOUND", "route_count": 1, "frequent": false}, "geometry": {"type": "Point", "coordinates": [-94.56048, 39.103866]}}, {"type": "Feature", "properties": {"stop_id": "11169", "stop_name": "ON 9TH AT HIGHLAND WESTBOUND", "route_count": 1, "frequent": false}, "geometry": {"type": "Point", "coordinates": [-94.561812, 39.103004]}}, {"type": "Feature", "properties": {"stop_id": "3000045", "stop_name": "ON 9TH AT PASEO WB", "route_count": 2, "frequent": false}, "geometry": {"type": "Point", "coordinates": [-94.563967, 39.10307]}}, {"type": "Feature", "properties": {"stop_id": "11181", "stop_name": "ON 9TH AT TRACY AVE WESTBOUND", "route_count": 2, "frequent": false}, "geometry": {"type": "Point", "coordinates": [-94.566944, 39.103067]}}, {"type": "Feature", "properties": {"stop_id": "3000048", "stop_name": "ON 9TH AT TROOST WESTBOUND", "route_count": 2, "frequent": false}, "geometry": {"type": "Point", "coordinates": [-94.569589, 39.103165]}}, {"type": "Feature", "properties": {"stop_id": "75195", "stop_name": "ON 12TH AT TROOST WESTBOUND FARSIDE", "route_count": 7, "frequent": true}, "geometry": {"type": "Point", "coordinates": [-94.57044, 39.099544]}}, {"type": "Feature", "properties": {"stop_id": "213", "stop_name": "ON 12TH AT CHARLOTTE WESTBOUND NEARSIDE", "route_count": 4, "frequent": false}, "geometry": {"type": "Point", "coordinates": [-94.573268, 39.099646]}}, {"type": "Feature", "properties": {"stop_id": "1090041", "stop_name": "ON 11TH BETWEEN CHARLOTTE AND HOLMES WESTBOUND", "route_count": 6, "frequent": false}, "geometry": {"type": "Point", "coordinates": [-94.574437, 39.100885]}}, {"type": "Feature", "properties": {"stop_id": "1200076", "stop_name": "ON 11TH AT WASHINGTON WESTBOUND NEARSIDE", "route_count": 2, "frequent": false}, "geometry": {"type": "Point", "coordinates": [-94.589885, 39.101107]}}, {"type": "Feature", "properties": {"stop_id": "1200077", "stop_name": "ON 11TH AT PENNSYLVANIA WESTBOUND", "route_count": 2, "frequent": false}, "geometry": {"type": "Point", "coordinates": [-94.591012, 39.101134]}}, {"type": "Feature", "properties": {"stop_id": "1200082", "stop_name": "ON PENNSYLVANIA AT 12TH SOUTHBOUND", "route_count": 1, "frequent": false}, "geometry": {"type": "Point", "coordinates": [-94.591243, 39.10032]}}, {"type": "Feature", "properties": {"stop_id": "270008", "stop_name": "ON SUMMIT AT 17TH ST SOUTHBOUND", "route_count": 1, "frequent": false}, "geometry": {"type": "Point", "coordinates": [-94.593425, 39.093168]}}, {"type": "Feature", "properties": {"stop_id": "111611", "stop_name": "ON SUMMIT AT 20TH SOUTHBOUND NEARSIDE", "route_count": 1, "frequent": false}, "geometry": {"type": "Point", "coordinates": [-94.593635, 39.089501]}}, {"type": "Feature", "properties": {"stop_id": "111612", "stop_name": "ON SUMMIT AT WEST PENNWAY SOUTHBOUND NEARSIDE", "route_count": 1, "frequent": false}, "geometry": {"type": "Point", "coordinates": [-94.593726, 39.087816]}}, {"type": "Feature", "properties": {"stop_id": "4700118", "stop_name": "ON SUMMIT AT CESAR CHAVEZ SOUTHBOUND", "route_count": 1, "frequent": false}, "geometry": {"type": "Point", "coordinates": [-94.593855, 39.086009]}}, {"type": "Feature", "properties": {"stop_id": "111613", "stop_name": "ON SW BLVD AT MADISON SOUTHBOUND", "route_count": 1, "frequent": false}, "geometry": {"type": "Point", "coordinates": [-94.594599, 39.084327]}}, {"type": "Feature", "properties": {"stop_id": "111601", "stop_name": "ON SW BLVD AT 25TH SOUTHBOUND", "route_count": 1, "frequent": false}, "geometry": {"type": "Point", "coordinates": [-94.596881, 39.082497]}}, {"type": "Feature", "properties": {"stop_id": "2220046", "stop_name": "ON SOUTHWEST BLVD AT 27TH ST SOUTHBOUND", "route_count": 1, "frequent": false}, "geometry": {"type": "Point", "coordinates": [-94.600034, 39.078953]}}, {"type": "Feature", "properties": {"stop_id": "123002", "stop_name": "ON SW BLVD AT 29TH ST SB", "route_count": 1, "frequent": false}, "geometry": {"type": "Point", "coordinates": [-94.602949, 39.07567]}}, {"type": "Feature", "properties": {"stop_id": "111614", "stop_name": "ON SW BLVD AT 31ST ST WESTBOUND", "route_count": 1, "frequent": false}, "geometry": {"type": "Point", "coordinates": [-94.607359, 39.072546]}}, {"type": "Feature", "properties": {"stop_id": "390119", "stop_name": "ON 39TH AT KU MED CENTER EASTBOUND", "route_count": 3, "frequent": false}, "geometry": {"type": "Point", "coordinates": [-94.609724, 39.057233]}}, {"type": "Feature", "properties": {"stop_id": "4700140", "stop_name": "ON STATE LINE AT 39TH SOUTHBOUND", "route_count": 1, "frequent": false}, "geometry": {"type": "Point", "coordinates": [-94.60737, 39.057174]}}, {"type": "Feature", "properties": {"stop_id": "4700142", "stop_name": "ON STATE LINE AT OLATHE BLVD SB", "route_count": 1, "frequent": false}, "geometry": {"type": "Point", "coordinates": [-94.607376, 39.054467]}}, {"type": "Feature", "properties": {"stop_id": "1231201", "stop_name": "ON SW BLVD AT 31ST EASTBOUND", "route_count": 1, "frequent": false}, "geometry": {"type": "Point", "coordinates": [-94.607109, 39.07257]}}, {"type": "Feature", "properties": {"stop_id": "123003", "stop_name": "ON SW BLVD AT 29TH ST NB", "route_count": 1, "frequent": false}, "geometry": {"type": "Point", "coordinates": [-94.603066, 39.075409]}}, {"type": "Feature", "properties": {"stop_id": "11161", "stop_name": "ON SW BLVD AT 27TH NORTHBOUND NEARSIDE", "route_count": 1, "frequent": false}, "geometry": {"type": "Point", "coordinates": [-94.600055, 39.078742]}}, {"type": "Feature", "properties": {"stop_id": "111602", "stop_name": "ON SOUTHWEST BLVD AT 25TH NORTHBOUND", "route_count": 1, "frequent": false}, "geometry": {"type": "Point", "coordinates": [-94.596746, 39.082461]}}, {"type": "Feature", "properties": {"stop_id": "271601", "stop_name": "ON SW BLVD BETWEEN MADISON AND SUMMIT EASTBOUND", "route_count": 2, "frequent": false}, "geometry": {"type": "Point", "coordinates": [-94.594427, 39.084291]}}, {"type": "Feature", "properties": {"stop_id": "2220028", "stop_name": "ON SUMMIT AT CESAR CHAVEZ NORTHBOUND", "route_count": 1, "frequent": false}, "geometry": {"type": "Point", "coordinates": [-94.593702, 39.085689]}}, {"type": "Feature", "properties": {"stop_id": "11162", "stop_name": "ON SUMMIT AT WEST PENNWAY NORTHBOUND NEARSIDE", "route_count": 1, "frequent": false}, "geometry": {"type": "Point", "coordinates": [-94.593606, 39.087494]}}, {"type": "Feature", "properties": {"stop_id": "11163", "stop_name": "ON SUMMIT AT 20TH NORTHBOUND", "route_count": 1, "frequent": false}, "geometry": {"type": "Point", "coordinates": [-94.593507, 39.089315]}}, {"type": "Feature", "properties": {"stop_id": "270006", "stop_name": "ON SUMMIT AT 17TH ST NB", "route_count": 1, "frequent": false}, "geometry": {"type": "Point", "coordinates": [-94.593304, 39.092955]}}, {"type": "Feature", "properties": {"stop_id": "11164", "stop_name": "ON WASHINGTON AT 14TH NORTHBOUND", "route_count": 1, "frequent": false}, "geometry": {"type": "Point", "coordinates": [-94.59008, 39.097934]}}, {"type": "Feature", "properties": {"stop_id": "25002", "stop_name": "ON 12TH BETWEEN BALTIMORE AND MAIN EASTBOUND", "route_count": 8, "frequent": true}, "geometry": {"type": "Point", "coordinates": [-94.583611, 39.09991]}}, {"type": "Feature", "properties": {"stop_id": "25004", "stop_name": "ON 12TH BETWEEN GRAND AND MCGEE EASTBOUND", "route_count": 9, "frequent": false}, "geometry": {"type": "Point", "coordinates": [-94.579742, 39.099813]}}, {"type": "Feature", "properties": {"stop_id": "1200129", "stop_name": "ON 12TH AT LOCUST EASTBOUND", "route_count": 13, "frequent": true}, "geometry": {"type": "Point", "coordinates": [-94.577598, 39.099698]}}, {"type": "Feature", "properties": {"stop_id": "212", "stop_name": "ON 12TH BETWEEN HOLMES AND CHARLOTTE EASTBOUND", "route_count": 4, "frequent": false}, "geometry": {"type": "Point", "coordinates": [-94.574269, 39.099558]}}, {"type": "Feature", "properties": {"stop_id": "25010", "stop_name": "ON 12TH AT TROOST EASTBOUND", "route_count": 7, "frequent": true}, "geometry": {"type": "Point", "coordinates": [-94.570095, 39.099424]}}, {"type": "Feature", "properties": {"stop_id": "6900036", "stop_name": "ON 8TH AT TROOST EASTBOUND", "route_count": 1, "frequent": false}, "geometry": {"type": "Point", "coordinates": [-94.569511, 39.104004]}}, {"type": "Feature", "properties": {"stop_id": "3000071", "stop_name": "ON 8TH AT TRACY EASTBOUND", "route_count": 1, "frequent": false}, "geometry": {"type": "Point", "coordinates": [-94.567181, 39.103917]}}, {"type": "Feature", "properties": {"stop_id": "3000072", "stop_name": "ON 8TH AT PASEO EASTBOUND", "route_count": 1, "frequent": false}, "geometry": {"type": "Point", "coordinates": [-94.562835, 39.103776]}}, {"type": "Feature", "properties": {"stop_id": "3000074", "stop_name": "ON WOODLAND AT 8TH NORTHBOUND", "route_count": 1, "frequent": false}, "geometry": {"type": "Point", "coordinates": [-94.560337, 39.104045]}}, {"type": "Feature", "properties": {"stop_id": "2400108", "stop_name": "ON INDEPENDENCE  AT WOODLAND EASTBOUND", "route_count": 2, "frequent": false}, "geometry": {"type": "Point", "coordinates": [-94.559764, 39.106561]}}, {"type": "Feature", "properties": {"stop_id": "3000077", "stop_name": "ON MAPLE AT MISSOURI NORTHBOUND", "route_count": 1, "frequent": false}, "geometry": {"type": "Point", "coordinates": [-94.558394, 39.109104]}}, {"type": "Feature", "properties": {"stop_id": "3000079", "stop_name": "ON LEXINGTON AT GARFIELD EASTBOUND", "route_count": 1, "frequent": false}, "geometry": {"type": "Point", "coordinates": [-94.557049, 39.111034]}}, {"type": "Feature", "properties": {"stop_id": "3000081", "stop_name": "ON LEXINGTON AT OLIVE EASTBOUND", "route_count": 1, "frequent": false}, "geometry": {"type": "Point", "coordinates": [-94.553575, 39.110934]}}, {"type": "Feature", "properties": {"stop_id": "3000083", "stop_name": "ON LEXINGTON AT PROSPECT EASTBOUND", "route_count": 1, "frequent": false}, "geometry": {"type": "Point", "coordinates": [-94.550787, 39.11083]}}, {"type": "Feature", "properties": {"stop_id": "3000085", "stop_name": "ON BELLEFONTAINE AT ANDERSON NORTHBOUND", "route_count": 1, "frequent": false}, "geometry": {"type": "Point", "coordinates": [-94.546608, 39.111555]}}, {"type": "Feature", "properties": {"stop_id": "11183", "stop_name": "ON BENTON AT ANDERSON NORTHBOUND", "route_count": 1, "frequent": false}, "geometry": {"type": "Point", "coordinates": [-94.544282, 39.111651]}}, {"type": "Feature", "properties": {"stop_id": "30163", "stop_name": "ON ENTON AT ST. JOHN NORTHBOUND NEARSIDE", "route_count": 1, "frequent": false}, "geometry": {"type": "Point", "coordinates": [-94.544149, 39.113107]}}, {"type": "Feature", "properties": {"stop_id": "3000090", "stop_name": "ON ST JOHN AT ASKEW EASTBOUND", "route_count": 1, "frequent": false}, "geometry": {"type": "Point", "coordinates": [-94.538798, 39.113092]}}, {"type": "Feature", "properties": {"stop_id": "3000091", "stop_name": "ON ST JOHN AT MONROE EASTBOUND", "route_count": 1, "frequent": false}, "geometry": {"type": "Point", "coordinates": [-94.53741, 39.113045]}}, {"type": "Feature", "properties": {"stop_id": "3000093", "stop_name": "ON ST JOHN AT CLINTON EASTBOUND", "route_count": 1, "frequent": false}, "geometry": {"type": "Point", "coordinates": [-94.534007, 39.112935]}}, {"type": "Feature", "properties": {"stop_id": "3000096", "stop_name": "ON ST JOHN AT KENSINGTON EASTBOUND", "route_count": 1, "frequent": false}, "geometry": {"type": "Point", "coordinates": [-94.530418, 39.112806]}}, {"type": "Feature", "properties": {"stop_id": "3000098", "stop_name": "ON ST JOHN AT ELMWOOD EASTBOUND", "route_count": 1, "frequent": false}, "geometry": {"type": "Point", "coordinates": [-94.528112, 39.112721]}}, {"type": "Feature", "properties": {"stop_id": "3000099", "stop_name": "ON ST JOHN AT LAWN EB", "route_count": 1, "frequent": false}, "geometry": {"type": "Point", "coordinates": [-94.526943, 39.11268]}}, {"type": "Feature", "properties": {"stop_id": "3000100", "stop_name": "ON ST JOHN AT VAN BRUNT EASTBOUND", "route_count": 1, "frequent": false}, "geometry": {"type": "Point", "coordinates": [-94.525809, 39.112649]}}, {"type": "Feature", "properties": {"stop_id": "3000102", "stop_name": "ON ST JOHN AT BRIGHTON EASTBOUND", "route_count": 1, "frequent": false}, "geometry": {"type": "Point", "coordinates": [-94.523464, 39.11256]}}, {"type": "Feature", "properties": {"stop_id": "3000104", "stop_name": "ON ST JOHN AT DENVER EASTBOUND", "route_count": 1, "frequent": false}, "geometry": {"type": "Point", "coordinates": [-94.521122, 39.112498]}}, {"type": "Feature", "properties": {"stop_id": "3000105", "stop_name": "ON ST JOHN AT HARDESTY EASTBOUND", "route_count": 1, "frequent": false}, "geometry": {"type": "Point", "coordinates": [-94.518781, 39.112403]}}, {"type": "Feature", "properties": {"stop_id": "1210058", "stop_name": "ON ST. JOHN AT LAWNDALE EASTBOUND", "route_count": 1, "frequent": false}, "geometry": {"type": "Point", "coordinates": [-94.515302, 39.11229]}}, {"type": "Feature", "properties": {"stop_id": "1210061", "stop_name": "ON ST. JOHN AT WHITE EASTBOUND", "route_count": 1, "frequent": false}, "geometry": {"type": "Point", "coordinates": [-94.511866, 39.112165]}}, {"type": "Feature", "properties": {"stop_id": "3000113", "stop_name": "ON BELMONT AT ST JOHN NORTHBOUND", "route_count": 2, "frequent": false}, "geometry": {"type": "Point", "coordinates": [-94.509299, 39.1123]}}, {"type": "Feature", "properties": {"stop_id": "1210068", "stop_name": "ON CHOUTEAU AT GARDNER NORTHBOUND", "route_count": 2, "frequent": false}, "geometry": {"type": "Point", "coordinates": [-94.519509, 39.127028]}}, {"type": "Feature", "properties": {"stop_id": "1210078", "stop_name": "ON FRONT AT CHOUTEAU EASTBOUND", "route_count": 2, "frequent": false}, "geometry": {"type": "Point", "coordinates": [-94.521517, 39.130655]}}, {"type": "Feature", "properties": {"stop_id": "30105", "stop_name": "ON TOPPING BETWEEN FRONT ST & CONNECTICUT NB", "route_count": 1, "frequent": false}, "geometry": {"type": "Point", "coordinates": [-94.514008, 39.131977]}}, {"type": "Feature", "properties": {"stop_id": "126500", "stop_name": "ON TOPPING AT PARRETTA NB", "route_count": 1, "frequent": false}, "geometry": {"type": "Point", "coordinates": [-94.513915, 39.134639]}}, {"type": "Feature", "properties": {"stop_id": "30002", "stop_name": "ON TOPPING AT EQUITABLE NB", "route_count": 1, "frequent": false}, "geometry": {"type": "Point", "coordinates": [-94.513781, 39.137133]}}, {"type": "Feature", "properties": {"stop_id": "2137", "stop_name": "ON EQUITABLE AT TOPPING EB", "route_count": 1, "frequent": false}, "geometry": {"type": "Point", "coordinates": [-94.51314, 39.137157]}}, {"type": "Feature", "properties": {"stop_id": "30106", "stop_name": "ON EQUITABLE AT COMMERCE AVE EB", "route_count": 1, "frequent": false}, "geometry": {"type": "Point", "coordinates": [-94.508217, 39.136999]}}, {"type": "Feature", "properties": {"stop_id": "30109", "stop_name": "ON EQUITABLE AT UNIVERSAL EB", "route_count": 1, "frequent": false}, "geometry": {"type": "Point", "coordinates": [-94.505673, 39.136933]}}, {"type": "Feature", "properties": {"stop_id": "11165", "stop_name": "ON UNIVERSAL AT ENTERPRISE SOUTHBOUND", "route_count": 1, "frequent": false}, "geometry": {"type": "Point", "coordinates": [-94.506512, 39.133882]}}, {"type": "Feature", "properties": {"stop_id": "11166", "stop_name": "ON UNIVERSAL AT COMMERCE SOUTHBOUND", "route_count": 1, "frequent": false}, "geometry": {"type": "Point", "coordinates": [-94.506609, 39.131656]}}, {"type": "Feature", "properties": {"stop_id": "1200080", "stop_name": "ON JEFFERSON AT 9TH NORTHBOUND", "route_count": 1, "frequent": false}, "geometry": {"type": "Point", "coordinates": [-94.592002, 39.103832]}}, {"type": "Feature", "properties": {"stop_id": "1200119", "stop_name": "ON PENNSYLVANIA AT 9TH SOUTHBOUND", "route_count": 1, "frequent": false}, "geometry": {"type": "Point", "coordinates": [-94.591055, 39.103701]}}, {"type": "Feature", "properties": {"stop_id": "1200121", "stop_name": "ON PENNSYLVANIA AT 11TH SOUTHBOUND", "route_count": 1, "frequent": false}, "geometry": {"type": "Point", "coordinates": [-94.591196, 39.101182]}}, {"type": "Feature", "properties": {"stop_id": "1200133", "stop_name": "ON 12TH AT TRACY EASTBOUND", "route_count": 1, "frequent": false}, "geometry": {"type": "Point", "coordinates": [-94.56758, 39.099346]}}, {"type": "Feature", "properties": {"stop_id": "1200134", "stop_name": "ON 12TH AT PASEO EASTBOUND", "route_count": 1, "frequent": false}, "geometry": {"type": "Point", "coordinates": [-94.564169, 39.099242]}}, {"type": "Feature", "properties": {"stop_id": "1200136", "stop_name": "ON 12TH AT WOODLAND EASTBOUND", "route_count": 2, "frequent": true}, "geometry": {"type": "Point", "coordinates": [-94.560795, 39.099053]}}, {"type": "Feature", "properties": {"stop_id": "1200139", "stop_name": "ON 12TH AT BROOKLYN EASTBOUND", "route_count": 2, "frequent": true}, "geometry": {"type": "Point", "coordinates": [-94.556133, 39.099003]}}, {"type": "Feature", "properties": {"stop_id": "1200169", "stop_name": "ON 12TH AT PROSPECT EASTBOUND", "route_count": 2, "frequent": true}, "geometry": {"type": "Point", "coordinates": [-94.551498, 39.098824]}}, {"type": "Feature", "properties": {"stop_id": "1200171", "stop_name": "ON 12TH AT AGNES EASTBOUND", "route_count": 1, "frequent": false}, "geometry": {"type": "Point", "coordinates": [-94.547217, 39.098675]}}, {"type": "Feature", "properties": {"stop_id": "1200173", "stop_name": "ON 12TH AT BENTON BLVD EASTBOUND", "route_count": 1, "frequent": false}, "geometry": {"type": "Point", "coordinates": [-94.544604, 39.098553]}}, {"type": "Feature", "properties": {"stop_id": "1200174", "stop_name": "ON 12TH AT INDIANA EASTBOUND FARSIDE", "route_count": 1, "frequent": false}, "geometry": {"type": "Point", "coordinates": [-94.542014, 39.098464]}}, {"type": "Feature", "properties": {"stop_id": "1200176", "stop_name": "ON 12TH AT ASKEW EASTBOUND", "route_count": 1, "frequent": false}, "geometry": {"type": "Point", "coordinates": [-94.54002, 39.098384]}}, {"type": "Feature", "properties": {"stop_id": "122300", "stop_name": "ON 12TH AT CLEVELAND EASTBOUND", "route_count": 1, "frequent": false}, "geometry": {"type": "Point", "coordinates": [-94.537728, 39.098316]}}, {"type": "Feature", "properties": {"stop_id": "1200179", "stop_name": "ON 12TH AT JACKSON EASTBOUND", "route_count": 1, "frequent": false}, "geometry": {"type": "Point", "coordinates": [-94.533135, 39.098138]}}, {"type": "Feature", "properties": {"stop_id": "121201", "stop_name": "ON 12TH ST AT VAN BRUNT EB", "route_count": 1, "frequent": false}, "geometry": {"type": "Point", "coordinates": [-94.526263, 39.097913]}}, {"type": "Feature", "properties": {"stop_id": "121202", "stop_name": "ON 12TH ST AT DENVER EB", "route_count": 1, "frequent": false}, "geometry": {"type": "Point", "coordinates": [-94.522155, 39.097776]}}, {"type": "Feature", "properties": {"stop_id": "121203", "stop_name": "ON 12TH ST AT HARDESTY EB", "route_count": 1, "frequent": false}, "geometry": {"type": "Point", "coordinates": [-94.519228, 39.097609]}}, {"type": "Feature", "properties": {"stop_id": "1092", "stop_name": "ON HARDESTY AT TRUMAN SB", "route_count": 1, "frequent": false}, "geometry": {"type": "Point", "coordinates": [-94.51945, 39.09422]}}, {"type": "Feature", "properties": {"stop_id": "121204", "stop_name": "ON HARDESTY AT 17TH ST SB", "route_count": 1, "frequent": false}, "geometry": {"type": "Point", "coordinates": [-94.519603, 39.090603]}}, {"type": "Feature", "properties": {"stop_id": "1200200", "stop_name": "ON HARDESTY AT 22ND SOUTHBOUND", "route_count": 1, "frequent": false}, "geometry": {"type": "Point", "coordinates": [-94.51989, 39.085146]}}, {"type": "Feature", "properties": {"stop_id": "1200201", "stop_name": "ON HARDESTY AT 23RD SOUTHBOUND", "route_count": 1, "frequent": false}, "geometry": {"type": "Point", "coordinates": [-94.519968, 39.083346]}}, {"type": "Feature", "properties": {"stop_id": "1200024", "stop_name": "ON HARDESTY AT 24TH SOUTHBOUND", "route_count": 1, "frequent": false}, "geometry": {"type": "Point", "coordinates": [-94.520158, 39.079761]}}, {"type": "Feature", "properties": {"stop_id": "121205", "stop_name": "ON HARDESTY AT 26TH ST SB", "route_count": 1, "frequent": false}, "geometry": {"type": "Point", "coordinates": [-94.520279, 39.077976]}}, {"type": "Feature", "properties": {"stop_id": "2700139", "stop_name": "ON VAN BRUNT AT 27TH SOUTHBOUND", "route_count": 2, "frequent": false}, "geometry": {"type": "Point", "coordinates": [-94.520663, 39.075338]}}, {"type": "Feature", "properties": {"stop_id": "2700140", "stop_name": "ON VAN BRUNT AT 29TH SOUTHBOUND", "route_count": 2, "frequent": false}, "geometry": {"type": "Point", "coordinates": [-94.520763, 39.072588]}}, {"type": "Feature", "properties": {"stop_id": "270002", "stop_name": "ON VAN BRUNT LOOP AT 31ST NORTHBOUND", "route_count": 4, "frequent": false}, "geometry": {"type": "Point", "coordinates": [-94.52116, 39.069201]}}, {"type": "Feature", "properties": {"stop_id": "1200204", "stop_name": "ON NOWLIN HALL AT 19TH NORTHBOUND", "route_count": 1, "frequent": false}, "geometry": {"type": "Point", "coordinates": [-94.517942, 39.088655]}}, {"type": "Feature", "properties": {"stop_id": "2700018", "stop_name": "ON VAN BRUNT AT 29TH NORTHBOUND", "route_count": 2, "frequent": false}, "geometry": {"type": "Point", "coordinates": [-94.520391, 39.072555]}}, {"type": "Feature", "properties": {"stop_id": "2700020", "stop_name": "ON VAN BRUNT AT 27TH TERRACE NORTHBOUND", "route_count": 2, "frequent": false}, "geometry": {"type": "Point", "coordinates": [-94.520265, 39.07526]}}, {"type": "Feature", "properties": {"stop_id": "121206", "stop_name": "ON HARDESTY AT 26TH ST NB", "route_count": 1, "frequent": false}, "geometry": {"type": "Point", "coordinates": [-94.520122, 39.078018]}}, {"type": "Feature", "properties": {"stop_id": "121207", "stop_name": "ON HARDESTY AT 24TH NB", "route_count": 1, "frequent": false}, "geometry": {"type": "Point", "coordinates": [-94.519946, 39.081219]}}, {"type": "Feature", "properties": {"stop_id": "121208", "stop_name": "ON HARDESTY AT 23RD ST NORTHBOUND FARSIDE", "route_count": 1, "frequent": false}, "geometry": {"type": "Point", "coordinates": [-94.519819, 39.083457]}}, {"type": "Feature", "properties": {"stop_id": "121209", "stop_name": "ON HARDESTY AT 20TH ST NB", "route_count": 1, "frequent": false}, "geometry": {"type": "Point", "coordinates": [-94.519661, 39.086785]}}, {"type": "Feature", "properties": {"stop_id": "1202011", "stop_name": "ON HARDESTY AT NOWLIN HALL ENTRANCE NB NS", "route_count": 1, "frequent": false}, "geometry": {"type": "Point", "coordinates": [-94.519583, 39.08822]}}, {"type": "Feature", "properties": {"stop_id": "121210", "stop_name": "ON HARDESTY AT 17TH ST NORTHBOUND FARSIDE", "route_count": 1, "frequent": false}, "geometry": {"type": "Point", "coordinates": [-94.519462, 39.090651]}}, {"type": "Feature", "properties": {"stop_id": "1091", "stop_name": "ON HARDESTY AT TRUMAN NB", "route_count": 1, "frequent": false}, "geometry": {"type": "Point", "coordinates": [-94.5193, 39.094034]}}, {"type": "Feature", "properties": {"stop_id": "121212", "stop_name": "ON 12TH ST AT DENVER WB", "route_count": 1, "frequent": false}, "geometry": {"type": "Point", "coordinates": [-94.521917, 39.097872]}}, {"type": "Feature", "properties": {"stop_id": "1200041", "stop_name": "ON 12TH AT JACKSON  WESTBOUND", "route_count": 1, "frequent": false}, "geometry": {"type": "Point", "coordinates": [-94.533232, 39.09825]}}, {"type": "Feature", "properties": {"stop_id": "1200044", "stop_name": "ON 12TH AT CLEVELAND WESTBOUND", "route_count": 1, "frequent": false}, "geometry": {"type": "Point", "coordinates": [-94.537491, 39.098413]}}, {"type": "Feature", "properties": {"stop_id": "1200045", "stop_name": "ON 12TH AT ASKEW WESTBOUND", "route_count": 1, "frequent": false}, "geometry": {"type": "Point", "coordinates": [-94.539783, 39.098482]}}, {"type": "Feature", "properties": {"stop_id": "1200047", "stop_name": "ON 12TH AT INDIANA WESTBOUND", "route_count": 1, "frequent": false}, "geometry": {"type": "Point", "coordinates": [-94.542084, 39.098572]}}, {"type": "Feature", "properties": {"stop_id": "1200048", "stop_name": "ON 12TH AT BENTON BLVD WESTBOUND", "route_count": 1, "frequent": false}, "geometry": {"type": "Point", "coordinates": [-94.544366, 39.098651]}}, {"type": "Feature", "properties": {"stop_id": "1200050", "stop_name": "ON 12TH AT AGNES WESTBOUND", "route_count": 1, "frequent": false}, "geometry": {"type": "Point", "coordinates": [-94.547229, 39.098755]}}, {"type": "Feature", "properties": {"stop_id": "1200052", "stop_name": "ON 12TH AT PROSPECT WESTBOUND", "route_count": 1, "frequent": false}, "geometry": {"type": "Point", "coordinates": [-94.551318, 39.098899]}}, {"type": "Feature", "properties": {"stop_id": "1200056", "stop_name": "ON 12TH AT BROOKLYN WESTBOUND", "route_count": 2, "frequent": true}, "geometry": {"type": "Point", "coordinates": [-94.555848, 39.099107]}}, {"type": "Feature", "properties": {"stop_id": "1200059", "stop_name": "ON ELLA FITZGERALD AT WOODLAND WESTBOUND", "route_count": 2, "frequent": true}, "geometry": {"type": "Point", "coordinates": [-94.560826, 39.099293]}}, {"type": "Feature", "properties": {"stop_id": "110038", "stop_name": "ON ELLA FITZGERALD AT BASIE ST WESTBOUND", "route_count": 1, "frequent": false}, "geometry": {"type": "Point", "coordinates": [-94.562419, 39.100293]}}, {"type": "Feature", "properties": {"stop_id": "10192", "stop_name": "ON 11TH AT LYDIA WESTBOUND NEARSIDE", "route_count": 1, "frequent": false}, "geometry": {"type": "Point", "coordinates": [-94.565064, 39.100584]}}, {"type": "Feature", "properties": {"stop_id": "1750114", "stop_name": "ON SWOPE PKWY AT MEYER NB", "route_count": 2, "frequent": false}, "geometry": {"type": "Point", "coordinates": [-94.542248, 39.007698]}}, {"type": "Feature", "properties": {"stop_id": "1750115", "stop_name": "ON SWOPE PKWY AT SOUTHEAST H.S. NB", "route_count": 2, "frequent": false}, "geometry": {"type": "Point", "coordinates": [-94.542135, 39.009728]}}, {"type": "Feature", "properties": {"stop_id": "542300", "stop_name": "ON SWOPE PKWY AT 63RD NORTHBOUND FS", "route_count": 2, "frequent": false}, "geometry": {"type": "Point", "coordinates": [-94.542023, 39.012074]}}, {"type": "Feature", "properties": {"stop_id": "5300151", "stop_name": "ON SWOPE PKY AT 61ST NORTHBOUND", "route_count": 2, "frequent": false}, "geometry": {"type": "Point", "coordinates": [-94.541864, 39.015194]}}, {"type": "Feature", "properties": {"stop_id": "5300153", "stop_name": "ON SWOPE PKWY AT 59TH NORTHBOUND", "route_count": 2, "frequent": false}, "geometry": {"type": "Point", "coordinates": [-94.54168, 39.017864]}}, {"type": "Feature", "properties": {"stop_id": "5300155", "stop_name": "ON SWOPE PKWY AT 58TH NORTHBOUND", "route_count": 2, "frequent": false}, "geometry": {"type": "Point", "coordinates": [-94.541472, 39.020532]}}, {"type": "Feature", "properties": {"stop_id": "18191", "stop_name": "ON SWOPE PARKWAY AT 57TH ST NORTHBOUND NEARSIDE", "route_count": 2, "frequent": false}, "geometry": {"type": "Point", "coordinates": [-94.541354, 39.022325]}}, {"type": "Feature", "properties": {"stop_id": "5300156", "stop_name": "ON SWOPE PKWY AT 5600 SWOPE PARKWAY NORTHBOUND", "route_count": 2, "frequent": false}, "geometry": {"type": "Point", "coordinates": [-94.541243, 39.024308]}}, {"type": "Feature", "properties": {"stop_id": "1552500", "stop_name": "ON CLEVELAND AT 55TH NORTHBOUND NEARSIDE", "route_count": 2, "frequent": false}, "geometry": {"type": "Point", "coordinates": [-94.541262, 39.025966]}}, {"type": "Feature", "properties": {"stop_id": "1550006", "stop_name": "ON CLEVELAND AT 53RD NORTHBOUND", "route_count": 2, "frequent": false}, "geometry": {"type": "Point", "coordinates": [-94.541078, 39.029576]}}, {"type": "Feature", "properties": {"stop_id": "5300161", "stop_name": "ON CLEVELAND AT 51ST NORTHBOUND FARSIDE", "route_count": 2, "frequent": false}, "geometry": {"type": "Point", "coordinates": [-94.540832, 39.033402]}}, {"type": "Feature", "properties": {"stop_id": "1210009", "stop_name": "ON CLEVELAND AT BLUE PKWY NORTHBOUND", "route_count": 2, "frequent": false}, "geometry": {"type": "Point", "coordinates": [-94.540719, 39.035891]}}, {"type": "Feature", "properties": {"stop_id": "1801", "stop_name": "ON CLEAVER II BLVD AT BENTON AVE WB", "route_count": 1, "frequent": false}, "geometry": {"type": "Point", "coordinates": [-94.541701, 39.038736]}}, {"type": "Feature", "properties": {"stop_id": "1080115", "stop_name": "ON BENTON AT 47TH TERR NORTHBOUND", "route_count": 1, "frequent": false}, "geometry": {"type": "Point", "coordinates": [-94.542135, 39.039558]}}, {"type": "Feature", "properties": {"stop_id": "18181", "stop_name": "ON BENTON AT E 46TH TERR NORTHBOUND", "route_count": 1, "frequent": false}, "geometry": {"type": "Point", "coordinates": [-94.543058, 39.040549]}}, {"type": "Feature", "properties": {"stop_id": "1082304", "stop_name": "ON BENTON AT INDIANA NORTHWESTBOUND", "route_count": 1, "frequent": false}, "geometry": {"type": "Point", "coordinates": [-94.544931, 39.04213]}}, {"type": "Feature", "properties": {"stop_id": "1080118", "stop_name": "ON INDIANA AT 45TH NORTHBOUND", "route_count": 1, "frequent": false}, "geometry": {"type": "Point", "coordinates": [-94.544867, 39.044169]}}, {"type": "Feature", "properties": {"stop_id": "1080120", "stop_name": "ON INDIANA AT 43RD NORTHBOUND", "route_count": 1, "frequent": false}, "geometry": {"type": "Point", "coordinates": [-94.544705, 39.047821]}}, {"type": "Feature", "properties": {"stop_id": "1080122", "stop_name": "ON INDIANA AT 41ST NORTHBOUND", "route_count": 1, "frequent": false}, "geometry": {"type": "Point", "coordinates": [-94.544537, 39.051468]}}, {"type": "Feature", "properties": {"stop_id": "1080124", "stop_name": "ON INDIANA AT 39TH NORTHBOUND NEARSIDE", "route_count": 1, "frequent": false}, "geometry": {"type": "Point", "coordinates": [-94.544282, 39.055013]}}, {"type": "Feature", "properties": {"stop_id": "1080126", "stop_name": "ON INDIANA AT 37TH NORTHBOUND", "route_count": 1, "frequent": false}, "geometry": {"type": "Point", "coordinates": [-94.544156, 39.058672]}}, {"type": "Feature", "properties": {"stop_id": "1080128", "stop_name": "ON INDIANA AT 35TH NORTHBOUND", "route_count": 1, "frequent": false}, "geometry": {"type": "Point", "coordinates": [-94.543931, 39.062262]}}, {"type": "Feature", "properties": {"stop_id": "1080130", "stop_name": "ON INDIANA AT 33RD NORTHBOUND FARSIDE", "route_count": 1, "frequent": false}, "geometry": {"type": "Point", "coordinates": [-94.543735, 39.066087]}}, {"type": "Feature", "properties": {"stop_id": "1080131", "stop_name": "ON INDIANA AT LINWOOD NORTHBOUND", "route_count": 1, "frequent": false}, "geometry": {"type": "Point", "coordinates": [-94.543666, 39.067659]}}, {"type": "Feature", "properties": {"stop_id": "1080133", "stop_name": "ON INDIANA AT 31ST NORTHBOUND", "route_count": 1, "frequent": false}, "geometry": {"type": "Point", "coordinates": [-94.543602, 39.069473]}}, {"type": "Feature", "properties": {"stop_id": "1080135", "stop_name": "ON INDIANA AT 29TH NORTHBOUND FARSIDE", "route_count": 1, "frequent": false}, "geometry": {"type": "Point", "coordinates": [-94.543419, 39.07252]}}, {"type": "Feature", "properties": {"stop_id": "1080136", "stop_name": "ON INDIANA BETWEEN VICTOR AND 28TH NORTHBOUND", "route_count": 1, "frequent": false}, "geometry": {"type": "Point", "coordinates": [-94.543346, 39.074909]}}, {"type": "Feature", "properties": {"stop_id": "1080138", "stop_name": "ON INDIANA AT 27TH NORTHBOUND", "route_count": 1, "frequent": false}, "geometry": {"type": "Point", "coordinates": [-94.543193, 39.076682]}}, {"type": "Feature", "properties": {"stop_id": "10801", "stop_name": "ON INDIANA AT 24TH TERR NB", "route_count": 1, "frequent": false}, "geometry": {"type": "Point", "coordinates": [-94.542988, 39.081583]}}, {"type": "Feature", "properties": {"stop_id": "1080142", "stop_name": "ON INDIANA AT 23RD NORTHBOUND", "route_count": 1, "frequent": false}, "geometry": {"type": "Point", "coordinates": [-94.542861, 39.084173]}}, {"type": "Feature", "properties": {"stop_id": "1080144", "stop_name": "ON INDIANA AT 20TH NORTHBOUND", "route_count": 1, "frequent": false}, "geometry": {"type": "Point", "coordinates": [-94.542659, 39.088066]}}, {"type": "Feature", "properties": {"stop_id": "1080304", "stop_name": "ON 18TH AT INDIANA WESTBOUND", "route_count": 1, "frequent": false}, "geometry": {"type": "Point", "coordinates": [-94.543024, 39.090555]}}, {"type": "Feature", "properties": {"stop_id": "1080305", "stop_name": "ON 18TH AT WALROND WESTBOUND", "route_count": 1, "frequent": false}, "geometry": {"type": "Point", "coordinates": [-94.545294, 39.090636]}}, {"type": "Feature", "properties": {"stop_id": "1080307", "stop_name": "ON 18TH AT BENTON WESTBOUND", "route_count": 1, "frequent": false}, "geometry": {"type": "Point", "coordinates": [-94.549479, 39.090783]}}, {"type": "Feature", "properties": {"stop_id": "1080153", "stop_name": "ON 18TH AT PROSPECT WESTBOUND", "route_count": 1, "frequent": false}, "geometry": {"type": "Point", "coordinates": [-94.551691, 39.090895]}}, {"type": "Feature", "properties": {"stop_id": "1080155", "stop_name": "ON 18TH AT BROOKLYN WESTBOUND", "route_count": 1, "frequent": false}, "geometry": {"type": "Point", "coordinates": [-94.556357, 39.09102]}}, {"type": "Feature", "properties": {"stop_id": "1080156", "stop_name": "ON 18TH AT EUCLID WESTBOUND", "route_count": 1, "frequent": false}, "geometry": {"type": "Point", "coordinates": [-94.558898, 39.091101]}}, {"type": "Feature", "properties": {"stop_id": "1080157", "stop_name": "ON 18TH AT WOODLAND WESTBOUND", "route_count": 1, "frequent": false}, "geometry": {"type": "Point", "coordinates": [-94.560951, 39.091164]}}, {"type": "Feature", "properties": {"stop_id": "1080158", "stop_name": "ON 18TH AT HIGHLAND WESTBOUND", "route_count": 1, "frequent": false}, "geometry": {"type": "Point", "coordinates": [-94.56207, 39.0912]}}, {"type": "Feature", "properties": {"stop_id": "1080159", "stop_name": "ON 18TH AT VINE WESTBOUND", "route_count": 1, "frequent": false}, "geometry": {"type": "Point", "coordinates": [-94.563274, 39.091238]}}, {"type": "Feature", "properties": {"stop_id": "1080160", "stop_name": "ON 18TH BETWEEN PASEO & GROVE WESTBOUND", "route_count": 1, "frequent": false}, "geometry": {"type": "Point", "coordinates": [-94.565522, 39.09128]}}, {"type": "Feature", "properties": {"stop_id": "1080161", "stop_name": "ON 18TH AT LYDIA WESTBOUND", "route_count": 1, "frequent": false}, "geometry": {"type": "Point", "coordinates": [-94.566789, 39.091333]}}, {"type": "Feature", "properties": {"stop_id": "1080162", "stop_name": "ON 18TH AT FOREST WESTBOUND", "route_count": 1, "frequent": false}, "geometry": {"type": "Point", "coordinates": [-94.568835, 39.091394]}}, {"type": "Feature", "properties": {"stop_id": "25212", "stop_name": "ON TROOST AT 18TH NORTHBOUND", "route_count": 2, "frequent": false}, "geometry": {"type": "Point", "coordinates": [-94.570191, 39.091823]}}, {"type": "Feature", "properties": {"stop_id": "25213", "stop_name": "ON TROOST AT 17TH NORTHBOUND", "route_count": 2, "frequent": false}, "geometry": {"type": "Point", "coordinates": [-94.570147, 39.092895]}}, {"type": "Feature", "properties": {"stop_id": "25214", "stop_name": "ON TROOST AT TRUMAN NORTHBOUND", "route_count": 3, "frequent": false}, "geometry": {"type": "Point", "coordinates": [-94.570014, 39.095524]}}, {"type": "Feature", "properties": {"stop_id": "53100", "stop_name": "KC ZOO MAIN ENTRANCE", "route_count": 1, "frequent": false}, "geometry": {"type": "Point", "coordinates": [-94.529579, 39.008114]}}, {"type": "Feature", "properties": {"stop_id": "25011", "stop_name": "ON TROOST AT TRUMAN SOUTHBOUND NEARSIDE", "route_count": 2, "frequent": false}, "geometry": {"type": "Point", "coordinates": [-94.570152, 39.095469]}}, {"type": "Feature", "properties": {"stop_id": "25013", "stop_name": "ON TROOST AT 17TH SOUTHBOUND", "route_count": 2, "frequent": false}, "geometry": {"type": "Point", "coordinates": [-94.570305, 39.092834]}}, {"type": "Feature", "properties": {"stop_id": "250026", "stop_name": "ON TROOST AT 18TH SOUTHBOUND", "route_count": 2, "frequent": false}, "geometry": {"type": "Point", "coordinates": [-94.57034, 39.09147]}}, {"type": "Feature", "properties": {"stop_id": "1080200", "stop_name": "ON 18TH AT FOREST EASTBOUND", "route_count": 1, "frequent": false}, "geometry": {"type": "Point", "coordinates": [-94.569073, 39.091293]}}, {"type": "Feature", "properties": {"stop_id": "1080202", "stop_name": "ON 18TH BETWEEN GROVE AND PASEO EASTBOUND", "route_count": 1, "frequent": false}, "geometry": {"type": "Point", "coordinates": [-94.565019, 39.091174]}}, {"type": "Feature", "properties": {"stop_id": "1080204", "stop_name": "ON 18TH AT VINE EASTBOUND", "route_count": 1, "frequent": false}, "geometry": {"type": "Point", "coordinates": [-94.563483, 39.091143]}}, {"type": "Feature", "properties": {"stop_id": "110030", "stop_name": "ON 18TH AT HIGHLAND EASTBOUND", "route_count": 1, "frequent": false}, "geometry": {"type": "Point", "coordinates": [-94.562279, 39.091107]}}, {"type": "Feature", "properties": {"stop_id": "80001", "stop_name": "ON 18TH ST AT WOODLAND EB", "route_count": 1, "frequent": false}, "geometry": {"type": "Point", "coordinates": [-94.561153, 39.091078]}}, {"type": "Feature", "properties": {"stop_id": "1080207", "stop_name": "ON 18TH AT EUCLID EB", "route_count": 1, "frequent": false}, "geometry": {"type": "Point", "coordinates": [-94.558844, 39.090997]}}, {"type": "Feature", "properties": {"stop_id": "1080208", "stop_name": "ON 18TH ST AT BROOKLYN EASTBOUND", "route_count": 1, "frequent": false}, "geometry": {"type": "Point", "coordinates": [-94.556566, 39.090927]}}, {"type": "Feature", "properties": {"stop_id": "1080210", "stop_name": "ON 18TH AT PROSPECT EASTBOUND", "route_count": 1, "frequent": false}, "geometry": {"type": "Point", "coordinates": [-94.551904, 39.090802]}}, {"type": "Feature", "properties": {"stop_id": "1080301", "stop_name": "ON 18TH AT BENTON EASTBOUND", "route_count": 1, "frequent": false}, "geometry": {"type": "Point", "coordinates": [-94.549776, 39.090693]}}, {"type": "Feature", "properties": {"stop_id": "1082301", "stop_name": "ON 18TH AT WALROND EASTBOUND FARSIDE", "route_count": 1, "frequent": false}, "geometry": {"type": "Point", "coordinates": [-94.545355, 39.090556]}}, {"type": "Feature", "properties": {"stop_id": "1080303", "stop_name": "ON 18TH AT INDIANA EASTBOUND", "route_count": 1, "frequent": false}, "geometry": {"type": "Point", "coordinates": [-94.542726, 39.090444]}}, {"type": "Feature", "properties": {"stop_id": "1080219", "stop_name": "ON INDIANA AT 20TH SOUTHBOUND", "route_count": 1, "frequent": false}, "geometry": {"type": "Point", "coordinates": [-94.542817, 39.087518]}}, {"type": "Feature", "properties": {"stop_id": "1080221", "stop_name": "ON INDIANA AT 23RD SOUTHBOUND", "route_count": 1, "frequent": false}, "geometry": {"type": "Point", "coordinates": [-94.543007, 39.084359]}}, {"type": "Feature", "properties": {"stop_id": "10802", "stop_name": "ON INDIANA AT 24TH TERR SB", "route_count": 1, "frequent": false}, "geometry": {"type": "Point", "coordinates": [-94.543134, 39.081769]}}, {"type": "Feature", "properties": {"stop_id": "1080225", "stop_name": "ON INDIANA AT 27TH SOUTHBOUND", "route_count": 1, "frequent": false}, "geometry": {"type": "Point", "coordinates": [-94.543363, 39.076882]}}, {"type": "Feature", "properties": {"stop_id": "1080227", "stop_name": "ON INDIANA AT 28TH SOUTHBOUND", "route_count": 1, "frequent": false}, "geometry": {"type": "Point", "coordinates": [-94.543468, 39.074593]}}, {"type": "Feature", "properties": {"stop_id": "1080229", "stop_name": "ON INDIANA AT 29TH STREET SOUTHBOUND", "route_count": 1, "frequent": false}, "geometry": {"type": "Point", "coordinates": [-94.543572, 39.072464]}}, {"type": "Feature", "properties": {"stop_id": "1080231", "stop_name": "ON INDIANA AT 31ST SOUTHBOUND", "route_count": 1, "frequent": false}, "geometry": {"type": "Point", "coordinates": [-94.543701, 39.069613]}}, {"type": "Feature", "properties": {"stop_id": "1080232", "stop_name": "ON INDIANA AT LINWOOD SOUTHBOUND", "route_count": 1, "frequent": false}, "geometry": {"type": "Point", "coordinates": [-94.543802, 39.06783]}}, {"type": "Feature", "properties": {"stop_id": "1080233", "stop_name": "ON INDIANA AT 33RD SOUTHBOUND", "route_count": 1, "frequent": false}, "geometry": {"type": "Point", "coordinates": [-94.543876, 39.066047]}}, {"type": "Feature", "properties": {"stop_id": "1080235", "stop_name": "ON INDIANA AT 35TH SOUTHBOUND FARSIDE", "route_count": 1, "frequent": false}, "geometry": {"type": "Point", "coordinates": [-94.544071, 39.062173]}}, {"type": "Feature", "properties": {"stop_id": "1080237", "stop_name": "ON INDIANA AT 37TH SOUTHBOUND", "route_count": 1, "frequent": false}, "geometry": {"type": "Point", "coordinates": [-94.544255, 39.058812]}}, {"type": "Feature", "properties": {"stop_id": "1080239", "stop_name": "ON 39TH AT INDIANA SOUTHBOUND NEARSIDE", "route_count": 1, "frequent": false}, "geometry": {"type": "Point", "coordinates": [-94.54445, 39.055263]}}, {"type": "Feature", "properties": {"stop_id": "1080241", "stop_name": "ON INDIANA AT 41ST SOUTHBOUND", "route_count": 1, "frequent": false}, "geometry": {"type": "Point", "coordinates": [-94.544636, 39.051608]}}, {"type": "Feature", "properties": {"stop_id": "1080243", "stop_name": "ON INDIANA AT 43RD SOUTHBOUND", "route_count": 1, "frequent": false}, "geometry": {"type": "Point", "coordinates": [-94.544804, 39.047962]}}, {"type": "Feature", "properties": {"stop_id": "1080245", "stop_name": "ON INDIANA AT 45TH SOUTHBOUND", "route_count": 1, "frequent": false}, "geometry": {"type": "Point", "coordinates": [-94.54498, 39.044365]}}, {"type": "Feature", "properties": {"stop_id": "1080247", "stop_name": "ON INDIANA AT BENTON SOUTHBOUND", "route_count": 1, "frequent": false}, "geometry": {"type": "Point", "coordinates": [-94.545096, 39.042393]}}, {"type": "Feature", "properties": {"stop_id": "18182", "stop_name": "ON BENTON AT E 46TH TERR SOUTHBOUND NEARSIDE", "route_count": 1, "frequent": false}, "geometry": {"type": "Point", "coordinates": [-94.543318, 39.040608]}}, {"type": "Feature", "properties": {"stop_id": "1080249", "stop_name": "ON BENTON AT 47TH TERR SOUTHBOUND", "route_count": 1, "frequent": false}, "geometry": {"type": "Point", "coordinates": [-94.542361, 39.03968]}}, {"type": "Feature", "properties": {"stop_id": "1080253", "stop_name": "ON CLEAVER II BLVD AT CLEVELAND EASTBOUND", "route_count": 1, "frequent": false}, "geometry": {"type": "Point", "coordinates": [-94.540822, 39.038334]}}, {"type": "Feature", "properties": {"stop_id": "1210157", "stop_name": "ON CLEVELAND AT BLUE PKWY FS SB", "route_count": 3, "frequent": false}, "geometry": {"type": "Point", "coordinates": [-94.540813, 39.035852]}}, {"type": "Feature", "properties": {"stop_id": "1210158", "stop_name": "ON CLEVELAND AT 51ST SOUTHBOUND", "route_count": 2, "frequent": false}, "geometry": {"type": "Point", "coordinates": [-94.540974, 39.033133]}}, {"type": "Feature", "properties": {"stop_id": "1550091", "stop_name": "ON CLEVELAND AT 53RD SOUTHBOUND", "route_count": 2, "frequent": false}, "geometry": {"type": "Point", "coordinates": [-94.541217, 39.029762]}}, {"type": "Feature", "properties": {"stop_id": "1550093", "stop_name": "ON SWOPE PKWY AT 5630 SWOPE PKWY SOUTHBOUND", "route_count": 2, "frequent": false}, "geometry": {"type": "Point", "coordinates": [-94.541695, 39.024097]}}, {"type": "Feature", "properties": {"stop_id": "1550094", "stop_name": "ON SWOPE PKWY AT 57TH SOUTHBOUND NEARSIDE", "route_count": 2, "frequent": false}, "geometry": {"type": "Point", "coordinates": [-94.541776, 39.022241]}}, {"type": "Feature", "properties": {"stop_id": "1550095", "stop_name": "ON SWOPE PKWY AT 58TH SOUTHBOUND", "route_count": 2, "frequent": false}, "geometry": {"type": "Point", "coordinates": [-94.541854, 39.020716]}}, {"type": "Feature", "properties": {"stop_id": "5300127", "stop_name": "ON SWOPE PKWY AT 59TH SOUTHBOUND FARSIDE", "route_count": 2, "frequent": false}, "geometry": {"type": "Point", "coordinates": [-94.542033, 39.018412]}}, {"type": "Feature", "properties": {"stop_id": "5300128", "stop_name": "ON SWOPE PKWY AT 60TH SOUTHBOUND", "route_count": 2, "frequent": false}, "geometry": {"type": "Point", "coordinates": [-94.54211, 39.017209]}}, {"type": "Feature", "properties": {"stop_id": "5300129", "stop_name": "ON SWOPE PKWY BTWN 61ST AND 62ND SB", "route_count": 2, "frequent": false}, "geometry": {"type": "Point", "coordinates": [-94.542251, 39.015008]}}, {"type": "Feature", "properties": {"stop_id": "532300", "stop_name": "ON SWOPE PKWY AT 63RD SOUTHBOUND FARSIDE", "route_count": 2, "frequent": false}, "geometry": {"type": "Point", "coordinates": [-94.542424, 39.011452]}}, {"type": "Feature", "properties": {"stop_id": "5300132", "stop_name": "ON SWOPE PKWY BETWEEN 63RD AND MEYER SE ACADEMY SB", "route_count": 2, "frequent": false}, "geometry": {"type": "Point", "coordinates": [-94.542503, 39.009693]}}, {"type": "Feature", "properties": {"stop_id": "5300124", "stop_name": "ON SWOPE PKWY AT MEYER SOUTHBOUND", "route_count": 2, "frequent": false}, "geometry": {"type": "Point", "coordinates": [-94.542618, 39.007624]}}, {"type": "Feature", "properties": {"stop_id": "5300146", "stop_name": "ON CLEVELAND AT 67TH STREET NORTHBOUND FARSIDE", "route_count": 2, "frequent": false}, "geometry": {"type": "Point", "coordinates": [-94.542539, 39.004792]}}, {"type": "Feature", "properties": {"stop_id": "5300135", "stop_name": "ON 67TH AT MYRTLE EASTBOUND", "route_count": 1, "frequent": false}, "geometry": {"type": "Point", "coordinates": [-94.5405, 39.004498]}}, {"type": "Feature", "properties": {"stop_id": "5300136", "stop_name": "ON 67TH AT JACKSON EASTBOUND", "route_count": 1, "frequent": false}, "geometry": {"type": "Point", "coordinates": [-94.538043, 39.004413]}}, {"type": "Feature", "properties": {"stop_id": "18186", "stop_name": "ON JACKSON AVE AT 67TH TERR SOUTHBOUND FARSIDE", "route_count": 1, "frequent": false}, "geometry": {"type": "Point", "coordinates": [-94.538058, 39.003412]}}, {"type": "Feature", "properties": {"stop_id": "5300141", "stop_name": "ON JACKSON AT 68TH TERR SB", "route_count": 1, "frequent": false}, "geometry": {"type": "Point", "coordinates": [-94.538118, 39.00186]}}, {"type": "Feature", "properties": {"stop_id": "108171", "stop_name": "ON E 68TH TERR AT MYRTLE WB", "route_count": 1, "frequent": false}, "geometry": {"type": "Point", "coordinates": [-94.540377, 39.001873]}}, {"type": "Feature", "properties": {"stop_id": "21182", "stop_name": "ON CLEVELAND AT E 68TH TERR NORTHBOUND FARSIDE", "route_count": 2, "frequent": false}, "geometry": {"type": "Point", "coordinates": [-94.542667, 39.001999]}}, {"type": "Feature", "properties": {"stop_id": "1750110", "stop_name": "ON CLEVELAND AT 68TH STREET NORTHBOUND", "route_count": 2, "frequent": false}, "geometry": {"type": "Point", "coordinates": [-94.542633, 39.002709]}}, {"type": "Feature", "properties": {"stop_id": "21181", "stop_name": "ON CLEVELAND AT 67TH TERR NORTHBOUND NEARSIDE", "route_count": 2, "frequent": false}, "geometry": {"type": "Point", "coordinates": [-94.542592, 39.003656]}}, {"type": "Feature", "properties": {"stop_id": "26014", "stop_name": "ON TROOST AT 75TH NORTHBOUND", "route_count": 2, "frequent": false}, "geometry": {"type": "Point", "coordinates": [-94.575583, 38.991685]}}, {"type": "Feature", "properties": {"stop_id": "26015", "stop_name": "ON TROOST AT GREGORY NB", "route_count": 2, "frequent": false}, "geometry": {"type": "Point", "coordinates": [-94.575229, 38.998911]}}, {"type": "Feature", "properties": {"stop_id": "26016", "stop_name": "ON TROOST AT 67TH NB", "route_count": 2, "frequent": false}, "geometry": {"type": "Point", "coordinates": [-94.574836, 39.006481]}}, {"type": "Feature", "properties": {"stop_id": "25167", "stop_name": "ON TROOST AT 63RD NORTHBOUND", "route_count": 2, "frequent": false}, "geometry": {"type": "Point", "coordinates": [-94.574501, 39.013475]}}, {"type": "Feature", "properties": {"stop_id": "26017", "stop_name": "ON TROOST AT 59TH NB", "route_count": 2, "frequent": false}, "geometry": {"type": "Point", "coordinates": [-94.574113, 39.020088]}}, {"type": "Feature", "properties": {"stop_id": "26018", "stop_name": "ON TROOST AT 55TH NB", "route_count": 2, "frequent": false}, "geometry": {"type": "Point", "coordinates": [-94.57373, 39.027325]}}, {"type": "Feature", "properties": {"stop_id": "26019", "stop_name": "ON TROOST AT 52ND NB", "route_count": 2, "frequent": false}, "geometry": {"type": "Point", "coordinates": [-94.573418, 39.032847]}}, {"type": "Feature", "properties": {"stop_id": "26020", "stop_name": "ON TROOST AT 47TH/EMANUEL CLEAVER II NB", "route_count": 2, "frequent": false}, "geometry": {"type": "Point", "coordinates": [-94.572885, 39.041824]}}, {"type": "Feature", "properties": {"stop_id": "26021", "stop_name": "ON TROOST AT 43RD NB", "route_count": 2, "frequent": false}, "geometry": {"type": "Point", "coordinates": [-94.57241, 39.049805]}}, {"type": "Feature", "properties": {"stop_id": "25192", "stop_name": "ON TROOST AT 39TH NORTHBOUND", "route_count": 2, "frequent": false}, "geometry": {"type": "Point", "coordinates": [-94.57205, 39.056191]}}, {"type": "Feature", "properties": {"stop_id": "26022", "stop_name": "ON TROOST AT ARMOUR NB", "route_count": 2, "frequent": false}, "geometry": {"type": "Point", "coordinates": [-94.571632, 39.063424]}}, {"type": "Feature", "properties": {"stop_id": "25199", "stop_name": "ON TROOST AT LINWOOD NORTHBOUND", "route_count": 2, "frequent": false}, "geometry": {"type": "Point", "coordinates": [-94.571363, 39.06859]}}, {"type": "Feature", "properties": {"stop_id": "25200", "stop_name": "ON TROOST AT 31ST NORTHBOUND", "route_count": 2, "frequent": false}, "geometry": {"type": "Point", "coordinates": [-94.571257, 39.070419]}}, {"type": "Feature", "properties": {"stop_id": "26023", "stop_name": "ON TROOST AT 27TH NB", "route_count": 2, "frequent": false}, "geometry": {"type": "Point", "coordinates": [-94.570874, 39.077865]}}, {"type": "Feature", "properties": {"stop_id": "26024", "stop_name": "ON 25TH AT CAMPBELL WB", "route_count": 1, "frequent": false}, "geometry": {"type": "Point", "coordinates": [-94.573654, 39.081514]}}, {"type": "Feature", "properties": {"stop_id": "2700101", "stop_name": "ON HOLMES BETWEEN 24TH AND 23RD NORTHBOUND", "route_count": 2, "frequent": false}, "geometry": {"type": "Point", "coordinates": [-94.575773, 39.084563]}}, {"type": "Feature", "properties": {"stop_id": "26025", "stop_name": "ON HOLMES AT 18TH NB", "route_count": 1, "frequent": false}, "geometry": {"type": "Point", "coordinates": [-94.575394, 39.091678]}}, {"type": "Feature", "properties": {"stop_id": "7100087", "stop_name": "ON 13TH AT LOCUST WESTBOUND", "route_count": 3, "frequent": false}, "geometry": {"type": "Point", "coordinates": [-94.577329, 39.098484]}}, {"type": "Feature", "properties": {"stop_id": "282319", "stop_name": "ON OAK AT 12TH NORTHBOUND FARSIDE", "route_count": 1, "frequent": false}, "geometry": {"type": "Point", "coordinates": [-94.578493, 39.099936]}}, {"type": "Feature", "properties": {"stop_id": "17301", "stop_name": "ON WYANDOTTE BETWEEN 11TH AND 12TH SOUTHBOUND", "route_count": 2, "frequent": true}, "geometry": {"type": "Point", "coordinates": [-94.585617, 39.100544]}}, {"type": "Feature", "properties": {"stop_id": "21799", "stop_name": "THREE TRAILS TRANSIT CTR SOUTHBOUND LANE", "route_count": 1, "frequent": false}, "geometry": {"type": "Point", "coordinates": [-94.507178, 38.952495]}}, {"type": "Feature", "properties": {"stop_id": "2960009", "stop_name": "ON BANNISTER AT NEWTON WESTBOUND", "route_count": 1, "frequent": false}, "geometry": {"type": "Point", "coordinates": [-94.510225, 38.952589]}}, {"type": "Feature", "properties": {"stop_id": "2960010", "stop_name": "ON BANNISTER AT BENNINGTON WESTBOUND", "route_count": 1, "frequent": false}, "geometry": {"type": "Point", "coordinates": [-94.513078, 38.952643]}}, {"type": "Feature", "properties": {"stop_id": "2960011", "stop_name": "ON BANNISTER AT FREMONT WESTBOUND", "route_count": 1, "frequent": false}, "geometry": {"type": "Point", "coordinates": [-94.515581, 38.95276]}}, {"type": "Feature", "properties": {"stop_id": "2960012", "stop_name": "ON BANNISTER AT BELMONT WESTBOUND", "route_count": 1, "frequent": false}, "geometry": {"type": "Point", "coordinates": [-94.518564, 38.952863]}}, {"type": "Feature", "properties": {"stop_id": "2960013", "stop_name": "ON BANNISTER AT WHITE WESTBOUND", "route_count": 1, "frequent": false}, "geometry": {"type": "Point", "coordinates": [-94.519069, 38.952889]}}, {"type": "Feature", "properties": {"stop_id": "25127", "stop_name": "ON BANNISTER AT DRURY WESTBOUND", "route_count": 1, "frequent": false}, "geometry": {"type": "Point", "coordinates": [-94.524943, 38.953236]}}, {"type": "Feature", "properties": {"stop_id": "252302", "stop_name": "ON BANNISTER AT HOME DEPOT DR WESTBOUND", "route_count": 1, "frequent": false}, "geometry": {"type": "Point", "coordinates": [-94.533587, 38.953547]}}, {"type": "Feature", "properties": {"stop_id": "25129", "stop_name": "ON BANNISTER AT MARION PARK DR WESTBOUND", "route_count": 1, "frequent": false}, "geometry": {"type": "Point", "coordinates": [-94.53575, 38.953659]}}, {"type": "Feature", "properties": {"stop_id": "25130", "stop_name": "ON BANNISTER AT PARKWOOD WESTBOUND", "route_count": 1, "frequent": false}, "geometry": {"type": "Point", "coordinates": [-94.542208, 38.954005]}}, {"type": "Feature", "properties": {"stop_id": "25131", "stop_name": "ON 95TH AT BALES WESTBOUND", "route_count": 1, "frequent": false}, "geometry": {"type": "Point", "coordinates": [-94.547962, 38.954493]}}, {"type": "Feature", "properties": {"stop_id": "25132", "stop_name": "ON 95TH AT GRANDVIEW WESTBOUND", "route_count": 1, "frequent": false}, "geometry": {"type": "Point", "coordinates": [-94.550747, 38.954757]}}, {"type": "Feature", "properties": {"stop_id": "25096", "stop_name": "ON 95TH TER AT BANNISTER FEDERAL COMPLEX WB", "route_count": 1, "frequent": false}, "geometry": {"type": "Point", "coordinates": [-94.560742, 38.957617]}}, {"type": "Feature", "properties": {"stop_id": "2572201", "stop_name": "ON 95TH TERR AT GARFIELD WESTBOUND", "route_count": 1, "frequent": false}, "geometry": {"type": "Point", "coordinates": [-94.563111, 38.956822]}}, {"type": "Feature", "properties": {"stop_id": "2572303", "stop_name": "ON 95TH TERR AT EUCLID WESTBOUND", "route_count": 1, "frequent": false}, "geometry": {"type": "Point", "coordinates": [-94.564208, 38.956409]}}, {"type": "Feature", "properties": {"stop_id": "25134", "stop_name": "ON BANNISTER AT LYDIA WESTBOUND", "route_count": 1, "frequent": false}, "geometry": {"type": "Point", "coordinates": [-94.572905, 38.955205]}}, {"type": "Feature", "properties": {"stop_id": "25136", "stop_name": "ON TROOST AT BANNISTER NORTHBOUND", "route_count": 1, "frequent": false}, "geometry": {"type": "Point", "coordinates": [-94.577763, 38.956118]}}, {"type": "Feature", "properties": {"stop_id": "252300", "stop_name": "ON TROOST AT 9401 TROOST NORTHBOUND", "route_count": 1, "frequent": false}, "geometry": {"type": "Point", "coordinates": [-94.577571, 38.957604]}}, {"type": "Feature", "properties": {"stop_id": "25138", "stop_name": "ON TROOST AT 89TH NORTHBOUND", "route_count": 1, "frequent": false}, "geometry": {"type": "Point", "coordinates": [-94.576835, 38.966122]}}, {"type": "Feature", "properties": {"stop_id": "25139", "stop_name": "ON TROOST AT 8701 NORTHBOUND", "route_count": 1, "frequent": false}, "geometry": {"type": "Point", "coordinates": [-94.576735, 38.967763]}}, {"type": "Feature", "properties": {"stop_id": "25140", "stop_name": "ON TROOST AT 86TH TERR NORTHBOUND", "route_count": 1, "frequent": false}, "geometry": {"type": "Point", "coordinates": [-94.576623, 38.970647]}}, {"type": "Feature", "properties": {"stop_id": "25141", "stop_name": "ON TROOST AT 83RD TERRACE NORTHBOUND", "route_count": 1, "frequent": false}, "geometry": {"type": "Point", "coordinates": [-94.576353, 38.9757]}}, {"type": "Feature", "properties": {"stop_id": "25142", "stop_name": "ON TROOST AT PRESIDENT AVE NORTHBOUND NEARSIDE", "route_count": 1, "frequent": false}, "geometry": {"type": "Point", "coordinates": [-94.576338, 38.977694]}}, {"type": "Feature", "properties": {"stop_id": "25143", "stop_name": "ON TROOST AT 82ND TERR NORTHBOUND NEARSIDE", "route_count": 2, "frequent": false}, "geometry": {"type": "Point", "coordinates": [-94.576233, 38.979425]}}, {"type": "Feature", "properties": {"stop_id": "25146", "stop_name": "ON TROOST AT 80TH ST NORTHBOUND FARSIDE", "route_count": 2, "frequent": false}, "geometry": {"type": "Point", "coordinates": [-94.576023, 38.983246]}}, {"type": "Feature", "properties": {"stop_id": "25149", "stop_name": "ON TROOST AT 7801 TROOST NORTHBOUND NEARSIDE", "route_count": 2, "frequent": false}, "geometry": {"type": "Point", "coordinates": [-94.575918, 38.985197]}}, {"type": "Feature", "properties": {"stop_id": "25191", "stop_name": "ON TROOST AT 77TH NORTHBOUND NEARSIDE", "route_count": 2, "frequent": false}, "geometry": {"type": "Point", "coordinates": [-94.575805, 38.987306]}}, {"type": "Feature", "properties": {"stop_id": "25152", "stop_name": "ON TROOST AT 76TH NORTHBOUND NEARSIDE", "route_count": 2, "frequent": false}, "geometry": {"type": "Point", "coordinates": [-94.575701, 38.989379]}}, {"type": "Feature", "properties": {"stop_id": "5848", "stop_name": "ON 12TH AT GRAND EASTBOUND", "route_count": 3, "frequent": true}, "geometry": {"type": "Point", "coordinates": [-94.580764, 39.099812]}}, {"type": "Feature", "properties": {"stop_id": "26001", "stop_name": "ON 12TH AT CHARLOTTE EASTBOUND NEARSIDE", "route_count": 3, "frequent": false}, "geometry": {"type": "Point", "coordinates": [-94.57413, 39.099568]}}, {"type": "Feature", "properties": {"stop_id": "26002", "stop_name": "ON CHARLOTTE AT 18TH SB", "route_count": 1, "frequent": false}, "geometry": {"type": "Point", "coordinates": [-94.574429, 39.091171]}}, {"type": "Feature", "properties": {"stop_id": "25018", "stop_name": "ON CHARLOTTE BETWEEN 23RD AND 24TH SOUTHBOUND", "route_count": 2, "frequent": false}, "geometry": {"type": "Point", "coordinates": [-94.57479, 39.084481]}}, {"type": "Feature", "properties": {"stop_id": "26003", "stop_name": "ON 25TH AT CAMPBELL EB", "route_count": 1, "frequent": false}, "geometry": {"type": "Point", "coordinates": [-94.5736, 39.081391]}}, {"type": "Feature", "properties": {"stop_id": "26004", "stop_name": "ON TROOST AT 27TH SB", "route_count": 2, "frequent": false}, "geometry": {"type": "Point", "coordinates": [-94.571059, 39.077601]}}, {"type": "Feature", "properties": {"stop_id": "26005", "stop_name": "ON TROOST AT 31ST SB", "route_count": 2, "frequent": false}, "geometry": {"type": "Point", "coordinates": [-94.571415, 39.070355]}}, {"type": "Feature", "properties": {"stop_id": "25025", "stop_name": "ON TROOST AT LINWOOD SOUTHBOUND", "route_count": 2, "frequent": false}, "geometry": {"type": "Point", "coordinates": [-94.571489, 39.068536]}}, {"type": "Feature", "properties": {"stop_id": "26006", "stop_name": "ON TROOST AT ARMOUR SOUTHBOUND", "route_count": 2, "frequent": false}, "geometry": {"type": "Point", "coordinates": [-94.57178, 39.063123]}}, {"type": "Feature", "properties": {"stop_id": "25032", "stop_name": "ON TROOST AT 39TH SOUTHBOUND", "route_count": 2, "frequent": false}, "geometry": {"type": "Point", "coordinates": [-94.572202, 39.055901]}}, {"type": "Feature", "properties": {"stop_id": "25036", "stop_name": "ON TROOST AT 43RD SOUTHBOUND", "route_count": 2, "frequent": false}, "geometry": {"type": "Point", "coordinates": [-94.572626, 39.04877]}}, {"type": "Feature", "properties": {"stop_id": "25040", "stop_name": "ON TROOST AT CLEAVER II SOUTHBOUND", "route_count": 2, "frequent": false}, "geometry": {"type": "Point", "coordinates": [-94.572998, 39.041824]}}, {"type": "Feature", "properties": {"stop_id": "26007", "stop_name": "ON TROOST AT 51ST SB", "route_count": 2, "frequent": false}, "geometry": {"type": "Point", "coordinates": [-94.573454, 39.034312]}}, {"type": "Feature", "properties": {"stop_id": "25047", "stop_name": "ON TROOST AT 55TH SOUTHBOUND", "route_count": 2, "frequent": false}, "geometry": {"type": "Point", "coordinates": [-94.573843, 39.027328]}}, {"type": "Feature", "properties": {"stop_id": "26008", "stop_name": "ON TROOST AT 59TH SB", "route_count": 2, "frequent": false}, "geometry": {"type": "Point", "coordinates": [-94.574281, 39.019818]}}, {"type": "Feature", "properties": {"stop_id": "26009", "stop_name": "ON TROOST AT 63RD SB", "route_count": 2, "frequent": false}, "geometry": {"type": "Point", "coordinates": [-94.574642, 39.0131]}}, {"type": "Feature", "properties": {"stop_id": "26010", "stop_name": "ON TROOST AT 67TH SB", "route_count": 2, "frequent": false}, "geometry": {"type": "Point", "coordinates": [-94.575031, 39.006107]}}, {"type": "Feature", "properties": {"stop_id": "25065", "stop_name": "ON TROOST AT GREGORY SOUTHBOUND", "route_count": 2, "frequent": false}, "geometry": {"type": "Point", "coordinates": [-94.575367, 38.998891]}}, {"type": "Feature", "properties": {"stop_id": "26011", "stop_name": "ON TROOST AT 75TH SOUTHBOUND FARSIDE", "route_count": 2, "frequent": false}, "geometry": {"type": "Point", "coordinates": [-94.575623, 38.991667]}}, {"type": "Feature", "properties": {"stop_id": "25071", "stop_name": "ON TROOST AT 7648 TROOST SOUTHBOUND NEARSIDE", "route_count": 2, "frequent": false}, "geometry": {"type": "Point", "coordinates": [-94.575902, 38.988064]}}, {"type": "Feature", "properties": {"stop_id": "2522073", "stop_name": "ON TROOST AT 7834 TROOST SOUTHBOUND NEARSIDE", "route_count": 2, "frequent": false}, "geometry": {"type": "Point", "coordinates": [-94.57607, 38.984813]}}, {"type": "Feature", "properties": {"stop_id": "25075", "stop_name": "ON TROOST AT 7920 TROOST SOUTHBOUND NEARSIDE", "route_count": 2, "frequent": false}, "geometry": {"type": "Point", "coordinates": [-94.576124, 38.983521]}}, {"type": "Feature", "properties": {"stop_id": "26012", "stop_name": "ON TROOST AT 82ND TERR SOUTHBOUND NEARSIDE", "route_count": 1, "frequent": false}, "geometry": {"type": "Point", "coordinates": [-94.576339, 38.979596]}}, {"type": "Feature", "properties": {"stop_id": "25078", "stop_name": "ON TROOST AT PRESIDENT AVE SOUTHBOUND NEARSIDE", "route_count": 1, "frequent": false}, "geometry": {"type": "Point", "coordinates": [-94.576415, 38.977922]}}, {"type": "Feature", "properties": {"stop_id": "25080", "stop_name": "ON TROOST AT 84TH SOUTHBOUND", "route_count": 1, "frequent": false}, "geometry": {"type": "Point", "coordinates": [-94.576547, 38.975186]}}, {"type": "Feature", "properties": {"stop_id": "25081", "stop_name": "ON TROOST AT 86TH TERR SOUTHBOUND", "route_count": 1, "frequent": false}, "geometry": {"type": "Point", "coordinates": [-94.576772, 38.970624]}}, {"type": "Feature", "properties": {"stop_id": "25082", "stop_name": "ON TROOST AT 8700 SOUTHBOUND", "route_count": 1, "frequent": false}, "geometry": {"type": "Point", "coordinates": [-94.576818, 38.969169]}}, {"type": "Feature", "properties": {"stop_id": "25083", "stop_name": "ON TROOST AT 89TH SOUTHBOUND", "route_count": 1, "frequent": false}, "geometry": {"type": "Point", "coordinates": [-94.576977, 38.966311]}}, {"type": "Feature", "properties": {"stop_id": "25084", "stop_name": "INACTIVE 10082017 ON TROOST AT 92ND SB", "route_count": 1, "frequent": false}, "geometry": {"type": "Point", "coordinates": [-94.577486, 38.960891]}}, {"type": "Feature", "properties": {"stop_id": "25085", "stop_name": "ON TROOST AT 9401 SB", "route_count": 1, "frequent": false}, "geometry": {"type": "Point", "coordinates": [-94.577878, 38.956138]}}, {"type": "Feature", "properties": {"stop_id": "25086", "stop_name": "ON BANNISTER AT 1115 E BANNISTER RD EASTBOUND", "route_count": 1, "frequent": false}, "geometry": {"type": "Point", "coordinates": [-94.576841, 38.95517]}}, {"type": "Feature", "properties": {"stop_id": "5500208", "stop_name": "ON BANNISTER AT LYDIA EASTBOUND", "route_count": 1, "frequent": false}, "geometry": {"type": "Point", "coordinates": [-94.572956, 38.955025]}}, {"type": "Feature", "properties": {"stop_id": "25087", "stop_name": "ON 95TH TERR AT EUCLID EASTBOUND", "route_count": 1, "frequent": false}, "geometry": {"type": "Point", "coordinates": [-94.564142, 38.956303]}}, {"type": "Feature", "properties": {"stop_id": "25088", "stop_name": "ON 95TH TERR AT GARFIELD EASTBOUND", "route_count": 1, "frequent": false}, "geometry": {"type": "Point", "coordinates": [-94.562988, 38.956731]}}, {"type": "Feature", "properties": {"stop_id": "25097", "stop_name": "ON 95TH TER AT 2606 E BANNISTER EASTBOUND", "route_count": 1, "frequent": false}, "geometry": {"type": "Point", "coordinates": [-94.56074, 38.957513]}}, {"type": "Feature", "properties": {"stop_id": "5500211", "stop_name": "ON 95TH TERR AT GRANDVIEW EASTBOUND NEAR", "route_count": 1, "frequent": false}, "geometry": {"type": "Point", "coordinates": [-94.551033, 38.954658]}}, {"type": "Feature", "properties": {"stop_id": "252309", "stop_name": "ON 95TH TERR AT GRANDVIEW RD EASTBOUND FAR", "route_count": 1, "frequent": false}, "geometry": {"type": "Point", "coordinates": [-94.549659, 38.953974]}}, {"type": "Feature", "properties": {"stop_id": "26151", "stop_name": "ON 95TH TERR AT CRESTVIEW EB", "route_count": 1, "frequent": false}, "geometry": {"type": "Point", "coordinates": [-94.547543, 38.95382]}}, {"type": "Feature", "properties": {"stop_id": "25093", "stop_name": "ON BANNISTER AT PARKWOOD EASTBOUND", "route_count": 1, "frequent": false}, "geometry": {"type": "Point", "coordinates": [-94.542208, 38.953788]}}, {"type": "Feature", "properties": {"stop_id": "7100203", "stop_name": "ON BANNISTER AT MARION PARK EASTBOUND", "route_count": 1, "frequent": false}, "geometry": {"type": "Point", "coordinates": [-94.536122, 38.953447]}}, {"type": "Feature", "properties": {"stop_id": "25095", "stop_name": "ON BANNISTER AT HOME DEPOT DR EASTBOUND", "route_count": 1, "frequent": false}, "geometry": {"type": "Point", "coordinates": [-94.533898, 38.953324]}}, {"type": "Feature", "properties": {"stop_id": "28161", "stop_name": "ON BANNISTER AT DRURY EB", "route_count": 1, "frequent": false}, "geometry": {"type": "Point", "coordinates": [-94.524976, 38.952941]}}, {"type": "Feature", "properties": {"stop_id": "282504", "stop_name": "ON BANNISTER AT HILLCREST EB", "route_count": 1, "frequent": false}, "geometry": {"type": "Point", "coordinates": [-94.521359, 38.952837]}}, {"type": "Feature", "properties": {"stop_id": "2960015", "stop_name": "ON BANNISTER AT BELMONT EASTBOUND", "route_count": 1, "frequent": false}, "geometry": {"type": "Point", "coordinates": [-94.517909, 38.952734]}}, {"type": "Feature", "properties": {"stop_id": "2960016", "stop_name": "ON BANNISTER AT FREMONT EASTBOUND", "route_count": 1, "frequent": false}, "geometry": {"type": "Point", "coordinates": [-94.515971, 38.952673]}}, {"type": "Feature", "properties": {"stop_id": "2960017", "stop_name": "ON BANNISTER AT BENNINGTON EASTBOUND", "route_count": 1, "frequent": false}, "geometry": {"type": "Point", "coordinates": [-94.512648, 38.95251]}}, {"type": "Feature", "properties": {"stop_id": "2960018", "stop_name": "ON BANNISTER AT NEWTON EASTBOUND", "route_count": 1, "frequent": false}, "geometry": {"type": "Point", "coordinates": [-94.510233, 38.952401]}}, {"type": "Feature", "properties": {"stop_id": "270007", "stop_name": "ON MAIN AT 27TH STREET NORTHBOUND NEARSIDE", "route_count": 1, "frequent": false}, "geometry": {"type": "Point", "coordinates": [-94.584661, 39.078115]}}, {"type": "Feature", "properties": {"stop_id": "5500104", "stop_name": "ON GRAND AT 26TH NORTHBOUND NEARSIDE", "route_count": 2, "frequent": false}, "geometry": {"type": "Point", "coordinates": [-94.583096, 39.07932]}}, {"type": "Feature", "properties": {"stop_id": "562309", "stop_name": "ON GRAND ACROSS FROM CROWN CTR SHOPS NB MB", "route_count": 2, "frequent": false}, "geometry": {"type": "Point", "coordinates": [-94.581604, 39.083402]}}, {"type": "Feature", "properties": {"stop_id": "290073", "stop_name": "ON GRAND AT PERSHING FARSIDE NORTHBOUND", "route_count": 3, "frequent": false}, "geometry": {"type": "Point", "coordinates": [-94.581617, 39.084558]}}, {"type": "Feature", "properties": {"stop_id": "290074", "stop_name": "ON GRAND AT 22ND NORTHBOUND NEARSIDE", "route_count": 3, "frequent": false}, "geometry": {"type": "Point", "coordinates": [-94.58152, 39.085939]}}, {"type": "Feature", "properties": {"stop_id": "290077", "stop_name": "ON GRAND AT 19TH NORTHBOUND", "route_count": 3, "frequent": false}, "geometry": {"type": "Point", "coordinates": [-94.581339, 39.089983]}}, {"type": "Feature", "properties": {"stop_id": "1080173", "stop_name": "ON GRAND AT 17TH NORTHBOUND FARSIDE", "route_count": 3, "frequent": false}, "geometry": {"type": "Point", "coordinates": [-94.581154, 39.093738]}}, {"type": "Feature", "properties": {"stop_id": "25003", "stop_name": "ON 12TH AT MCGEE EASTBOUND", "route_count": 2, "frequent": false}, "geometry": {"type": "Point", "coordinates": [-94.57986, 39.099767]}}, {"type": "Feature", "properties": {"stop_id": "202", "stop_name": "EAST VILLAGE - BAY B", "route_count": 1, "frequent": false}, "geometry": {"type": "Point", "coordinates": [-94.573453, 39.09926]}}, {"type": "Feature", "properties": {"stop_id": "5500105", "stop_name": "ON GRAND AT 9TH NORTHBOUND FARSIDE", "route_count": 4, "frequent": false}, "geometry": {"type": "Point", "coordinates": [-94.580628, 39.103652]}}, {"type": "Feature", "properties": {"stop_id": "5852", "stop_name": "ON GRAND AT 5TH NB", "route_count": 3, "frequent": false}, "geometry": {"type": "Point", "coordinates": [-94.580445, 39.108936]}}, {"type": "Feature", "properties": {"stop_id": "1421510", "stop_name": "ON 3RD AT GRAND/OAK EASTBOUND", "route_count": 3, "frequent": false}, "geometry": {"type": "Point", "coordinates": [-94.579324, 39.110616]}}, {"type": "Feature", "properties": {"stop_id": "3800109", "stop_name": "ON BURLINGTON AT E 10TH AVE NORTHBOUND", "route_count": 1, "frequent": false}, "geometry": {"type": "Point", "coordinates": [-94.580483, 39.12711]}}, {"type": "Feature", "properties": {"stop_id": "3800110", "stop_name": "ON BURLINGTON AT E 12TH AVE NORTHBOUND", "route_count": 1, "frequent": false}, "geometry": {"type": "Point", "coordinates": [-94.580413, 39.13073]}}, {"type": "Feature", "properties": {"stop_id": "3800111", "stop_name": "ON BURLINGTON AT E 13TH AVE NORTHBOUND", "route_count": 1, "frequent": false}, "geometry": {"type": "Point", "coordinates": [-94.580386, 39.132221]}}, {"type": "Feature", "properties": {"stop_id": "3800112", "stop_name": "ON BURLINGTON AT E 14TH AVE NORTHBOUND", "route_count": 1, "frequent": false}, "geometry": {"type": "Point", "coordinates": [-94.580348, 39.134105]}}, {"type": "Feature", "properties": {"stop_id": "1320032", "stop_name": "ON BURLINGTON AT 16TH NORTHBOUND", "route_count": 1, "frequent": false}, "geometry": {"type": "Point", "coordinates": [-94.58032, 39.137739]}}, {"type": "Feature", "properties": {"stop_id": "1320033", "stop_name": "ON BURLINGTON AT 18TH NORTHBOUND NEARSIDE", "route_count": 1, "frequent": false}, "geometry": {"type": "Point", "coordinates": [-94.580275, 39.140183]}}, {"type": "Feature", "properties": {"stop_id": "290107", "stop_name": "ON BURLINGTON AT ARMOUR NORTHBOUND FARSIDE", "route_count": 1, "frequent": false}, "geometry": {"type": "Point", "coordinates": [-94.580248, 39.141838]}}, {"type": "Feature", "properties": {"stop_id": "3700094", "stop_name": "ON BURLINGTON AT 21ST AVE NORTHBOUND", "route_count": 1, "frequent": false}, "geometry": {"type": "Point", "coordinates": [-94.580219, 39.143745]}}, {"type": "Feature", "properties": {"stop_id": "3700095", "stop_name": "ON BURLINGTON AT 23RD AVE NORTHBOUND", "route_count": 1, "frequent": false}, "geometry": {"type": "Point", "coordinates": [-94.580201, 39.145058]}}, {"type": "Feature", "properties": {"stop_id": "3700096", "stop_name": "ON BURLINGTON AT 26TH AVE NORTHBOUND", "route_count": 1, "frequent": false}, "geometry": {"type": "Point", "coordinates": [-94.580142, 39.147578]}}, {"type": "Feature", "properties": {"stop_id": "3700097", "stop_name": "ON BURLINGTON AT 29TH AVE NORTHBOUND", "route_count": 1, "frequent": false}, "geometry": {"type": "Point", "coordinates": [-94.579989, 39.150013]}}, {"type": "Feature", "properties": {"stop_id": "3700098", "stop_name": "ON N OAK AT 32ND NORTHBOUND", "route_count": 1, "frequent": false}, "geometry": {"type": "Point", "coordinates": [-94.578506, 39.152215]}}, {"type": "Feature", "properties": {"stop_id": "3800068", "stop_name": "ON N OAK AT 3315 N OAK NORTHBOUND", "route_count": 1, "frequent": false}, "geometry": {"type": "Point", "coordinates": [-94.576989, 39.155999]}}, {"type": "Feature", "properties": {"stop_id": "3700100", "stop_name": "ON N OAK AT HILL ST NORTHBOUND", "route_count": 1, "frequent": false}, "geometry": {"type": "Point", "coordinates": [-94.576834, 39.159238]}}, {"type": "Feature", "properties": {"stop_id": "3800126", "stop_name": "ON N OAK AT INDIANOLA NORTHBOUND", "route_count": 1, "frequent": false}, "geometry": {"type": "Point", "coordinates": [-94.576762, 39.163057]}}, {"type": "Feature", "properties": {"stop_id": "290115", "stop_name": "ON N OAK AT EVANSDALE NORTHBOUND", "route_count": 1, "frequent": false}, "geometry": {"type": "Point", "coordinates": [-94.576663, 39.167606]}}, {"type": "Feature", "properties": {"stop_id": "290117", "stop_name": "ON N OAK AT 42ND NORTHBOUND", "route_count": 1, "frequent": false}, "geometry": {"type": "Point", "coordinates": [-94.576675, 39.170226]}}, {"type": "Feature", "properties": {"stop_id": "2688", "stop_name": "ON N OAK AT NE GREENFIELD", "route_count": 1, "frequent": false}, "geometry": {"type": "Point", "coordinates": [-94.576646, 39.1736]}}, {"type": "Feature", "properties": {"stop_id": "1420302", "stop_name": "ON N OAK AT NORMANDY NORTHBOUND", "route_count": 1, "frequent": false}, "geometry": {"type": "Point", "coordinates": [-94.576542, 39.177245]}}, {"type": "Feature", "properties": {"stop_id": "3700109", "stop_name": "ON N OAK AT NE VIVION RD NORTHBOUND", "route_count": 1, "frequent": false}, "geometry": {"type": "Point", "coordinates": [-94.576489, 39.181675]}}, {"type": "Feature", "properties": {"stop_id": "1420303", "stop_name": "ON N OAK AT 50TH NORTHBOUND", "route_count": 1, "frequent": false}, "geometry": {"type": "Point", "coordinates": [-94.576558, 39.18404]}}, {"type": "Feature", "properties": {"stop_id": "14201", "stop_name": "ON NORTH OAK AT 51ST NB", "route_count": 1, "frequent": false}, "geometry": {"type": "Point", "coordinates": [-94.576524, 39.186248]}}, {"type": "Feature", "properties": {"stop_id": "1425307", "stop_name": "ON NORTH OAK AT 5307 NORTHBOUND", "route_count": 1, "frequent": false}, "geometry": {"type": "Point", "coordinates": [-94.576458, 39.190516]}}, {"type": "Feature", "properties": {"stop_id": "1420012", "stop_name": "ON N OAK AT NE 54TH ST NORTHBOUND", "route_count": 1, "frequent": false}, "geometry": {"type": "Point", "coordinates": [-94.576436, 39.193592]}}, {"type": "Feature", "properties": {"stop_id": "1420304", "stop_name": "ON N OAK AT 55TH NORTHBOUND", "route_count": 1, "frequent": false}, "geometry": {"type": "Point", "coordinates": [-94.576322, 39.194413]}}, {"type": "Feature", "properties": {"stop_id": "1420013", "stop_name": "ON N OAK AT NE ENGLEWOOD NORTHBOUND", "route_count": 1, "frequent": false}, "geometry": {"type": "Point", "coordinates": [-94.576334, 39.195617]}}, {"type": "Feature", "properties": {"stop_id": "1420014", "stop_name": "ON N OAK AT WOODLAND DR NB", "route_count": 1, "frequent": false}, "geometry": {"type": "Point", "coordinates": [-94.576347, 39.19897]}}, {"type": "Feature", "properties": {"stop_id": "1420305", "stop_name": "ON N OAK AT 59TH TERR NB", "route_count": 1, "frequent": false}, "geometry": {"type": "Point", "coordinates": [-94.576296, 39.202504]}}, {"type": "Feature", "properties": {"stop_id": "1420015", "stop_name": "ON N OAK AT NE 61ST TERR NB", "route_count": 1, "frequent": false}, "geometry": {"type": "Point", "coordinates": [-94.576257, 39.204613]}}, {"type": "Feature", "properties": {"stop_id": "1420024", "stop_name": "ON N OAK AT 6270 N OAK NB", "route_count": 1, "frequent": false}, "geometry": {"type": "Point", "coordinates": [-94.576218, 39.207664]}}, {"type": "Feature", "properties": {"stop_id": "1420016", "stop_name": "ON N OAK AT SHADY LANE NB", "route_count": 1, "frequent": false}, "geometry": {"type": "Point", "coordinates": [-94.576171, 39.210001]}}, {"type": "Feature", "properties": {"stop_id": "1420023", "stop_name": "ON N OAK AT 65TH ST NB", "route_count": 1, "frequent": false}, "geometry": {"type": "Point", "coordinates": [-94.576117, 39.212206]}}, {"type": "Feature", "properties": {"stop_id": "1420017", "stop_name": "ON N OAK AT NE 67TH PL NB", "route_count": 1, "frequent": false}, "geometry": {"type": "Point", "coordinates": [-94.576074, 39.214688]}}, {"type": "Feature", "properties": {"stop_id": "1420018", "stop_name": "ON N OAK AT NE 70TH ST NB", "route_count": 1, "frequent": false}, "geometry": {"type": "Point", "coordinates": [-94.576025, 39.220935]}}, {"type": "Feature", "properties": {"stop_id": "142155", "stop_name": "ON N OAK AT 72ND NB", "route_count": 1, "frequent": false}, "geometry": {"type": "Point", "coordinates": [-94.576048, 39.224617]}}, {"type": "Feature", "properties": {"stop_id": "3700135", "stop_name": "ON N OAK AT 72ND TERR NORTHBOUND FARSIDE", "route_count": 1, "frequent": false}, "geometry": {"type": "Point", "coordinates": [-94.575994, 39.225786]}}, {"type": "Feature", "properties": {"stop_id": "3700136", "stop_name": "ON N OAK AT 74TH NB", "route_count": 1, "frequent": false}, "geometry": {"type": "Point", "coordinates": [-94.576033, 39.228381]}}, {"type": "Feature", "properties": {"stop_id": "3700588", "stop_name": "ON N OAK AT 76TH NB", "route_count": 1, "frequent": false}, "geometry": {"type": "Point", "coordinates": [-94.576018, 39.231815]}}, {"type": "Feature", "properties": {"stop_id": "3700589", "stop_name": "ON N OAK AT 77TH NB", "route_count": 1, "frequent": false}, "geometry": {"type": "Point", "coordinates": [-94.576002, 39.233955]}}, {"type": "Feature", "properties": {"stop_id": "3700591", "stop_name": "ON N OAK AT 79TH TERR NORTHBOUND", "route_count": 1, "frequent": false}, "geometry": {"type": "Point", "coordinates": [-94.575918, 39.237865]}}, {"type": "Feature", "properties": {"stop_id": "3700592", "stop_name": "ON N OAK AT 81ST NORTHBOUND", "route_count": 1, "frequent": false}, "geometry": {"type": "Point", "coordinates": [-94.57592, 39.240884]}}, {"type": "Feature", "properties": {"stop_id": "3700142", "stop_name": "ON N OAK AT 82ND NORTHBOUND", "route_count": 1, "frequent": false}, "geometry": {"type": "Point", "coordinates": [-94.575858, 39.242946]}}, {"type": "Feature", "properties": {"stop_id": "3700143", "stop_name": "ON N OAK AT 83RD NORTHBOUND", "route_count": 1, "frequent": false}, "geometry": {"type": "Point", "coordinates": [-94.575822, 39.245371]}}, {"type": "Feature", "properties": {"stop_id": "372202", "stop_name": "ON BARRY AT MAIN WB", "route_count": 1, "frequent": false}, "geometry": {"type": "Point", "coordinates": [-94.580344, 39.246468]}}, {"type": "Feature", "properties": {"stop_id": "1420306", "stop_name": "ON BARRY RD AT N BROADWAY WESTBOUND", "route_count": 1, "frequent": false}, "geometry": {"type": "Point", "coordinates": [-94.585405, 39.246515]}}, {"type": "Feature", "properties": {"stop_id": "1420020", "stop_name": "ON BARRY RD AT THOMAS MEYER WB", "route_count": 1, "frequent": false}, "geometry": {"type": "Point", "coordinates": [-94.594359, 39.246591]}}, {"type": "Feature", "properties": {"stop_id": "1420307", "stop_name": "ON BARRY AT HICKORY WESTBOUND", "route_count": 1, "frequent": false}, "geometry": {"type": "Point", "coordinates": [-94.598204, 39.246613]}}, {"type": "Feature", "properties": {"stop_id": "1420308", "stop_name": "ON BARRY AT MARSTON WESTBOUND", "route_count": 1, "frequent": false}, "geometry": {"type": "Point", "coordinates": [-94.607146, 39.246456]}}, {"type": "Feature", "properties": {"stop_id": "1420309", "stop_name": "ON BARRY AT ALLENTON WESTBOUND", "route_count": 1, "frequent": false}, "geometry": {"type": "Point", "coordinates": [-94.613268, 39.246491]}}, {"type": "Feature", "properties": {"stop_id": "290006", "stop_name": "ON BARRY RD AT ROBINHOOD WESTBOUND", "route_count": 1, "frequent": false}, "geometry": {"type": "Point", "coordinates": [-94.621296, 39.246579]}}, {"type": "Feature", "properties": {"stop_id": "1420312", "stop_name": "ON BARRY RD AT GRANBY WESTBOUND", "route_count": 1, "frequent": false}, "geometry": {"type": "Point", "coordinates": [-94.62613, 39.246629]}}, {"type": "Feature", "properties": {"stop_id": "290007", "stop_name": "ON BARRY AT GREEN HILLS WB", "route_count": 1, "frequent": false}, "geometry": {"type": "Point", "coordinates": [-94.631246, 39.246727]}}, {"type": "Feature", "properties": {"stop_id": "14216", "stop_name": "ON BARRY RD AT BEAMAN WB", "route_count": 1, "frequent": false}, "geometry": {"type": "Point", "coordinates": [-94.636123, 39.246684]}}, {"type": "Feature", "properties": {"stop_id": "1420313", "stop_name": "ON BARRY RD AT WAUKOMIS  WB", "route_count": 1, "frequent": false}, "geometry": {"type": "Point", "coordinates": [-94.642671, 39.246846]}}, {"type": "Feature", "properties": {"stop_id": "290008", "stop_name": "ON BARRY RD AT ST CLAIR WESTBOUND", "route_count": 1, "frequent": false}, "geometry": {"type": "Point", "coordinates": [-94.64697, 39.246931]}}, {"type": "Feature", "properties": {"stop_id": "243701", "stop_name": "ON ST CLAIR AT 8504 ST CLAIR NB", "route_count": 1, "frequent": false}, "geometry": {"type": "Point", "coordinates": [-94.647044, 39.248796]}}, {"type": "Feature", "properties": {"stop_id": "136152", "stop_name": "ON ST CLAIR AT AMBASSADOR WB", "route_count": 1, "frequent": false}, "geometry": {"type": "Point", "coordinates": [-94.649478, 39.25034]}}, {"type": "Feature", "properties": {"stop_id": "136162", "stop_name": "INNACTON N BOARDWALK AT 8330 N BOARDWALK WESTBOUND", "route_count": 2, "frequent": false}, "geometry": {"type": "Point", "coordinates": [-94.650899, 39.252603]}}, {"type": "Feature", "properties": {"stop_id": "231156", "stop_name": "ON N BOARDWALK AT 8650 N BOARDWALK AVE WB", "route_count": 2, "frequent": false}, "geometry": {"type": "Point", "coordinates": [-94.652848, 39.252606]}}, {"type": "Feature", "properties": {"stop_id": "2", "stop_name": "BOARDWALK SQUARE METROCENTER", "route_count": 2, "frequent": false}, "geometry": {"type": "Point", "coordinates": [-94.656383, 39.251898]}}, {"type": "Feature", "properties": {"stop_id": "231155", "stop_name": "ON N BOARDWALK AT 8581 N BOARDWALK AVE EB", "route_count": 2, "frequent": false}, "geometry": {"type": "Point", "coordinates": [-94.652843, 39.252374]}}, {"type": "Feature", "properties": {"stop_id": "4731", "stop_name": "ON ST CLAIR AT AMBASSADOR EB", "route_count": 1, "frequent": false}, "geometry": {"type": "Point", "coordinates": [-94.648496, 39.250211]}}, {"type": "Feature", "properties": {"stop_id": "243702", "stop_name": "ON ST CLAIR AT 8501 ST CLAIR SB", "route_count": 1, "frequent": false}, "geometry": {"type": "Point", "coordinates": [-94.647161, 39.24828]}}, {"type": "Feature", "properties": {"stop_id": "1421512", "stop_name": "ON BARRY AT ST CLAIR EB", "route_count": 1, "frequent": false}, "geometry": {"type": "Point", "coordinates": [-94.646671, 39.246711]}}, {"type": "Feature", "properties": {"stop_id": "1420314", "stop_name": "ON BARRY RD AT WAUKOMIS DR EB", "route_count": 1, "frequent": false}, "geometry": {"type": "Point", "coordinates": [-94.643135, 39.246593]}}, {"type": "Feature", "properties": {"stop_id": "14217", "stop_name": "ON BARRY RD AT BEAMAN EB", "route_count": 1, "frequent": false}, "geometry": {"type": "Point", "coordinates": [-94.636476, 39.246479]}}, {"type": "Feature", "properties": {"stop_id": "290135", "stop_name": "ON BARRY RD AT GREEN HILLS EB", "route_count": 1, "frequent": false}, "geometry": {"type": "Point", "coordinates": [-94.63123, 39.246468]}}, {"type": "Feature", "properties": {"stop_id": "1420315", "stop_name": "ON BARRY RD AT GRANBY EASTBOUND", "route_count": 1, "frequent": false}, "geometry": {"type": "Point", "coordinates": [-94.626891, 39.246392]}}, {"type": "Feature", "properties": {"stop_id": "290134", "stop_name": "ON BARRY RD AT ROBINHOOD EASTBOUND", "route_count": 1, "frequent": false}, "geometry": {"type": "Point", "coordinates": [-94.621689, 39.246321]}}, {"type": "Feature", "properties": {"stop_id": "1420318", "stop_name": "ON BARRY RD AT ALLENTON EB", "route_count": 1, "frequent": false}, "geometry": {"type": "Point", "coordinates": [-94.613698, 39.246221]}}, {"type": "Feature", "properties": {"stop_id": "1420319", "stop_name": "ON BARRY RD AT MARSTON EASTBOUND", "route_count": 1, "frequent": false}, "geometry": {"type": "Point", "coordinates": [-94.607564, 39.246213]}}, {"type": "Feature", "properties": {"stop_id": "290132", "stop_name": "ON BARRY RD AT HICKORY EASTBOUND", "route_count": 1, "frequent": false}, "geometry": {"type": "Point", "coordinates": [-94.598509, 39.246267]}}, {"type": "Feature", "properties": {"stop_id": "1420320", "stop_name": "ON BARRY RD BETWEEN MERCIER AND THOMAS MEYER EB", "route_count": 1, "frequent": false}, "geometry": {"type": "Point", "coordinates": [-94.596825, 39.246232]}}, {"type": "Feature", "properties": {"stop_id": "142001", "stop_name": "ON BARRY RD AT N BROADWAY EB", "route_count": 1, "frequent": false}, "geometry": {"type": "Point", "coordinates": [-94.585422, 39.246252]}}, {"type": "Feature", "properties": {"stop_id": "372400", "stop_name": "ON BARRY AT MAIN EB", "route_count": 1, "frequent": false}, "geometry": {"type": "Point", "coordinates": [-94.580614, 39.246269]}}, {"type": "Feature", "properties": {"stop_id": "3700002", "stop_name": "ON N OAK AT BARRY RD SOUTHBOUND", "route_count": 1, "frequent": false}, "geometry": {"type": "Point", "coordinates": [-94.575988, 39.246173]}}, {"type": "Feature", "properties": {"stop_id": "3700004", "stop_name": "ON N OAK AT 82ND SOUTHBOUND", "route_count": 1, "frequent": false}, "geometry": {"type": "Point", "coordinates": [-94.576038, 39.24288]}}, {"type": "Feature", "properties": {"stop_id": "3700005", "stop_name": "ON N OAK AT 81ST ST SOUTHBOUND", "route_count": 1, "frequent": false}, "geometry": {"type": "Point", "coordinates": [-94.576072, 39.240515]}}, {"type": "Feature", "properties": {"stop_id": "3700006", "stop_name": "ON N OAK AT 79TH TERR SOUTHBOUND", "route_count": 1, "frequent": false}, "geometry": {"type": "Point", "coordinates": [-94.576078, 39.238279]}}, {"type": "Feature", "properties": {"stop_id": "3700508", "stop_name": "ON N OAK AT 77TH SB", "route_count": 1, "frequent": false}, "geometry": {"type": "Point", "coordinates": [-94.576148, 39.234168]}}, {"type": "Feature", "properties": {"stop_id": "3700009", "stop_name": "ON N OAK AT 76TH SB", "route_count": 1, "frequent": false}, "geometry": {"type": "Point", "coordinates": [-94.576155, 39.231984]}}, {"type": "Feature", "properties": {"stop_id": "3700510", "stop_name": "ON N OAK AT 74TH SB", "route_count": 1, "frequent": false}, "geometry": {"type": "Point", "coordinates": [-94.576164, 39.228316]}}, {"type": "Feature", "properties": {"stop_id": "3700011", "stop_name": "ON N OAK AT 72ND SB", "route_count": 1, "frequent": false}, "geometry": {"type": "Point", "coordinates": [-94.5762, 39.224811]}}, {"type": "Feature", "properties": {"stop_id": "1420002", "stop_name": "ON N OAK AT NE 70TH ST SB", "route_count": 1, "frequent": false}, "geometry": {"type": "Point", "coordinates": [-94.576192, 39.221118]}}, {"type": "Feature", "properties": {"stop_id": "1420003", "stop_name": "ON N OAK AT NE 67TH PL SB", "route_count": 1, "frequent": false}, "geometry": {"type": "Point", "coordinates": [-94.576233, 39.214619]}}, {"type": "Feature", "properties": {"stop_id": "1420021", "stop_name": "ON N OAK AT 65TH ST SB", "route_count": 1, "frequent": false}, "geometry": {"type": "Point", "coordinates": [-94.576267, 39.212392]}}, {"type": "Feature", "properties": {"stop_id": "1420004", "stop_name": "ON N OAK AT NE 64TH ST SB", "route_count": 1, "frequent": false}, "geometry": {"type": "Point", "coordinates": [-94.576332, 39.21019]}}, {"type": "Feature", "properties": {"stop_id": "1420022", "stop_name": "ON N OAK AT 6269 N OAK SB", "route_count": 1, "frequent": false}, "geometry": {"type": "Point", "coordinates": [-94.576365, 39.207187]}}, {"type": "Feature", "properties": {"stop_id": "1420005", "stop_name": "ON N OAK AT NE 61ST ST SOUTHBOUND FARSIDE", "route_count": 1, "frequent": false}, "geometry": {"type": "Point", "coordinates": [-94.576402, 39.204506]}}, {"type": "Feature", "properties": {"stop_id": "1422501", "stop_name": "ON N OAK AT 59TH TERR SB", "route_count": 1, "frequent": false}, "geometry": {"type": "Point", "coordinates": [-94.576451, 39.201772]}}, {"type": "Feature", "properties": {"stop_id": "1420006", "stop_name": "ON N OAK AT NE 58TH ST SB", "route_count": 1, "frequent": false}, "geometry": {"type": "Point", "coordinates": [-94.576472, 39.199377]}}, {"type": "Feature", "properties": {"stop_id": "1420007", "stop_name": "ON N OAK AT NE ENGLEWOOD SB", "route_count": 1, "frequent": false}, "geometry": {"type": "Point", "coordinates": [-94.576603, 39.195815]}}, {"type": "Feature", "properties": {"stop_id": "1421501", "stop_name": "ON N OAK AT 55TH SOUTHBOUND", "route_count": 1, "frequent": false}, "geometry": {"type": "Point", "coordinates": [-94.576614, 39.194376]}}, {"type": "Feature", "properties": {"stop_id": "1420008", "stop_name": "ON N OAK AT NE 54TH ST SOUTHBOUND", "route_count": 1, "frequent": false}, "geometry": {"type": "Point", "coordinates": [-94.576602, 39.193578]}}, {"type": "Feature", "properties": {"stop_id": "1425306", "stop_name": "ON NORTH OAK AT 5306 SOUTHBOUND", "route_count": 1, "frequent": false}, "geometry": {"type": "Point", "coordinates": [-94.576638, 39.190521]}}, {"type": "Feature", "properties": {"stop_id": "14202", "stop_name": "ON NORTH OAK AT 51ST SB", "route_count": 1, "frequent": false}, "geometry": {"type": "Point", "coordinates": [-94.576698, 39.186228]}}, {"type": "Feature", "properties": {"stop_id": "142152", "stop_name": "ON N OAK AT 50TH SOUTHBOUND", "route_count": 1, "frequent": false}, "geometry": {"type": "Point", "coordinates": [-94.576679, 39.185086]}}, {"type": "Feature", "properties": {"stop_id": "1422502", "stop_name": "ON N OAK AT 4900 SB", "route_count": 1, "frequent": false}, "geometry": {"type": "Point", "coordinates": [-94.576805, 39.182863]}}, {"type": "Feature", "properties": {"stop_id": "3700042", "stop_name": "ON N OAK BETWEEN VIVION AND I-29 SOUTHBOUND", "route_count": 1, "frequent": false}, "geometry": {"type": "Point", "coordinates": [-94.576849, 39.180301]}}, {"type": "Feature", "properties": {"stop_id": "142507", "stop_name": "ON N OAK AT NORMANDY SB", "route_count": 1, "frequent": false}, "geometry": {"type": "Point", "coordinates": [-94.576836, 39.177297]}}, {"type": "Feature", "properties": {"stop_id": "1420323", "stop_name": "ON N OAK AT 43RD TERR SOUTHBOUND", "route_count": 1, "frequent": false}, "geometry": {"type": "Point", "coordinates": [-94.576808, 39.172865]}}, {"type": "Feature", "properties": {"stop_id": "3800064", "stop_name": "ON N OAK AT NE 42ND ST SOUTHBOUND", "route_count": 1, "frequent": false}, "geometry": {"type": "Point", "coordinates": [-94.576837, 39.169931]}}, {"type": "Feature", "properties": {"stop_id": "3800065", "stop_name": "ON N OAK AT N EVANSDALE SOUTHBOUND", "route_count": 1, "frequent": false}, "geometry": {"type": "Point", "coordinates": [-94.576832, 39.16781]}}, {"type": "Feature", "properties": {"stop_id": "3800066", "stop_name": "ON N OAK AT N INDIANOLA SOUTHBOUND", "route_count": 1, "frequent": false}, "geometry": {"type": "Point", "coordinates": [-94.576899, 39.163061]}}, {"type": "Feature", "properties": {"stop_id": "3800067", "stop_name": "ON N OAK AT N HILL ST SOUTHBOUND", "route_count": 1, "frequent": false}, "geometry": {"type": "Point", "coordinates": [-94.577004, 39.159417]}}, {"type": "Feature", "properties": {"stop_id": "3700050", "stop_name": "ON N OAK AT 3316 N OAK SOUTHBOUND", "route_count": 1, "frequent": false}, "geometry": {"type": "Point", "coordinates": [-94.577123, 39.155993]}}, {"type": "Feature", "properties": {"stop_id": "290036", "stop_name": "ON N OAK AT 32ND SOUTHBOUND", "route_count": 1, "frequent": false}, "geometry": {"type": "Point", "coordinates": [-94.578925, 39.152232]}}, {"type": "Feature", "properties": {"stop_id": "3700052", "stop_name": "ON BURLINGTON AT 29TH AVE SOUTHBOUND", "route_count": 1, "frequent": false}, "geometry": {"type": "Point", "coordinates": [-94.580447, 39.149813]}}, {"type": "Feature", "properties": {"stop_id": "3700053", "stop_name": "ON BURLINGTON AT 26TH AVE SOUTHBOUND", "route_count": 1, "frequent": false}, "geometry": {"type": "Point", "coordinates": [-94.580479, 39.147764]}}, {"type": "Feature", "properties": {"stop_id": "3700054", "stop_name": "ON BURLINGTON AT 23RD AVE SOUTHBOUND", "route_count": 1, "frequent": false}, "geometry": {"type": "Point", "coordinates": [-94.580545, 39.145021]}}, {"type": "Feature", "properties": {"stop_id": "290040", "stop_name": "ON BURLINGTON AT 21ST SOUTHBOUND", "route_count": 1, "frequent": false}, "geometry": {"type": "Point", "coordinates": [-94.580602, 39.143698]}}, {"type": "Feature", "properties": {"stop_id": "1421401", "stop_name": "ON BURLINGTON AT ARMOUR SOUTHBOUND", "route_count": 1, "frequent": false}, "geometry": {"type": "Point", "coordinates": [-94.580599, 39.141728]}}, {"type": "Feature", "properties": {"stop_id": "1320030", "stop_name": "ON BURLINGTON AT E 18TH AVE SOUTHBOUND FARSIDE", "route_count": 1, "frequent": false}, "geometry": {"type": "Point", "coordinates": [-94.580627, 39.140069]}}, {"type": "Feature", "properties": {"stop_id": "1320031", "stop_name": "ON BURLINGTON AT E 16TH AVE SOUTHBOUND", "route_count": 1, "frequent": false}, "geometry": {"type": "Point", "coordinates": [-94.580665, 39.137669]}}, {"type": "Feature", "properties": {"stop_id": "3700060", "stop_name": "ON BURLINGTON AT 14TH AVE SOUTHBOUND", "route_count": 1, "frequent": false}, "geometry": {"type": "Point", "coordinates": [-94.580752, 39.134075]}}, {"type": "Feature", "properties": {"stop_id": "3700061", "stop_name": "ON BURLINGTON AT 13TH AVE SOUTHBOUND", "route_count": 1, "frequent": false}, "geometry": {"type": "Point", "coordinates": [-94.58074, 39.132467]}}, {"type": "Feature", "properties": {"stop_id": "3700062", "stop_name": "ON BURLINGTON AT 12TH AVE SOUTHBOUND", "route_count": 1, "frequent": false}, "geometry": {"type": "Point", "coordinates": [-94.580793, 39.130675]}}, {"type": "Feature", "properties": {"stop_id": "1350043", "stop_name": "ON BURLINGTON AT E 10TH AVE SOUTHBOUND", "route_count": 2, "frequent": false}, "geometry": {"type": "Point", "coordinates": [-94.58086, 39.126742]}}, {"type": "Feature", "properties": {"stop_id": "4", "stop_name": "ON 3RD AT GRAND WESTBOUND", "route_count": 3, "frequent": false}, "geometry": {"type": "Point", "coordinates": [-94.580129, 39.110563]}}, {"type": "Feature", "properties": {"stop_id": "5802", "stop_name": "ON GRAND AT 5TH SB", "route_count": 4, "frequent": false}, "geometry": {"type": "Point", "coordinates": [-94.580559, 39.108851]}}, {"type": "Feature", "properties": {"stop_id": "3000054", "stop_name": "ON GRAND AT 9TH SOUTHBOUND FARSIDE", "route_count": 5, "frequent": false}, "geometry": {"type": "Point", "coordinates": [-94.580777, 39.103353]}}, {"type": "Feature", "properties": {"stop_id": "290053", "stop_name": "ON GRAND AT 11TH SOUTHBOUND NEARSIDE", "route_count": 5, "frequent": false}, "geometry": {"type": "Point", "coordinates": [-94.580901, 39.101158]}}, {"type": "Feature", "properties": {"stop_id": "2400008", "stop_name": "ON 13TH BETWEEN CHARLOTTE & HOLMES WB", "route_count": 2, "frequent": false}, "geometry": {"type": "Point", "coordinates": [-94.574777, 39.098389]}}, {"type": "Feature", "properties": {"stop_id": "2400088", "stop_name": "ON 13TH AT CHERRY WESTBOUND", "route_count": 2, "frequent": false}, "geometry": {"type": "Point", "coordinates": [-94.576157, 39.098447]}}, {"type": "Feature", "properties": {"stop_id": "570181", "stop_name": "ON 13TH AT GRAND/MCGEE WESTBOUND NEARSIDE", "route_count": 1, "frequent": false}, "geometry": {"type": "Point", "coordinates": [-94.580665, 39.098598]}}, {"type": "Feature", "properties": {"stop_id": "2800191", "stop_name": "ON GRAND AT 16TH SOUTHBOUND FARSIDE", "route_count": 3, "frequent": false}, "geometry": {"type": "Point", "coordinates": [-94.581265, 39.094203]}}, {"type": "Feature", "properties": {"stop_id": "2800195", "stop_name": "ON GRAND AT 19TH SOUTHBOUND FARSIDE", "route_count": 3, "frequent": false}, "geometry": {"type": "Point", "coordinates": [-94.581469, 39.090168]}}, {"type": "Feature", "properties": {"stop_id": "2220019", "stop_name": "ON GRAND AT 22ND SOUTHBOUND", "route_count": 2, "frequent": false}, "geometry": {"type": "Point", "coordinates": [-94.581633, 39.086449]}}, {"type": "Feature", "properties": {"stop_id": "5700109", "stop_name": "ON GRAND AT PERSHING CROWN CENTER SHOPS SB", "route_count": 2, "frequent": false}, "geometry": {"type": "Point", "coordinates": [-94.58187, 39.083739]}}, {"type": "Feature", "properties": {"stop_id": "2800202", "stop_name": "ON GRAND AT 26TH SOUTHBOUND", "route_count": 2, "frequent": false}, "geometry": {"type": "Point", "coordinates": [-94.583231, 39.079504]}}, {"type": "Feature", "properties": {"stop_id": "562302", "stop_name": "ON MAIN AT GRAND NORTHBOUND FARSIDE", "route_count": 1, "frequent": false}, "geometry": {"type": "Point", "coordinates": [-94.584726, 39.076656]}}, {"type": "Feature", "properties": {"stop_id": "2019", "stop_name": "75TH & PROSPECT TRANSIT CENTER (LOCAL B)", "route_count": 1, "frequent": false}, "geometry": {"type": "Point", "coordinates": [-94.556532, 38.989938]}}, {"type": "Feature", "properties": {"stop_id": "7100098", "stop_name": "ON 75TH AT WALROND EASTBOUND", "route_count": 1, "frequent": false}, "geometry": {"type": "Point", "coordinates": [-94.55013, 38.990312]}}, {"type": "Feature", "properties": {"stop_id": "1750100", "stop_name": "ON 75TH AT INDIANA EB", "route_count": 1, "frequent": false}, "geometry": {"type": "Point", "coordinates": [-94.548084, 38.990328]}}, {"type": "Feature", "properties": {"stop_id": "1750102", "stop_name": "ON 75TH AT MONROE EASTBOUND", "route_count": 1, "frequent": false}, "geometry": {"type": "Point", "coordinates": [-94.544968, 38.990186]}}, {"type": "Feature", "properties": {"stop_id": "7100103", "stop_name": "ON CLEVELAND AT 75TH NB", "route_count": 1, "frequent": false}, "geometry": {"type": "Point", "coordinates": [-94.543215, 38.990321]}}, {"type": "Feature", "properties": {"stop_id": "7100001", "stop_name": "ON CLEVELAND AT 73RD NORTHBOUND FARSIDE", "route_count": 1, "frequent": false}, "geometry": {"type": "Point", "coordinates": [-94.543027, 38.993927]}}, {"type": "Feature", "properties": {"stop_id": "7100002", "stop_name": "ON CLEVELAND AT 72ND NORTHBOUND", "route_count": 1, "frequent": false}, "geometry": {"type": "Point", "coordinates": [-94.542969, 38.995487]}}, {"type": "Feature", "properties": {"stop_id": "7100004", "stop_name": "ON CLEVELAND AT GREGORY NORTHBOUND", "route_count": 1, "frequent": false}, "geometry": {"type": "Point", "coordinates": [-94.542822, 38.998211]}}, {"type": "Feature", "properties": {"stop_id": "1750109", "stop_name": "ON CLEVELAND AT 69TH NORTHBOUND", "route_count": 1, "frequent": false}, "geometry": {"type": "Point", "coordinates": [-94.542707, 39.00117]}}, {"type": "Feature", "properties": {"stop_id": "1210010", "stop_name": "ON CLEVELAND AT CLEAVER II BLVD NB", "route_count": 1, "frequent": false}, "geometry": {"type": "Point", "coordinates": [-94.540567, 39.038631]}}, {"type": "Feature", "properties": {"stop_id": "1211401", "stop_name": "ON CLEVELAND AT 45TH ST NB", "route_count": 1, "frequent": false}, "geometry": {"type": "Point", "coordinates": [-94.540274, 39.04401]}}, {"type": "Feature", "properties": {"stop_id": "1211400", "stop_name": "ON 45TH ST AT MYRTLE EB", "route_count": 1, "frequent": false}, "geometry": {"type": "Point", "coordinates": [-94.538152, 39.044014]}}, {"type": "Feature", "properties": {"stop_id": "1211201", "stop_name": "ON JACKSON AT 45TH ST NB", "route_count": 1, "frequent": false}, "geometry": {"type": "Point", "coordinates": [-94.535665, 39.044117]}}, {"type": "Feature", "properties": {"stop_id": "1211202", "stop_name": "ON JACKSON AT 43RD ST NB", "route_count": 1, "frequent": false}, "geometry": {"type": "Point", "coordinates": [-94.535466, 39.047498]}}, {"type": "Feature", "properties": {"stop_id": "1211203", "stop_name": "ON JACKSON AT 41ST NB", "route_count": 1, "frequent": false}, "geometry": {"type": "Point", "coordinates": [-94.535301, 39.05125]}}, {"type": "Feature", "properties": {"stop_id": "1211204", "stop_name": "ON JACKSON AT 39TH ST NB", "route_count": 1, "frequent": false}, "geometry": {"type": "Point", "coordinates": [-94.535079, 39.054994]}}, {"type": "Feature", "properties": {"stop_id": "1213701", "stop_name": "ON JACKSON AT 37TH STREET NB", "route_count": 1, "frequent": false}, "geometry": {"type": "Point", "coordinates": [-94.534913, 39.058363]}}, {"type": "Feature", "properties": {"stop_id": "1211206", "stop_name": "ON JACKSON AT 35TH NB", "route_count": 1, "frequent": false}, "geometry": {"type": "Point", "coordinates": [-94.534743, 39.061972]}}, {"type": "Feature", "properties": {"stop_id": "3100052", "stop_name": "ON JACKSON AT 33RD NORTHBOUND", "route_count": 1, "frequent": false}, "geometry": {"type": "Point", "coordinates": [-94.534565, 39.065559]}}, {"type": "Feature", "properties": {"stop_id": "3100053", "stop_name": "ON JACKSON AT LINWOOD NORTHBOUND", "route_count": 1, "frequent": false}, "geometry": {"type": "Point", "coordinates": [-94.534478, 39.067371]}}, {"type": "Feature", "properties": {"stop_id": "312505", "stop_name": "ON JACKSON AT 31ST NORTHBOUND NEARSIDE", "route_count": 1, "frequent": false}, "geometry": {"type": "Point", "coordinates": [-94.534397, 39.069185]}}, {"type": "Feature", "properties": {"stop_id": "1211207", "stop_name": "ON JACKSON AT 27TH ST", "route_count": 1, "frequent": false}, "geometry": {"type": "Point", "coordinates": [-94.534047, 39.07642]}}, {"type": "Feature", "properties": {"stop_id": "1211208", "stop_name": "ON JACKSON AT 25TH ST NB", "route_count": 1, "frequent": false}, "geometry": {"type": "Point", "coordinates": [-94.533877, 39.08002]}}, {"type": "Feature", "properties": {"stop_id": "1200032", "stop_name": "ON JACKSON AT 23RD NORTHBOUND", "route_count": 1, "frequent": false}, "geometry": {"type": "Point", "coordinates": [-94.533703, 39.083642]}}, {"type": "Feature", "properties": {"stop_id": "1200034", "stop_name": "ON JACKSON AT 20TH NORTHBOUND FARSIDE", "route_count": 2, "frequent": false}, "geometry": {"type": "Point", "coordinates": [-94.533475, 39.087451]}}, {"type": "Feature", "properties": {"stop_id": "1200036", "stop_name": "ON JACKSON AT 18TH NORTHBOUND", "route_count": 1, "frequent": false}, "geometry": {"type": "Point", "coordinates": [-94.533341, 39.090074]}}, {"type": "Feature", "properties": {"stop_id": "1200038", "stop_name": "ON JACKSON AT 16TH NORTHBOUND", "route_count": 2, "frequent": false}, "geometry": {"type": "Point", "coordinates": [-94.533205, 39.092779]}}, {"type": "Feature", "properties": {"stop_id": "1200039", "stop_name": "ON JACKSON AT TRUMAN NORTHBOUND FARSIDE", "route_count": 1, "frequent": false}, "geometry": {"type": "Point", "coordinates": [-94.533139, 39.094181]}}, {"type": "Feature", "properties": {"stop_id": "1210043", "stop_name": "ON SPRUCE AT 12TH NORTHBOUND", "route_count": 1, "frequent": false}, "geometry": {"type": "Point", "coordinates": [-94.532443, 39.098381]}}, {"type": "Feature", "properties": {"stop_id": "1090077", "stop_name": "ON 9TH AT ELMWOOD EASTBOUND", "route_count": 2, "frequent": false}, "geometry": {"type": "Point", "coordinates": [-94.528392, 39.101725]}}, {"type": "Feature", "properties": {"stop_id": "1210047", "stop_name": "ON VAN BRUNT AT 8TH NORTHBOUND NEARSIDE", "route_count": 1, "frequent": false}, "geometry": {"type": "Point", "coordinates": [-94.525846, 39.102521]}}, {"type": "Feature", "properties": {"stop_id": "1210049", "stop_name": "ON VAN BRUNT AT INDEP AVE NORTHBOUND", "route_count": 1, "frequent": false}, "geometry": {"type": "Point", "coordinates": [-94.525773, 39.104421]}}, {"type": "Feature", "properties": {"stop_id": "2400127", "stop_name": "ON INDEPENDENCE AVE AT BRIGHTON EB", "route_count": 2, "frequent": false}, "geometry": {"type": "Point", "coordinates": [-94.523259, 39.105285]}}, {"type": "Feature", "properties": {"stop_id": "2400129", "stop_name": "ON INDEPENDENCE AVE AT COLORADO EASTBOUND", "route_count": 2, "frequent": false}, "geometry": {"type": "Point", "coordinates": [-94.520166, 39.105204]}}, {"type": "Feature", "properties": {"stop_id": "2400130", "stop_name": "ON INDEPENDENCE  AT HARDESTY EASTBOUND", "route_count": 2, "frequent": false}, "geometry": {"type": "Point", "coordinates": [-94.519009, 39.105145]}}, {"type": "Feature", "properties": {"stop_id": "12101", "stop_name": "ON WILSON RD AT BELLAIRE AVE EB", "route_count": 1, "frequent": false}, "geometry": {"type": "Point", "coordinates": [-94.513358, 39.105179]}}, {"type": "Feature", "properties": {"stop_id": "1260009", "stop_name": "ON CHOUTEAU AT FRONT NORTHBOUND", "route_count": 1, "frequent": false}, "geometry": {"type": "Point", "coordinates": [-94.52312, 39.131317]}}, {"type": "Feature", "properties": {"stop_id": "121151", "stop_name": "ON CHOUTEAU AT MUNICIPAL NB", "route_count": 1, "frequent": false}, "geometry": {"type": "Point", "coordinates": [-94.524342, 39.132764]}}, {"type": "Feature", "properties": {"stop_id": "1732512", "stop_name": "ON CHOUTEAU AT DERAMUS NB", "route_count": 1, "frequent": false}, "geometry": {"type": "Point", "coordinates": [-94.527203, 39.135982]}}, {"type": "Feature", "properties": {"stop_id": "1682", "stop_name": "Null_r21NKC southend nothbound", "route_count": 1, "frequent": false}, "geometry": {"type": "Point", "coordinates": [-94.533857, 39.145921]}}, {"type": "Feature", "properties": {"stop_id": "1732509", "stop_name": "ON CHOUTEAU AT RIVERBOAT DR NB", "route_count": 1, "frequent": false}, "geometry": {"type": "Point", "coordinates": [-94.535133, 39.148691]}}, {"type": "Feature", "properties": {"stop_id": "1680", "stop_name": "Null r21 NKC northbound north", "route_count": 1, "frequent": false}, "geometry": {"type": "Point", "coordinates": [-94.536337, 39.151976]}}, {"type": "Feature", "properties": {"stop_id": "1211515", "stop_name": "ON CHOUTEAU AT 33RD ST NB", "route_count": 1, "frequent": false}, "geometry": {"type": "Point", "coordinates": [-94.535761, 39.154722]}}, {"type": "Feature", "properties": {"stop_id": "1350111", "stop_name": "ON CHOUTEAU AT PARVIN ROAD NB", "route_count": 1, "frequent": false}, "geometry": {"type": "Point", "coordinates": [-94.532295, 39.162522]}}, {"type": "Feature", "properties": {"stop_id": "1351301", "stop_name": "ON CHOUTEAU AT 42ND TERR NB", "route_count": 1, "frequent": false}, "geometry": {"type": "Point", "coordinates": [-94.532688, 39.170495]}}, {"type": "Feature", "properties": {"stop_id": "1212700", "stop_name": "ON CHOUTEAU AT CLEVELAND AVE NORTHBOUND", "route_count": 1, "frequent": false}, "geometry": {"type": "Point", "coordinates": [-94.535005, 39.172924]}}, {"type": "Feature", "properties": {"stop_id": "1211501", "stop_name": "ON N CHOUTEAU TRFY AT 46TH STREET NB", "route_count": 1, "frequent": false}, "geometry": {"type": "Point", "coordinates": [-94.539399, 39.177117]}}, {"type": "Feature", "properties": {"stop_id": "1211503", "stop_name": "ON N CHOUTEAU TRFY AT 48TH TERR NB", "route_count": 1, "frequent": false}, "geometry": {"type": "Point", "coordinates": [-94.540563, 39.181225]}}, {"type": "Feature", "properties": {"stop_id": "1211505", "stop_name": "ON N CHOUTEAU TRFY AT 49TH TERR NB", "route_count": 1, "frequent": false}, "geometry": {"type": "Point", "coordinates": [-94.540939, 39.183885]}}, {"type": "Feature", "properties": {"stop_id": "234175", "stop_name": "ON NE ANTIOCH AT 5261 NE ANTIOCH SOUTHBOUND", "route_count": 2, "frequent": false}, "geometry": {"type": "Point", "coordinates": [-94.547897, 39.189701]}}, {"type": "Feature", "properties": {"stop_id": "1330012", "stop_name": "ANTIOCH CENTER PARK & RIDE SOUTHBOUND LANE", "route_count": 2, "frequent": false}, "geometry": {"type": "Point", "coordinates": [-94.547775, 39.188207]}}, {"type": "Feature", "properties": {"stop_id": "121154", "stop_name": "ON VIVION BETW ANTIOCH & CHOUTEAU EB", "route_count": 1, "frequent": false}, "geometry": {"type": "Point", "coordinates": [-94.546705, 39.187437]}}, {"type": "Feature", "properties": {"stop_id": "1211506", "stop_name": "ON N CHOUTEAU TRFY AT 49TH TERR SB", "route_count": 1, "frequent": false}, "geometry": {"type": "Point", "coordinates": [-94.541068, 39.183847]}}, {"type": "Feature", "properties": {"stop_id": "1211504", "stop_name": "ON N CHOUTEAU TRFY AT 48TH TERR SB", "route_count": 1, "frequent": false}, "geometry": {"type": "Point", "coordinates": [-94.540701, 39.181223]}}, {"type": "Feature", "properties": {"stop_id": "1211502", "stop_name": "ON N CHOUTEAU TRFY AT 46TH STREET SB", "route_count": 1, "frequent": false}, "geometry": {"type": "Point", "coordinates": [-94.539522, 39.177067]}}, {"type": "Feature", "properties": {"stop_id": "1212701", "stop_name": "ON CHOUTEAU AT CLEVELAND AVE SB", "route_count": 1, "frequent": false}, "geometry": {"type": "Point", "coordinates": [-94.535249, 39.172744]}}, {"type": "Feature", "properties": {"stop_id": "1351302", "stop_name": "ON CHOUTEAU AT 42ND TERR SB", "route_count": 1, "frequent": false}, "geometry": {"type": "Point", "coordinates": [-94.532974, 39.170185]}}, {"type": "Feature", "properties": {"stop_id": "1350019", "stop_name": "ON CHOUTEAU AT PARVIN RD SOUTHBOUND", "route_count": 1, "frequent": false}, "geometry": {"type": "Point", "coordinates": [-94.532644, 39.162636]}}, {"type": "Feature", "properties": {"stop_id": "1210701", "stop_name": "ON CHOUTEAU AT 33RD ST SB", "route_count": 1, "frequent": false}, "geometry": {"type": "Point", "coordinates": [-94.5364, 39.15437]}}, {"type": "Feature", "properties": {"stop_id": "1681", "stop_name": "Null 21NKC northend southbound", "route_count": 1, "frequent": false}, "geometry": {"type": "Point", "coordinates": [-94.536788, 39.152012]}}, {"type": "Feature", "properties": {"stop_id": "17302", "stop_name": "ON CHOUTEAU AT RIVERBOAT DR SB", "route_count": 1, "frequent": false}, "geometry": {"type": "Point", "coordinates": [-94.535373, 39.148621]}}, {"type": "Feature", "properties": {"stop_id": "1683", "stop_name": "Null 21NKCsouth end southbound", "route_count": 1, "frequent": false}, "geometry": {"type": "Point", "coordinates": [-94.534204, 39.145885]}}, {"type": "Feature", "properties": {"stop_id": "1732515", "stop_name": "ON CHOUTEAU AT DERAMUS SB", "route_count": 1, "frequent": false}, "geometry": {"type": "Point", "coordinates": [-94.527689, 39.136055]}}, {"type": "Feature", "properties": {"stop_id": "121152", "stop_name": "ON CHOUTEAU AT MUNICIPAL SB", "route_count": 1, "frequent": false}, "geometry": {"type": "Point", "coordinates": [-94.524455, 39.132703]}}, {"type": "Feature", "properties": {"stop_id": "1260087", "stop_name": "ON CHOUTEAU AT FRONT ST SOUTHBOUND", "route_count": 1, "frequent": false}, "geometry": {"type": "Point", "coordinates": [-94.523376, 39.131455]}}, {"type": "Feature", "properties": {"stop_id": "12102", "stop_name": "ON WILSON RD AT BELLAIRE AVE WB", "route_count": 1, "frequent": false}, "geometry": {"type": "Point", "coordinates": [-94.513117, 39.105345]}}, {"type": "Feature", "properties": {"stop_id": "121153", "stop_name": "ON TOPPPING AT INDEPENDENCE AVE SB", "route_count": 1, "frequent": false}, "geometry": {"type": "Point", "coordinates": [-94.51454, 39.105134]}}, {"type": "Feature", "properties": {"stop_id": "2400043", "stop_name": "ON INDEPENDENCE AVE BETWEEN WILSON AND LAWNDALE WB", "route_count": 2, "frequent": false}, "geometry": {"type": "Point", "coordinates": [-94.515015, 39.105116]}}, {"type": "Feature", "properties": {"stop_id": "2400045", "stop_name": "ON INDEPENDENCE  AT HARDESTY WESTBOUND", "route_count": 2, "frequent": false}, "geometry": {"type": "Point", "coordinates": [-94.518997, 39.105238]}}, {"type": "Feature", "properties": {"stop_id": "2400046", "stop_name": "ON INDEPENDENCE AVE AT COLORADO WESTBOUND", "route_count": 2, "frequent": false}, "geometry": {"type": "Point", "coordinates": [-94.520162, 39.105298]}}, {"type": "Feature", "properties": {"stop_id": "1210116", "stop_name": "ON INDEPENDENCE AVE AT BRIGHTON WB", "route_count": 2, "frequent": false}, "geometry": {"type": "Point", "coordinates": [-94.523914, 39.105432]}}, {"type": "Feature", "properties": {"stop_id": "1210117", "stop_name": "ON VAN BRUNT AT 6TH SOUTHBOUND", "route_count": 1, "frequent": false}, "geometry": {"type": "Point", "coordinates": [-94.526203, 39.105366]}}, {"type": "Feature", "properties": {"stop_id": "1210119", "stop_name": "ON VAN BRUNT AT 9TH SOUTHBOUND NEARSIDE", "route_count": 1, "frequent": false}, "geometry": {"type": "Point", "coordinates": [-94.525993, 39.101773]}}, {"type": "Feature", "properties": {"stop_id": "1210120", "stop_name": "ON 9TH AT ELMWOOD WESTBOUND", "route_count": 2, "frequent": false}, "geometry": {"type": "Point", "coordinates": [-94.528024, 39.101832]}}, {"type": "Feature", "properties": {"stop_id": "1210123", "stop_name": "ON SPRUCE AT 12TH SOUTHBOUND", "route_count": 1, "frequent": false}, "geometry": {"type": "Point", "coordinates": [-94.532593, 39.09827]}}, {"type": "Feature", "properties": {"stop_id": "1210125", "stop_name": "ON JACKSON AT TRUMAN SOUTHBOUND", "route_count": 1, "frequent": false}, "geometry": {"type": "Point", "coordinates": [-94.53328, 39.094125]}}, {"type": "Feature", "properties": {"stop_id": "1200182", "stop_name": "ON JACKSON AT 16TH SOUTHBOUND", "route_count": 2, "frequent": false}, "geometry": {"type": "Point", "coordinates": [-94.533372, 39.092748]}}, {"type": "Feature", "properties": {"stop_id": "1200184", "stop_name": "ON JACKSON AT 18TH SOUTHBOUND", "route_count": 2, "frequent": false}, "geometry": {"type": "Point", "coordinates": [-94.533472, 39.090254]}}, {"type": "Feature", "properties": {"stop_id": "1200186", "stop_name": "ON JACKSON AT 20TH SOUTHBOUND", "route_count": 2, "frequent": false}, "geometry": {"type": "Point", "coordinates": [-94.533622, 39.087376]}}, {"type": "Feature", "properties": {"stop_id": "1200188", "stop_name": "ON JACKSON AT 23RD SOUTHBOUND", "route_count": 1, "frequent": false}, "geometry": {"type": "Point", "coordinates": [-94.533802, 39.083782]}}, {"type": "Feature", "properties": {"stop_id": "1211210", "stop_name": "ON JACKSON AT 25TH ST SB", "route_count": 1, "frequent": false}, "geometry": {"type": "Point", "coordinates": [-94.534023, 39.080206]}}, {"type": "Feature", "properties": {"stop_id": "1211211", "stop_name": "ON JACKSON AT 27TH ST SB", "route_count": 1, "frequent": false}, "geometry": {"type": "Point", "coordinates": [-94.534193, 39.076606]}}, {"type": "Feature", "properties": {"stop_id": "1211212", "stop_name": "ON JACKSON AT 31ST ST SB", "route_count": 1, "frequent": false}, "geometry": {"type": "Point", "coordinates": [-94.534552, 39.069382]}}, {"type": "Feature", "properties": {"stop_id": "3100096", "stop_name": "ON JACKSON AT LINWOOD SOUTHBOUND", "route_count": 1, "frequent": false}, "geometry": {"type": "Point", "coordinates": [-94.534585, 39.067556]}}, {"type": "Feature", "properties": {"stop_id": "3100097", "stop_name": "ON JACKSON AT 33RD SOUTHBOUND", "route_count": 1, "frequent": false}, "geometry": {"type": "Point", "coordinates": [-94.534693, 39.065744]}}, {"type": "Feature", "properties": {"stop_id": "1211213", "stop_name": "ON JACKSON AT 35TH ST SB", "route_count": 1, "frequent": false}, "geometry": {"type": "Point", "coordinates": [-94.53487, 39.062176]}}, {"type": "Feature", "properties": {"stop_id": "1213702", "stop_name": "ON JACKSON AT 37TH STREET SB", "route_count": 1, "frequent": false}, "geometry": {"type": "Point", "coordinates": [-94.53504, 39.058549]}}, {"type": "Feature", "properties": {"stop_id": "1211215", "stop_name": "ON JACKSON AT 39TH ST SB", "route_count": 1, "frequent": false}, "geometry": {"type": "Point", "coordinates": [-94.535249, 39.054975]}}, {"type": "Feature", "properties": {"stop_id": "1211216", "stop_name": "ON JACKSON AT 41ST ST SB", "route_count": 1, "frequent": false}, "geometry": {"type": "Point", "coordinates": [-94.535426, 39.051436]}}, {"type": "Feature", "properties": {"stop_id": "1211217", "stop_name": "ON JACKSON AT 43RD ST SB", "route_count": 1, "frequent": false}, "geometry": {"type": "Point", "coordinates": [-94.535577, 39.047717]}}, {"type": "Feature", "properties": {"stop_id": "1211218", "stop_name": "ON JACKSON AT 45TH ST SB", "route_count": 1, "frequent": false}, "geometry": {"type": "Point", "coordinates": [-94.535805, 39.044075]}}, {"type": "Feature", "properties": {"stop_id": "1211219", "stop_name": "ON 45TH ST AT MYRTLE WB", "route_count": 1, "frequent": false}, "geometry": {"type": "Point", "coordinates": [-94.537917, 39.044117]}}, {"type": "Feature", "properties": {"stop_id": "1211402", "stop_name": "ON 45TH ST AT CLEVELAND WB", "route_count": 1, "frequent": false}, "geometry": {"type": "Point", "coordinates": [-94.540219, 39.044153]}}, {"type": "Feature", "properties": {"stop_id": "1210156", "stop_name": "ON CLEVELAND AT CLEAVER II BLVD SB", "route_count": 1, "frequent": false}, "geometry": {"type": "Point", "coordinates": [-94.540692, 39.038599]}}, {"type": "Feature", "properties": {"stop_id": "1750007", "stop_name": "ON CLEVELAND AT 67TH SOUTHBOUND", "route_count": 1, "frequent": false}, "geometry": {"type": "Point", "coordinates": [-94.54265, 39.004754]}}, {"type": "Feature", "properties": {"stop_id": "1750009", "stop_name": "ON CLEVELAND AT 68TH SOUTHBOUND FARSIDE", "route_count": 1, "frequent": false}, "geometry": {"type": "Point", "coordinates": [-94.542772, 39.002702]}}, {"type": "Feature", "properties": {"stop_id": "1750011", "stop_name": "ON CLEVELAND AT 69TH SOUTHBOUND", "route_count": 1, "frequent": false}, "geometry": {"type": "Point", "coordinates": [-94.542839, 39.001108]}}, {"type": "Feature", "properties": {"stop_id": "1750013", "stop_name": "ON CLEVELAND AT GREGORY SOUTHBOUND", "route_count": 1, "frequent": false}, "geometry": {"type": "Point", "coordinates": [-94.542938, 38.998355]}}, {"type": "Feature", "properties": {"stop_id": "1750015", "stop_name": "ON CLEVELAND AT 72ND SOUTHBOUND", "route_count": 1, "frequent": false}, "geometry": {"type": "Point", "coordinates": [-94.543081, 38.995645]}}, {"type": "Feature", "properties": {"stop_id": "1750016", "stop_name": "ON CLEVELAND AT 73RD SOUTHBOUND", "route_count": 1, "frequent": false}, "geometry": {"type": "Point", "coordinates": [-94.543162, 38.993636]}}, {"type": "Feature", "properties": {"stop_id": "1750017", "stop_name": "ON CLEVELAND AT 75TH SOUTHBOUND", "route_count": 1, "frequent": false}, "geometry": {"type": "Point", "coordinates": [-94.543316, 38.99034]}}, {"type": "Feature", "properties": {"stop_id": "1750018", "stop_name": "ON 75TH AT MONROE WESTBOUND", "route_count": 1, "frequent": false}, "geometry": {"type": "Point", "coordinates": [-94.545017, 38.990273]}}, {"type": "Feature", "properties": {"stop_id": "1750021", "stop_name": "ON 75TH AT COLLEGE WESTBOUND", "route_count": 1, "frequent": false}, "geometry": {"type": "Point", "coordinates": [-94.549045, 38.990475]}}, {"type": "Feature", "properties": {"stop_id": "1750022", "stop_name": "ON 75TH AT WALROND WESTBOUND", "route_count": 1, "frequent": false}, "geometry": {"type": "Point", "coordinates": [-94.550162, 38.990533]}}, {"type": "Feature", "properties": {"stop_id": "1752300", "stop_name": "ON 75TH AT BELLEFONTAINE WESTBOUND", "route_count": 1, "frequent": false}, "geometry": {"type": "Point", "coordinates": [-94.551296, 38.9906]}}, {"type": "Feature", "properties": {"stop_id": "1001", "stop_name": "ON NORFLEET AT NE 40TH SB", "route_count": 1, "frequent": false}, "geometry": {"type": "Point", "coordinates": [-94.426286, 39.167044]}}, {"type": "Feature", "properties": {"stop_id": "1730013", "stop_name": "ON 210 HWY AT AMERISTAR DR WB", "route_count": 1, "frequent": false}, "geometry": {"type": "Point", "coordinates": [-94.47784, 39.155069]}}, {"type": "Feature", "properties": {"stop_id": "77173", "stop_name": "ON GREAT MIDWEST DRIVE NORTHBOUND", "route_count": 1, "frequent": false}, "geometry": {"type": "Point", "coordinates": [-94.488741, 39.160434]}}, {"type": "Feature", "properties": {"stop_id": "8481", "stop_name": "ON GREAT MIDWEST DRIVE AT NE 38TH NB", "route_count": 1, "frequent": false}, "geometry": {"type": "Point", "coordinates": [-94.488565, 39.163403]}}, {"type": "Feature", "properties": {"stop_id": "77172", "stop_name": "ON PARVIN AT RANDOLPH WESTBOUND NEARSIDE", "route_count": 1, "frequent": false}, "geometry": {"type": "Point", "coordinates": [-94.491424, 39.168424]}}, {"type": "Feature", "properties": {"stop_id": "1320076", "stop_name": "ON WORLDS OF FUN AVE AT #1 MAIN ENTRANCE NB", "route_count": 1, "frequent": false}, "geometry": {"type": "Point", "coordinates": [-94.492341, 39.1759]}}, {"type": "Feature", "properties": {"stop_id": "132153", "stop_name": "ON WOF AVE AT 48TH NEAR BUSINESS ENTR NB", "route_count": 1, "frequent": false}, "geometry": {"type": "Point", "coordinates": [-94.492284, 39.179672]}}, {"type": "Feature", "properties": {"stop_id": "1320095", "stop_name": "ON RANDOLPH AT 46TH ST SB", "route_count": 1, "frequent": false}, "geometry": {"type": "Point", "coordinates": [-94.493761, 39.177454]}}, {"type": "Feature", "properties": {"stop_id": "1731", "stop_name": "ON CORRINGTON AT 45TH ST SB", "route_count": 1, "frequent": false}, "geometry": {"type": "Point", "coordinates": [-94.495024, 39.175011]}}, {"type": "Feature", "properties": {"stop_id": "1732", "stop_name": "ON CORRINGTON AT 44TH ST SB", "route_count": 1, "frequent": false}, "geometry": {"type": "Point", "coordinates": [-94.495312, 39.173025]}}, {"type": "Feature", "properties": {"stop_id": "1733", "stop_name": "ON CORRINGTON AT 43RD ST SB MIDBLOCK", "route_count": 1, "frequent": false}, "geometry": {"type": "Point", "coordinates": [-94.495185, 39.170916]}}, {"type": "Feature", "properties": {"stop_id": "1731301", "stop_name": "ON PARVIN AT CORRINGTON EB", "route_count": 1, "frequent": false}, "geometry": {"type": "Point", "coordinates": [-94.496197, 39.168461]}}, {"type": "Feature", "properties": {"stop_id": "8902", "stop_name": "ON FRONT ST AT CORRINGTON EB", "route_count": 1, "frequent": false}, "geometry": {"type": "Point", "coordinates": [-94.495239, 39.12986]}}, {"type": "Feature", "properties": {"stop_id": "8112", "stop_name": "ON N CENTURY AT FRONT SB", "route_count": 1, "frequent": false}, "geometry": {"type": "Point", "coordinates": [-94.489399, 39.129664]}}, {"type": "Feature", "properties": {"stop_id": "1000", "stop_name": "ON GARDNER AVE AT N CENTURY AVE", "route_count": 1, "frequent": false}, "geometry": {"type": "Point", "coordinates": [-94.493824, 39.125706]}}, {"type": "Feature", "properties": {"stop_id": "1544", "stop_name": "ON N CENTURY AT FRONT NB", "route_count": 1, "frequent": false}, "geometry": {"type": "Point", "coordinates": [-94.489388, 39.129223]}}, {"type": "Feature", "properties": {"stop_id": "4271", "stop_name": "ON FRONT ST AT CORRINGTON WB", "route_count": 1, "frequent": false}, "geometry": {"type": "Point", "coordinates": [-94.496036, 39.13005]}}, {"type": "Feature", "properties": {"stop_id": "6619", "stop_name": "ON FRONT ST AT CAMBRIDGE WB", "route_count": 1, "frequent": false}, "geometry": {"type": "Point", "coordinates": [-94.501853, 39.130255]}}, {"type": "Feature", "properties": {"stop_id": "4302", "stop_name": "ON FRONT AT UNIVERSAL WB", "route_count": 1, "frequent": false}, "geometry": {"type": "Point", "coordinates": [-94.506965, 39.130395]}}, {"type": "Feature", "properties": {"stop_id": "11167", "stop_name": "ON FRONT BETWEEN UNIVERSAL AND TOPPING WESTBOUND", "route_count": 1, "frequent": false}, "geometry": {"type": "Point", "coordinates": [-94.510722, 39.130556]}}, {"type": "Feature", "properties": {"stop_id": "8909", "stop_name": "ON FRONT ST AT EVERGY WB", "route_count": 1, "frequent": false}, "geometry": {"type": "Point", "coordinates": [-94.525826, 39.130927]}}, {"type": "Feature", "properties": {"stop_id": "5097", "stop_name": "ON FRONT ST AT JACKSON WB", "route_count": 1, "frequent": false}, "geometry": {"type": "Point", "coordinates": [-94.531448, 39.131116]}}, {"type": "Feature", "properties": {"stop_id": "1732500", "stop_name": "ON FRONT ST AT EAST 3630 SEARS OUTLET STORE WB", "route_count": 1, "frequent": false}, "geometry": {"type": "Point", "coordinates": [-94.540662, 39.131386]}}, {"type": "Feature", "properties": {"stop_id": "1732516", "stop_name": "ON FRONT ST AT KANSAS WB", "route_count": 1, "frequent": false}, "geometry": {"type": "Point", "coordinates": [-94.546899, 39.128794]}}, {"type": "Feature", "properties": {"stop_id": "1730702", "stop_name": "ON FRONT ST AT OLIVE WB", "route_count": 1, "frequent": false}, "geometry": {"type": "Point", "coordinates": [-94.554751, 39.124411]}}, {"type": "Feature", "properties": {"stop_id": "6231", "stop_name": "ON FRONT AT RIVERFRONT WESTBOUND", "route_count": 1, "frequent": false}, "geometry": {"type": "Point", "coordinates": [-94.574135, 39.115536]}}, {"type": "Feature", "properties": {"stop_id": "33", "stop_name": "ON GRAND BLVD AT 3RD SOUTHBOUND", "route_count": 1, "frequent": false}, "geometry": {"type": "Point", "coordinates": [-94.581069, 39.11041]}}, {"type": "Feature", "properties": {"stop_id": "206", "stop_name": "EAST VILLAGE - BAY F", "route_count": 2, "frequent": false}, "geometry": {"type": "Point", "coordinates": [-94.573644, 39.099146]}}, {"type": "Feature", "properties": {"stop_id": "3", "stop_name": "ON GRAND AT 3RD METROCENTER NORTHBOUND", "route_count": 1, "frequent": false}, "geometry": {"type": "Point", "coordinates": [-94.580944, 39.110465]}}, {"type": "Feature", "properties": {"stop_id": "1529", "stop_name": "ON FRONT AT RIVERFRONT EASTBOUND", "route_count": 1, "frequent": false}, "geometry": {"type": "Point", "coordinates": [-94.574141, 39.115299]}}, {"type": "Feature", "properties": {"stop_id": "1730701", "stop_name": "ON FRONT ST AT OLIVE EB", "route_count": 1, "frequent": false}, "geometry": {"type": "Point", "coordinates": [-94.554655, 39.12435]}}, {"type": "Feature", "properties": {"stop_id": "1732510", "stop_name": "ON FRONT ST AT KANSAS", "route_count": 1, "frequent": false}, "geometry": {"type": "Point", "coordinates": [-94.546722, 39.128733]}}, {"type": "Feature", "properties": {"stop_id": "1732501", "stop_name": "ON FRONT ST AT EAST 3629  SEARS OUTLET STORE EB", "route_count": 1, "frequent": false}, "geometry": {"type": "Point", "coordinates": [-94.540625, 39.131264]}}, {"type": "Feature", "properties": {"stop_id": "1732901", "stop_name": "ON FRONT ST AT JACKSON EB", "route_count": 1, "frequent": false}, "geometry": {"type": "Point", "coordinates": [-94.531853, 39.130958]}}, {"type": "Feature", "properties": {"stop_id": "6985", "stop_name": "ON FRONT ST AT EVERGY EB", "route_count": 1, "frequent": false}, "geometry": {"type": "Point", "coordinates": [-94.525713, 39.130783]}}, {"type": "Feature", "properties": {"stop_id": "6986", "stop_name": "ON FRONT AT TOPPING EASTBOUND", "route_count": 1, "frequent": false}, "geometry": {"type": "Point", "coordinates": [-94.514354, 39.13043]}}, {"type": "Feature", "properties": {"stop_id": "2103", "stop_name": "ON FRONT AT BETWEEN TOPPING AND UNIVERSAL EB", "route_count": 1, "frequent": false}, "geometry": {"type": "Point", "coordinates": [-94.51104, 39.130317]}}, {"type": "Feature", "properties": {"stop_id": "9314", "stop_name": "ON GARDNER AT N CENTURY WB", "route_count": 1, "frequent": false}, "geometry": {"type": "Point", "coordinates": [-94.490898, 39.125712]}}, {"type": "Feature", "properties": {"stop_id": "77171", "stop_name": "ON PARVIN AT RANDOLPH EASTBOUND FARSIDE", "route_count": 1, "frequent": false}, "geometry": {"type": "Point", "coordinates": [-94.491341, 39.168319]}}, {"type": "Feature", "properties": {"stop_id": "5779", "stop_name": "ON GREAT MIDWEST DRIVE AT NE 38TH SB", "route_count": 1, "frequent": false}, "geometry": {"type": "Point", "coordinates": [-94.488758, 39.163809]}}, {"type": "Feature", "properties": {"stop_id": "1730012", "stop_name": "ON 210 HWY AT AMERISTAR DR EASTBOUND", "route_count": 1, "frequent": false}, "geometry": {"type": "Point", "coordinates": [-94.478246, 39.154787]}}, {"type": "Feature", "properties": {"stop_id": "7778", "stop_name": "ON PLEASANT AT 210 HWY NB", "route_count": 1, "frequent": false}, "geometry": {"type": "Point", "coordinates": [-94.416763, 39.171071]}}, {"type": "Feature", "properties": {"stop_id": "1977", "stop_name": "ON PLEASANTAT NE 41ST NB", "route_count": 1, "frequent": false}, "geometry": {"type": "Point", "coordinates": [-94.424675, 39.176247]}}, {"type": "Feature", "properties": {"stop_id": "8419", "stop_name": "ON NE 41ST BETWEEN PLEASANT AND NORFLEET", "route_count": 1, "frequent": false}, "geometry": {"type": "Point", "coordinates": [-94.428048, 39.174217]}}, {"type": "Feature", "properties": {"stop_id": "7492", "stop_name": "ON NORFLEET AT NE 41ST SB", "route_count": 1, "frequent": false}, "geometry": {"type": "Point", "coordinates": [-94.430846, 39.170916]}}, {"type": "Feature", "properties": {"stop_id": "203", "stop_name": "EAST VILLAGE - BAY C", "route_count": 2, "frequent": false}, "geometry": {"type": "Point", "coordinates": [-94.573462, 39.099149]}}, {"type": "Feature", "properties": {"stop_id": "1060009", "stop_name": "ON BROADWAY AT 8TH NORTHBOUND FARSIDE", "route_count": 1, "frequent": false}, "geometry": {"type": "Point", "coordinates": [-94.588136, 39.104803]}}, {"type": "Feature", "properties": {"stop_id": "290014", "stop_name": "ON 56TH AT PRAIRIEVIEW WB", "route_count": 1, "frequent": false}, "geometry": {"type": "Point", "coordinates": [-94.620961, 39.196208]}}, {"type": "Feature", "properties": {"stop_id": "129156", "stop_name": "ON PRAIRIE VIEW AT AMORET NB", "route_count": 1, "frequent": false}, "geometry": {"type": "Point", "coordinates": [-94.627625, 39.200616]}}, {"type": "Feature", "properties": {"stop_id": "24308", "stop_name": "COURTESY ON PRAIRIEVIEW AT NORTHWOOD NB", "route_count": 1, "frequent": false}, "geometry": {"type": "Point", "coordinates": [-94.631164, 39.203023]}}, {"type": "Feature", "properties": {"stop_id": "24309", "stop_name": "COURTESY ON PRAIRIEVIEW AT 61ST NB", "route_count": 1, "frequent": false}, "geometry": {"type": "Point", "coordinates": [-94.634248, 39.205269]}}, {"type": "Feature", "properties": {"stop_id": "1290010", "stop_name": "ON N CHATHAM AVE AT 64TH NORTHBOUND (HYVEE)", "route_count": 1, "frequent": false}, "geometry": {"type": "Point", "coordinates": [-94.64319, 39.211942]}}, {"type": "Feature", "properties": {"stop_id": "24312", "stop_name": "COURTESY ON PRAIRIE VIEW AT KLAMM NB", "route_count": 1, "frequent": false}, "geometry": {"type": "Point", "coordinates": [-94.64546, 39.217704]}}, {"type": "Feature", "properties": {"stop_id": "290013", "stop_name": "ON PRAIRIE VIEW AT 72ND NORTHBOUND", "route_count": 1, "frequent": false}, "geometry": {"type": "Point", "coordinates": [-94.651844, 39.224996]}}, {"type": "Feature", "properties": {"stop_id": "24315", "stop_name": "ON PRAIRIEVIEW AT TOWER NB", "route_count": 1, "frequent": false}, "geometry": {"type": "Point", "coordinates": [-94.657727, 39.231734]}}, {"type": "Feature", "properties": {"stop_id": "24316", "stop_name": "ON PRAIRIEVIEW AT 77TH TERR NORTHBOUND", "route_count": 1, "frequent": false}, "geometry": {"type": "Point", "coordinates": [-94.658722, 39.235308]}}, {"type": "Feature", "properties": {"stop_id": "24317", "stop_name": "COURTESY ON PRAIRIEVIEW AT 80TH NB", "route_count": 1, "frequent": false}, "geometry": {"type": "Point", "coordinates": [-94.658758, 39.2396]}}, {"type": "Feature", "properties": {"stop_id": "6563", "stop_name": "ON PRAIRIEVIEW AT 83RD TERR NB", "route_count": 1, "frequent": false}, "geometry": {"type": "Point", "coordinates": [-94.659082, 39.244987]}}, {"type": "Feature", "properties": {"stop_id": "2900553", "stop_name": "ON PRAIRIE VIEW RD AT BARRY RD NORTHBOUND", "route_count": 1, "frequent": false}, "geometry": {"type": "Point", "coordinates": [-94.661324, 39.246695]}}, {"type": "Feature", "properties": {"stop_id": "1292501", "stop_name": "ON BOARDWALK AT 8501 NB", "route_count": 1, "frequent": false}, "geometry": {"type": "Point", "coordinates": [-94.655, 39.247558]}}, {"type": "Feature", "properties": {"stop_id": "23107", "stop_name": "ON AMBASSADOR AT SKYVIEW NB", "route_count": 1, "frequent": false}, "geometry": {"type": "Point", "coordinates": [-94.649328, 39.25797]}}, {"type": "Feature", "properties": {"stop_id": "5994", "stop_name": "ON AMBASSADOR AT OLD TIFFANY SPRINGS NB", "route_count": 1, "frequent": false}, "geometry": {"type": "Point", "coordinates": [-94.649275, 39.261682]}}, {"type": "Feature", "properties": {"stop_id": "129152", "stop_name": "ON N AMBASSADOR DR AT 9511 N AMBASSADOR NB", "route_count": 1, "frequent": false}, "geometry": {"type": "Point", "coordinates": [-94.656208, 39.26399]}}, {"type": "Feature", "properties": {"stop_id": "23101", "stop_name": "ON AMBASSADOR AT POLO NORTHBOUND FARSIDE", "route_count": 1, "frequent": false}, "geometry": {"type": "Point", "coordinates": [-94.663571, 39.271151]}}, {"type": "Feature", "properties": {"stop_id": "2460009", "stop_name": "ON TIFFANY SPRINGS AT WORLDSPAN NB", "route_count": 1, "frequent": false}, "geometry": {"type": "Point", "coordinates": [-94.665094, 39.273496]}}, {"type": "Feature", "properties": {"stop_id": "2460010", "stop_name": "ON EXECUTIVE HILLS BLVD AT TIFFANY SPRINGS PKWY NB", "route_count": 1, "frequent": false}, "geometry": {"type": "Point", "coordinates": [-94.667927, 39.274996]}}, {"type": "Feature", "properties": {"stop_id": "229181", "stop_name": "ON N AMBASSADOR AT 10383 N AMBASSADOR DRIVE NB", "route_count": 1, "frequent": false}, "geometry": {"type": "Point", "coordinates": [-94.670116, 39.28027]}}, {"type": "Feature", "properties": {"stop_id": "24319", "stop_name": "ON AMBASSADOR AT POMONA NB", "route_count": 1, "frequent": false}, "geometry": {"type": "Point", "coordinates": [-94.671934, 39.282949]}}, {"type": "Feature", "properties": {"stop_id": "24321", "stop_name": "ON AMBASSADOR AT 106TH NB", "route_count": 1, "frequent": false}, "geometry": {"type": "Point", "coordinates": [-94.675352, 39.28514]}}, {"type": "Feature", "properties": {"stop_id": "290142", "stop_name": "ON AMBASSADOR DR AT 107TH TERR NORTHBOUND", "route_count": 1, "frequent": false}, "geometry": {"type": "Point", "coordinates": [-94.676764, 39.287048]}}, {"type": "Feature", "properties": {"stop_id": "290143", "stop_name": "ON AMBASSADOR DR AT 10771 AMBASSADOR NORTHBOUND", "route_count": 1, "frequent": false}, "geometry": {"type": "Point", "coordinates": [-94.678236, 39.288896]}}, {"type": "Feature", "properties": {"stop_id": "290144", "stop_name": "ON AMBASSADOR DR AT 110TH ST NORTHBOUND FARSIDE", "route_count": 1, "frequent": false}, "geometry": {"type": "Point", "coordinates": [-94.679762, 39.290914]}}, {"type": "Feature", "properties": {"stop_id": "290145", "stop_name": "ON AMBASSDR AT 111TH NORTHBOUND", "route_count": 1, "frequent": false}, "geometry": {"type": "Point", "coordinates": [-94.681468, 39.293142]}}, {"type": "Feature", "properties": {"stop_id": "129151", "stop_name": "ON AMBASSADOR AT 112TH NORTHBOUND NEARSIDE", "route_count": 1, "frequent": false}, "geometry": {"type": "Point", "coordinates": [-94.681645, 39.296463]}}, {"type": "Feature", "properties": {"stop_id": "2606", "stop_name": "ON AMBASSADOR AT SOUTHPLAZA CIR NB", "route_count": 1, "frequent": false}, "geometry": {"type": "Point", "coordinates": [-94.681726, 39.304727]}}, {"type": "Feature", "properties": {"stop_id": "129154", "stop_name": "ON AMBASSADOR AT PLAZA CIRCLE NB", "route_count": 1, "frequent": false}, "geometry": {"type": "Point", "coordinates": [-94.681883, 39.308695]}}, {"type": "Feature", "properties": {"stop_id": "234184", "stop_name": "ON MEXICO CITY AVE AT PARIS SOUTHBOUND", "route_count": 1, "frequent": false}, "geometry": {"type": "Point", "coordinates": [-94.718981, 39.303767]}}, {"type": "Feature", "properties": {"stop_id": "22920", "stop_name": "ON BOGOTA CIR AT BRASILLIA AVE KCI EDGEMOR", "route_count": 1, "frequent": false}, "geometry": {"type": "Point", "coordinates": [-94.7184, 39.302472]}}, {"type": "Feature", "properties": {"stop_id": "529202", "stop_name": "ON BOGOTA AT KCI SITE EASTBOUND", "route_count": 1, "frequent": false}, "geometry": {"type": "Point", "coordinates": [-94.718322, 39.302229]}}, {"type": "Feature", "properties": {"stop_id": "2460005", "stop_name": "KCI AIRPORT TERMINAL C", "route_count": 1, "frequent": false}, "geometry": {"type": "Point", "coordinates": [-94.718353, 39.29836]}}, {"type": "Feature", "properties": {"stop_id": "1699", "stop_name": "KCI AIRPORT NEW TERMINAL", "route_count": 1, "frequent": false}, "geometry": {"type": "Point", "coordinates": [-94.717878, 39.298379]}}, {"type": "Feature", "properties": {"stop_id": "234185", "stop_name": "KCI MEXICO CITY AVE C", "route_count": 1, "frequent": false}, "geometry": {"type": "Point", "coordinates": [-94.718905, 39.303533]}}, {"type": "Feature", "properties": {"stop_id": "3807", "stop_name": "ON MEXICO CITY AVE AT PARIS NB", "route_count": 1, "frequent": false}, "geometry": {"type": "Point", "coordinates": [-94.718678, 39.304192]}}, {"type": "Feature", "properties": {"stop_id": "234186", "stop_name": "KCI MEXICO CITY AVE D", "route_count": 1, "frequent": false}, "geometry": {"type": "Point", "coordinates": [-94.716211, 39.312604]}}, {"type": "Feature", "properties": {"stop_id": "2340005", "stop_name": "ON AMBASSADOR AT NORTH PLAZA CIRCLE SB", "route_count": 1, "frequent": false}, "geometry": {"type": "Point", "coordinates": [-94.682367, 39.30926]}}, {"type": "Feature", "properties": {"stop_id": "129155", "stop_name": "ON AMBASSADOR AT SOUTHPLAZA CIR SB", "route_count": 1, "frequent": false}, "geometry": {"type": "Point", "coordinates": [-94.682154, 39.305132]}}, {"type": "Feature", "properties": {"stop_id": "129001", "stop_name": "ON AMBASSADOR AT 112TH ST SOUTHBOUND FARSIDE", "route_count": 1, "frequent": false}, "geometry": {"type": "Point", "coordinates": [-94.681783, 39.296498]}}, {"type": "Feature", "properties": {"stop_id": "129002", "stop_name": "ON AMBASSADOR AT 111TH ST SB", "route_count": 1, "frequent": false}, "geometry": {"type": "Point", "coordinates": [-94.681643, 39.293116]}}, {"type": "Feature", "properties": {"stop_id": "2340002", "stop_name": "ON AMBASSADOR AT 110TH ST SB", "route_count": 1, "frequent": false}, "geometry": {"type": "Point", "coordinates": [-94.679925, 39.290806]}}, {"type": "Feature", "properties": {"stop_id": "129003", "stop_name": "ON AMBASSADOR AT 10771 AMBASSADOR SB", "route_count": 1, "frequent": false}, "geometry": {"type": "Point", "coordinates": [-94.678376, 39.288824]}}, {"type": "Feature", "properties": {"stop_id": "129004", "stop_name": "ON AMBASSADOR AT 107TH TERR SB", "route_count": 1, "frequent": false}, "geometry": {"type": "Point", "coordinates": [-94.677026, 39.287129]}}, {"type": "Feature", "properties": {"stop_id": "129005", "stop_name": "ON AMBASSADOR AT 106TH ST SOUTHBOUND", "route_count": 1, "frequent": false}, "geometry": {"type": "Point", "coordinates": [-94.675345, 39.284921]}}, {"type": "Feature", "properties": {"stop_id": "129006", "stop_name": "ON AMBASSADOR AT POMONA SB", "route_count": 1, "frequent": false}, "geometry": {"type": "Point", "coordinates": [-94.672014, 39.282797]}}, {"type": "Feature", "properties": {"stop_id": "229182", "stop_name": "ON N AMBASSADOR AT 103RD SOUTHBOUND FARSIDE", "route_count": 1, "frequent": false}, "geometry": {"type": "Point", "coordinates": [-94.670539, 39.27987]}}, {"type": "Feature", "properties": {"stop_id": "129009", "stop_name": "ON EXECUTIVE HILLS BLVD AT TIFFANY SPRINGS PKWY SB", "route_count": 1, "frequent": false}, "geometry": {"type": "Point", "coordinates": [-94.668282, 39.2749]}}, {"type": "Feature", "properties": {"stop_id": "129010", "stop_name": "ON TIFFANY SPRINGS PKWY AT WORLD SPAN SB", "route_count": 1, "frequent": false}, "geometry": {"type": "Point", "coordinates": [-94.664668, 39.272761]}}, {"type": "Feature", "properties": {"stop_id": "23102", "stop_name": "ON AMBASSADOR AT POLO SOUTHBOUND NEARSIDE", "route_count": 1, "frequent": false}, "geometry": {"type": "Point", "coordinates": [-94.663992, 39.270856]}}, {"type": "Feature", "properties": {"stop_id": "129153", "stop_name": "ON N AMBASSADOR AT 9500 N AMBASSADOR SB", "route_count": 1, "frequent": false}, "geometry": {"type": "Point", "coordinates": [-94.657615, 39.26353]}}, {"type": "Feature", "properties": {"stop_id": "5546", "stop_name": "ON AMBASSADOR AT OLD TIFFANY SPRINGS SB", "route_count": 1, "frequent": false}, "geometry": {"type": "Point", "coordinates": [-94.649581, 39.261557]}}, {"type": "Feature", "properties": {"stop_id": "23108", "stop_name": "ON AMBASSADOR AT SKYVIEW SB", "route_count": 1, "frequent": false}, "geometry": {"type": "Point", "coordinates": [-94.649764, 39.252643]}}, {"type": "Feature", "properties": {"stop_id": "1292500", "stop_name": "ON BOARDWALK AT 8500 SB", "route_count": 1, "frequent": false}, "geometry": {"type": "Point", "coordinates": [-94.655268, 39.247511]}}, {"type": "Feature", "properties": {"stop_id": "129157", "stop_name": "ON PRAIRIE VIEW AT BARRY SB", "route_count": 1, "frequent": false}, "geometry": {"type": "Point", "coordinates": [-94.661763, 39.246597]}}, {"type": "Feature", "properties": {"stop_id": "243703", "stop_name": "ON PRAIRIE VIEW AT 83RD SB", "route_count": 1, "frequent": false}, "geometry": {"type": "Point", "coordinates": [-94.659016, 39.244332]}}, {"type": "Feature", "properties": {"stop_id": "290010", "stop_name": "ON PRAIRIE VIEW AT 80TH TERR SOUTHBOUND", "route_count": 1, "frequent": false}, "geometry": {"type": "Point", "coordinates": [-94.658954, 39.240273]}}, {"type": "Feature", "properties": {"stop_id": "290011", "stop_name": "ON PRAIRIE VIEW AT 77TH TERR SOUTHBOUND", "route_count": 1, "frequent": false}, "geometry": {"type": "Point", "coordinates": [-94.658966, 39.235468]}}, {"type": "Feature", "properties": {"stop_id": "2900011", "stop_name": "ON PRAIRIE VIEW AT 7520 PRAIRIE VIEW RD SB", "route_count": 1, "frequent": false}, "geometry": {"type": "Point", "coordinates": [-94.657859, 39.231708]}}, {"type": "Feature", "properties": {"stop_id": "2900509", "stop_name": "ON PRAIRIE VIEW AT 72ND SOUTHBOUND", "route_count": 1, "frequent": false}, "geometry": {"type": "Point", "coordinates": [-94.652011, 39.22491]}}, {"type": "Feature", "properties": {"stop_id": "2900510", "stop_name": "ON PRAIRIE VIEW AT 70TH SOUTHBOUND", "route_count": 1, "frequent": false}, "geometry": {"type": "Point", "coordinates": [-94.649788, 39.22234]}}, {"type": "Feature", "properties": {"stop_id": "290015", "stop_name": "ON PRAIRIE VIEW AT KLAMM SOUTHBOUND", "route_count": 1, "frequent": false}, "geometry": {"type": "Point", "coordinates": [-94.645575, 39.21765]}}, {"type": "Feature", "properties": {"stop_id": "1292502", "stop_name": "ON N CHANTHAM AT 6450 N CHATHAM SOUTHBOUND", "route_count": 1, "frequent": false}, "geometry": {"type": "Point", "coordinates": [-94.643279, 39.212129]}}, {"type": "Feature", "properties": {"stop_id": "290016", "stop_name": "ON PRAIRIE VIEW AT 64TH SOUTHBOUND", "route_count": 1, "frequent": false}, "geometry": {"type": "Point", "coordinates": [-94.640167, 39.210433]}}, {"type": "Feature", "properties": {"stop_id": "290018", "stop_name": "ON PRAIRIE VIEW AT 61ST SOUTHBOUND", "route_count": 1, "frequent": false}, "geometry": {"type": "Point", "coordinates": [-94.63446, 39.205289]}}, {"type": "Feature", "properties": {"stop_id": "2900012", "stop_name": "ON PRAIRIE VIEW AT NORTHWOOD SB", "route_count": 1, "frequent": false}, "geometry": {"type": "Point", "coordinates": [-94.631148, 39.202847]}}, {"type": "Feature", "properties": {"stop_id": "2482", "stop_name": "ON PRAIRIE VIEW AT AMORET SB", "route_count": 1, "frequent": false}, "geometry": {"type": "Point", "coordinates": [-94.627759, 39.200549]}}, {"type": "Feature", "properties": {"stop_id": "2900515", "stop_name": "ON PRAIRIE VIEW AT 56TH SOUTHBOUND", "route_count": 1, "frequent": false}, "geometry": {"type": "Point", "coordinates": [-94.62121, 39.196108]}}, {"type": "Feature", "properties": {"stop_id": "1010133", "stop_name": "ON BROADWAY AT 8TH SOUTHBOUND", "route_count": 1, "frequent": false}, "geometry": {"type": "Point", "coordinates": [-94.588277, 39.104747]}}, {"type": "Feature", "properties": {"stop_id": "7100128", "stop_name": "ON TRUMAN AT CAMPBELL EASTBOUND", "route_count": 1, "frequent": false}, "geometry": {"type": "Point", "coordinates": [-94.572926, 39.09543]}}, {"type": "Feature", "properties": {"stop_id": "711202", "stop_name": "ON TRUMAN RD AT TROOST EASTBOUND FARSIDE", "route_count": 2, "frequent": false}, "geometry": {"type": "Point", "coordinates": [-94.569905, 39.095317]}}, {"type": "Feature", "properties": {"stop_id": "7100131", "stop_name": "ON TRUMAN AT LYDIA EASTBOUND", "route_count": 2, "frequent": false}, "geometry": {"type": "Point", "coordinates": [-94.565956, 39.095169]}}, {"type": "Feature", "properties": {"stop_id": "711501", "stop_name": "ON TRUMAN AT WOODLAND EASTBOUND FARSIDE", "route_count": 2, "frequent": false}, "geometry": {"type": "Point", "coordinates": [-94.560756, 39.094982]}}, {"type": "Feature", "properties": {"stop_id": "7100136", "stop_name": "ON TRUMAN AT BROOKLYN EASTBOUND", "route_count": 2, "frequent": false}, "geometry": {"type": "Point", "coordinates": [-94.556403, 39.094838]}}, {"type": "Feature", "properties": {"stop_id": "122302", "stop_name": "ON TRUMAN AT PROSPECT EASTBOUND FS", "route_count": 1, "frequent": false}, "geometry": {"type": "Point", "coordinates": [-94.551429, 39.094676]}}, {"type": "Feature", "properties": {"stop_id": "1200144", "stop_name": "ON TRUMAN AT CHESTNUT EB", "route_count": 1, "frequent": false}, "geometry": {"type": "Point", "coordinates": [-94.549588, 39.094608]}}, {"type": "Feature", "properties": {"stop_id": "1200145", "stop_name": "ON TRUMAN AT BENTON BLVD EASTBOUND", "route_count": 1, "frequent": false}, "geometry": {"type": "Point", "coordinates": [-94.544788, 39.094413]}}, {"type": "Feature", "properties": {"stop_id": "1080216", "stop_name": "ON TRUMAN AT INDIANA EASTBOUND FARSIDE", "route_count": 1, "frequent": false}, "geometry": {"type": "Point", "coordinates": [-94.542252, 39.094348]}}, {"type": "Feature", "properties": {"stop_id": "2401074", "stop_name": "ON TRUMAN AT CLEVELAND EASTBOUND FARSIDE", "route_count": 1, "frequent": false}, "geometry": {"type": "Point", "coordinates": [-94.537577, 39.094091]}}, {"type": "Feature", "properties": {"stop_id": "1200150", "stop_name": "ON TRUMAN AT JACKSON EASTBOUND", "route_count": 1, "frequent": false}, "geometry": {"type": "Point", "coordinates": [-94.53336, 39.093984]}}, {"type": "Feature", "properties": {"stop_id": "2080", "stop_name": "ON 23RD AT JACKSON EASTBOUND FARSIDE", "route_count": 1, "frequent": false}, "geometry": {"type": "Point", "coordinates": [-94.533516, 39.083651]}}, {"type": "Feature", "properties": {"stop_id": "1230115", "stop_name": "ON 23RD AT CYPRESS EASTBOUND", "route_count": 1, "frequent": false}, "geometry": {"type": "Point", "coordinates": [-94.530699, 39.083574]}}, {"type": "Feature", "properties": {"stop_id": "1230117", "stop_name": "ON 23RD AT LAWN EASTBOUND", "route_count": 1, "frequent": false}, "geometry": {"type": "Point", "coordinates": [-94.528696, 39.083509]}}, {"type": "Feature", "properties": {"stop_id": "1230119", "stop_name": "ON 23RD AT BRIGHTON EASTBOUND", "route_count": 1, "frequent": false}, "geometry": {"type": "Point", "coordinates": [-94.524656, 39.083371]}}, {"type": "Feature", "properties": {"stop_id": "1230121", "stop_name": "ON 23RD AT HARDESTY EASTBOUND", "route_count": 1, "frequent": false}, "geometry": {"type": "Point", "coordinates": [-94.520042, 39.083219]}}, {"type": "Feature", "properties": {"stop_id": "1230123", "stop_name": "ON 23RD AT TOPPING EASTBOUND", "route_count": 1, "frequent": false}, "geometry": {"type": "Point", "coordinates": [-94.515399, 39.083064]}}, {"type": "Feature", "properties": {"stop_id": "1232505", "stop_name": "COURTESY STOP ON WHEELING AT PARK TOWER NB", "route_count": 1, "frequent": false}, "geometry": {"type": "Point", "coordinates": [-94.512121, 39.084696]}}, {"type": "Feature", "properties": {"stop_id": "1230124", "stop_name": "ON PARK TOWER DR AT LAYOVER SB", "route_count": 1, "frequent": false}, "geometry": {"type": "Point", "coordinates": [-94.512072, 39.086763]}}, {"type": "Feature", "properties": {"stop_id": "1230002", "stop_name": "ON PARK TOWER DR AT WHEELING EASTBOUND", "route_count": 1, "frequent": false}, "geometry": {"type": "Point", "coordinates": [-94.51222, 39.084823]}}, {"type": "Feature", "properties": {"stop_id": "1230003", "stop_name": "ON 23RD AT TOPPING WESTBOUND", "route_count": 1, "frequent": false}, "geometry": {"type": "Point", "coordinates": [-94.515211, 39.083181]}}, {"type": "Feature", "properties": {"stop_id": "1230005", "stop_name": "ON 23RD AT HARDESTY WESTBOUND", "route_count": 1, "frequent": false}, "geometry": {"type": "Point", "coordinates": [-94.519803, 39.083333]}}, {"type": "Feature", "properties": {"stop_id": "1230007", "stop_name": "ON 23RD AT BRIGHTON WESTBOUND", "route_count": 1, "frequent": false}, "geometry": {"type": "Point", "coordinates": [-94.524418, 39.083482]}}, {"type": "Feature", "properties": {"stop_id": "1230009", "stop_name": "ON 23RD AT LAWN WESTBOUND", "route_count": 1, "frequent": false}, "geometry": {"type": "Point", "coordinates": [-94.52842, 39.083614]}}, {"type": "Feature", "properties": {"stop_id": "1230011", "stop_name": "ON 23RD AT CYPRESS WESTBOUND", "route_count": 1, "frequent": false}, "geometry": {"type": "Point", "coordinates": [-94.530543, 39.083671]}}, {"type": "Feature", "properties": {"stop_id": "1230013", "stop_name": "ON 23RD AT JACKSON WESTBOUND", "route_count": 1, "frequent": false}, "geometry": {"type": "Point", "coordinates": [-94.533637, 39.083771]}}, {"type": "Feature", "properties": {"stop_id": "1200018", "stop_name": "ON TRUMAN AT CLEVELAND WESTBOUND", "route_count": 1, "frequent": false}, "geometry": {"type": "Point", "coordinates": [-94.537943, 39.0943]}}, {"type": "Feature", "properties": {"stop_id": "8366", "stop_name": "ON TRUMAN AT INDIANA WESTBOUND", "route_count": 1, "frequent": false}, "geometry": {"type": "Point", "coordinates": [-94.542092, 39.094524]}}, {"type": "Feature", "properties": {"stop_id": "15007", "stop_name": "ON TRUMAN RD AT BENTON WB", "route_count": 1, "frequent": false}, "geometry": {"type": "Point", "coordinates": [-94.544575, 39.094519]}}, {"type": "Feature", "properties": {"stop_id": "1200021", "stop_name": "ON TRUMAN AT CHESTNUT WB", "route_count": 1, "frequent": false}, "geometry": {"type": "Point", "coordinates": [-94.54934, 39.094705]}}, {"type": "Feature", "properties": {"stop_id": "2401052", "stop_name": "ON TRUMAN AT PROSPECT WESTBOUND FARSIDE", "route_count": 2, "frequent": false}, "geometry": {"type": "Point", "coordinates": [-94.55176, 39.094795]}}, {"type": "Feature", "properties": {"stop_id": "7100075", "stop_name": "ON TRUMAN AT BROOKLYN WESTBOUND FARSIDE", "route_count": 2, "frequent": false}, "geometry": {"type": "Point", "coordinates": [-94.556331, 39.094949]}}, {"type": "Feature", "properties": {"stop_id": "7100077", "stop_name": "ON TRUMAN AT WOODLAND WESTBOUND FARSIDE", "route_count": 2, "frequent": false}, "geometry": {"type": "Point", "coordinates": [-94.561061, 39.095101]}}, {"type": "Feature", "properties": {"stop_id": "7100080", "stop_name": "ON TRUMAN AT LYDIA WESTBOUND", "route_count": 2, "frequent": false}, "geometry": {"type": "Point", "coordinates": [-94.565718, 39.095267]}}, {"type": "Feature", "properties": {"stop_id": "7100082", "stop_name": "ON TRUMAN AT TROOST WESTBOUND NEARSIDE", "route_count": 1, "frequent": false}, "geometry": {"type": "Point", "coordinates": [-94.569963, 39.095427]}}, {"type": "Feature", "properties": {"stop_id": "7100084", "stop_name": "ON TRUMAN AT CHARLOTTE WESTBOUND FARSIDE", "route_count": 1, "frequent": false}, "geometry": {"type": "Point", "coordinates": [-94.5744, 39.095635]}}, {"type": "Feature", "properties": {"stop_id": "15161", "stop_name": "ON HOLMES AT 13TH NORTHBOUND NEARSIDE", "route_count": 1, "frequent": false}, "geometry": {"type": "Point", "coordinates": [-94.575056, 39.098224]}}, {"type": "Feature", "properties": {"stop_id": "38151", "stop_name": "ON 10TH AVE AT BURLINGTON EASTBOUND", "route_count": 1, "frequent": false}, "geometry": {"type": "Point", "coordinates": [-94.57973, 39.12687]}}, {"type": "Feature", "properties": {"stop_id": "1350066", "stop_name": "ON SWIFT AT E 10TH AVE NORTHBOUND", "route_count": 1, "frequent": false}, "geometry": {"type": "Point", "coordinates": [-94.577397, 39.127162]}}, {"type": "Feature", "properties": {"stop_id": "1350067", "stop_name": "ON SWIFT AT E 12TH AVE NORTHBOUND", "route_count": 1, "frequent": false}, "geometry": {"type": "Point", "coordinates": [-94.577355, 39.130648]}}, {"type": "Feature", "properties": {"stop_id": "1350068", "stop_name": "ON SWIFT AT E 13TH AVE NORTHBOUND", "route_count": 1, "frequent": false}, "geometry": {"type": "Point", "coordinates": [-94.577354, 39.132255]}}, {"type": "Feature", "properties": {"stop_id": "1350069", "stop_name": "ON SWIFT AT E 14TH AVE NORTHBOUND", "route_count": 1, "frequent": false}, "geometry": {"type": "Point", "coordinates": [-94.577323, 39.134565]}}, {"type": "Feature", "properties": {"stop_id": "3800114", "stop_name": "ON SWIFT AT E 16TH AVE NORTHBOUND", "route_count": 1, "frequent": false}, "geometry": {"type": "Point", "coordinates": [-94.57729, 39.137716]}}, {"type": "Feature", "properties": {"stop_id": "3800115", "stop_name": "ON SWIFT AT E 18TH AVE NORTHBOUND", "route_count": 1, "frequent": false}, "geometry": {"type": "Point", "coordinates": [-94.577236, 39.140143]}}, {"type": "Feature", "properties": {"stop_id": "3800116", "stop_name": "ON SWIFT AT ARMOUR NORTHBOUND NEARSIDE", "route_count": 1, "frequent": false}, "geometry": {"type": "Point", "coordinates": [-94.577194, 39.141875]}}, {"type": "Feature", "properties": {"stop_id": "1350073", "stop_name": "ON ARMOUR AT ERIE EASTBOUND NEARSIDE", "route_count": 1, "frequent": false}, "geometry": {"type": "Point", "coordinates": [-94.576153, 39.142111]}}, {"type": "Feature", "properties": {"stop_id": "1350072", "stop_name": "ON ARMOUR AT GENTRY EASTBOUND NEARSIDE", "route_count": 1, "frequent": false}, "geometry": {"type": "Point", "coordinates": [-94.57385, 39.142522]}}, {"type": "Feature", "properties": {"stop_id": "1350075", "stop_name": "ON ARMOUR AT IRON EASTBOUND NEARSIDE", "route_count": 1, "frequent": false}, "geometry": {"type": "Point", "coordinates": [-94.571662, 39.142901]}}, {"type": "Feature", "properties": {"stop_id": "2440032", "stop_name": "ON ARMOUR AT KNOX EASTBOUND", "route_count": 1, "frequent": false}, "geometry": {"type": "Point", "coordinates": [-94.569298, 39.143316]}}, {"type": "Feature", "properties": {"stop_id": "1350077", "stop_name": "ON ARMOUR AT OZARK EASTBOUND", "route_count": 1, "frequent": false}, "geometry": {"type": "Point", "coordinates": [-94.565049, 39.144075]}}, {"type": "Feature", "properties": {"stop_id": "173100", "stop_name": "ON ARMOUR AT VERNON EASTBOUND", "route_count": 1, "frequent": false}, "geometry": {"type": "Point", "coordinates": [-94.55795, 39.145256]}}, {"type": "Feature", "properties": {"stop_id": "1210704", "stop_name": "North Kansas City Hospital", "route_count": 1, "frequent": false}, "geometry": {"type": "Point", "coordinates": [-94.550095, 39.149103]}}, {"type": "Feature", "properties": {"stop_id": "1210702", "stop_name": "ON CLAY EDWARDS AT NORTH KANSAS CITY HOSPITAL", "route_count": 1, "frequent": false}, "geometry": {"type": "Point", "coordinates": [-94.550198, 39.150915]}}, {"type": "Feature", "properties": {"stop_id": "8396", "stop_name": "ON CLAY EDWARDS DR AT 2700 SB", "route_count": 1, "frequent": false}, "geometry": {"type": "Point", "coordinates": [-94.552572, 39.149173]}}, {"type": "Feature", "properties": {"stop_id": "1330114", "stop_name": "ON VERNON AT 26TH NORTHBOUND", "route_count": 1, "frequent": false}, "geometry": {"type": "Point", "coordinates": [-94.555692, 39.148455]}}, {"type": "Feature", "properties": {"stop_id": "1330115", "stop_name": "ON VERNON AT MOHAWK NORTHBOUND", "route_count": 1, "frequent": false}, "geometry": {"type": "Point", "coordinates": [-94.55588, 39.152338]}}, {"type": "Feature", "properties": {"stop_id": "1330117", "stop_name": "ON PRATHER AT 34TH TERR NORTHBOUND", "route_count": 1, "frequent": false}, "geometry": {"type": "Point", "coordinates": [-94.555688, 39.157577]}}, {"type": "Feature", "properties": {"stop_id": "1330118", "stop_name": "ON PRATHER AT ROCKCREEK PKWY NORTHBOUND", "route_count": 1, "frequent": false}, "geometry": {"type": "Point", "coordinates": [-94.555379, 39.159063]}}, {"type": "Feature", "properties": {"stop_id": "1330119", "stop_name": "ON PRATHER AT 37TH TERR NORTHBOUND", "route_count": 1, "frequent": false}, "geometry": {"type": "Point", "coordinates": [-94.55462, 39.162376]}}, {"type": "Feature", "properties": {"stop_id": "1330121", "stop_name": "ON PRATHER AT 39TH NORTHBOUND", "route_count": 1, "frequent": false}, "geometry": {"type": "Point", "coordinates": [-94.554185, 39.164452]}}, {"type": "Feature", "properties": {"stop_id": "6438", "stop_name": "ON PARVIN AT PRATHER WB", "route_count": 1, "frequent": false}, "geometry": {"type": "Point", "coordinates": [-94.553361, 39.167696]}}, {"type": "Feature", "properties": {"stop_id": "1478", "stop_name": "ON PARVIN AT RUSSELL WB", "route_count": 1, "frequent": false}, "geometry": {"type": "Point", "coordinates": [-94.556538, 39.16695]}}, {"type": "Feature", "properties": {"stop_id": "1462", "stop_name": "ON DAVIDSON AT PARVIN NB", "route_count": 1, "frequent": false}, "geometry": {"type": "Point", "coordinates": [-94.562068, 39.167868]}}, {"type": "Feature", "properties": {"stop_id": "7631", "stop_name": "ON DAVIDSON AT 42ND TER NB", "route_count": 1, "frequent": false}, "geometry": {"type": "Point", "coordinates": [-94.560227, 39.171976]}}, {"type": "Feature", "properties": {"stop_id": "3800043", "stop_name": "ON N DAVIDSON AT NE 46TH ST NB NS", "route_count": 1, "frequent": false}, "geometry": {"type": "Point", "coordinates": [-94.558789, 39.175207]}}, {"type": "Feature", "properties": {"stop_id": "382300", "stop_name": "ON N HIGHLAND AT 4761 N HIGHLAND NORTHBOUND", "route_count": 1, "frequent": false}, "geometry": {"type": "Point", "coordinates": [-94.559284, 39.179901]}}, {"type": "Feature", "properties": {"stop_id": "3800139", "stop_name": "ON HIGHLAND AT NE VIVION NORTHBOUND", "route_count": 1, "frequent": false}, "geometry": {"type": "Point", "coordinates": [-94.558963, 39.180847]}}, {"type": "Feature", "properties": {"stop_id": "1330007", "stop_name": "ON VIVION AT GARFIELD/GADDY EASTBOUND", "route_count": 1, "frequent": false}, "geometry": {"type": "Point", "coordinates": [-94.554639, 39.182272]}}, {"type": "Feature", "properties": {"stop_id": "1330010", "stop_name": "ON VIVION AT OLIVE EASTBOUND", "route_count": 1, "frequent": false}, "geometry": {"type": "Point", "coordinates": [-94.550783, 39.18482]}}, {"type": "Feature", "properties": {"stop_id": "233171", "stop_name": "ANTIOCH CENTER PARK & RIDE WESTBOUND LANE", "route_count": 1, "frequent": false}, "geometry": {"type": "Point", "coordinates": [-94.548745, 39.188005]}}, {"type": "Feature", "properties": {"stop_id": "2360028", "stop_name": "ON ANTIOCH AT 53RD NORTHBOUND", "route_count": 1, "frequent": false}, "geometry": {"type": "Point", "coordinates": [-94.548671, 39.190305]}}, {"type": "Feature", "properties": {"stop_id": "38152", "stop_name": "ON ANTIOCH AT ENGLEWOOD NB", "route_count": 1, "frequent": false}, "geometry": {"type": "Point", "coordinates": [-94.548505, 39.195209]}}, {"type": "Feature", "properties": {"stop_id": "2360037", "stop_name": "ON 83RD AT N PROSPECT HUMAN SERVICES NORTHBOUND", "route_count": 1, "frequent": false}, "geometry": {"type": "Point", "coordinates": [-94.542017, 39.244213]}}, {"type": "Feature", "properties": {"stop_id": "2360035", "stop_name": "AT MAPLE WOODS COMMUNITY COLLEGE EB", "route_count": 1, "frequent": false}, "geometry": {"type": "Point", "coordinates": [-94.548641, 39.246828]}}, {"type": "Feature", "properties": {"stop_id": "6346", "stop_name": "ON N ANTIOCH AT ENGLEWOOD SB", "route_count": 1, "frequent": false}, "geometry": {"type": "Point", "coordinates": [-94.548766, 39.19557]}}, {"type": "Feature", "properties": {"stop_id": "1330134", "stop_name": "ON VIVION AT OLIVE WESTBOUND", "route_count": 1, "frequent": false}, "geometry": {"type": "Point", "coordinates": [-94.551018, 39.184917]}}, {"type": "Feature", "properties": {"stop_id": "1330137", "stop_name": "ON VIVION AT GARFIELD WESTBOUND", "route_count": 1, "frequent": false}, "geometry": {"type": "Point", "coordinates": [-94.554828, 39.182373]}}, {"type": "Feature", "properties": {"stop_id": "1330138", "stop_name": "ON VIVION AT 2000 NE VIVION WB", "route_count": 1, "frequent": false}, "geometry": {"type": "Point", "coordinates": [-94.557593, 39.181277]}}, {"type": "Feature", "properties": {"stop_id": "3800041", "stop_name": "ON N HIGHLAND AT KNOLLWOOD APTS SOUTHBOUND", "route_count": 1, "frequent": false}, "geometry": {"type": "Point", "coordinates": [-94.559466, 39.179939]}}, {"type": "Feature", "properties": {"stop_id": "3800042", "stop_name": "ON N HIGHLAND AT N. 46TH ST SOUTHBOUND", "route_count": 1, "frequent": false}, "geometry": {"type": "Point", "coordinates": [-94.558872, 39.175407]}}, {"type": "Feature", "properties": {"stop_id": "8669", "stop_name": "ON DAVIDSON AT 42ND TER SB", "route_count": 1, "frequent": false}, "geometry": {"type": "Point", "coordinates": [-94.560513, 39.17214]}}, {"type": "Feature", "properties": {"stop_id": "8449", "stop_name": "ON DAVIDSON AT PARVIN SB", "route_count": 1, "frequent": false}, "geometry": {"type": "Point", "coordinates": [-94.562096, 39.168046]}}, {"type": "Feature", "properties": {"stop_id": "9647", "stop_name": "ON PARVIN AT RUSSELL EB", "route_count": 1, "frequent": false}, "geometry": {"type": "Point", "coordinates": [-94.556375, 39.166892]}}, {"type": "Feature", "properties": {"stop_id": "9936", "stop_name": "ON PARVIN AT PRATHER EB", "route_count": 1, "frequent": false}, "geometry": {"type": "Point", "coordinates": [-94.553476, 39.167617]}}, {"type": "Feature", "properties": {"stop_id": "1330023", "stop_name": "ON PRATHER AT 39TH SB", "route_count": 1, "frequent": false}, "geometry": {"type": "Point", "coordinates": [-94.554372, 39.164484]}}, {"type": "Feature", "properties": {"stop_id": "1330026", "stop_name": "ON PRATHER AT 37TH SOUTHBOUND", "route_count": 1, "frequent": false}, "geometry": {"type": "Point", "coordinates": [-94.555071, 39.161235]}}, {"type": "Feature", "properties": {"stop_id": "1330027", "stop_name": "ON PRATHER AT GARFIELD SOUTHBOUND", "route_count": 1, "frequent": false}, "geometry": {"type": "Point", "coordinates": [-94.555413, 39.159594]}}, {"type": "Feature", "properties": {"stop_id": "1330028", "stop_name": "ON PRATHER AT CHIPPWEA SOUTHBOUND", "route_count": 1, "frequent": false}, "geometry": {"type": "Point", "coordinates": [-94.556125, 39.156362]}}, {"type": "Feature", "properties": {"stop_id": "1330030", "stop_name": "ON VERNON AT MOHAWK SOUTHBOUND", "route_count": 1, "frequent": false}, "geometry": {"type": "Point", "coordinates": [-94.556016, 39.152086]}}, {"type": "Feature", "properties": {"stop_id": "4782", "stop_name": "ON CLAY EDWARDS DR AT 2700 NB", "route_count": 1, "frequent": false}, "geometry": {"type": "Point", "coordinates": [-94.55242, 39.149468]}}, {"type": "Feature", "properties": {"stop_id": "1210703", "stop_name": "North Kansas City Hospital", "route_count": 1, "frequent": false}, "geometry": {"type": "Point", "coordinates": [-94.550164, 39.149275]}}, {"type": "Feature", "properties": {"stop_id": "1350035", "stop_name": "ON ARMOUR RD BETWEEN VERNON AND TANEY WB", "route_count": 1, "frequent": false}, "geometry": {"type": "Point", "coordinates": [-94.557689, 39.145583]}}, {"type": "Feature", "properties": {"stop_id": "1350036", "stop_name": "ON ARMOUR RD AT OZARK  WESTBOUND", "route_count": 1, "frequent": false}, "geometry": {"type": "Point", "coordinates": [-94.565202, 39.14417]}}, {"type": "Feature", "properties": {"stop_id": "1320028", "stop_name": "ON ARMOUR AT KNOX WESTBOUND NEARSIDE", "route_count": 1, "frequent": false}, "geometry": {"type": "Point", "coordinates": [-94.569048, 39.143491]}}, {"type": "Feature", "properties": {"stop_id": "2440035", "stop_name": "ON ARMOUR AT IRON WESTBOUND NEARSIDE", "route_count": 1, "frequent": false}, "geometry": {"type": "Point", "coordinates": [-94.571307, 39.143082]}}, {"type": "Feature", "properties": {"stop_id": "1320034", "stop_name": "ON ARMOUR AT GENTRY WESTBOUND FARSIDE", "route_count": 1, "frequent": false}, "geometry": {"type": "Point", "coordinates": [-94.573922, 39.142633]}}, {"type": "Feature", "properties": {"stop_id": "1320036", "stop_name": "ON ARMOUR AT ERIE WESTBOUND NEARSIDE", "route_count": 1, "frequent": false}, "geometry": {"type": "Point", "coordinates": [-94.575904, 39.142285]}}, {"type": "Feature", "properties": {"stop_id": "1330049", "stop_name": "ON SWIFT BETWEEN ARMOUR AND 19TH SB", "route_count": 1, "frequent": false}, "geometry": {"type": "Point", "coordinates": [-94.577357, 39.141335]}}, {"type": "Feature", "properties": {"stop_id": "1330063", "stop_name": "ON SWIFT AT 18TH SOUTHBOUND EASTBOUND", "route_count": 1, "frequent": false}, "geometry": {"type": "Point", "coordinates": [-94.577379, 39.140038]}}, {"type": "Feature", "properties": {"stop_id": "1330064", "stop_name": "ON SWIFT AT 16TH SOUTHBOUND", "route_count": 1, "frequent": false}, "geometry": {"type": "Point", "coordinates": [-94.577432, 39.137633]}}, {"type": "Feature", "properties": {"stop_id": "1330065", "stop_name": "ON SWIFT AT 14TH NS SB", "route_count": 1, "frequent": false}, "geometry": {"type": "Point", "coordinates": [-94.577478, 39.134295]}}, {"type": "Feature", "properties": {"stop_id": "1350040", "stop_name": "ON SWIFT AT E 13TH AVE SOUTHBOUND", "route_count": 1, "frequent": false}, "geometry": {"type": "Point", "coordinates": [-94.577462, 39.132445]}}, {"type": "Feature", "properties": {"stop_id": "1350041", "stop_name": "ON SWIFT AT E 12TH AVE SOUTHBOUND", "route_count": 1, "frequent": false}, "geometry": {"type": "Point", "coordinates": [-94.577516, 39.130589]}}, {"type": "Feature", "properties": {"stop_id": "1350042", "stop_name": "ON SWIFT AT E 10TH AVE SOUTHBOUND", "route_count": 1, "frequent": false}, "geometry": {"type": "Point", "coordinates": [-94.577484, 39.127033]}}, {"type": "Feature", "properties": {"stop_id": "1332503", "stop_name": "ON 10TH AT CLAY WB", "route_count": 1, "frequent": false}, "geometry": {"type": "Point", "coordinates": [-94.578606, 39.126967]}}, {"type": "Feature", "properties": {"stop_id": "1685", "stop_name": "r233 Null of Bridge SB", "route_count": 1, "frequent": false}, "geometry": {"type": "Point", "coordinates": [-94.580305, 39.123268]}}, {"type": "Feature", "properties": {"stop_id": "201", "stop_name": "EAST VILLAGE - BAY A", "route_count": 1, "frequent": false}, "geometry": {"type": "Point", "coordinates": [-94.573445, 39.099456]}}, {"type": "Feature", "properties": {"stop_id": "7100092", "stop_name": "ON GRAND AT 11TH NORTHBOUND", "route_count": 3, "frequent": false}, "geometry": {"type": "Point", "coordinates": [-94.580755, 39.101281]}}, {"type": "Feature", "properties": {"stop_id": "3000064", "stop_name": "ON 8TH BETWEEN GRAND AND MCGEE EB", "route_count": 1, "frequent": false}, "geometry": {"type": "Point", "coordinates": [-94.580519, 39.104376]}}, {"type": "Feature", "properties": {"stop_id": "24151", "stop_name": "ON 8TH BETWEEN MCGEE AND OAK EASTBOUND MIDBLOCK", "route_count": 1, "frequent": false}, "geometry": {"type": "Point", "coordinates": [-94.578927, 39.104308]}}, {"type": "Feature", "properties": {"stop_id": "2400099", "stop_name": "ON ADMIRAL AT CHERRY EASTBOUND", "route_count": 1, "frequent": false}, "geometry": {"type": "Point", "coordinates": [-94.575869, 39.105096]}}, {"type": "Feature", "properties": {"stop_id": "2400100", "stop_name": "ON CHARLOTTE AT 6TH NORTHBOUND", "route_count": 1, "frequent": false}, "geometry": {"type": "Point", "coordinates": [-94.573571, 39.105861]}}, {"type": "Feature", "properties": {"stop_id": "2400102", "stop_name": "ON INDEPENDENCE AVE AT CAMPBELL EASTBOUND", "route_count": 1, "frequent": false}, "geometry": {"type": "Point", "coordinates": [-94.572164, 39.107039]}}, {"type": "Feature", "properties": {"stop_id": "2400104", "stop_name": "ON INDEPENDENCE AVE AT FOREST EASTBOUND", "route_count": 1, "frequent": false}, "geometry": {"type": "Point", "coordinates": [-94.568045, 39.106884]}}, {"type": "Feature", "properties": {"stop_id": "2400105", "stop_name": "ON INDEPENDENCE AVE AT VIRGINIA EASTBOUND", "route_count": 1, "frequent": false}, "geometry": {"type": "Point", "coordinates": [-94.566059, 39.106828]}}, {"type": "Feature", "properties": {"stop_id": "2400106", "stop_name": "ON INDEPENDENCE AVE AT PASEO EASTBOUND FARSIDE", "route_count": 1, "frequent": false}, "geometry": {"type": "Point", "coordinates": [-94.563269, 39.106692]}}, {"type": "Feature", "properties": {"stop_id": "2400110", "stop_name": "ON INDEPENDENCE AVE AT GARFIELD EASTBOUND", "route_count": 1, "frequent": false}, "geometry": {"type": "Point", "coordinates": [-94.557306, 39.10649]}}, {"type": "Feature", "properties": {"stop_id": "2400112", "stop_name": "ON INDEPENDENCE AVE AT OLIVE EASTBOUND", "route_count": 1, "frequent": false}, "geometry": {"type": "Point", "coordinates": [-94.553833, 39.10637]}}, {"type": "Feature", "properties": {"stop_id": "2400113", "stop_name": "ON INDEPENDENCE  AT PROSPECT EASTBOUND FARSIDE", "route_count": 1, "frequent": false}, "geometry": {"type": "Point", "coordinates": [-94.550646, 39.106223]}}, {"type": "Feature", "properties": {"stop_id": "2400114", "stop_name": "ON INDEPENDENCE AVE AT CHESTNUT TFWY EASTBOUND", "route_count": 1, "frequent": false}, "geometry": {"type": "Point", "coordinates": [-94.548401, 39.106179]}}, {"type": "Feature", "properties": {"stop_id": "2400116", "stop_name": "ON INDEPENDENCE AVE AT BENTON EASTBOUND", "route_count": 1, "frequent": false}, "geometry": {"type": "Point", "coordinates": [-94.544609, 39.106069]}}, {"type": "Feature", "properties": {"stop_id": "2400119", "stop_name": "ON INDEPENDENCE AVE AT MONROE EASTBOUND", "route_count": 1, "frequent": false}, "geometry": {"type": "Point", "coordinates": [-94.538849, 39.105861]}}, {"type": "Feature", "properties": {"stop_id": "2400121", "stop_name": "ON INDEPENDENCE AVE AT NORTON EASTBOUND", "route_count": 1, "frequent": false}, "geometry": {"type": "Point", "coordinates": [-94.534303, 39.105677]}}, {"type": "Feature", "properties": {"stop_id": "2400124", "stop_name": "ON INDEPENDENCE AVE AT CYPRESS EASTBOUND", "route_count": 1, "frequent": false}, "geometry": {"type": "Point", "coordinates": [-94.529651, 39.105532]}}, {"type": "Feature", "properties": {"stop_id": "2400126", "stop_name": "ON INDEPENDENCE AVE AT VAN BRUNT EASTBOUND", "route_count": 1, "frequent": false}, "geometry": {"type": "Point", "coordinates": [-94.52624, 39.105405]}}, {"type": "Feature", "properties": {"stop_id": "2400132", "stop_name": "ON INDEPENDENCE AVE AT WILSON EASTBOUND", "route_count": 1, "frequent": false}, "geometry": {"type": "Point", "coordinates": [-94.513129, 39.104955]}}, {"type": "Feature", "properties": {"stop_id": "2400133", "stop_name": "ON INDEPENDENCE AVE AT WHITE EASTBOUND", "route_count": 1, "frequent": false}, "geometry": {"type": "Point", "coordinates": [-94.511271, 39.10488]}}, {"type": "Feature", "properties": {"stop_id": "2400137", "stop_name": "ON INDEPENDENCE  AT WINNER RD EASTBOUND", "route_count": 1, "frequent": false}, "geometry": {"type": "Point", "coordinates": [-94.508243, 39.10477]}}, {"type": "Feature", "properties": {"stop_id": "2400139", "stop_name": "ON INDEPENDENCE AVE AT EWING EASTBOUND", "route_count": 1, "frequent": false}, "geometry": {"type": "Point", "coordinates": [-94.50285, 39.104577]}}, {"type": "Feature", "properties": {"stop_id": "2400140", "stop_name": "ON 24 HWY AT MANCHESTER EASTBOUND", "route_count": 1, "frequent": false}, "geometry": {"type": "Point", "coordinates": [-94.491595, 39.10548]}}, {"type": "Feature", "properties": {"stop_id": "2400142", "stop_name": "ON 24 HWY AT WALLACE EASTBOUND", "route_count": 1, "frequent": false}, "geometry": {"type": "Point", "coordinates": [-94.483313, 39.106839]}}, {"type": "Feature", "properties": {"stop_id": "2400143", "stop_name": "ON 24 HWY AT BLUE RIDGE EASTBOUND", "route_count": 1, "frequent": false}, "geometry": {"type": "Point", "coordinates": [-94.479936, 39.107551]}}, {"type": "Feature", "properties": {"stop_id": "2400144", "stop_name": "ON 24 HWY AT KENTUCKY EASTBOUND", "route_count": 1, "frequent": false}, "geometry": {"type": "Point", "coordinates": [-94.474613, 39.107469]}}, {"type": "Feature", "properties": {"stop_id": "2400145", "stop_name": "ON 24 HWY AT BROOKSIDE EASTBOUND", "route_count": 1, "frequent": false}, "geometry": {"type": "Point", "coordinates": [-94.468561, 39.102966]}}, {"type": "Feature", "properties": {"stop_id": "2400001", "stop_name": "ON WINNER AT 9TH EASTBOUND", "route_count": 1, "frequent": false}, "geometry": {"type": "Point", "coordinates": [-94.466048, 39.09957]}}, {"type": "Feature", "properties": {"stop_id": "2400149", "stop_name": "ON WINNER AT TRUMAN SOUTHBOUND", "route_count": 1, "frequent": false}, "geometry": {"type": "Point", "coordinates": [-94.464456, 39.095386]}}, {"type": "Feature", "properties": {"stop_id": "2400150", "stop_name": "ON WINNER AT ARLINGTON SOUTHBOUND", "route_count": 1, "frequent": false}, "geometry": {"type": "Point", "coordinates": [-94.464001, 39.093196]}}, {"type": "Feature", "properties": {"stop_id": "2400151", "stop_name": "ON WINNER AT 16TH SOUTHBOUND", "route_count": 1, "frequent": false}, "geometry": {"type": "Point", "coordinates": [-94.462491, 39.091045]}}, {"type": "Feature", "properties": {"stop_id": "1930063", "stop_name": "ON WINNER AT ASH EB", "route_count": 1, "frequent": false}, "geometry": {"type": "Point", "coordinates": [-94.456485, 39.089789]}}, {"type": "Feature", "properties": {"stop_id": "2920016", "stop_name": "ON WINNER RD AT RALSTON EB", "route_count": 1, "frequent": false}, "geometry": {"type": "Point", "coordinates": [-94.453002, 39.088879]}}, {"type": "Feature", "properties": {"stop_id": "2920007", "stop_name": "ON WINNER RD AT HARVARD EASTBOUND", "route_count": 1, "frequent": false}, "geometry": {"type": "Point", "coordinates": [-94.44756, 39.087575]}}, {"type": "Feature", "properties": {"stop_id": "2400160", "stop_name": "ON WINNER AT CLAREMONT EASTBOUND", "route_count": 1, "frequent": false}, "geometry": {"type": "Point", "coordinates": [-94.443872, 39.087086]}}, {"type": "Feature", "properties": {"stop_id": "2401089", "stop_name": "ON WINNER AT SCOTT EASTBOUND", "route_count": 1, "frequent": false}, "geometry": {"type": "Point", "coordinates": [-94.438969, 39.086513]}}, {"type": "Feature", "properties": {"stop_id": "1930075", "stop_name": "ON LEXINGTON AT CRYSLER EASTBOUND", "route_count": 1, "frequent": false}, "geometry": {"type": "Point", "coordinates": [-94.432845, 39.087067]}}, {"type": "Feature", "properties": {"stop_id": "2401093", "stop_name": "ON LEXINGTON AT ELM NORTHBOUND", "route_count": 1, "frequent": false}, "geometry": {"type": "Point", "coordinates": [-94.431306, 39.088546]}}, {"type": "Feature", "properties": {"stop_id": "1930078", "stop_name": "ON LEXINGTON AT WALNUT EASTBOUND", "route_count": 1, "frequent": false}, "geometry": {"type": "Point", "coordinates": [-94.429878, 39.090377]}}, {"type": "Feature", "properties": {"stop_id": "1930079", "stop_name": "ON LEXINGTON AT RIVER EASTBOUND", "route_count": 1, "frequent": false}, "geometry": {"type": "Point", "coordinates": [-94.427456, 39.091558]}}, {"type": "Feature", "properties": {"stop_id": "2401097", "stop_name": "ON LEXINGTON AT UNION EASTBOUND", "route_count": 1, "frequent": false}, "geometry": {"type": "Point", "coordinates": [-94.425229, 39.092289]}}, {"type": "Feature", "properties": {"stop_id": "2401098", "stop_name": "ON LEXINGTON AT PLEASANT EASTBOUND", "route_count": 1, "frequent": false}, "geometry": {"type": "Point", "coordinates": [-94.421427, 39.092241]}}, {"type": "Feature", "properties": {"stop_id": "24155", "stop_name": "ON WHITE OAK AT OSAGE EB", "route_count": 1, "frequent": false}, "geometry": {"type": "Point", "coordinates": [-94.418536, 39.094525]}}, {"type": "Feature", "properties": {"stop_id": "153", "stop_name": "INDEPENDENCE METROCENTER EASTSIDE", "route_count": 1, "frequent": false}, "geometry": {"type": "Point", "coordinates": [-94.413179, 39.094124]}}, {"type": "Feature", "properties": {"stop_id": "1930022", "stop_name": "ON TRUMAN AT MAIN WESTBOUND", "route_count": 1, "frequent": false}, "geometry": {"type": "Point", "coordinates": [-94.415508, 39.093803]}}, {"type": "Feature", "properties": {"stop_id": "2402014", "stop_name": "ON TRUMAN AT OSAGE WB", "route_count": 1, "frequent": false}, "geometry": {"type": "Point", "coordinates": [-94.418313, 39.093912]}}, {"type": "Feature", "properties": {"stop_id": "1930026", "stop_name": "ON LEXINGTON AT PLEASANT WESTBOUND FARSIDE", "route_count": 1, "frequent": false}, "geometry": {"type": "Point", "coordinates": [-94.421485, 39.092332]}}, {"type": "Feature", "properties": {"stop_id": "1910011", "stop_name": "ON LEXINGTON AT UNION WESTBOUND", "route_count": 1, "frequent": false}, "geometry": {"type": "Point", "coordinates": [-94.424951, 39.092413]}}, {"type": "Feature", "properties": {"stop_id": "2401024", "stop_name": "ON LEXINGTON AT RIVER WESTBOUND", "route_count": 1, "frequent": false}, "geometry": {"type": "Point", "coordinates": [-94.427209, 39.091771]}}, {"type": "Feature", "properties": {"stop_id": "1930029", "stop_name": "ON LEXINGTON AT WALNUT WESTBOUND", "route_count": 1, "frequent": false}, "geometry": {"type": "Point", "coordinates": [-94.429692, 39.090635]}}, {"type": "Feature", "properties": {"stop_id": "1930031", "stop_name": "ON LEXINGTON AT ELM WESTBOUND", "route_count": 1, "frequent": false}, "geometry": {"type": "Point", "coordinates": [-94.431786, 39.088001]}}, {"type": "Feature", "properties": {"stop_id": "1930032", "stop_name": "ON LEXINGTON AT FULLER WESTBOUND", "route_count": 1, "frequent": false}, "geometry": {"type": "Point", "coordinates": [-94.433373, 39.087]}}, {"type": "Feature", "properties": {"stop_id": "1930035", "stop_name": "ON LEXINGTON AT SCOTT WESTBOUND", "route_count": 1, "frequent": false}, "geometry": {"type": "Point", "coordinates": [-94.438721, 39.086741]}}, {"type": "Feature", "properties": {"stop_id": "2401034", "stop_name": "ON WINNER RD  AT CLAREMONT WESTBOUND", "route_count": 1, "frequent": false}, "geometry": {"type": "Point", "coordinates": [-94.443903, 39.087378]}}, {"type": "Feature", "properties": {"stop_id": "2920005", "stop_name": "ON WINNER RD AT HARVARD WESTBOUND", "route_count": 1, "frequent": false}, "geometry": {"type": "Point", "coordinates": [-94.446967, 39.087807]}}, {"type": "Feature", "properties": {"stop_id": "1930042", "stop_name": "ON WINNER RD  AT NORTHERN WESTBOUND", "route_count": 1, "frequent": false}, "geometry": {"type": "Point", "coordinates": [-94.450871, 39.087932]}}, {"type": "Feature", "properties": {"stop_id": "240005", "stop_name": "ON WINNER AT RALSTON WB", "route_count": 1, "frequent": false}, "geometry": {"type": "Point", "coordinates": [-94.45296, 39.089007]}}, {"type": "Feature", "properties": {"stop_id": "1930045", "stop_name": "ON WINNER AT ASH WESTBOUND", "route_count": 1, "frequent": false}, "geometry": {"type": "Point", "coordinates": [-94.456621, 39.089896]}}, {"type": "Feature", "properties": {"stop_id": "2401044", "stop_name": "ON WINNER AT 16TH NORTHBOUND", "route_count": 1, "frequent": false}, "geometry": {"type": "Point", "coordinates": [-94.462001, 39.09061]}}, {"type": "Feature", "properties": {"stop_id": "2403", "stop_name": "ON WINNER RD AT ARLINGTON NB", "route_count": 1, "frequent": false}, "geometry": {"type": "Point", "coordinates": [-94.463968, 39.093363]}}, {"type": "Feature", "properties": {"stop_id": "2400026", "stop_name": "ON WINNER AT TRUMAN NORTHBOUND", "route_count": 1, "frequent": false}, "geometry": {"type": "Point", "coordinates": [-94.464316, 39.095492]}}, {"type": "Feature", "properties": {"stop_id": "1930052", "stop_name": "ON WINNER AT 9TH NORTHBOUND", "route_count": 1, "frequent": false}, "geometry": {"type": "Point", "coordinates": [-94.465729, 39.099362]}}, {"type": "Feature", "properties": {"stop_id": "2400029", "stop_name": "ON 24 HWY AT BROOKSIDE WESTBOUND", "route_count": 1, "frequent": false}, "geometry": {"type": "Point", "coordinates": [-94.469048, 39.10353]}}, {"type": "Feature", "properties": {"stop_id": "2400031", "stop_name": "ON 24 HWY AT KENTUCKY WESTBOUND", "route_count": 1, "frequent": false}, "geometry": {"type": "Point", "coordinates": [-94.474669, 39.107704]}}, {"type": "Feature", "properties": {"stop_id": "2400007", "stop_name": "ON 24 HWY AT BLUE RIDGE WB", "route_count": 1, "frequent": false}, "geometry": {"type": "Point", "coordinates": [-94.479497, 39.107859]}}, {"type": "Feature", "properties": {"stop_id": "2400033", "stop_name": "ON 24 HWY AT WALLACE WESTBOUND", "route_count": 1, "frequent": false}, "geometry": {"type": "Point", "coordinates": [-94.483085, 39.107025]}}, {"type": "Feature", "properties": {"stop_id": "2400037", "stop_name": "ON 24 HWY AT MANCHESTER WESTBOUND", "route_count": 1, "frequent": false}, "geometry": {"type": "Point", "coordinates": [-94.491983, 39.105435]}}, {"type": "Feature", "properties": {"stop_id": "2400038", "stop_name": "ON INDEPENDENCE AVE AT EWING WESTBOUND", "route_count": 1, "frequent": false}, "geometry": {"type": "Point", "coordinates": [-94.503004, 39.104675]}}, {"type": "Feature", "properties": {"stop_id": "2400041", "stop_name": "ON INDEPENDENCE AVE AT WINNER WESTBOUND", "route_count": 1, "frequent": false}, "geometry": {"type": "Point", "coordinates": [-94.508075, 39.104846]}}, {"type": "Feature", "properties": {"stop_id": "2400042", "stop_name": "ON INDEPENDENCE AVE AT WHITE WESTBOUND", "route_count": 1, "frequent": false}, "geometry": {"type": "Point", "coordinates": [-94.5111, 39.104967]}}, {"type": "Feature", "properties": {"stop_id": "2400049", "stop_name": "ON INDEPENDENCE AVE AT VAN BRUNT WESTBOUND", "route_count": 1, "frequent": false}, "geometry": {"type": "Point", "coordinates": [-94.525984, 39.10551]}}, {"type": "Feature", "properties": {"stop_id": "2400051", "stop_name": "ON INDEPENDENCE AVE AT CYPRESS WESTBOUND", "route_count": 1, "frequent": false}, "geometry": {"type": "Point", "coordinates": [-94.529435, 39.105619]}}, {"type": "Feature", "properties": {"stop_id": "2400054", "stop_name": "ON INDEPENDENCE AVE AT NORTON WESTBOUND", "route_count": 1, "frequent": false}, "geometry": {"type": "Point", "coordinates": [-94.534075, 39.105785]}}, {"type": "Feature", "properties": {"stop_id": "2400056", "stop_name": "ON INDEPENDENCE AVE AT MONROE WESTBOUND", "route_count": 1, "frequent": false}, "geometry": {"type": "Point", "coordinates": [-94.53756, 39.105897]}}, {"type": "Feature", "properties": {"stop_id": "2400058", "stop_name": "ON INDEPENDENCE AVE AT INDIANA WESTBOUND", "route_count": 1, "frequent": false}, "geometry": {"type": "Point", "coordinates": [-94.542412, 39.106069]}}, {"type": "Feature", "properties": {"stop_id": "2400059", "stop_name": "ON INDEPENDENCE AVE AT BENTON WESTBOUND", "route_count": 1, "frequent": false}, "geometry": {"type": "Point", "coordinates": [-94.544378, 39.106169]}}, {"type": "Feature", "properties": {"stop_id": "2400061", "stop_name": "ON INDEPENDENCE AVE AT CHESTNUT WESTBOUND", "route_count": 1, "frequent": false}, "geometry": {"type": "Point", "coordinates": [-94.548069, 39.10626]}}, {"type": "Feature", "properties": {"stop_id": "2400062", "stop_name": "ON INDEPENDENCE AT PROSPECT WESTBOUND", "route_count": 1, "frequent": false}, "geometry": {"type": "Point", "coordinates": [-94.550714, 39.106346]}}, {"type": "Feature", "properties": {"stop_id": "2400063", "stop_name": "ON INDEPENDENCE AVE AT OLIVE WESTBOUND", "route_count": 1, "frequent": false}, "geometry": {"type": "Point", "coordinates": [-94.553618, 39.106454]}}, {"type": "Feature", "properties": {"stop_id": "2400065", "stop_name": "ON INDEPENDENCE AVE AT GARFIELD WESTBOUND", "route_count": 1, "frequent": false}, "geometry": {"type": "Point", "coordinates": [-94.557021, 39.106588]}}, {"type": "Feature", "properties": {"stop_id": "2400067", "stop_name": "ON INDEPENDENCE  AT WOODLAND WB", "route_count": 1, "frequent": false}, "geometry": {"type": "Point", "coordinates": [-94.559981, 39.10669]}}, {"type": "Feature", "properties": {"stop_id": "2400069", "stop_name": "ON INDEPENDENCE AVE AT PASEO WESTBOUND", "route_count": 1, "frequent": false}, "geometry": {"type": "Point", "coordinates": [-94.563323, 39.106813]}}, {"type": "Feature", "properties": {"stop_id": "2400070", "stop_name": "ON INDEPENDENCE AVE AT VIRGINIA WESTBOUND", "route_count": 1, "frequent": false}, "geometry": {"type": "Point", "coordinates": [-94.565804, 39.106909]}}, {"type": "Feature", "properties": {"stop_id": "2400071", "stop_name": "ON INDEPENDENCE AVE AT FOREST WESTBOUND", "route_count": 1, "frequent": false}, "geometry": {"type": "Point", "coordinates": [-94.568111, 39.10698]}}, {"type": "Feature", "properties": {"stop_id": "2400073", "stop_name": "ON INDEPENDENCE AVE AT CAMPBELL WESTBOUND", "route_count": 1, "frequent": false}, "geometry": {"type": "Point", "coordinates": [-94.572218, 39.107145]}}, {"type": "Feature", "properties": {"stop_id": "2400075", "stop_name": "ON CHARLOTTE AT ADMIRAL SOUTHBOUND", "route_count": 1, "frequent": false}, "geometry": {"type": "Point", "coordinates": [-94.57373, 39.105348]}}, {"type": "Feature", "properties": {"stop_id": "2400077", "stop_name": "ON ADMIRAL AT CHERRY WESTBOUND", "route_count": 1, "frequent": false}, "geometry": {"type": "Point", "coordinates": [-94.575951, 39.105201]}}, {"type": "Feature", "properties": {"stop_id": "2400078", "stop_name": "ON ADMIRAL AT SUPERIOR WESTBOUND", "route_count": 1, "frequent": false}, "geometry": {"type": "Point", "coordinates": [-94.578624, 39.105378]}}, {"type": "Feature", "properties": {"stop_id": "25102", "stop_name": "ON FOREST AT PRESIDENT AVE SOUTHBOUND", "route_count": 1, "frequent": false}, "geometry": {"type": "Point", "coordinates": [-94.575715, 38.978047]}}, {"type": "Feature", "properties": {"stop_id": "25155", "stop_name": "ON TROOST AT 73RD NORTHBOUND", "route_count": 1, "frequent": false}, "geometry": {"type": "Point", "coordinates": [-94.575429, 38.995126]}}, {"type": "Feature", "properties": {"stop_id": "25158", "stop_name": "ON TROOST AT 69TH NB", "route_count": 1, "frequent": false}, "geometry": {"type": "Point", "coordinates": [-94.57505, 39.002256]}}, {"type": "Feature", "properties": {"stop_id": "25165", "stop_name": "ON TROOST AT 65TH NORTHBOUND", "route_count": 1, "frequent": false}, "geometry": {"type": "Point", "coordinates": [-94.574677, 39.009537]}}, {"type": "Feature", "properties": {"stop_id": "25166", "stop_name": "ON TROOST AT MEYER NORTHBOUND", "route_count": 1, "frequent": false}, "geometry": {"type": "Point", "coordinates": [-94.574576, 39.011606]}}, {"type": "Feature", "properties": {"stop_id": "25169", "stop_name": "ON TROOST AT 61ST NORTHBOUND", "route_count": 1, "frequent": false}, "geometry": {"type": "Point", "coordinates": [-94.57432, 39.016483]}}, {"type": "Feature", "properties": {"stop_id": "25173", "stop_name": "ON TROOST AT 57TH NORTHBOUND", "route_count": 1, "frequent": false}, "geometry": {"type": "Point", "coordinates": [-94.573967, 39.023463]}}, {"type": "Feature", "properties": {"stop_id": "25179", "stop_name": "ON TROOST AT 51ST NORTHBOUND", "route_count": 1, "frequent": false}, "geometry": {"type": "Point", "coordinates": [-94.573272, 39.034319]}}, {"type": "Feature", "properties": {"stop_id": "25181", "stop_name": "ON TROOST AT VOLKER/49TH NORTHBOUND", "route_count": 1, "frequent": false}, "geometry": {"type": "Point", "coordinates": [-94.573071, 39.037417]}}, {"type": "Feature", "properties": {"stop_id": "25171", "stop_name": "ON TROOST AT 48TH ST / UMKC NORTHBOUND", "route_count": 1, "frequent": false}, "geometry": {"type": "Point", "coordinates": [-94.572968, 39.040429]}}, {"type": "Feature", "properties": {"stop_id": "25185", "stop_name": "ON TROOST AT BRUSH CREEK NORTHBOUND", "route_count": 1, "frequent": false}, "geometry": {"type": "Point", "coordinates": [-94.572805, 39.043473]}}, {"type": "Feature", "properties": {"stop_id": "25186", "stop_name": "ON TROOST AT 45TH NORTHBOUND", "route_count": 1, "frequent": false}, "geometry": {"type": "Point", "coordinates": [-94.572723, 39.045176]}}, {"type": "Feature", "properties": {"stop_id": "25190", "stop_name": "ON TROOST AT 41ST NORTHBOUND", "route_count": 1, "frequent": false}, "geometry": {"type": "Point", "coordinates": [-94.572269, 39.052419]}}, {"type": "Feature", "properties": {"stop_id": "25194", "stop_name": "ON TROOST AT 37TH  NORTHBOUND", "route_count": 1, "frequent": false}, "geometry": {"type": "Point", "coordinates": [-94.57188, 39.059552]}}, {"type": "Feature", "properties": {"stop_id": "25202", "stop_name": "ON TROOST AT 29TH NORTHBOUND", "route_count": 1, "frequent": false}, "geometry": {"type": "Point", "coordinates": [-94.571081, 39.074027]}}, {"type": "Feature", "properties": {"stop_id": "25325", "stop_name": "ON TROOST AT 25TH NB", "route_count": 1, "frequent": false}, "geometry": {"type": "Point", "coordinates": [-94.570736, 39.081282]}}, {"type": "Feature", "properties": {"stop_id": "25324", "stop_name": "ON TROOST AT 24TH NB", "route_count": 1, "frequent": false}, "geometry": {"type": "Point", "coordinates": [-94.570638, 39.082796]}}, {"type": "Feature", "properties": {"stop_id": "250028", "stop_name": "ON TROOST AT 24TH ST SB", "route_count": 1, "frequent": false}, "geometry": {"type": "Point", "coordinates": [-94.570792, 39.0828]}}, {"type": "Feature", "properties": {"stop_id": "250029", "stop_name": "ON TROOST AT 25TH ST SB", "route_count": 1, "frequent": false}, "geometry": {"type": "Point", "coordinates": [-94.570822, 39.081468]}}, {"type": "Feature", "properties": {"stop_id": "25022", "stop_name": "ON TROOST AT 29TH SOUTHBOUND", "route_count": 1, "frequent": false}, "geometry": {"type": "Point", "coordinates": [-94.571197, 39.07427]}}, {"type": "Feature", "properties": {"stop_id": "25030", "stop_name": "ON TROOST AT 37TH SOUTHBOUND", "route_count": 1, "frequent": false}, "geometry": {"type": "Point", "coordinates": [-94.571953, 39.059779]}}, {"type": "Feature", "properties": {"stop_id": "25034", "stop_name": "ON TROOST AT 41ST SOUTHBOUND", "route_count": 1, "frequent": false}, "geometry": {"type": "Point", "coordinates": [-94.572374, 39.052648]}}, {"type": "Feature", "properties": {"stop_id": "25183", "stop_name": "ON TROOST AT 45TH STREET SOUTHBOUND FARSIDE", "route_count": 1, "frequent": false}, "geometry": {"type": "Point", "coordinates": [-94.572824, 39.045171]}}, {"type": "Feature", "properties": {"stop_id": "25039", "stop_name": "ON TROOST AT BRUSH CREEK SOUTHBOUND", "route_count": 1, "frequent": false}, "geometry": {"type": "Point", "coordinates": [-94.572893, 39.043709]}}, {"type": "Feature", "properties": {"stop_id": "252307", "stop_name": "ON TROOST AT 48TH / UMKC SOUTHBOUND", "route_count": 1, "frequent": false}, "geometry": {"type": "Point", "coordinates": [-94.57309, 39.040357]}}, {"type": "Feature", "properties": {"stop_id": "25172", "stop_name": "ON TROOST AT VOLKER SOUTHBOUND", "route_count": 1, "frequent": false}, "geometry": {"type": "Point", "coordinates": [-94.57321, 39.037404]}}, {"type": "Feature", "properties": {"stop_id": "25044", "stop_name": "ON TROOST AT 52ND/ROCKHURST SOUTHBOUND", "route_count": 1, "frequent": false}, "geometry": {"type": "Point", "coordinates": [-94.573515, 39.032841]}}, {"type": "Feature", "properties": {"stop_id": "25049", "stop_name": "ON TROOST AT 57TH SOUTHBOUND", "route_count": 1, "frequent": false}, "geometry": {"type": "Point", "coordinates": [-94.574043, 39.023704]}}, {"type": "Feature", "properties": {"stop_id": "25053", "stop_name": "ON TROOST AT 61ST SOUTHBOUND", "route_count": 1, "frequent": false}, "geometry": {"type": "Point", "coordinates": [-94.574434, 39.016731]}}, {"type": "Feature", "properties": {"stop_id": "25056", "stop_name": "ON TROOST AT MEYER SOUTHBOUND", "route_count": 1, "frequent": false}, "geometry": {"type": "Point", "coordinates": [-94.574757, 39.011611]}}, {"type": "Feature", "properties": {"stop_id": "25057", "stop_name": "ON TROOST AT 65TH SOUTHBOUND", "route_count": 1, "frequent": false}, "geometry": {"type": "Point", "coordinates": [-94.5748, 39.009799]}}, {"type": "Feature", "properties": {"stop_id": "25062", "stop_name": "ON TROOST AT 6900 SOUTHBOUND", "route_count": 1, "frequent": false}, "geometry": {"type": "Point", "coordinates": [-94.575223, 39.001516]}}, {"type": "Feature", "properties": {"stop_id": "25067", "stop_name": "ON TROOST AT 73RD SOUTHBOUND", "route_count": 1, "frequent": false}, "geometry": {"type": "Point", "coordinates": [-94.575535, 38.995335]}}, {"type": "Feature", "properties": {"stop_id": "2700021", "stop_name": "ON 27TH AT COLORADO WB", "route_count": 1, "frequent": false}, "geometry": {"type": "Point", "coordinates": [-94.521947, 39.076185]}}, {"type": "Feature", "properties": {"stop_id": "27168", "stop_name": "ON 27TH AT QUINCY WESTBOUND NEARSIDE", "route_count": 1, "frequent": false}, "geometry": {"type": "Point", "coordinates": [-94.523615, 39.076227]}}, {"type": "Feature", "properties": {"stop_id": "2700024", "stop_name": "ON 27TH AT POPLAR WESTBOUND NEARSIDE", "route_count": 1, "frequent": false}, "geometry": {"type": "Point", "coordinates": [-94.525752, 39.0763]}}, {"type": "Feature", "properties": {"stop_id": "2700026", "stop_name": "ON 27TH AT LISTER WESTBOUND", "route_count": 1, "frequent": false}, "geometry": {"type": "Point", "coordinates": [-94.528192, 39.07635]}}, {"type": "Feature", "properties": {"stop_id": "2700027", "stop_name": "ON 27TH AT ELMWOOD WESTBOUND", "route_count": 1, "frequent": false}, "geometry": {"type": "Point", "coordinates": [-94.529424, 39.076386]}}, {"type": "Feature", "properties": {"stop_id": "2700028", "stop_name": "ON 27TH AT KENSINGTON WESTBOUND", "route_count": 1, "frequent": false}, "geometry": {"type": "Point", "coordinates": [-94.531892, 39.07646]}}, {"type": "Feature", "properties": {"stop_id": "2700030", "stop_name": "ON 27TH AT JACKSON WESTBOUND", "route_count": 1, "frequent": false}, "geometry": {"type": "Point", "coordinates": [-94.533992, 39.076542]}}, {"type": "Feature", "properties": {"stop_id": "2700032", "stop_name": "ON 27TH AT CLEVELAND WESTBOUND", "route_count": 1, "frequent": false}, "geometry": {"type": "Point", "coordinates": [-94.538547, 39.076678]}}, {"type": "Feature", "properties": {"stop_id": "2700034", "stop_name": "ON 27TH AT ASKEW WESTBOUND", "route_count": 1, "frequent": false}, "geometry": {"type": "Point", "coordinates": [-94.54089, 39.076775]}}, {"type": "Feature", "properties": {"stop_id": "2700036", "stop_name": "ON 27TH AT INDIANA WESTBOUND", "route_count": 1, "frequent": false}, "geometry": {"type": "Point", "coordinates": [-94.543102, 39.076811]}}, {"type": "Feature", "properties": {"stop_id": "2700037", "stop_name": "ON 27TH BETWEEN WALROND WESTBOUND NEARSIDE", "route_count": 1, "frequent": false}, "geometry": {"type": "Point", "coordinates": [-94.545835, 39.076921]}}, {"type": "Feature", "properties": {"stop_id": "272500", "stop_name": "ON 27TH AT BENTON WESTBOUND", "route_count": 1, "frequent": false}, "geometry": {"type": "Point", "coordinates": [-94.549195, 39.077047]}}, {"type": "Feature", "properties": {"stop_id": "2700040", "stop_name": "ON 27TH AT PROSPECT WESTBOUND", "route_count": 1, "frequent": false}, "geometry": {"type": "Point", "coordinates": [-94.552338, 39.077149]}}, {"type": "Feature", "properties": {"stop_id": "2700041", "stop_name": "ON 27TH AT OLIVE WESTBOUND", "route_count": 1, "frequent": false}, "geometry": {"type": "Point", "coordinates": [-94.55464, 39.077222]}}, {"type": "Feature", "properties": {"stop_id": "2700042", "stop_name": "ON 27TH AT BROOKLYN WESTBOUND", "route_count": 1, "frequent": false}, "geometry": {"type": "Point", "coordinates": [-94.556942, 39.077302]}}, {"type": "Feature", "properties": {"stop_id": "272502", "stop_name": "ON 27TH AT WOODLAND WB", "route_count": 1, "frequent": false}, "geometry": {"type": "Point", "coordinates": [-94.561602, 39.07744]}}, {"type": "Feature", "properties": {"stop_id": "272503", "stop_name": "ON 27TH ST AT 71 HWY WB", "route_count": 1, "frequent": false}, "geometry": {"type": "Point", "coordinates": [-94.562773, 39.077505]}}, {"type": "Feature", "properties": {"stop_id": "2700045", "stop_name": "ON 27TH AT PASEO WESTBOUND", "route_count": 1, "frequent": false}, "geometry": {"type": "Point", "coordinates": [-94.566056, 39.077604]}}, {"type": "Feature", "properties": {"stop_id": "271302", "stop_name": "ON 27TH ST AT WEST PASEO WESTBOUND", "route_count": 1, "frequent": false}, "geometry": {"type": "Point", "coordinates": [-94.56689, 39.077635]}}, {"type": "Feature", "properties": {"stop_id": "2700048", "stop_name": "ON 27TH AT TROOST WESTBOUND", "route_count": 1, "frequent": false}, "geometry": {"type": "Point", "coordinates": [-94.57079, 39.077783]}}, {"type": "Feature", "properties": {"stop_id": "2700051", "stop_name": "ON 27TH AT HOLMES WESTBOUND", "route_count": 1, "frequent": false}, "geometry": {"type": "Point", "coordinates": [-94.57605, 39.077977]}}, {"type": "Feature", "properties": {"stop_id": "2700054", "stop_name": "ON HOLMES AT 25TH NORTHBOUND", "route_count": 1, "frequent": false}, "geometry": {"type": "Point", "coordinates": [-94.575882, 39.081684]}}, {"type": "Feature", "properties": {"stop_id": "1231206", "stop_name": "ON 22ND ST AT HOLMES WESTBOUND FARSIDE", "route_count": 1, "frequent": false}, "geometry": {"type": "Point", "coordinates": [-94.576239, 39.086493]}}, {"type": "Feature", "properties": {"stop_id": "6900015", "stop_name": "ON MCGEE AT PERSHING SOUTHBOUND", "route_count": 1, "frequent": false}, "geometry": {"type": "Point", "coordinates": [-94.580556, 39.084217]}}, {"type": "Feature", "properties": {"stop_id": "272505", "stop_name": "ON PERSHING BETWEEN MCGEE & GRAND WB", "route_count": 1, "frequent": false}, "geometry": {"type": "Point", "coordinates": [-94.581516, 39.084235]}}, {"type": "Feature", "properties": {"stop_id": "272701", "stop_name": "ON PERSHING AT MAIN WESTBOUND FS", "route_count": 1, "frequent": false}, "geometry": {"type": "Point", "coordinates": [-94.584371, 39.084123]}}, {"type": "Feature", "properties": {"stop_id": "512308", "stop_name": "ON PERSHING AT BROADWAY WESTBOUND NEARSIDE", "route_count": 2, "frequent": false}, "geometry": {"type": "Point", "coordinates": [-94.588509, 39.083467]}}, {"type": "Feature", "properties": {"stop_id": "512401", "stop_name": "ON WEST PENNWAY AT 25TH SOUTHBOUND", "route_count": 1, "frequent": false}, "geometry": {"type": "Point", "coordinates": [-94.591715, 39.082361]}}, {"type": "Feature", "properties": {"stop_id": "511301", "stop_name": "ON 25TH ST AT JEFFERSON WB", "route_count": 1, "frequent": false}, "geometry": {"type": "Point", "coordinates": [-94.592252, 39.082288]}}, {"type": "Feature", "properties": {"stop_id": "2220026", "stop_name": "ON 25TH AT SUMMIT WESTBOUND", "route_count": 1, "frequent": false}, "geometry": {"type": "Point", "coordinates": [-94.593789, 39.082342]}}, {"type": "Feature", "properties": {"stop_id": "1231202", "stop_name": "ON 25TH ST AT BELLEVIEW WB", "route_count": 1, "frequent": false}, "geometry": {"type": "Point", "coordinates": [-94.596145, 39.0824]}}, {"type": "Feature", "properties": {"stop_id": "5100109", "stop_name": "ON 25TH BETWEEN SUMMIT AND JEFFERSON EASTBOUND", "route_count": 1, "frequent": false}, "geometry": {"type": "Point", "coordinates": [-94.592896, 39.082209]}}, {"type": "Feature", "properties": {"stop_id": "40171", "stop_name": "ON WEST PENNWAY AT PERSHING NORTHBOUND FARSIDE", "route_count": 1, "frequent": false}, "geometry": {"type": "Point", "coordinates": [-94.591551, 39.082631]}}, {"type": "Feature", "properties": {"stop_id": "5100068", "stop_name": "ON PERSHING AT BROADWAY EASTBOUND", "route_count": 3, "frequent": false}, "geometry": {"type": "Point", "coordinates": [-94.589114, 39.083307]}}, {"type": "Feature", "properties": {"stop_id": "2700092", "stop_name": "ON PERSHING AT MAIN EB", "route_count": 2, "frequent": false}, "geometry": {"type": "Point", "coordinates": [-94.583887, 39.083933]}}, {"type": "Feature", "properties": {"stop_id": "27161", "stop_name": "ON E PERSHING AT GRAND EASTBOUND FARSIDE", "route_count": 1, "frequent": false}, "geometry": {"type": "Point", "coordinates": [-94.581449, 39.083871]}}, {"type": "Feature", "properties": {"stop_id": "2220016", "stop_name": "ON MCGEE NORTH OF PERSHING AT HYATT HOTEL NB", "route_count": 1, "frequent": false}, "geometry": {"type": "Point", "coordinates": [-94.580455, 39.084415]}}, {"type": "Feature", "properties": {"stop_id": "1231205", "stop_name": "ON 22ND ST AT HOLMES EB", "route_count": 1, "frequent": false}, "geometry": {"type": "Point", "coordinates": [-94.575874, 39.086321]}}, {"type": "Feature", "properties": {"stop_id": "2700106", "stop_name": "ON CHARLOTTE AT 25TH SOUTHBOUND", "route_count": 1, "frequent": false}, "geometry": {"type": "Point", "coordinates": [-94.574918, 39.081625]}}, {"type": "Feature", "properties": {"stop_id": "2700108", "stop_name": "ON 27TH AT CAMPBELL EB", "route_count": 1, "frequent": false}, "geometry": {"type": "Point", "coordinates": [-94.573533, 39.077766]}}, {"type": "Feature", "properties": {"stop_id": "2700110", "stop_name": "ON 27TH AT TROOST EASTBOUND", "route_count": 1, "frequent": false}, "geometry": {"type": "Point", "coordinates": [-94.571105, 39.077677]}}, {"type": "Feature", "properties": {"stop_id": "271301", "stop_name": "ON 27TH ST AT WEST PASEO EASTBOUND", "route_count": 1, "frequent": false}, "geometry": {"type": "Point", "coordinates": [-94.566897, 39.077528]}}, {"type": "Feature", "properties": {"stop_id": "2700113", "stop_name": "ON 27TH AT PASEO EASTBOUND", "route_count": 1, "frequent": false}, "geometry": {"type": "Point", "coordinates": [-94.566055, 39.077498]}}, {"type": "Feature", "properties": {"stop_id": "272506", "stop_name": "ON 27TH ST AT 71 HWY EB", "route_count": 1, "frequent": false}, "geometry": {"type": "Point", "coordinates": [-94.562775, 39.077387]}}, {"type": "Feature", "properties": {"stop_id": "272507", "stop_name": "ON 27TH AT WOODLAND EB", "route_count": 1, "frequent": false}, "geometry": {"type": "Point", "coordinates": [-94.561372, 39.077315]}}, {"type": "Feature", "properties": {"stop_id": "2700116", "stop_name": "ON 27TH AT BROOKLYN EASTBOUND", "route_count": 1, "frequent": false}, "geometry": {"type": "Point", "coordinates": [-94.557236, 39.077195]}}, {"type": "Feature", "properties": {"stop_id": "2700117", "stop_name": "ON 27TH AT OLIVE EASTBOUND", "route_count": 1, "frequent": false}, "geometry": {"type": "Point", "coordinates": [-94.554955, 39.077125]}}, {"type": "Feature", "properties": {"stop_id": "2700118", "stop_name": "ON 27TH AT PROSPECT EASTBOUND", "route_count": 1, "frequent": false}, "geometry": {"type": "Point", "coordinates": [-94.552618, 39.077047]}}, {"type": "Feature", "properties": {"stop_id": "272509", "stop_name": "ON 27TH AT BENTON EASTBOUND", "route_count": 1, "frequent": false}, "geometry": {"type": "Point", "coordinates": [-94.549134, 39.076927]}}, {"type": "Feature", "properties": {"stop_id": "2700121", "stop_name": "ON 27TH AT WALROND EASTBOUND", "route_count": 1, "frequent": false}, "geometry": {"type": "Point", "coordinates": [-94.546105, 39.076815]}}, {"type": "Feature", "properties": {"stop_id": "2700122", "stop_name": "ON 27TH AT INDIANA EASTBOUND", "route_count": 1, "frequent": false}, "geometry": {"type": "Point", "coordinates": [-94.543431, 39.076711]}}, {"type": "Feature", "properties": {"stop_id": "2700124", "stop_name": "ON 27TH AT ASKEW EASTBOUND", "route_count": 1, "frequent": false}, "geometry": {"type": "Point", "coordinates": [-94.541159, 39.076668]}}, {"type": "Feature", "properties": {"stop_id": "2700126", "stop_name": "ON 27TH AT CLEVELAND EASTBOUND", "route_count": 1, "frequent": false}, "geometry": {"type": "Point", "coordinates": [-94.538819, 39.076579]}}, {"type": "Feature", "properties": {"stop_id": "2700128", "stop_name": "ON 27TH AT JACKSON EASTBOUND", "route_count": 1, "frequent": false}, "geometry": {"type": "Point", "coordinates": [-94.53424, 39.076448]}}, {"type": "Feature", "properties": {"stop_id": "2700130", "stop_name": "ON 27TH AT KENSINGTON EASTBOUND NEARSIDE", "route_count": 1, "frequent": false}, "geometry": {"type": "Point", "coordinates": [-94.5316, 39.076356]}}, {"type": "Feature", "properties": {"stop_id": "2700131", "stop_name": "ON 27TH AT ELMWOOD EASTBOUND", "route_count": 1, "frequent": false}, "geometry": {"type": "Point", "coordinates": [-94.529612, 39.076285]}}, {"type": "Feature", "properties": {"stop_id": "2700132", "stop_name": "ON 27TH AT LISTER EASTBOUND FARSIDE", "route_count": 1, "frequent": false}, "geometry": {"type": "Point", "coordinates": [-94.528072, 39.076247]}}, {"type": "Feature", "properties": {"stop_id": "2700135", "stop_name": "ON 27TH AT POPLAR EASTBOUND NEARSIDE", "route_count": 1, "frequent": false}, "geometry": {"type": "Point", "coordinates": [-94.52596, 39.076197]}}, {"type": "Feature", "properties": {"stop_id": "27167", "stop_name": "ON 27TH AT QUINCY EASTBOUND NEARSIDE", "route_count": 1, "frequent": false}, "geometry": {"type": "Point", "coordinates": [-94.524089, 39.076141]}}, {"type": "Feature", "properties": {"stop_id": "281599", "stop_name": "THREE TRAILS TRANSIT CTR EASTBOUND LANE", "route_count": 2, "frequent": false}, "geometry": {"type": "Point", "coordinates": [-94.507364, 38.953404]}}, {"type": "Feature", "properties": {"stop_id": "282521", "stop_name": "ON BLUE RIDGE BLVD AT 9301 BLUE RIDGE NORTHBOUND", "route_count": 2, "frequent": false}, "geometry": {"type": "Point", "coordinates": [-94.506713, 38.955213]}}, {"type": "Feature", "properties": {"stop_id": "282522", "stop_name": "ON BLUE RIDGE BLVD AT CORRINGTON NORTHBOUND", "route_count": 2, "frequent": false}, "geometry": {"type": "Point", "coordinates": [-94.505222, 38.956245]}}, {"type": "Feature", "properties": {"stop_id": "282523", "stop_name": "ON BLUE RIDGE BLVD AT EASTERN NORTHBOUND", "route_count": 2, "frequent": false}, "geometry": {"type": "Point", "coordinates": [-94.503099, 38.957543]}}, {"type": "Feature", "properties": {"stop_id": "282524", "stop_name": "ON BLUE RIDGE BLVD AT OAKLAND NORTHBOUND", "route_count": 2, "frequent": false}, "geometry": {"type": "Point", "coordinates": [-94.50155, 38.957882]}}, {"type": "Feature", "properties": {"stop_id": "282525", "stop_name": "ON BLUE RIDGE BLVD AT RICHMOND NORTHBOUND", "route_count": 2, "frequent": false}, "geometry": {"type": "Point", "coordinates": [-94.500147, 38.958024]}}, {"type": "Feature", "properties": {"stop_id": "282526", "stop_name": "ON BLUE RIDGE BLVD AT 90TH TERR NB", "route_count": 2, "frequent": false}, "geometry": {"type": "Point", "coordinates": [-94.497706, 38.959497]}}, {"type": "Feature", "properties": {"stop_id": "282527", "stop_name": "ON BLUE RIDGE BLVD AT LOMA VISTA NORTHBOUND", "route_count": 2, "frequent": false}, "geometry": {"type": "Point", "coordinates": [-94.497575, 38.962208]}}, {"type": "Feature", "properties": {"stop_id": "282528", "stop_name": "ON BLUE RIDGE BLVD AT 88TH NORTHBOUND", "route_count": 2, "frequent": false}, "geometry": {"type": "Point", "coordinates": [-94.498617, 38.963965]}}, {"type": "Feature", "properties": {"stop_id": "2803012", "stop_name": "ON BLUE RIDGE BLVD AT 87TH ST NORTHBOUND FARSIDE", "route_count": 1, "frequent": false}, "geometry": {"type": "Point", "coordinates": [-94.499318, 38.966758]}}, {"type": "Feature", "properties": {"stop_id": "2800041", "stop_name": "ON BLUE RIDGE BLVD AT 86TH ST NORTHBOUND", "route_count": 1, "frequent": false}, "geometry": {"type": "Point", "coordinates": [-94.498066, 38.967839]}}, {"type": "Feature", "properties": {"stop_id": "2800042", "stop_name": "ON BLUE RIDGE BLVD AT 85TH TERRACE NORTHBOUND", "route_count": 1, "frequent": false}, "geometry": {"type": "Point", "coordinates": [-94.496284, 38.969294]}}, {"type": "Feature", "properties": {"stop_id": "2800043", "stop_name": "ON BLUE RIDGE BLVD AT 8407 BLUE RIDGE NORTHBOUND", "route_count": 1, "frequent": false}, "geometry": {"type": "Point", "coordinates": [-94.49567, 38.970677]}}, {"type": "Feature", "properties": {"stop_id": "2800044", "stop_name": "ON BLUE RIDGE BLVD AT 83RD NORTHBOUND", "route_count": 1, "frequent": false}, "geometry": {"type": "Point", "coordinates": [-94.494162, 38.97361]}}, {"type": "Feature", "properties": {"stop_id": "2800045", "stop_name": "ON BLUE RIDGE BLVD AT JAMES A REED NORTHBOUND", "route_count": 1, "frequent": false}, "geometry": {"type": "Point", "coordinates": [-94.49284, 38.974702]}}, {"type": "Feature", "properties": {"stop_id": "2800046", "stop_name": "ON BLUE RIDGE BLVD AT 81ST TERRACE  NORTHBOUND", "route_count": 1, "frequent": false}, "geometry": {"type": "Point", "coordinates": [-94.491453, 38.975915]}}, {"type": "Feature", "properties": {"stop_id": "2800047", "stop_name": "ON BLUE RIDGE BLVD AT 81ST NORTHBOUND", "route_count": 1, "frequent": false}, "geometry": {"type": "Point", "coordinates": [-94.490189, 38.977048]}}, {"type": "Feature", "properties": {"stop_id": "2800048", "stop_name": "ON BLUE RIDGE BLVD AT 80TH TERRACE NORTHBOUND", "route_count": 1, "frequent": false}, "geometry": {"type": "Point", "coordinates": [-94.488558, 38.97843]}}, {"type": "Feature", "properties": {"stop_id": "2800049", "stop_name": "ON BLUE RIDGE BLVD AT 7915 BLUE RIDGE NORTHBOUND", "route_count": 1, "frequent": false}, "geometry": {"type": "Point", "coordinates": [-94.487244, 38.979525]}}, {"type": "Feature", "properties": {"stop_id": "2800050", "stop_name": "ON BLUE RIDGE BLVD AT 79TH NORTHBOUND", "route_count": 1, "frequent": false}, "geometry": {"type": "Point", "coordinates": [-94.486003, 38.980542]}}, {"type": "Feature", "properties": {"stop_id": "2800051", "stop_name": "ON BLUE RIDGE BLVD AT 78TH TERRACE NORTHBOUND", "route_count": 1, "frequent": false}, "geometry": {"type": "Point", "coordinates": [-94.484796, 38.981637]}}, {"type": "Feature", "properties": {"stop_id": "2800052", "stop_name": "ON BLUE RIDGE BLVD AT SPRING VALLEY NORTHBOUND", "route_count": 1, "frequent": false}, "geometry": {"type": "Point", "coordinates": [-94.483113, 38.984277]}}, {"type": "Feature", "properties": {"stop_id": "2800053", "stop_name": "ON BLUE RIDGE BLVD AT 77TH  NORTHBOUND", "route_count": 1, "frequent": false}, "geometry": {"type": "Point", "coordinates": [-94.483102, 38.984475]}}, {"type": "Feature", "properties": {"stop_id": "2800054", "stop_name": "ON BLUE RIDGE BLVD AT COUNTRYSHIRE NORTHBOUND", "route_count": 1, "frequent": false}, "geometry": {"type": "Point", "coordinates": [-94.483057, 38.985498]}}, {"type": "Feature", "properties": {"stop_id": "2800055", "stop_name": "ON BLUE RIDGE BLVD AT 75TH NORTHBOUND", "route_count": 1, "frequent": false}, "geometry": {"type": "Point", "coordinates": [-94.48286, 38.98858]}}, {"type": "Feature", "properties": {"stop_id": "2800056", "stop_name": "ON BLUE RIDGE BLVD AT 74TH TERRACE NORTHBOUND", "route_count": 1, "frequent": false}, "geometry": {"type": "Point", "coordinates": [-94.482792, 38.989172]}}, {"type": "Feature", "properties": {"stop_id": "2800057", "stop_name": "ON BLUE RIDGE BLVD AT 73RD NORTHBOUND", "route_count": 1, "frequent": false}, "geometry": {"type": "Point", "coordinates": [-94.482227, 38.99132]}}, {"type": "Feature", "properties": {"stop_id": "2800058", "stop_name": "ON BLUE RIDGE BLVD AT 72ND NORTHBOUND", "route_count": 1, "frequent": false}, "geometry": {"type": "Point", "coordinates": [-94.481757, 38.992976]}}, {"type": "Feature", "properties": {"stop_id": "2800059", "stop_name": "ON BLUE RIDGE BLVD AT GREGORY BLVD NORTHBOUND", "route_count": 1, "frequent": false}, "geometry": {"type": "Point", "coordinates": [-94.482308, 38.995274]}}, {"type": "Feature", "properties": {"stop_id": "2800060", "stop_name": "ON BLUE RIDGE AT 69TH TERRACE NORTHBOUND", "route_count": 1, "frequent": false}, "geometry": {"type": "Point", "coordinates": [-94.482423, 38.997354]}}, {"type": "Feature", "properties": {"stop_id": "2800061", "stop_name": "ON BLUE RIDGE AT 69TH NORTHBOUND", "route_count": 1, "frequent": false}, "geometry": {"type": "Point", "coordinates": [-94.482246, 38.999755]}}, {"type": "Feature", "properties": {"stop_id": "6300093", "stop_name": "ON BLUE RIDGE AT 6523 BLUE RDIGE NB", "route_count": 1, "frequent": false}, "geometry": {"type": "Point", "coordinates": [-94.482087, 39.005241]}}, {"type": "Feature", "properties": {"stop_id": "6300094", "stop_name": "ON BLUE RIDGE CUT OFF AT 64TH NORTHBOUND", "route_count": 1, "frequent": false}, "geometry": {"type": "Point", "coordinates": [-94.481972, 39.007678]}}, {"type": "Feature", "properties": {"stop_id": "6300095", "stop_name": "ON BLUE RIDGE CUT OFF AT 63RD NORTHBOUND", "route_count": 1, "frequent": false}, "geometry": {"type": "Point", "coordinates": [-94.481769, 39.00943]}}, {"type": "Feature", "properties": {"stop_id": "2800066", "stop_name": "ON BLUE RIDGE CUT OFF AT 62ND TERRACE NORTHBOUND", "route_count": 1, "frequent": false}, "geometry": {"type": "Point", "coordinates": [-94.481783, 39.010843]}}, {"type": "Feature", "properties": {"stop_id": "2800067", "stop_name": "ON BLUE RIDGE CUT OFF AT 61ST NB", "route_count": 1, "frequent": false}, "geometry": {"type": "Point", "coordinates": [-94.48168, 39.012501]}}, {"type": "Feature", "properties": {"stop_id": "2800068", "stop_name": "ON BLUE RIDGE CUT OFF AT 60TH TERR NB", "route_count": 1, "frequent": false}, "geometry": {"type": "Point", "coordinates": [-94.481537, 39.014435]}}, {"type": "Feature", "properties": {"stop_id": "2800069", "stop_name": "ON BLUE RIDGE CUT OFF AT 59TH TERRACE NORTHBOUND", "route_count": 1, "frequent": false}, "geometry": {"type": "Point", "coordinates": [-94.48167, 39.015677]}}, {"type": "Feature", "properties": {"stop_id": "2800070", "stop_name": "ON BLUE RIDGE CUT OFF AT 59TH  NORTHBOUND", "route_count": 1, "frequent": false}, "geometry": {"type": "Point", "coordinates": [-94.481667, 39.016502]}}, {"type": "Feature", "properties": {"stop_id": "2800071", "stop_name": "ON BLUE RIDGE CUT OFF AT 57TH TERRACE NORTHBOUND", "route_count": 1, "frequent": false}, "geometry": {"type": "Point", "coordinates": [-94.481543, 39.019087]}}, {"type": "Feature", "properties": {"stop_id": "2800072", "stop_name": "ON BLUE RIDGE CUT OFF AT 57TH NORTHBOUND", "route_count": 1, "frequent": false}, "geometry": {"type": "Point", "coordinates": [-94.481489, 39.02003]}}, {"type": "Feature", "properties": {"stop_id": "2800073", "stop_name": "ON BLUE RIDGE CUT OFF AT 5601 NORTHBOUND", "route_count": 1, "frequent": false}, "geometry": {"type": "Point", "coordinates": [-94.481434, 39.021056]}}, {"type": "Feature", "properties": {"stop_id": "2800074", "stop_name": "ON BLUE RIDGE CUT OFF AT 55TH NORTHBOUND", "route_count": 1, "frequent": false}, "geometry": {"type": "Point", "coordinates": [-94.481296, 39.023729]}}, {"type": "Feature", "properties": {"stop_id": "2800075", "stop_name": "ON BLUE RIDGE CUT OFF AT 54TH NORTHBOUND", "route_count": 1, "frequent": false}, "geometry": {"type": "Point", "coordinates": [-94.481186, 39.025898]}}, {"type": "Feature", "properties": {"stop_id": "2800076", "stop_name": "ON BLUE RIDGE CUT OFF AT 53RD TERRACE NORTHBOUND", "route_count": 1, "frequent": false}, "geometry": {"type": "Point", "coordinates": [-94.481052, 39.027062]}}, {"type": "Feature", "properties": {"stop_id": "2800077", "stop_name": "ON BLUE RIDGE CUT OFF AT 52ND TERRACE NORTHBOUND", "route_count": 1, "frequent": false}, "geometry": {"type": "Point", "coordinates": [-94.481002, 39.02835]}}, {"type": "Feature", "properties": {"stop_id": "2800078", "stop_name": "ON BLUE RIDGE CUT OFF AT SNI-A-BAR NORTHBOUND", "route_count": 1, "frequent": false}, "geometry": {"type": "Point", "coordinates": [-94.480448, 39.03085]}}, {"type": "Feature", "properties": {"stop_id": "282514", "stop_name": "ON BLUE RIDGE CUT OFF AT 5000 NB", "route_count": 2, "frequent": false}, "geometry": {"type": "Point", "coordinates": [-94.478884, 39.033245]}}, {"type": "Feature", "properties": {"stop_id": "2800080", "stop_name": "ON BLUE RIDGE CUT OFF AT RAYTOWN RD NORTHBOUND", "route_count": 2, "frequent": false}, "geometry": {"type": "Point", "coordinates": [-94.476426, 39.036262]}}, {"type": "Feature", "properties": {"stop_id": "2800081", "stop_name": "ON 47TH AT RAYTOWN RD EASTBOUND", "route_count": 1, "frequent": false}, "geometry": {"type": "Point", "coordinates": [-94.473378, 39.034641]}}, {"type": "Feature", "properties": {"stop_id": "282509", "stop_name": "ON 47TH AT 9505 E 47TH ST EB", "route_count": 1, "frequent": false}, "geometry": {"type": "Point", "coordinates": [-94.468291, 39.036668]}}, {"type": "Feature", "properties": {"stop_id": "2800083", "stop_name": "ON 47TH AT OVERTON EB", "route_count": 1, "frequent": false}, "geometry": {"type": "Point", "coordinates": [-94.464986, 39.037535]}}, {"type": "Feature", "properties": {"stop_id": "2800084", "stop_name": "ON 47TH AT PITTMAN EASTBOUND", "route_count": 1, "frequent": false}, "geometry": {"type": "Point", "coordinates": [-94.462152, 39.037484]}}, {"type": "Feature", "properties": {"stop_id": "282703", "stop_name": "ON 47TH AT WILLOW EB", "route_count": 1, "frequent": false}, "geometry": {"type": "Point", "coordinates": [-94.45714, 39.037249]}}, {"type": "Feature", "properties": {"stop_id": "282314", "stop_name": "ON 47TH AT HEDGES EASTBOUND", "route_count": 1, "frequent": false}, "geometry": {"type": "Point", "coordinates": [-94.45387, 39.037113]}}, {"type": "Feature", "properties": {"stop_id": "2800085", "stop_name": "ON 47TH AT APPLETON EASTBOUND", "route_count": 1, "frequent": false}, "geometry": {"type": "Point", "coordinates": [-94.451114, 39.036985]}}, {"type": "Feature", "properties": {"stop_id": "2800086", "stop_name": "ON 47TH BETWEEN HARVARD AND HEINTZ EASTBOUND", "route_count": 1, "frequent": false}, "geometry": {"type": "Point", "coordinates": [-94.44935, 39.036895]}}, {"type": "Feature", "properties": {"stop_id": "2800088", "stop_name": "ON STERLING AT 47TH TERRACE SOUTHBOUND", "route_count": 1, "frequent": false}, "geometry": {"type": "Point", "coordinates": [-94.44817, 39.035914]}}, {"type": "Feature", "properties": {"stop_id": "2800089", "stop_name": "ON STERLING AT 48TH TERRACE SOUTHBOUND", "route_count": 1, "frequent": false}, "geometry": {"type": "Point", "coordinates": [-94.448283, 39.033873]}}, {"type": "Feature", "properties": {"stop_id": "2800090", "stop_name": "ON STERLING AT 49TH SOUTHBOUND", "route_count": 1, "frequent": false}, "geometry": {"type": "Point", "coordinates": [-94.448336, 39.032888]}}, {"type": "Feature", "properties": {"stop_id": "2800091", "stop_name": "ON 50TH TERRACE AT STERLING -EASTBOUND", "route_count": 1, "frequent": false}, "geometry": {"type": "Point", "coordinates": [-94.448164, 39.030778]}}, {"type": "Feature", "properties": {"stop_id": "2800092", "stop_name": "ON CRISP AT 51ST SOUTHBOUND", "route_count": 1, "frequent": false}, "geometry": {"type": "Point", "coordinates": [-94.447115, 39.029573]}}, {"type": "Feature", "properties": {"stop_id": "2800093", "stop_name": "ON 51ST AT WOODSON EASTBOUND", "route_count": 1, "frequent": false}, "geometry": {"type": "Point", "coordinates": [-94.444188, 39.02942]}}, {"type": "Feature", "properties": {"stop_id": "2800094", "stop_name": "ON BLUE RIDGE BLVD AT 51ST NORTHBOUND", "route_count": 1, "frequent": false}, "geometry": {"type": "Point", "coordinates": [-94.439429, 39.029557]}}, {"type": "Feature", "properties": {"stop_id": "2800095", "stop_name": "ON BLUE RIDGE BLVD AT 49TH NORTHBOUND", "route_count": 1, "frequent": false}, "geometry": {"type": "Point", "coordinates": [-94.438926, 39.032263]}}, {"type": "Feature", "properties": {"stop_id": "2800096", "stop_name": "ON BLUE RIDGE BLVD AT 48TH TERR NORTHBOUND", "route_count": 1, "frequent": false}, "geometry": {"type": "Point", "coordinates": [-94.438833, 39.033611]}}, {"type": "Feature", "properties": {"stop_id": "2800098", "stop_name": "ON BLUE RIDGE BLVD AT 46TH TERRACE NORTHBOUND", "route_count": 1, "frequent": false}, "geometry": {"type": "Point", "coordinates": [-94.437236, 39.037335]}}, {"type": "Feature", "properties": {"stop_id": "2800099", "stop_name": "ON BLUE RIDGE BLVD AT 44TH TERRACE NORTHBOUND", "route_count": 1, "frequent": false}, "geometry": {"type": "Point", "coordinates": [-94.436857, 39.041343]}}, {"type": "Feature", "properties": {"stop_id": "2800100", "stop_name": "ON BLUE RIDGE BLVD AT 43RD TERR NORTHBOUND", "route_count": 1, "frequent": false}, "geometry": {"type": "Point", "coordinates": [-94.43755, 39.042771]}}, {"type": "Feature", "properties": {"stop_id": "1686", "stop_name": "Null on Blue Ridge at 40", "route_count": 1, "frequent": false}, "geometry": {"type": "Point", "coordinates": [-94.438771, 39.044798]}}, {"type": "Feature", "properties": {"stop_id": "2800116", "stop_name": "ON 40 HWY AT 36TH TERR WB", "route_count": 3, "frequent": true}, "geometry": {"type": "Point", "coordinates": [-94.462665, 39.056064]}}, {"type": "Feature", "properties": {"stop_id": "2800117", "stop_name": "ON 40 HWY AT 35TH TERRACE WESTBOUND", "route_count": 3, "frequent": true}, "geometry": {"type": "Point", "coordinates": [-94.466073, 39.05744]}}, {"type": "Feature", "properties": {"stop_id": "2800118", "stop_name": "ON 40 HWY AT DENTON WESTBOUND", "route_count": 3, "frequent": true}, "geometry": {"type": "Point", "coordinates": [-94.467999, 39.058218]}}, {"type": "Feature", "properties": {"stop_id": "2800119", "stop_name": "ON 40 HWY AT BLUE RIDGE CUT OFF WESTBOUND", "route_count": 2, "frequent": true}, "geometry": {"type": "Point", "coordinates": [-94.471943, 39.059836]}}, {"type": "Feature", "properties": {"stop_id": "282327", "stop_name": "ON 40 HWY AT HUNTER AND PRITCHER WESTBOUND", "route_count": 2, "frequent": true}, "geometry": {"type": "Point", "coordinates": [-94.475262, 39.061673]}}, {"type": "Feature", "properties": {"stop_id": "282328", "stop_name": "ON 40 HWY AT STADIUM DR WESTBOUND", "route_count": 2, "frequent": true}, "geometry": {"type": "Point", "coordinates": [-94.478131, 39.062521]}}, {"type": "Feature", "properties": {"stop_id": "2800120", "stop_name": "ON 40 HWY AT BOOTH WESTBOUND", "route_count": 2, "frequent": true}, "geometry": {"type": "Point", "coordinates": [-94.483995, 39.063663]}}, {"type": "Feature", "properties": {"stop_id": "2800121", "stop_name": "ON 40 HWY AT DONNELLY WB", "route_count": 2, "frequent": true}, "geometry": {"type": "Point", "coordinates": [-94.486325, 39.063539]}}, {"type": "Feature", "properties": {"stop_id": "2800123", "stop_name": "ON 40 HWY AT 7780 E 40 HWY WESTBOUND", "route_count": 2, "frequent": true}, "geometry": {"type": "Point", "coordinates": [-94.492291, 39.064258]}}, {"type": "Feature", "properties": {"stop_id": "2800124", "stop_name": "ON 40 HWY AT 7300 E 40 HWY WESTBOUND", "route_count": 2, "frequent": true}, "geometry": {"type": "Point", "coordinates": [-94.497722, 39.067304]}}, {"type": "Feature", "properties": {"stop_id": "282325", "stop_name": "ON 40 HWY AT EWING HEART MOBILE VILLAGE WB", "route_count": 2, "frequent": true}, "geometry": {"type": "Point", "coordinates": [-94.503714, 39.07037]}}, {"type": "Feature", "properties": {"stop_id": "282330", "stop_name": "ON 40 HWY AT 6401 E 40 HWY WESTBOUND", "route_count": 2, "frequent": true}, "geometry": {"type": "Point", "coordinates": [-94.507958, 39.069794]}}, {"type": "Feature", "properties": {"stop_id": "282329", "stop_name": "ON 40 HWY AT WHITE WESTBOUND", "route_count": 2, "frequent": true}, "geometry": {"type": "Point", "coordinates": [-94.513624, 39.068203]}}, {"type": "Feature", "properties": {"stop_id": "282331", "stop_name": "ON 40 HWY AT 5601 E 40 HWY WESTBOUND", "route_count": 2, "frequent": true}, "geometry": {"type": "Point", "coordinates": [-94.517769, 39.068267]}}, {"type": "Feature", "properties": {"stop_id": "211", "stop_name": "EAST VILLAGE - BAY H", "route_count": 1, "frequent": false}, "geometry": {"type": "Point", "coordinates": [-94.573877, 39.099406]}}, {"type": "Feature", "properties": {"stop_id": "2700143", "stop_name": "ON VAN BRUNT AT 31ST SOUTHBOUND", "route_count": 2, "frequent": true}, "geometry": {"type": "Point", "coordinates": [-94.52104, 39.068981]}}, {"type": "Feature", "properties": {"stop_id": "2800239", "stop_name": "ON 40 HWY AT 5631 E 40 HWY EASTBOUND", "route_count": 2, "frequent": true}, "geometry": {"type": "Point", "coordinates": [-94.51777, 39.068182]}}, {"type": "Feature", "properties": {"stop_id": "282313", "stop_name": "ON 40 HWY AT WHITE EASTBOUND", "route_count": 2, "frequent": true}, "geometry": {"type": "Point", "coordinates": [-94.513845, 39.068075]}}, {"type": "Feature", "properties": {"stop_id": "28151", "stop_name": "ON 40HWY AT ROCK AND BRICK EB", "route_count": 2, "frequent": true}, "geometry": {"type": "Point", "coordinates": [-94.508318, 39.069521]}}, {"type": "Feature", "properties": {"stop_id": "282326", "stop_name": "ON 40 HWY AT EWING HEART MOBILE VILLAGE EB", "route_count": 2, "frequent": true}, "geometry": {"type": "Point", "coordinates": [-94.503759, 39.070247]}}, {"type": "Feature", "properties": {"stop_id": "2800240", "stop_name": "ON 40 HWY AT 7301 E 40 HWY EASTBOUND", "route_count": 2, "frequent": true}, "geometry": {"type": "Point", "coordinates": [-94.497187, 39.06687]}}, {"type": "Feature", "properties": {"stop_id": "282324", "stop_name": "ON 40 HWY AT 7801 EB", "route_count": 2, "frequent": true}, "geometry": {"type": "Point", "coordinates": [-94.495935, 39.066173]}}, {"type": "Feature", "properties": {"stop_id": "2800243", "stop_name": "ON 40 HWY AT DONNELLY EB", "route_count": 2, "frequent": true}, "geometry": {"type": "Point", "coordinates": [-94.486605, 39.063388]}}, {"type": "Feature", "properties": {"stop_id": "282315", "stop_name": "ON 40 HWY AT 8601 E 40 HWY EASTBOUND", "route_count": 2, "frequent": true}, "geometry": {"type": "Point", "coordinates": [-94.484225, 39.06358]}}, {"type": "Feature", "properties": {"stop_id": "282316", "stop_name": "ON 40HWY AT STADIUM DR EASTBOUND", "route_count": 2, "frequent": true}, "geometry": {"type": "Point", "coordinates": [-94.478425, 39.062503]}}, {"type": "Feature", "properties": {"stop_id": "282317", "stop_name": "ON 40 HWY AT HUNTER EASTBOUND", "route_count": 2, "frequent": true}, "geometry": {"type": "Point", "coordinates": [-94.475085, 39.061349]}}, {"type": "Feature", "properties": {"stop_id": "2800244", "stop_name": "ON 40 HWY AT BLUE RIDGE CUT OFF EASTBOUND", "route_count": 2, "frequent": true}, "geometry": {"type": "Point", "coordinates": [-94.472375, 39.059786]}}, {"type": "Feature", "properties": {"stop_id": "2800245", "stop_name": "ON 40 HWY AT PEEK EASTBOUND", "route_count": 3, "frequent": true}, "geometry": {"type": "Point", "coordinates": [-94.470872, 39.059179]}}, {"type": "Feature", "properties": {"stop_id": "2800246", "stop_name": "ON 40 HWY AT DENTON EASTBOUND", "route_count": 3, "frequent": true}, "geometry": {"type": "Point", "coordinates": [-94.468355, 39.058224]}}, {"type": "Feature", "properties": {"stop_id": "2800247", "stop_name": "ON 40 HWY AT 35TH TERRACE  EASTBOUND", "route_count": 3, "frequent": true}, "geometry": {"type": "Point", "coordinates": [-94.465942, 39.057268]}}, {"type": "Feature", "properties": {"stop_id": "2800248", "stop_name": "ON 40 HWY AT 9807 E 40 HWY EASTBOUND", "route_count": 3, "frequent": true}, "geometry": {"type": "Point", "coordinates": [-94.463964, 39.056456]}}, {"type": "Feature", "properties": {"stop_id": "220701", "stop_name": "ON 40 HWY AT 10440 EAST 40 HWY EB", "route_count": 2, "frequent": false}, "geometry": {"type": "Point", "coordinates": [-94.455885, 39.053186]}}, {"type": "Feature", "properties": {"stop_id": "4701011", "stop_name": "ON 40 HWY AT 10684 40 HWY EB", "route_count": 2, "frequent": false}, "geometry": {"type": "Point", "coordinates": [-94.452448, 39.051801]}}, {"type": "Feature", "properties": {"stop_id": "1687", "stop_name": "Null on Blr at 40 SB", "route_count": 1, "frequent": false}, "geometry": {"type": "Point", "coordinates": [-94.439013, 39.044924]}}, {"type": "Feature", "properties": {"stop_id": "47099", "stop_name": "BLUE RIDGE AT 43RD SOUTHBOUND", "route_count": 1, "frequent": false}, "geometry": {"type": "Point", "coordinates": [-94.437873, 39.042887]}}, {"type": "Feature", "properties": {"stop_id": "2800268", "stop_name": "ON BLUE RIDGE BLVD AT 44TH TERR SOUTHBOUND", "route_count": 1, "frequent": false}, "geometry": {"type": "Point", "coordinates": [-94.437019, 39.041348]}}, {"type": "Feature", "properties": {"stop_id": "2800269", "stop_name": "ON BLUE RIDGE BLVD AT 46TH TERR SOUTHBOUND", "route_count": 1, "frequent": false}, "geometry": {"type": "Point", "coordinates": [-94.437274, 39.037561]}}, {"type": "Feature", "properties": {"stop_id": "2800270", "stop_name": "ON BLUE RIDGE BLVD AT 47TH TERR SOUTHBOUND", "route_count": 1, "frequent": false}, "geometry": {"type": "Point", "coordinates": [-94.438914, 39.034666]}}, {"type": "Feature", "properties": {"stop_id": "2800271", "stop_name": "ON BLUE RIDGE BLVD AT 48TH TERR SOUTHBOUND", "route_count": 1, "frequent": false}, "geometry": {"type": "Point", "coordinates": [-94.438985, 39.03378]}}, {"type": "Feature", "properties": {"stop_id": "2800272", "stop_name": "ON BLUE RIDGE BLVD AT 49TH ST SOUTHBOUND", "route_count": 1, "frequent": false}, "geometry": {"type": "Point", "coordinates": [-94.439039, 39.032463]}}, {"type": "Feature", "properties": {"stop_id": "2800264", "stop_name": "ON BLUE RIDGE BETWEEN 50TH TERR AND 51ST ST SB", "route_count": 1, "frequent": false}, "geometry": {"type": "Point", "coordinates": [-94.439557, 39.029523]}}, {"type": "Feature", "properties": {"stop_id": "2800274", "stop_name": "ON 51ST AT NORWOOD WESTBOUND", "route_count": 1, "frequent": false}, "geometry": {"type": "Point", "coordinates": [-94.443232, 39.029519]}}, {"type": "Feature", "properties": {"stop_id": "2800275", "stop_name": "ON 51ST AT CRISP WESTBOUND", "route_count": 1, "frequent": false}, "geometry": {"type": "Point", "coordinates": [-94.446972, 39.029541]}}, {"type": "Feature", "properties": {"stop_id": "2800276", "stop_name": "ON 50TH TERRACE AT STERLING WESTBOUND", "route_count": 1, "frequent": false}, "geometry": {"type": "Point", "coordinates": [-94.448262, 39.030856]}}, {"type": "Feature", "properties": {"stop_id": "2800277", "stop_name": "ON STERLING AT 49TH NORTHBOUND", "route_count": 1, "frequent": false}, "geometry": {"type": "Point", "coordinates": [-94.448239, 39.032702]}}, {"type": "Feature", "properties": {"stop_id": "2800278", "stop_name": "ON STERLING AT 48TH TERR NORTHBOUND", "route_count": 1, "frequent": false}, "geometry": {"type": "Point", "coordinates": [-94.448186, 39.03367]}}, {"type": "Feature", "properties": {"stop_id": "2800279", "stop_name": "ON STERLING AT 47TH TERR NORTHBOUND", "route_count": 1, "frequent": false}, "geometry": {"type": "Point", "coordinates": [-94.448096, 39.035724]}}, {"type": "Feature", "properties": {"stop_id": "2800280", "stop_name": "ON 47TH AT HARVARD WESTBOUND", "route_count": 1, "frequent": false}, "geometry": {"type": "Point", "coordinates": [-94.449802, 39.037016]}}, {"type": "Feature", "properties": {"stop_id": "2800281", "stop_name": "ON 47TH AT APPLETON WESTBOUND", "route_count": 1, "frequent": false}, "geometry": {"type": "Point", "coordinates": [-94.450866, 39.037076]}}, {"type": "Feature", "properties": {"stop_id": "2800282", "stop_name": "ON 47TH AT HEDGES WESTBOUND", "route_count": 1, "frequent": false}, "geometry": {"type": "Point", "coordinates": [-94.453661, 39.037206]}}, {"type": "Feature", "properties": {"stop_id": "282704", "stop_name": "ON 47TH AT WILLOW WB", "route_count": 1, "frequent": false}, "geometry": {"type": "Point", "coordinates": [-94.45713, 39.03737]}}, {"type": "Feature", "properties": {"stop_id": "2800283", "stop_name": "ON 47TH AT PITTMAN WESTBOUND", "route_count": 1, "frequent": false}, "geometry": {"type": "Point", "coordinates": [-94.462207, 39.037588]}}, {"type": "Feature", "properties": {"stop_id": "2800284", "stop_name": "ON 47TH AT OVERTON WB", "route_count": 1, "frequent": false}, "geometry": {"type": "Point", "coordinates": [-94.464704, 39.037669]}}, {"type": "Feature", "properties": {"stop_id": "2800285", "stop_name": "ON 47TH AT 9500 WESTBOUND", "route_count": 1, "frequent": false}, "geometry": {"type": "Point", "coordinates": [-94.467529, 39.036975]}}, {"type": "Feature", "properties": {"stop_id": "282502", "stop_name": "ON 47TH AT 9230 EAST 47TH WB", "route_count": 1, "frequent": false}, "geometry": {"type": "Point", "coordinates": [-94.470657, 39.036007]}}, {"type": "Feature", "properties": {"stop_id": "2800286", "stop_name": "ON 47TH AT RAYTOWN TFWY WESTBOUND", "route_count": 1, "frequent": false}, "geometry": {"type": "Point", "coordinates": [-94.473754, 39.034661]}}, {"type": "Feature", "properties": {"stop_id": "4700005", "stop_name": "ON BLUE RIDGE CUT OFF AT RAYTOWN RD SOUTHBOUND", "route_count": 2, "frequent": false}, "geometry": {"type": "Point", "coordinates": [-94.476452, 39.036578]}}, {"type": "Feature", "properties": {"stop_id": "4700006", "stop_name": "ON BLUE RIDGE CUT OFF AT 49TH SOUTHBOUND", "route_count": 2, "frequent": false}, "geometry": {"type": "Point", "coordinates": [-94.477898, 39.034652]}}, {"type": "Feature", "properties": {"stop_id": "2800288", "stop_name": "ON BLUE RIDGE CUT OFF AT FAST STOP SOUTHBOUND", "route_count": 2, "frequent": false}, "geometry": {"type": "Point", "coordinates": [-94.47886, 39.033582]}}, {"type": "Feature", "properties": {"stop_id": "2800289", "stop_name": "BLUE RIDGE CUT OFF AT SNI-A-BAR SB", "route_count": 1, "frequent": false}, "geometry": {"type": "Point", "coordinates": [-94.480399, 39.031184]}}, {"type": "Feature", "properties": {"stop_id": "2800290", "stop_name": "ON BLUE RIDGE CUT OFF AT 52ND TERR SOUTHBOUND", "route_count": 1, "frequent": false}, "geometry": {"type": "Point", "coordinates": [-94.481199, 39.028713]}}, {"type": "Feature", "properties": {"stop_id": "2800291", "stop_name": "ON BLUE RIDGE CUT OFF AT 53RD TERR SOUTHBOUND", "route_count": 1, "frequent": false}, "geometry": {"type": "Point", "coordinates": [-94.481305, 39.027073]}}, {"type": "Feature", "properties": {"stop_id": "2800292", "stop_name": "ON BLUE RIDGE CUT OFF AT 5420 SOUTHBOUND", "route_count": 1, "frequent": false}, "geometry": {"type": "Point", "coordinates": [-94.481355, 39.02586]}}, {"type": "Feature", "properties": {"stop_id": "2800293", "stop_name": "ON BLUE RIDGE CUT OFF AT 55TH SOUTHBOUND", "route_count": 1, "frequent": false}, "geometry": {"type": "Point", "coordinates": [-94.481424, 39.023914]}}, {"type": "Feature", "properties": {"stop_id": "2800295", "stop_name": "ON BLUE RIDGE CUT OFF AT 57TH SOUTHBOUND", "route_count": 1, "frequent": false}, "geometry": {"type": "Point", "coordinates": [-94.481614, 39.020216]}}, {"type": "Feature", "properties": {"stop_id": "2800296", "stop_name": "ON BLUE RIDGE CUT OFF AT 57TH TERRACE SOUTHBOUND", "route_count": 1, "frequent": false}, "geometry": {"type": "Point", "coordinates": [-94.481684, 39.019251]}}, {"type": "Feature", "properties": {"stop_id": "2800297", "stop_name": "ON BLUE RIDGE CUT OFF AT 59TH SOUTHBOUND", "route_count": 1, "frequent": false}, "geometry": {"type": "Point", "coordinates": [-94.481793, 39.016688]}}, {"type": "Feature", "properties": {"stop_id": "2800298", "stop_name": "ON BLUE RIDGE CUT OFF AT 59TH TERR SOUTHBOUND", "route_count": 1, "frequent": false}, "geometry": {"type": "Point", "coordinates": [-94.481812, 39.015628]}}, {"type": "Feature", "properties": {"stop_id": "2800299", "stop_name": "ON BLUE RIDGE CUT OFF AT 60TH TERR SOUTHBOUND", "route_count": 1, "frequent": false}, "geometry": {"type": "Point", "coordinates": [-94.481755, 39.014593]}}, {"type": "Feature", "properties": {"stop_id": "2800300", "stop_name": "ON BLUE RIDGE CUT OFF AT THE GARDENS POINT APTS SB", "route_count": 1, "frequent": false}, "geometry": {"type": "Point", "coordinates": [-94.481843, 39.012463]}}, {"type": "Feature", "properties": {"stop_id": "2800301", "stop_name": "ON BLUE RIDGE CUT OFF AT 6220 BLUE RIDGE CUTOFF SB", "route_count": 1, "frequent": false}, "geometry": {"type": "Point", "coordinates": [-94.481886, 39.010972]}}, {"type": "Feature", "properties": {"stop_id": "6300004", "stop_name": "ON BLUE RIDGE CUTOFF AT 6412 BLUE RIDGE CUTOFF SB", "route_count": 2, "frequent": false}, "geometry": {"type": "Point", "coordinates": [-94.482079, 39.007508]}}, {"type": "Feature", "properties": {"stop_id": "2800304", "stop_name": "ON BLUE RIDGE CUT OFF AT 6524 BLUE RIDGE CUTOFF SB", "route_count": 1, "frequent": false}, "geometry": {"type": "Point", "coordinates": [-94.482145, 39.0064]}}, {"type": "Feature", "properties": {"stop_id": "6300006", "stop_name": "ON BLUE RIDGE AT 67TH SOUTHBOUND", "route_count": 1, "frequent": false}, "geometry": {"type": "Point", "coordinates": [-94.482396, 39.00214]}}, {"type": "Feature", "properties": {"stop_id": "2800306", "stop_name": "ON BLUE RIDGE AT 6824 BLUE RDIGE SB", "route_count": 1, "frequent": false}, "geometry": {"type": "Point", "coordinates": [-94.48247, 39.000307]}}, {"type": "Feature", "properties": {"stop_id": "2800307", "stop_name": "ON BLUE RIDGE AT 6950 BLUE RIDGE SB", "route_count": 1, "frequent": false}, "geometry": {"type": "Point", "coordinates": [-94.482532, 38.999133]}}, {"type": "Feature", "properties": {"stop_id": "2800308", "stop_name": "ON BLUE RIDGE BLVD AT GREGORY BLVD SOUTHBOUND", "route_count": 1, "frequent": false}, "geometry": {"type": "Point", "coordinates": [-94.482561, 38.995308]}}, {"type": "Feature", "properties": {"stop_id": "2800309", "stop_name": "ON BLUE RIDGE BLVD AT 72ND SOUTHBOUND", "route_count": 1, "frequent": false}, "geometry": {"type": "Point", "coordinates": [-94.481876, 38.993137]}}, {"type": "Feature", "properties": {"stop_id": "2800310", "stop_name": "ON BLUE RIDGE BLVD AT 73RD SOUTHBOUND", "route_count": 1, "frequent": false}, "geometry": {"type": "Point", "coordinates": [-94.482357, 38.991338]}}, {"type": "Feature", "properties": {"stop_id": "2800311", "stop_name": "ON BLUE RIDGE BLVD AT 74TH TERR. SOUTHBOUND", "route_count": 1, "frequent": false}, "geometry": {"type": "Point", "coordinates": [-94.482875, 38.98935]}}, {"type": "Feature", "properties": {"stop_id": "2800312", "stop_name": "ON BLUE RIDGE BLVD AT 7500 BLUE RIDGE CUTOFF SB", "route_count": 1, "frequent": false}, "geometry": {"type": "Point", "coordinates": [-94.482975, 38.98854]}}, {"type": "Feature", "properties": {"stop_id": "282503", "stop_name": "ON BLUE RIDGE BLVD AT COUNTRYSHIRE SOUTHBOUND", "route_count": 1, "frequent": false}, "geometry": {"type": "Point", "coordinates": [-94.483188, 38.985712]}}, {"type": "Feature", "properties": {"stop_id": "2800314", "stop_name": "ON BLUE RIDGE BLVD AT 77TH SOUTHBOUND", "route_count": 1, "frequent": false}, "geometry": {"type": "Point", "coordinates": [-94.483241, 38.984451]}}, {"type": "Feature", "properties": {"stop_id": "2800315", "stop_name": "ON BLUE RIDGE BLVD AT 77TH TERR. SOUTHBOUND", "route_count": 1, "frequent": false}, "geometry": {"type": "Point", "coordinates": [-94.483344, 38.983528]}}, {"type": "Feature", "properties": {"stop_id": "2800316", "stop_name": "ON BLUE RIDGE BLVD AT 78TH TERR. SOUTHBOUND", "route_count": 1, "frequent": false}, "geometry": {"type": "Point", "coordinates": [-94.485009, 38.981614]}}, {"type": "Feature", "properties": {"stop_id": "2800317", "stop_name": "ON BLUE RIDGE BLVD AT 79TH SOUTHBOUND", "route_count": 1, "frequent": false}, "geometry": {"type": "Point", "coordinates": [-94.486003, 38.980756]}}, {"type": "Feature", "properties": {"stop_id": "2800318", "stop_name": "ON BLUE RIDGE BLVD AT 7908 BLUE RIDGE CUTOFF SB", "route_count": 1, "frequent": false}, "geometry": {"type": "Point", "coordinates": [-94.487332, 38.97961]}}, {"type": "Feature", "properties": {"stop_id": "2800319", "stop_name": "ON BLUE RIDGE BLVD AT 80TH TERR. SOUTHBOUND", "route_count": 1, "frequent": false}, "geometry": {"type": "Point", "coordinates": [-94.488691, 38.978442]}}, {"type": "Feature", "properties": {"stop_id": "2800320", "stop_name": "ON BLUE RIDGE BLVD AT 81ST SOUTHBOUND", "route_count": 1, "frequent": false}, "geometry": {"type": "Point", "coordinates": [-94.490267, 38.977121]}}, {"type": "Feature", "properties": {"stop_id": "2800321", "stop_name": "ON BLUE RIDGE BLVD AT 81ST TERR. SOUTHBOUND", "route_count": 1, "frequent": false}, "geometry": {"type": "Point", "coordinates": [-94.491444, 38.976096]}}, {"type": "Feature", "properties": {"stop_id": "2800322", "stop_name": "ON BLUE RIDGE BLVD AT JAMES A REED SOUTHBOUND", "route_count": 1, "frequent": false}, "geometry": {"type": "Point", "coordinates": [-94.493089, 38.974649]}}, {"type": "Feature", "properties": {"stop_id": "2800323", "stop_name": "ON BLUE RIDGE BLVD AT 83RD SOUTHBOUND", "route_count": 1, "frequent": false}, "geometry": {"type": "Point", "coordinates": [-94.494129, 38.973773]}}, {"type": "Feature", "properties": {"stop_id": "2800324", "stop_name": "ON BLUE RIDGE BLVD AT 8402 BLUE RIDGE SOUTHBOUND", "route_count": 1, "frequent": false}, "geometry": {"type": "Point", "coordinates": [-94.495777, 38.970707]}}, {"type": "Feature", "properties": {"stop_id": "2800325", "stop_name": "ON BLUE RIDGE BLVD AT 8414 BLUE RIDGE BLVD SB", "route_count": 1, "frequent": false}, "geometry": {"type": "Point", "coordinates": [-94.495868, 38.970292]}}, {"type": "Feature", "properties": {"stop_id": "2800326", "stop_name": "ON BLUE RIDGE BLVD AT 8524 BLUE RIDGE SOUTHBOUND", "route_count": 1, "frequent": false}, "geometry": {"type": "Point", "coordinates": [-94.496784, 38.968924]}}, {"type": "Feature", "properties": {"stop_id": "2800327", "stop_name": "ON BLUE RIDGE BLVD AT 85TH TERR SOUTHBOUND", "route_count": 1, "frequent": false}, "geometry": {"type": "Point", "coordinates": [-94.498011, 38.968038]}}, {"type": "Feature", "properties": {"stop_id": "2800347", "stop_name": "ON BLUE RIDGE BLVD AT 87TH ST SOUTHBOUND FARSIDE", "route_count": 2, "frequent": false}, "geometry": {"type": "Point", "coordinates": [-94.49989, 38.965908]}}, {"type": "Feature", "properties": {"stop_id": "282532", "stop_name": "ON BLUE RIDGE BLVD AT 88TH SOUTHBOUND", "route_count": 2, "frequent": false}, "geometry": {"type": "Point", "coordinates": [-94.498715, 38.963869]}}, {"type": "Feature", "properties": {"stop_id": "282533", "stop_name": "ON BLUE RIDGE BLVD AT LOMA VISTA SOUTHBOUND", "route_count": 2, "frequent": false}, "geometry": {"type": "Point", "coordinates": [-94.497705, 38.962127]}}, {"type": "Feature", "properties": {"stop_id": "428151", "stop_name": "ON BLUE RIDGE BLVD AT 90TH TERR SB", "route_count": 2, "frequent": false}, "geometry": {"type": "Point", "coordinates": [-94.497768, 38.959672]}}, {"type": "Feature", "properties": {"stop_id": "282534", "stop_name": "ON BLUE RIDGE BLVD AT 9100 BLUE RIDGE SOUTHBOUND", "route_count": 2, "frequent": false}, "geometry": {"type": "Point", "coordinates": [-94.498779, 38.958548]}}, {"type": "Feature", "properties": {"stop_id": "282702", "stop_name": "ON BLUE RIDGE BLVDAT OAKLAND AVE SOUTHBOUND", "route_count": 2, "frequent": false}, "geometry": {"type": "Point", "coordinates": [-94.501342, 38.95806]}}, {"type": "Feature", "properties": {"stop_id": "282535", "stop_name": "ON BLUE RIDGE BLVD AT EASTERN SOUTHBOUND", "route_count": 2, "frequent": false}, "geometry": {"type": "Point", "coordinates": [-94.505127, 38.956487]}}, {"type": "Feature", "properties": {"stop_id": "2803016", "stop_name": "ON BLUE RIDGE BLVD AT CORRINGTON SOUTHBOUND", "route_count": 2, "frequent": false}, "geometry": {"type": "Point", "coordinates": [-94.505158, 38.956461]}}, {"type": "Feature", "properties": {"stop_id": "282536", "stop_name": "ON BLUE RIDGE BLVD AT 9300 BLUE RIDGE SOUTHBOUND", "route_count": 2, "frequent": false}, "geometry": {"type": "Point", "coordinates": [-94.506913, 38.955215]}}, {"type": "Feature", "properties": {"stop_id": "752019", "stop_name": "75TH AND PROSPECT TRANSIT CENTER", "route_count": 2, "frequent": true}, "geometry": {"type": "Point", "coordinates": [-94.55633, 38.990183]}}, {"type": "Feature", "properties": {"stop_id": "7100014", "stop_name": "ON PROSPECT AT 73RD NORTHBOUND", "route_count": 2, "frequent": true}, "geometry": {"type": "Point", "coordinates": [-94.557053, 38.994329]}}, {"type": "Feature", "properties": {"stop_id": "7100016", "stop_name": "ON PROSPECT AT GREGORY NORTHBOUND FARSIDE", "route_count": 2, "frequent": true}, "geometry": {"type": "Point", "coordinates": [-94.556818, 38.998344]}}, {"type": "Feature", "properties": {"stop_id": "7100018", "stop_name": "ON PROSPECT AT 69TH NORTHBOUND", "route_count": 2, "frequent": true}, "geometry": {"type": "Point", "coordinates": [-94.556673, 39.001555]}}, {"type": "Feature", "properties": {"stop_id": "7100022", "stop_name": "ON PROSPECT AT MEYER FS NB", "route_count": 2, "frequent": true}, "geometry": {"type": "Point", "coordinates": [-94.556296, 39.007559]}}, {"type": "Feature", "properties": {"stop_id": "7100025", "stop_name": "ON PROSPECT AT 63RD NORTHBOUND", "route_count": 2, "frequent": true}, "geometry": {"type": "Point", "coordinates": [-94.556112, 39.012348]}}, {"type": "Feature", "properties": {"stop_id": "7100030", "stop_name": "ON PROSPECT AT 59TH NORTHBOUND FARSIDE", "route_count": 2, "frequent": true}, "geometry": {"type": "Point", "coordinates": [-94.555671, 39.019412]}}, {"type": "Feature", "properties": {"stop_id": "7100034", "stop_name": "ON PROSPECT AT 55TH NORTHBOUND FARSIDE", "route_count": 2, "frequent": true}, "geometry": {"type": "Point", "coordinates": [-94.555097, 39.026681]}}, {"type": "Feature", "properties": {"stop_id": "7100038", "stop_name": "ON PROSPECT AT 51ST NORTHBOUND", "route_count": 2, "frequent": true}, "geometry": {"type": "Point", "coordinates": [-94.554681, 39.033646]}}, {"type": "Feature", "properties": {"stop_id": "712300", "stop_name": "ON PROSPECT AT SWOPE PKWY NORTHBOUND", "route_count": 2, "frequent": true}, "geometry": {"type": "Point", "coordinates": [-94.55439, 39.039182]}}, {"type": "Feature", "properties": {"stop_id": "7100043", "stop_name": "ON PROSPECT AT 45TH NORTHBOUND", "route_count": 2, "frequent": true}, "geometry": {"type": "Point", "coordinates": [-94.554099, 39.044499]}}, {"type": "Feature", "properties": {"stop_id": "7100045", "stop_name": "ON PROSPECT AT 43RD NORTHBOUND", "route_count": 2, "frequent": true}, "geometry": {"type": "Point", "coordinates": [-94.553892, 39.04815]}}, {"type": "Feature", "properties": {"stop_id": "7100048", "stop_name": "ON PROSPECT AT 39TH NORTHBOUND FARSIDE", "route_count": 2, "frequent": true}, "geometry": {"type": "Point", "coordinates": [-94.553509, 39.055559]}}, {"type": "Feature", "properties": {"stop_id": "7100052", "stop_name": "ON PROSPECT AT 35TH NORTHBOUND MIDBLOCK", "route_count": 2, "frequent": true}, "geometry": {"type": "Point", "coordinates": [-94.553166, 39.061991]}}, {"type": "Feature", "properties": {"stop_id": "7100054", "stop_name": "ON PROSPECT AT 33RD NORTHBOUND", "route_count": 2, "frequent": true}, "geometry": {"type": "Point", "coordinates": [-94.552943, 39.066138]}}, {"type": "Feature", "properties": {"stop_id": "7100056", "stop_name": "ON PROSPECT AT 31ST NORTHBOUND", "route_count": 2, "frequent": true}, "geometry": {"type": "Point", "coordinates": [-94.552764, 39.06974]}}, {"type": "Feature", "properties": {"stop_id": "7100062", "stop_name": "ON PROSPECT AT 27TH NORTHBOUND", "route_count": 2, "frequent": true}, "geometry": {"type": "Point", "coordinates": [-94.552379, 39.077249]}}, {"type": "Feature", "properties": {"stop_id": "7100067", "stop_name": "ON PROSPECT AT 23RD NORTHBOUND", "route_count": 2, "frequent": true}, "geometry": {"type": "Point", "coordinates": [-94.552095, 39.084216]}}, {"type": "Feature", "properties": {"stop_id": "7100071", "stop_name": "ON PROSPECT AT 18TH NORTHBOUND", "route_count": 2, "frequent": true}, "geometry": {"type": "Point", "coordinates": [-94.551743, 39.090984]}}, {"type": "Feature", "properties": {"stop_id": "7100073", "stop_name": "ON PROSPECT AT TRUMAN NORTHBOUND", "route_count": 1, "frequent": true}, "geometry": {"type": "Point", "coordinates": [-94.551566, 39.094477]}}, {"type": "Feature", "properties": {"stop_id": "710018", "stop_name": "ON 12TH AT PROSPECT WESTBOUND FARSIDE", "route_count": 1, "frequent": true}, "geometry": {"type": "Point", "coordinates": [-94.551692, 39.098927]}}, {"type": "Feature", "properties": {"stop_id": "200", "stop_name": "EAST VILLAGE - BAY J", "route_count": 1, "frequent": true}, "geometry": {"type": "Point", "coordinates": [-94.573677, 39.099554]}}, {"type": "Feature", "properties": {"stop_id": "7100148", "stop_name": "ON PROSPECT AT 27TH SOUTHBOUND FARSIDE", "route_count": 2, "frequent": true}, "geometry": {"type": "Point", "coordinates": [-94.552569, 39.076822]}}, {"type": "Feature", "properties": {"stop_id": "7100152", "stop_name": "ON PROSPECT AT 31ST SOUTHBOUND FARSIDE", "route_count": 2, "frequent": true}, "geometry": {"type": "Point", "coordinates": [-94.552921, 39.069612]}}, {"type": "Feature", "properties": {"stop_id": "7100154", "stop_name": "ON PROSPECT AT 33RD SOUTHBOUND", "route_count": 2, "frequent": true}, "geometry": {"type": "Point", "coordinates": [-94.553084, 39.066373]}}, {"type": "Feature", "properties": {"stop_id": "7100156", "stop_name": "ON PROSPECT AT 35TH SOUTHBOUND MIDBLOCK", "route_count": 2, "frequent": true}, "geometry": {"type": "Point", "coordinates": [-94.553303, 39.062025]}}, {"type": "Feature", "properties": {"stop_id": "7100161", "stop_name": "ON PROSPECT AT 39TH SOUTHBOUND", "route_count": 2, "frequent": true}, "geometry": {"type": "Point", "coordinates": [-94.553659, 39.055594]}}, {"type": "Feature", "properties": {"stop_id": "7100165", "stop_name": "ON PROSPECT AT 43RD SOUTHBOUND", "route_count": 2, "frequent": true}, "geometry": {"type": "Point", "coordinates": [-94.554052, 39.047934]}}, {"type": "Feature", "properties": {"stop_id": "7100167", "stop_name": "ON PROSPECT AT 45TH SOUTHBOUND", "route_count": 2, "frequent": true}, "geometry": {"type": "Point", "coordinates": [-94.554232, 39.044728]}}, {"type": "Feature", "properties": {"stop_id": "7100170", "stop_name": "ON PROSPECT AT SWOPE PARKWAY SB NS", "route_count": 2, "frequent": true}, "geometry": {"type": "Point", "coordinates": [-94.554568, 39.039146]}}, {"type": "Feature", "properties": {"stop_id": "7100172", "stop_name": "ON PROSPECT AT 51ST SOUTHBOUND", "route_count": 2, "frequent": true}, "geometry": {"type": "Point", "coordinates": [-94.554838, 39.033422]}}, {"type": "Feature", "properties": {"stop_id": "7100176", "stop_name": "ON PROSPECT AT 55TH SOUTHBOUND", "route_count": 2, "frequent": true}, "geometry": {"type": "Point", "coordinates": [-94.555239, 39.026629]}}, {"type": "Feature", "properties": {"stop_id": "7100180", "stop_name": "ON PROSPECT AT 59TH SOUTHBOUND", "route_count": 2, "frequent": true}, "geometry": {"type": "Point", "coordinates": [-94.555855, 39.01919]}}, {"type": "Feature", "properties": {"stop_id": "7100185", "stop_name": "ON PROSPECT AT 63RD SOUTHBOUND", "route_count": 2, "frequent": true}, "geometry": {"type": "Point", "coordinates": [-94.556235, 39.012637]}}, {"type": "Feature", "properties": {"stop_id": "7100188", "stop_name": "ON PROSPECT AT MEYER SOUTHBOUND", "route_count": 2, "frequent": true}, "geometry": {"type": "Point", "coordinates": [-94.556556, 39.007495]}}, {"type": "Feature", "properties": {"stop_id": "7100192", "stop_name": "ON PROSPECT AT 69TH SOUTHBOUND", "route_count": 2, "frequent": true}, "geometry": {"type": "Point", "coordinates": [-94.556807, 39.001765]}}, {"type": "Feature", "properties": {"stop_id": "7100194", "stop_name": "ON PROSPECT AT GREGORY SOUTHBOUND FARSIDE", "route_count": 2, "frequent": true}, "geometry": {"type": "Point", "coordinates": [-94.556972, 38.997915]}}, {"type": "Feature", "properties": {"stop_id": "7100196", "stop_name": "ON PROSPECT AT 73RD SOUTHBOUND", "route_count": 2, "frequent": true}, "geometry": {"type": "Point", "coordinates": [-94.557188, 38.994334]}}, {"type": "Feature", "properties": {"stop_id": "207", "stop_name": "EAST VILLAGE - BAY I", "route_count": 1, "frequent": true}, "geometry": {"type": "Point", "coordinates": [-94.573876, 39.099525]}}, {"type": "Feature", "properties": {"stop_id": "72002", "stop_name": "ON PROSPECT AT TRUMAN SB", "route_count": 2, "frequent": true}, "geometry": {"type": "Point", "coordinates": [-94.551698, 39.09463]}}, {"type": "Feature", "properties": {"stop_id": "7100140", "stop_name": "ON PROSPECT AT 18TH SOUTHBOUND", "route_count": 2, "frequent": true}, "geometry": {"type": "Point", "coordinates": [-94.551879, 39.090942]}}, {"type": "Feature", "properties": {"stop_id": "7100144", "stop_name": "ON PROSPECT AT 23RD SOUTHBOUND", "route_count": 2, "frequent": true}, "geometry": {"type": "Point", "coordinates": [-94.552231, 39.084221]}}, {"type": "Feature", "properties": {"stop_id": "3100044", "stop_name": "ON PENNSYLVANIA AT 32ND NORTHBOUND", "route_count": 1, "frequent": true}, "geometry": {"type": "Point", "coordinates": [-94.591181, 39.069717]}}, {"type": "Feature", "properties": {"stop_id": "3101", "stop_name": "ON PENNSYLVANIA AT 31ST NB", "route_count": 1, "frequent": true}, "geometry": {"type": "Point", "coordinates": [-94.591126, 39.070699]}}, {"type": "Feature", "properties": {"stop_id": "3100056", "stop_name": "ON 31ST AT BROADWAY EASTBOUND FARSIDE", "route_count": 1, "frequent": true}, "geometry": {"type": "Point", "coordinates": [-94.589693, 39.071115]}}, {"type": "Feature", "properties": {"stop_id": "3100058", "stop_name": "ON 31ST AT MAIN EASTBOUND", "route_count": 1, "frequent": true}, "geometry": {"type": "Point", "coordinates": [-94.585172, 39.070965]}}, {"type": "Feature", "properties": {"stop_id": "3100059", "stop_name": "ON 31ST AT MCGEE EASTBOUND", "route_count": 1, "frequent": true}, "geometry": {"type": "Point", "coordinates": [-94.581367, 39.070833]}}, {"type": "Feature", "properties": {"stop_id": "3100060", "stop_name": "ON 31ST AT GILLHAM PLAZA EB", "route_count": 1, "frequent": true}, "geometry": {"type": "Point", "coordinates": [-94.579103, 39.070708]}}, {"type": "Feature", "properties": {"stop_id": "3100062", "stop_name": "ON 31ST AT HOLMES EASTBOUND", "route_count": 1, "frequent": true}, "geometry": {"type": "Point", "coordinates": [-94.576656, 39.070645]}}, {"type": "Feature", "properties": {"stop_id": "3100064", "stop_name": "ON 31ST AT CAMPBELL EASTBOUND", "route_count": 1, "frequent": true}, "geometry": {"type": "Point", "coordinates": [-94.574116, 39.070556]}}, {"type": "Feature", "properties": {"stop_id": "3100066", "stop_name": "ON 31ST AT TROOST EASTBOUND", "route_count": 1, "frequent": true}, "geometry": {"type": "Point", "coordinates": [-94.57144, 39.070443]}}, {"type": "Feature", "properties": {"stop_id": "3100067", "stop_name": "ON 31ST AT TRACY EASTBOUND", "route_count": 1, "frequent": true}, "geometry": {"type": "Point", "coordinates": [-94.568779, 39.070349]}}, {"type": "Feature", "properties": {"stop_id": "3100068", "stop_name": "ON 31ST AT PASEO EASTBOUND", "route_count": 1, "frequent": true}, "geometry": {"type": "Point", "coordinates": [-94.56674, 39.070305]}}, {"type": "Feature", "properties": {"stop_id": "3100069", "stop_name": "ON 31ST AT FLORA EASTBOUND", "route_count": 1, "frequent": true}, "geometry": {"type": "Point", "coordinates": [-94.565205, 39.070262]}}, {"type": "Feature", "properties": {"stop_id": "3100070", "stop_name": "ON 31ST AT WAYNE EASTBOUND", "route_count": 1, "frequent": true}, "geometry": {"type": "Point", "coordinates": [-94.564519, 39.07025]}}, {"type": "Feature", "properties": {"stop_id": "3100072", "stop_name": "ON 31ST AT WOODLAND EASTBOUND", "route_count": 1, "frequent": true}, "geometry": {"type": "Point", "coordinates": [-94.562219, 39.070144]}}, {"type": "Feature", "properties": {"stop_id": "3100073", "stop_name": "ON 31ST AT GARFIELD EASTBOUND", "route_count": 1, "frequent": true}, "geometry": {"type": "Point", "coordinates": [-94.558739, 39.070019]}}, {"type": "Feature", "properties": {"stop_id": "3100074", "stop_name": "ON 31ST AT BROOKLYN EASTBOUND", "route_count": 1, "frequent": true}, "geometry": {"type": "Point", "coordinates": [-94.557588, 39.069982]}}, {"type": "Feature", "properties": {"stop_id": "3100075", "stop_name": "ON 31ST AT OLIVE EASTBOUND", "route_count": 1, "frequent": true}, "geometry": {"type": "Point", "coordinates": [-94.555265, 39.069905]}}, {"type": "Feature", "properties": {"stop_id": "3100076", "stop_name": "ON 31ST AT PROSPECT EASTBOUND", "route_count": 1, "frequent": true}, "geometry": {"type": "Point", "coordinates": [-94.552977, 39.069792]}}, {"type": "Feature", "properties": {"stop_id": "3100077", "stop_name": "ON 31ST AT CHESTNUT EASTBOUND", "route_count": 1, "frequent": true}, "geometry": {"type": "Point", "coordinates": [-94.550684, 39.06975]}}, {"type": "Feature", "properties": {"stop_id": "3100079", "stop_name": "ON 31ST AT AGNES EASTBOUND", "route_count": 1, "frequent": true}, "geometry": {"type": "Point", "coordinates": [-94.548362, 39.069667]}}, {"type": "Feature", "properties": {"stop_id": "3100080", "stop_name": "ON 31ST AT WALROND EASTBOUND", "route_count": 1, "frequent": true}, "geometry": {"type": "Point", "coordinates": [-94.546081, 39.069588]}}, {"type": "Feature", "properties": {"stop_id": "3100081", "stop_name": "ON 31ST AT INDIANA EASTBOUND", "route_count": 1, "frequent": true}, "geometry": {"type": "Point", "coordinates": [-94.543759, 39.069505]}}, {"type": "Feature", "properties": {"stop_id": "3100082", "stop_name": "ON 31ST AT ASKEW EASTBOUND", "route_count": 1, "frequent": true}, "geometry": {"type": "Point", "coordinates": [-94.541503, 39.069433]}}, {"type": "Feature", "properties": {"stop_id": "3100084", "stop_name": "ON 31ST AT CLEVELAND EASTBOUND", "route_count": 1, "frequent": true}, "geometry": {"type": "Point", "coordinates": [-94.539184, 39.069366]}}, {"type": "Feature", "properties": {"stop_id": "3100086", "stop_name": "ON 31ST AT MYRTLE EASTBOUND", "route_count": 1, "frequent": true}, "geometry": {"type": "Point", "coordinates": [-94.536754, 39.069321]}}, {"type": "Feature", "properties": {"stop_id": "3100087", "stop_name": "ON 31ST AT JACKSON EASTBOUND", "route_count": 1, "frequent": true}, "geometry": {"type": "Point", "coordinates": [-94.535054, 39.069246]}}, {"type": "Feature", "properties": {"stop_id": "3100088", "stop_name": "ON 31ST AT KENSINGTON EASTBOUND", "route_count": 1, "frequent": true}, "geometry": {"type": "Point", "coordinates": [-94.53224, 39.069162]}}, {"type": "Feature", "properties": {"stop_id": "3100090", "stop_name": "ON 31ST AT LISTER EASTBOUND", "route_count": 1, "frequent": true}, "geometry": {"type": "Point", "coordinates": [-94.528928, 39.069068]}}, {"type": "Feature", "properties": {"stop_id": "3100092", "stop_name": "ON 31ST AT POPLAR EASTBOUND", "route_count": 1, "frequent": true}, "geometry": {"type": "Point", "coordinates": [-94.526896, 39.069016]}}, {"type": "Feature", "properties": {"stop_id": "2800250", "stop_name": "ON PITTMAN AT 40 HWY SOUTHBOUND", "route_count": 1, "frequent": true}, "geometry": {"type": "Point", "coordinates": [-94.461303, 39.055181]}}, {"type": "Feature", "properties": {"stop_id": "2800252", "stop_name": "ON PITTMAN AT 38TH TERRACE SOUTHBOUND", "route_count": 1, "frequent": true}, "geometry": {"type": "Point", "coordinates": [-94.46149, 39.052945]}}, {"type": "Feature", "properties": {"stop_id": "2800254", "stop_name": "ON PITTMAN AT 4000 PITTMAN SOUTHBOUND", "route_count": 1, "frequent": true}, "geometry": {"type": "Point", "coordinates": [-94.461614, 39.050245]}}, {"type": "Feature", "properties": {"stop_id": "2800255", "stop_name": "ON PITTMAN AT 41ST SB", "route_count": 1, "frequent": true}, "geometry": {"type": "Point", "coordinates": [-94.461627, 39.049009]}}, {"type": "Feature", "properties": {"stop_id": "2800256", "stop_name": "ON 42ND AT PITTMAN EASTBOUND", "route_count": 1, "frequent": true}, "geometry": {"type": "Point", "coordinates": [-94.461255, 39.046802]}}, {"type": "Feature", "properties": {"stop_id": "2800257", "stop_name": "ON 42ND AT 10100 E 42ND ST EASTBOUND", "route_count": 1, "frequent": true}, "geometry": {"type": "Point", "coordinates": [-94.459461, 39.046739]}}, {"type": "Feature", "properties": {"stop_id": "2800258", "stop_name": "ON 42ND/NORTHERN AT 10300 E 42ND ST EASTBOUND", "route_count": 1, "frequent": true}, "geometry": {"type": "Point", "coordinates": [-94.457192, 39.046659]}}, {"type": "Feature", "properties": {"stop_id": "2800259", "stop_name": "ON 42ND AT 10500 E 42ND ST EASTBOUND", "route_count": 1, "frequent": true}, "geometry": {"type": "Point", "coordinates": [-94.455302, 39.046335]}}, {"type": "Feature", "properties": {"stop_id": "282600", "stop_name": "ON NORTHERN AT 10613 SB", "route_count": 1, "frequent": true}, "geometry": {"type": "Point", "coordinates": [-94.45299, 39.046344]}}, {"type": "Feature", "properties": {"stop_id": "2800262", "stop_name": "ON NORTHERN AT 43RD SOUTHBOUND", "route_count": 1, "frequent": true}, "geometry": {"type": "Point", "coordinates": [-94.45221, 39.044418]}}, {"type": "Feature", "properties": {"stop_id": "31001", "stop_name": "ON 43RD WESTBOUND FARESIDE STERLING", "route_count": 1, "frequent": true}, "geometry": {"type": "Point", "coordinates": [-94.448545, 39.044264]}}, {"type": "Feature", "properties": {"stop_id": "2800105", "stop_name": "ON 43RD AT NORTHERN WESTBOUND", "route_count": 1, "frequent": true}, "geometry": {"type": "Point", "coordinates": [-94.45207, 39.044387]}}, {"type": "Feature", "properties": {"stop_id": "2800106", "stop_name": "ON NORTHERN AT 4251 NORTHERN NORTHBOUND", "route_count": 1, "frequent": true}, "geometry": {"type": "Point", "coordinates": [-94.452141, 39.045716]}}, {"type": "Feature", "properties": {"stop_id": "2800107", "stop_name": "ON NORTHERN AT 10700 NORTHBOUND", "route_count": 1, "frequent": true}, "geometry": {"type": "Point", "coordinates": [-94.45302, 39.046457]}}, {"type": "Feature", "properties": {"stop_id": "2800108", "stop_name": "ON NORTHERN AT 10500 NORTHBOUND", "route_count": 1, "frequent": true}, "geometry": {"type": "Point", "coordinates": [-94.455291, 39.046417]}}, {"type": "Feature", "properties": {"stop_id": "2800109", "stop_name": "ON 42ND/NORTHERN AT 10300 NORTHBOUND", "route_count": 1, "frequent": true}, "geometry": {"type": "Point", "coordinates": [-94.457174, 39.046741]}}, {"type": "Feature", "properties": {"stop_id": "2800110", "stop_name": "ON 42ND AT 10100 E 42ND ST WB", "route_count": 1, "frequent": true}, "geometry": {"type": "Point", "coordinates": [-94.45948, 39.046852]}}, {"type": "Feature", "properties": {"stop_id": "2800111", "stop_name": "ON 42ND AT PITTMAN WB", "route_count": 1, "frequent": true}, "geometry": {"type": "Point", "coordinates": [-94.461409, 39.046892]}}, {"type": "Feature", "properties": {"stop_id": "2801255", "stop_name": "ON PITTMAN AT 41ST STREET NB", "route_count": 1, "frequent": true}, "geometry": {"type": "Point", "coordinates": [-94.461531, 39.048754]}}, {"type": "Feature", "properties": {"stop_id": "2800253", "stop_name": "ON PITTMAN AT 4000 PITTMAN NB", "route_count": 1, "frequent": true}, "geometry": {"type": "Point", "coordinates": [-94.461466, 39.050246]}}, {"type": "Feature", "properties": {"stop_id": "2800113", "stop_name": "ON PITTMAN AT 38TH TERRACE NORTHBOUND", "route_count": 1, "frequent": true}, "geometry": {"type": "Point", "coordinates": [-94.461379, 39.052755]}}, {"type": "Feature", "properties": {"stop_id": "2800115", "stop_name": "ON PITTMAN AT 40 HWY NORTHBOUND", "route_count": 1, "frequent": true}, "geometry": {"type": "Point", "coordinates": [-94.461148, 39.055262]}}, {"type": "Feature", "properties": {"stop_id": "2800127", "stop_name": "ON 31ST AT VAN BRUNT WESTBOUND", "route_count": 1, "frequent": true}, "geometry": {"type": "Point", "coordinates": [-94.521433, 39.068951]}}, {"type": "Feature", "properties": {"stop_id": "3100001", "stop_name": "ON 31ST BETWEEN LINWOOD AND BRIGHTON WB", "route_count": 1, "frequent": true}, "geometry": {"type": "Point", "coordinates": [-94.525313, 39.069027]}}, {"type": "Feature", "properties": {"stop_id": "3100003", "stop_name": "ON 31ST AT POPLAR WESTBOUND", "route_count": 1, "frequent": true}, "geometry": {"type": "Point", "coordinates": [-94.526699, 39.069092]}}, {"type": "Feature", "properties": {"stop_id": "3100005", "stop_name": "ON 31ST AT LISTER WESTBOUND", "route_count": 1, "frequent": true}, "geometry": {"type": "Point", "coordinates": [-94.528561, 39.069145]}}, {"type": "Feature", "properties": {"stop_id": "3100007", "stop_name": "ON 31ST AT KENSINGTON WESTBOUND FARSIDE", "route_count": 1, "frequent": true}, "geometry": {"type": "Point", "coordinates": [-94.532255, 39.069256]}}, {"type": "Feature", "properties": {"stop_id": "3100054", "stop_name": "ON 31ST AT JACKSON WESTBOUND FARSIDE", "route_count": 1, "frequent": true}, "geometry": {"type": "Point", "coordinates": [-94.534652, 39.069338]}}, {"type": "Feature", "properties": {"stop_id": "3100012", "stop_name": "ON 31ST AT CLEVELAND WESTBOUND", "route_count": 1, "frequent": true}, "geometry": {"type": "Point", "coordinates": [-94.538946, 39.069474]}}, {"type": "Feature", "properties": {"stop_id": "3100014", "stop_name": "ON 31ST AT ASKEW WESTBOUND", "route_count": 1, "frequent": true}, "geometry": {"type": "Point", "coordinates": [-94.541482, 39.069539]}}, {"type": "Feature", "properties": {"stop_id": "3100015", "stop_name": "ON 31ST AT INDIANA WB", "route_count": 1, "frequent": true}, "geometry": {"type": "Point", "coordinates": [-94.543824, 39.069612]}}, {"type": "Feature", "properties": {"stop_id": "3100016", "stop_name": "ON 31ST AT WALROND WESTBOUND", "route_count": 1, "frequent": true}, "geometry": {"type": "Point", "coordinates": [-94.545785, 39.069662]}}, {"type": "Feature", "properties": {"stop_id": "3100017", "stop_name": "ON 31ST BETWEEN AGNES AND BENTON WESTBOUND", "route_count": 1, "frequent": true}, "geometry": {"type": "Point", "coordinates": [-94.549235, 39.069781]}}, {"type": "Feature", "properties": {"stop_id": "3100019", "stop_name": "ON 31ST AT CHESTNUT WESTBOUND", "route_count": 1, "frequent": true}, "geometry": {"type": "Point", "coordinates": [-94.550469, 39.069826]}}, {"type": "Feature", "properties": {"stop_id": "3100020", "stop_name": "ON 31ST AT PROSPECT WESTBOUND", "route_count": 1, "frequent": true}, "geometry": {"type": "Point", "coordinates": [-94.552721, 39.069891]}}, {"type": "Feature", "properties": {"stop_id": "3100021", "stop_name": "ON 31ST AT OLIVE WESTBOUND", "route_count": 1, "frequent": true}, "geometry": {"type": "Point", "coordinates": [-94.55505, 39.069981]}}, {"type": "Feature", "properties": {"stop_id": "3100022", "stop_name": "ON 31ST AT BROOKLYN WESTBOUND", "route_count": 1, "frequent": true}, "geometry": {"type": "Point", "coordinates": [-94.55739, 39.070059]}}, {"type": "Feature", "properties": {"stop_id": "3100023", "stop_name": "ON 31ST AT GARFIELD WESTBOUND", "route_count": 1, "frequent": true}, "geometry": {"type": "Point", "coordinates": [-94.558524, 39.070095]}}, {"type": "Feature", "properties": {"stop_id": "3100024", "stop_name": "ON 31ST AT WOODLAND WESTBOUND", "route_count": 1, "frequent": true}, "geometry": {"type": "Point", "coordinates": [-94.562, 39.070217]}}, {"type": "Feature", "properties": {"stop_id": "3100026", "stop_name": "ON 31ST AT WAYNE WESTBOUND", "route_count": 1, "frequent": true}, "geometry": {"type": "Point", "coordinates": [-94.56426, 39.070321]}}, {"type": "Feature", "properties": {"stop_id": "3100027", "stop_name": "ON 31ST AT FLORA WESTBOUND", "route_count": 1, "frequent": true}, "geometry": {"type": "Point", "coordinates": [-94.565427, 39.070349]}}, {"type": "Feature", "properties": {"stop_id": "3100028", "stop_name": "ON 31ST AT PASEO WESTBOUND", "route_count": 1, "frequent": true}, "geometry": {"type": "Point", "coordinates": [-94.566525, 39.070381]}}, {"type": "Feature", "properties": {"stop_id": "3100029", "stop_name": "ON 31ST AT TRACY WESTBOUND", "route_count": 1, "frequent": true}, "geometry": {"type": "Point", "coordinates": [-94.568542, 39.070448]}}, {"type": "Feature", "properties": {"stop_id": "3100030", "stop_name": "ON 31ST AT TROOST WESTBOUND", "route_count": 1, "frequent": true}, "geometry": {"type": "Point", "coordinates": [-94.571219, 39.07055]}}, {"type": "Feature", "properties": {"stop_id": "3100032", "stop_name": "ON 31ST AT CAMPBELL WESTBOUND", "route_count": 1, "frequent": true}, "geometry": {"type": "Point", "coordinates": [-94.573805, 39.070648]}}, {"type": "Feature", "properties": {"stop_id": "3100034", "stop_name": "ON 31ST AT HOLMES WESTBOUND", "route_count": 1, "frequent": true}, "geometry": {"type": "Point", "coordinates": [-94.576418, 39.070743]}}, {"type": "Feature", "properties": {"stop_id": "3100036", "stop_name": "ON 31ST AT GILLHAM RD WESTBOUND", "route_count": 1, "frequent": true}, "geometry": {"type": "Point", "coordinates": [-94.578701, 39.070845]}}, {"type": "Feature", "properties": {"stop_id": "3100038", "stop_name": "ON 31ST AT MCGEE WESTBOUND", "route_count": 1, "frequent": true}, "geometry": {"type": "Point", "coordinates": [-94.581096, 39.070968]}}, {"type": "Feature", "properties": {"stop_id": "3100039", "stop_name": "ON 31ST AT GRAND WESTBOUND", "route_count": 1, "frequent": true}, "geometry": {"type": "Point", "coordinates": [-94.582902, 39.071002]}}, {"type": "Feature", "properties": {"stop_id": "3100040", "stop_name": "ON 31ST AT MAIN WESTBOUND FARSIDE", "route_count": 1, "frequent": true}, "geometry": {"type": "Point", "coordinates": [-94.585482, 39.071085]}}, {"type": "Feature", "properties": {"stop_id": "3100999", "stop_name": "ON BROADWAY BETWEEN 31ST AND 32ND SOUTHBOUND", "route_count": 1, "frequent": true}, "geometry": {"type": "Point", "coordinates": [-94.590053, 39.070445]}}, {"type": "Feature", "properties": {"stop_id": "5100112", "stop_name": "ON BROADWAY AT 32ND SOUTHBOUND", "route_count": 1, "frequent": true}, "geometry": {"type": "Point", "coordinates": [-94.590097, 39.069452]}}, {"type": "Feature", "properties": {"stop_id": "5100113", "stop_name": "ON BROADWAY AT LINWOOD SOUTHBOUND", "route_count": 2, "frequent": true}, "geometry": {"type": "Point", "coordinates": [-94.590215, 39.067598]}}, {"type": "Feature", "properties": {"stop_id": "58047", "stop_name": "ON JC NICHOLS PKWY BETWEEN WARD PKY AND 47TH NB", "route_count": 1, "frequent": false}, "geometry": {"type": "Point", "coordinates": [-94.588008, 39.041024]}}, {"type": "Feature", "properties": {"stop_id": "1550056", "stop_name": "ON 47TH AT WYANDOTTE WESTBOUND NEARSIDE", "route_count": 1, "frequent": false}, "geometry": {"type": "Point", "coordinates": [-94.589156, 39.042347]}}, {"type": "Feature", "properties": {"stop_id": "4700044", "stop_name": "ON 47TH AT BROADWAY WESTBOUND FARSIDE", "route_count": 1, "frequent": false}, "geometry": {"type": "Point", "coordinates": [-94.591758, 39.042437]}}, {"type": "Feature", "properties": {"stop_id": "5100208", "stop_name": "ON BROADWAY AT 43RD SOUTHBOUND", "route_count": 2, "frequent": false}, "geometry": {"type": "Point", "coordinates": [-94.588346, 39.049467]}}, {"type": "Feature", "properties": {"stop_id": "5100122", "stop_name": "ON BROADWAY AT WESTPORT SOUTHBOUND", "route_count": 2, "frequent": false}, "geometry": {"type": "Point", "coordinates": [-94.590763, 39.053494]}}, {"type": "Feature", "properties": {"stop_id": "390081", "stop_name": "ON BROADWAY AT 39TH SOUTHBOUND", "route_count": 2, "frequent": false}, "geometry": {"type": "Point", "coordinates": [-94.590855, 39.056607]}}, {"type": "Feature", "properties": {"stop_id": "5100118", "stop_name": "ON BROADWAY AT 37TH SOUTHBOUND", "route_count": 1, "frequent": false}, "geometry": {"type": "Point", "coordinates": [-94.590628, 39.060442]}}, {"type": "Feature", "properties": {"stop_id": "5100117", "stop_name": "ON BROADWAY AT VALENTINE SOUTHBOUND", "route_count": 1, "frequent": false}, "geometry": {"type": "Point", "coordinates": [-94.590569, 39.061366]}}, {"type": "Feature", "properties": {"stop_id": "5100115", "stop_name": "ON BROADWAY AT ARMOUR SOUTHBOUND", "route_count": 2, "frequent": false}, "geometry": {"type": "Point", "coordinates": [-94.590409, 39.064026]}}, {"type": "Feature", "properties": {"stop_id": "23530", "stop_name": "ON ARMOUR AT MAIN EASTBOUND FARSIDE", "route_count": 1, "frequent": false}, "geometry": {"type": "Point", "coordinates": [-94.585366, 39.063721]}}, {"type": "Feature", "properties": {"stop_id": "5300086", "stop_name": "ON ARMOUR AT GILLHAM EASTBOUND", "route_count": 2, "frequent": false}, "geometry": {"type": "Point", "coordinates": [-94.580839, 39.063539]}}, {"type": "Feature", "properties": {"stop_id": "5300087", "stop_name": "ON ARMOUR AT CHERRY EASTBOUND", "route_count": 2, "frequent": false}, "geometry": {"type": "Point", "coordinates": [-94.578826, 39.063477]}}, {"type": "Feature", "properties": {"stop_id": "5300089", "stop_name": "ON ARMOUR AT HOLMES EASTBOUND", "route_count": 2, "frequent": false}, "geometry": {"type": "Point", "coordinates": [-94.576192, 39.063361]}}, {"type": "Feature", "properties": {"stop_id": "5300091", "stop_name": "ON ARMOUR AT TROOST EASTBOUND", "route_count": 2, "frequent": false}, "geometry": {"type": "Point", "coordinates": [-94.571869, 39.063195]}}, {"type": "Feature", "properties": {"stop_id": "5400126", "stop_name": "ON ARMOUR AT TRACY EASTBOUND", "route_count": 2, "frequent": false}, "geometry": {"type": "Point", "coordinates": [-94.56967, 39.063116]}}, {"type": "Feature", "properties": {"stop_id": "5300094", "stop_name": "ON ARMOUR AT PASEO EASTBOUND", "route_count": 1, "frequent": false}, "geometry": {"type": "Point", "coordinates": [-94.566866, 39.063003]}}, {"type": "Feature", "properties": {"stop_id": "5300095", "stop_name": "ON 35TH AT WAYNE EASTBOUND", "route_count": 1, "frequent": false}, "geometry": {"type": "Point", "coordinates": [-94.564933, 39.06297]}}, {"type": "Feature", "properties": {"stop_id": "5300096", "stop_name": "ON 35TH AT WOODLAND EASTBOUND", "route_count": 1, "frequent": false}, "geometry": {"type": "Point", "coordinates": [-94.562597, 39.06289]}}, {"type": "Feature", "properties": {"stop_id": "23502", "stop_name": "ON 35TH AT BROOKLYN AVE EASTBOUND", "route_count": 1, "frequent": false}, "geometry": {"type": "Point", "coordinates": [-94.558012, 39.062733]}}, {"type": "Feature", "properties": {"stop_id": "23503", "stop_name": "ON 35TH AT PARK EASTBOUND", "route_count": 1, "frequent": false}, "geometry": {"type": "Point", "coordinates": [-94.556817, 39.06268]}}, {"type": "Feature", "properties": {"stop_id": "23504", "stop_name": "ON 35TH AT PROSPECT EASTBOUND FARSIDE", "route_count": 1, "frequent": false}, "geometry": {"type": "Point", "coordinates": [-94.553014, 39.062574]}}, {"type": "Feature", "properties": {"stop_id": "23505", "stop_name": "ON 35TH AT SOUTH BENTON EASTBOUND", "route_count": 1, "frequent": false}, "geometry": {"type": "Point", "coordinates": [-94.549919, 39.062479]}}, {"type": "Feature", "properties": {"stop_id": "23507", "stop_name": "ON 35TH AT BENTON EASTBOUND", "route_count": 1, "frequent": false}, "geometry": {"type": "Point", "coordinates": [-94.54649, 39.062396]}}, {"type": "Feature", "properties": {"stop_id": "23508", "stop_name": "ON 35TH AT INDIANA EASTBOUND", "route_count": 1, "frequent": false}, "geometry": {"type": "Point", "coordinates": [-94.5442, 39.062311]}}, {"type": "Feature", "properties": {"stop_id": "23509", "stop_name": "ON 35TH AT ASKEW EASTBOUND NEARSIDE", "route_count": 1, "frequent": false}, "geometry": {"type": "Point", "coordinates": [-94.541897, 39.062193]}}, {"type": "Feature", "properties": {"stop_id": "23510", "stop_name": "ON 35TH AT CLEVELAND EASTBOUND", "route_count": 1, "frequent": false}, "geometry": {"type": "Point", "coordinates": [-94.539591, 39.062152]}}, {"type": "Feature", "properties": {"stop_id": "3100099", "stop_name": "ON 35TH AT JACKSON EASTBOUND NEARSIDE", "route_count": 1, "frequent": false}, "geometry": {"type": "Point", "coordinates": [-94.534921, 39.062012]}}, {"type": "Feature", "properties": {"stop_id": "3100100", "stop_name": "ON 35TH AT KENSINGTON EASTBOUND", "route_count": 1, "frequent": false}, "geometry": {"type": "Point", "coordinates": [-94.532662, 39.061932]}}, {"type": "Feature", "properties": {"stop_id": "3100101", "stop_name": "ON 35TH AT ELMWOOD EASTBOUND", "route_count": 1, "frequent": false}, "geometry": {"type": "Point", "coordinates": [-94.530337, 39.061837]}}, {"type": "Feature", "properties": {"stop_id": "351800", "stop_name": "VA HOSPITAL", "route_count": 1, "frequent": false}, "geometry": {"type": "Point", "coordinates": [-94.527871, 39.063339]}}, {"type": "Feature", "properties": {"stop_id": "35203", "stop_name": "ON HARDESTY AT 35TH EASTBOUND MIDBLOCK", "route_count": 1, "frequent": false}, "geometry": {"type": "Point", "coordinates": [-94.521376, 39.061588]}}, {"type": "Feature", "properties": {"stop_id": "35202", "stop_name": "ON HARDESTY AT 34TH NORTHBOUND", "route_count": 1, "frequent": false}, "geometry": {"type": "Point", "coordinates": [-94.520753, 39.063606]}}, {"type": "Feature", "properties": {"stop_id": "35201", "stop_name": "ON HARDESTY AT HARDESTY NORTHBOUND", "route_count": 1, "frequent": false}, "geometry": {"type": "Point", "coordinates": [-94.520687, 39.065405]}}, {"type": "Feature", "properties": {"stop_id": "350001", "stop_name": "ON HARDESTY AVE AT HARDESTY DRIVE SB", "route_count": 1, "frequent": false}, "geometry": {"type": "Point", "coordinates": [-94.520824, 39.065394]}}, {"type": "Feature", "properties": {"stop_id": "2700146", "stop_name": "ON HARDESTY AT 34TH SOUTHBOUND", "route_count": 1, "frequent": false}, "geometry": {"type": "Point", "coordinates": [-94.520878, 39.063552]}}, {"type": "Feature", "properties": {"stop_id": "2700148", "stop_name": "ON HARDESTY AT 35TH SOUTHBOUND", "route_count": 1, "frequent": false}, "geometry": {"type": "Point", "coordinates": [-94.520983, 39.061769]}}, {"type": "Feature", "properties": {"stop_id": "23534", "stop_name": "ON 35TH AT QUINCY WB", "route_count": 1, "frequent": false}, "geometry": {"type": "Point", "coordinates": [-94.524147, 39.061787]}}, {"type": "Feature", "properties": {"stop_id": "35008", "stop_name": "ON 35TH STREET AT CHELSEA WB", "route_count": 1, "frequent": false}, "geometry": {"type": "Point", "coordinates": [-94.527999, 39.061897]}}, {"type": "Feature", "properties": {"stop_id": "3500003", "stop_name": "ON 35TH STREET AT ELMWOOD WESTBOUND NS", "route_count": 1, "frequent": false}, "geometry": {"type": "Point", "coordinates": [-94.529987, 39.061931]}}, {"type": "Feature", "properties": {"stop_id": "3100049", "stop_name": "ON 35TH AT KENSINGTON WESTBOUND", "route_count": 1, "frequent": false}, "geometry": {"type": "Point", "coordinates": [-94.532336, 39.062029]}}, {"type": "Feature", "properties": {"stop_id": "3100050", "stop_name": "ON 35TH AT JACKSON WESTBOUND", "route_count": 1, "frequent": false}, "geometry": {"type": "Point", "coordinates": [-94.534651, 39.062112]}}, {"type": "Feature", "properties": {"stop_id": "23515", "stop_name": "ON 35TH AT CLEVELAND WESTBOUND", "route_count": 1, "frequent": false}, "geometry": {"type": "Point", "coordinates": [-94.539234, 39.062246]}}, {"type": "Feature", "properties": {"stop_id": "23516", "stop_name": "ON 35TH AT ASKEW WESTBOUND NEARSIDE", "route_count": 1, "frequent": false}, "geometry": {"type": "Point", "coordinates": [-94.541635, 39.0623]}}, {"type": "Feature", "properties": {"stop_id": "23517", "stop_name": "ON 35TH AT INDIANA WESTBOUND", "route_count": 1, "frequent": false}, "geometry": {"type": "Point", "coordinates": [-94.543815, 39.062396]}}, {"type": "Feature", "properties": {"stop_id": "23518", "stop_name": "ON 35TH AT BENTON BLVD WESTBOUND FARSIDE", "route_count": 1, "frequent": false}, "geometry": {"type": "Point", "coordinates": [-94.546489, 39.062492]}}, {"type": "Feature", "properties": {"stop_id": "23520", "stop_name": "ON 35TH AT SOUTH BENTON BLVD WESTBOUND", "route_count": 1, "frequent": false}, "geometry": {"type": "Point", "coordinates": [-94.549604, 39.062571]}}, {"type": "Feature", "properties": {"stop_id": "23522", "stop_name": "ON 35TH AT PROSPECT WESTBOUND", "route_count": 1, "frequent": false}, "geometry": {"type": "Point", "coordinates": [-94.553316, 39.062694]}}, {"type": "Feature", "properties": {"stop_id": "23523", "stop_name": "ON 35TH AT PARK WB", "route_count": 1, "frequent": false}, "geometry": {"type": "Point", "coordinates": [-94.556543, 39.062795]}}, {"type": "Feature", "properties": {"stop_id": "23524", "stop_name": "ON 35TH AT BROOKLYN WESTBOUND FARSIDE", "route_count": 1, "frequent": false}, "geometry": {"type": "Point", "coordinates": [-94.558035, 39.062834]}}, {"type": "Feature", "properties": {"stop_id": "23526", "stop_name": "ON 35TH AT WOODLAND WB", "route_count": 1, "frequent": false}, "geometry": {"type": "Point", "coordinates": [-94.562292, 39.062991]}}, {"type": "Feature", "properties": {"stop_id": "5300022", "stop_name": "ON 35TH AT WAYNE WESTBOUND", "route_count": 1, "frequent": false}, "geometry": {"type": "Point", "coordinates": [-94.564639, 39.063074]}}, {"type": "Feature", "properties": {"stop_id": "5300024", "stop_name": "ON ARMOUR AT PASEO WESTBOUND", "route_count": 2, "frequent": false}, "geometry": {"type": "Point", "coordinates": [-94.567493, 39.063167]}}, {"type": "Feature", "properties": {"stop_id": "5300025", "stop_name": "ON ARMOUR AT TRACY WESTBOUND", "route_count": 2, "frequent": false}, "geometry": {"type": "Point", "coordinates": [-94.569258, 39.063244]}}, {"type": "Feature", "properties": {"stop_id": "5400059", "stop_name": "ON ARMOUR AT TROOST WESTBOUND", "route_count": 2, "frequent": false}, "geometry": {"type": "Point", "coordinates": [-94.571557, 39.06329]}}, {"type": "Feature", "properties": {"stop_id": "5400060", "stop_name": "INACTIVE 812016  ON ARMOUR AT CAMPBELL WESTBOUND", "route_count": 1, "frequent": false}, "geometry": {"type": "Point", "coordinates": [-94.573899, 39.063398]}}, {"type": "Feature", "properties": {"stop_id": "5400061", "stop_name": "ON ARMOUR AT HOLMES WESTBOUND", "route_count": 2, "frequent": false}, "geometry": {"type": "Point", "coordinates": [-94.576207, 39.063477]}}, {"type": "Feature", "properties": {"stop_id": "5400063", "stop_name": "ON ARMOUR AT CHERRY WESTBOUND", "route_count": 2, "frequent": false}, "geometry": {"type": "Point", "coordinates": [-94.578536, 39.063573]}}, {"type": "Feature", "properties": {"stop_id": "5700047", "stop_name": "ON 47TH AT CENTRAL EASTBOUND FARSIDE", "route_count": 1, "frequent": false}, "geometry": {"type": "Point", "coordinates": [-94.590482, 39.042155]}}, {"type": "Feature", "properties": {"stop_id": "556161", "stop_name": "ON W 47TH AT JC NICHOLS PARKWAY EASTBOUND NEARSIDE", "route_count": 1, "frequent": false}, "geometry": {"type": "Point", "coordinates": [-94.588148, 39.042088]}}, {"type": "Feature", "properties": {"stop_id": "390121", "stop_name": "ON 39TH AT BELL EASTBOUND", "route_count": 1, "frequent": false}, "geometry": {"type": "Point", "coordinates": [-94.606285, 39.057241]}}, {"type": "Feature", "properties": {"stop_id": "390122", "stop_name": "ON 39TH BETWEEN TERRECE & MERCIER EB", "route_count": 1, "frequent": false}, "geometry": {"type": "Point", "coordinates": [-94.602108, 39.057102]}}, {"type": "Feature", "properties": {"stop_id": "390123", "stop_name": "ON 39TH AT ROANOKE EASTBOUND", "route_count": 1, "frequent": false}, "geometry": {"type": "Point", "coordinates": [-94.599955, 39.057025]}}, {"type": "Feature", "properties": {"stop_id": "4700071", "stop_name": "ON 39TH AT SUMMIT EASTBOUND", "route_count": 1, "frequent": false}, "geometry": {"type": "Point", "coordinates": [-94.595834, 39.056881]}}, {"type": "Feature", "properties": {"stop_id": "390126", "stop_name": "ON 39TH AT PENNSYLVANIA EASTBOUND", "route_count": 1, "frequent": false}, "geometry": {"type": "Point", "coordinates": [-94.593194, 39.056771]}}, {"type": "Feature", "properties": {"stop_id": "390114", "stop_name": "ON 39TH AT BROADWAY EASTBOUND", "route_count": 1, "frequent": false}, "geometry": {"type": "Point", "coordinates": [-94.590887, 39.056693]}}, {"type": "Feature", "properties": {"stop_id": "390128", "stop_name": "ON 39TH AT WYANDOTTE EASTBOUND", "route_count": 1, "frequent": false}, "geometry": {"type": "Point", "coordinates": [-94.588564, 39.056611]}}, {"type": "Feature", "properties": {"stop_id": "2850084", "stop_name": "ON 39TH AT MAIN NEARSIDE EASTBOUND", "route_count": 1, "frequent": false}, "geometry": {"type": "Point", "coordinates": [-94.586229, 39.056537]}}, {"type": "Feature", "properties": {"stop_id": "39001", "stop_name": "ON 39TH ST AT WARWICK EB", "route_count": 1, "frequent": false}, "geometry": {"type": "Point", "coordinates": [-94.583906, 39.056453]}}, {"type": "Feature", "properties": {"stop_id": "390133", "stop_name": "ON 39TH AT GILLHAM EASTBOUND", "route_count": 1, "frequent": false}, "geometry": {"type": "Point", "coordinates": [-94.579756, 39.056297]}}, {"type": "Feature", "properties": {"stop_id": "390134", "stop_name": "ON 39TH AT HOLMES EASTBOUND", "route_count": 1, "frequent": false}, "geometry": {"type": "Point", "coordinates": [-94.576905, 39.056211]}}, {"type": "Feature", "properties": {"stop_id": "390137", "stop_name": "ON 39TH AT TROOST EASTBOUND", "route_count": 1, "frequent": false}, "geometry": {"type": "Point", "coordinates": [-94.572248, 39.056035]}}, {"type": "Feature", "properties": {"stop_id": "390139", "stop_name": "ON 39TH AT TRACY EASTBOUND", "route_count": 1, "frequent": false}, "geometry": {"type": "Point", "coordinates": [-94.569874, 39.055951]}}, {"type": "Feature", "properties": {"stop_id": "390141", "stop_name": "ON 39TH AT PASEO EASTBOUND FARSIDE", "route_count": 1, "frequent": false}, "geometry": {"type": "Point", "coordinates": [-94.567292, 39.055852]}}, {"type": "Feature", "properties": {"stop_id": "390142", "stop_name": "ON 39TH AT WAYNE EB", "route_count": 1, "frequent": false}, "geometry": {"type": "Point", "coordinates": [-94.565329, 39.055798]}}, {"type": "Feature", "properties": {"stop_id": "2850079", "stop_name": "ON 39TH AT WOODLAND EASTBOUND", "route_count": 1, "frequent": false}, "geometry": {"type": "Point", "coordinates": [-94.562974, 39.055722]}}, {"type": "Feature", "properties": {"stop_id": "390145", "stop_name": "ON 39TH AT BROOKLYN EASTBOUND", "route_count": 1, "frequent": false}, "geometry": {"type": "Point", "coordinates": [-94.558405, 39.055537]}}, {"type": "Feature", "properties": {"stop_id": "390146", "stop_name": "ON 39TH AT OLIVE EASTBOUND", "route_count": 1, "frequent": false}, "geometry": {"type": "Point", "coordinates": [-94.556049, 39.055448]}}, {"type": "Feature", "properties": {"stop_id": "390147", "stop_name": "ON 39TH AT PROSPECT EASTBOUND", "route_count": 1, "frequent": false}, "geometry": {"type": "Point", "coordinates": [-94.553738, 39.05536]}}, {"type": "Feature", "properties": {"stop_id": "390149", "stop_name": "ON 39TH AT S BENTON EASTBOUND", "route_count": 1, "frequent": false}, "geometry": {"type": "Point", "coordinates": [-94.55031, 39.055258]}}, {"type": "Feature", "properties": {"stop_id": "390152", "stop_name": "ON 39TH AT BENTON BLVD EASTBOUND", "route_count": 1, "frequent": false}, "geometry": {"type": "Point", "coordinates": [-94.546926, 39.05515]}}, {"type": "Feature", "properties": {"stop_id": "390154", "stop_name": "ON 39TH AT INDIANA EASTBOUND FARSIDE", "route_count": 1, "frequent": false}, "geometry": {"type": "Point", "coordinates": [-94.544182, 39.055073]}}, {"type": "Feature", "properties": {"stop_id": "390180", "stop_name": "ON KENSINGTON AT 45TH SOUTHBOUND NEARSIDE", "route_count": 1, "frequent": false}, "geometry": {"type": "Point", "coordinates": [-94.533486, 39.044233]}}, {"type": "Feature", "properties": {"stop_id": "391627", "stop_name": "ON 45TH BETWEEN ELMWOOD & LAWN EASTBOUND", "route_count": 1, "frequent": false}, "geometry": {"type": "Point", "coordinates": [-94.530551, 39.043733]}}, {"type": "Feature", "properties": {"stop_id": "390008", "stop_name": "ON 45TH BETWEEN LISTER & CHELSEA EASTBOUND", "route_count": 1, "frequent": false}, "geometry": {"type": "Point", "coordinates": [-94.528144, 39.043648]}}, {"type": "Feature", "properties": {"stop_id": "390184", "stop_name": "ON CLEAVER II BLVD AT CLARY NB", "route_count": 1, "frequent": false}, "geometry": {"type": "Point", "coordinates": [-94.523917, 39.045989]}}, {"type": "Feature", "properties": {"stop_id": "392900", "stop_name": "ON 39TH ST AT TOPPING EASTBOUND", "route_count": 1, "frequent": false}, "geometry": {"type": "Point", "coordinates": [-94.517022, 39.05377]}}, {"type": "Feature", "properties": {"stop_id": "390167", "stop_name": "ON TOPPING AT 40TH SB", "route_count": 1, "frequent": false}, "geometry": {"type": "Point", "coordinates": [-94.516878, 39.052477]}}, {"type": "Feature", "properties": {"stop_id": "390027", "stop_name": "ON 40TH AT LAWNDALE WESTBOUND", "route_count": 1, "frequent": false}, "geometry": {"type": "Point", "coordinates": [-94.518648, 39.051739]}}, {"type": "Feature", "properties": {"stop_id": "390029", "stop_name": "ON OAKLEY AT 39TH TERR NB", "route_count": 1, "frequent": false}, "geometry": {"type": "Point", "coordinates": [-94.519658, 39.052258]}}, {"type": "Feature", "properties": {"stop_id": "390030", "stop_name": "ON 39TH AT HARDESTY WESTBOUND", "route_count": 1, "frequent": false}, "geometry": {"type": "Point", "coordinates": [-94.52139, 39.054522]}}, {"type": "Feature", "properties": {"stop_id": "390031", "stop_name": "ON 39TH AT LEEDS TFWY WESTBOUND", "route_count": 1, "frequent": false}, "geometry": {"type": "Point", "coordinates": [-94.523395, 39.05517]}}, {"type": "Feature", "properties": {"stop_id": "390032", "stop_name": "ON 39TH AT VINEYARD WESTBOUND", "route_count": 1, "frequent": false}, "geometry": {"type": "Point", "coordinates": [-94.525698, 39.055209]}}, {"type": "Feature", "properties": {"stop_id": "390035", "stop_name": "ON 39TH AT ELMWOOD WESTBOUND", "route_count": 1, "frequent": false}, "geometry": {"type": "Point", "coordinates": [-94.530328, 39.054781]}}, {"type": "Feature", "properties": {"stop_id": "392306", "stop_name": "ON 39TH BETWEEN CYPRESS & KENSINGTON WB", "route_count": 1, "frequent": false}, "geometry": {"type": "Point", "coordinates": [-94.532574, 39.054834]}}, {"type": "Feature", "properties": {"stop_id": "390037", "stop_name": "ON 39TH AT JACKSON WESTBOUND", "route_count": 1, "frequent": false}, "geometry": {"type": "Point", "coordinates": [-94.534974, 39.054906]}}, {"type": "Feature", "properties": {"stop_id": "390038", "stop_name": "ON 39TH AT MYRTLE WESTBOUND", "route_count": 1, "frequent": false}, "geometry": {"type": "Point", "coordinates": [-94.53725, 39.054988]}}, {"type": "Feature", "properties": {"stop_id": "390024", "stop_name": "ON 39TH AT CLEVELAND WESTBOUND", "route_count": 1, "frequent": false}, "geometry": {"type": "Point", "coordinates": [-94.539974, 39.055055]}}, {"type": "Feature", "properties": {"stop_id": "390040", "stop_name": "ON 39TH AT INDIANA WESTBOUND FARSIDE", "route_count": 1, "frequent": false}, "geometry": {"type": "Point", "coordinates": [-94.544563, 39.055193]}}, {"type": "Feature", "properties": {"stop_id": "390042", "stop_name": "ON 39TH AT BENTON BLVD WESTBOUND", "route_count": 1, "frequent": false}, "geometry": {"type": "Point", "coordinates": [-94.546563, 39.055287]}}, {"type": "Feature", "properties": {"stop_id": "390045", "stop_name": "ON 39TH AT SOUTH BENTON WESTBOUND", "route_count": 1, "frequent": false}, "geometry": {"type": "Point", "coordinates": [-94.549979, 39.055394]}}, {"type": "Feature", "properties": {"stop_id": "390047", "stop_name": "ON 39TH AT PROSPECT WESTBOUND", "route_count": 1, "frequent": false}, "geometry": {"type": "Point", "coordinates": [-94.554461, 39.05552]}}, {"type": "Feature", "properties": {"stop_id": "390048", "stop_name": "ON 39TH AT OLIVE WESTBOUND", "route_count": 1, "frequent": false}, "geometry": {"type": "Point", "coordinates": [-94.555609, 39.055567]}}, {"type": "Feature", "properties": {"stop_id": "390049", "stop_name": "ON 39TH AT BROOKLYN WESTBOUND", "route_count": 1, "frequent": false}, "geometry": {"type": "Point", "coordinates": [-94.557905, 39.055682]}}, {"type": "Feature", "properties": {"stop_id": "390051", "stop_name": "ON 39TH AT WOODLAND WESTBOUND", "route_count": 1, "frequent": false}, "geometry": {"type": "Point", "coordinates": [-94.563868, 39.055843]}}, {"type": "Feature", "properties": {"stop_id": "390052", "stop_name": "ON 39TH AT WAYNE WESTBOUND", "route_count": 1, "frequent": false}, "geometry": {"type": "Point", "coordinates": [-94.565046, 39.055879]}}, {"type": "Feature", "properties": {"stop_id": "390053", "stop_name": "ON 39TH AT PASEO WESTBOUND", "route_count": 1, "frequent": false}, "geometry": {"type": "Point", "coordinates": [-94.567332, 39.055969]}}, {"type": "Feature", "properties": {"stop_id": "390055", "stop_name": "ON 39TH AT TRACY WESTBOUND", "route_count": 1, "frequent": false}, "geometry": {"type": "Point", "coordinates": [-94.569703, 39.05605]}}, {"type": "Feature", "properties": {"stop_id": "390057", "stop_name": "ON 39TH AT TROOST WESTBOUND", "route_count": 1, "frequent": false}, "geometry": {"type": "Point", "coordinates": [-94.571997, 39.056126]}}, {"type": "Feature", "properties": {"stop_id": "390059", "stop_name": "ON 39TH AT HOLMES WESTBOUND", "route_count": 1, "frequent": false}, "geometry": {"type": "Point", "coordinates": [-94.57664, 39.056304]}}, {"type": "Feature", "properties": {"stop_id": "390060", "stop_name": "ON 39TH AT GILLHAM WESTBOUND", "route_count": 1, "frequent": false}, "geometry": {"type": "Point", "coordinates": [-94.57993, 39.056407]}}, {"type": "Feature", "properties": {"stop_id": "390062", "stop_name": "ON 39TH AT WARWICK WESTBOUND", "route_count": 1, "frequent": false}, "geometry": {"type": "Point", "coordinates": [-94.583662, 39.056544]}}, {"type": "Feature", "properties": {"stop_id": "390064", "stop_name": "ON 39TH AT MAIN WESTBOUND", "route_count": 1, "frequent": false}, "geometry": {"type": "Point", "coordinates": [-94.58599, 39.056635]}}, {"type": "Feature", "properties": {"stop_id": "390066", "stop_name": "ON 39TH AT WYANDOTTE WESTBOUND", "route_count": 1, "frequent": false}, "geometry": {"type": "Point", "coordinates": [-94.588327, 39.056712]}}, {"type": "Feature", "properties": {"stop_id": "390080", "stop_name": "ON 39TH AT BROADWAY WESTBOUND", "route_count": 1, "frequent": false}, "geometry": {"type": "Point", "coordinates": [-94.59092, 39.056801]}}, {"type": "Feature", "properties": {"stop_id": "390068", "stop_name": "ON 39TH AT PENNSYLVANIA WESTBOUND", "route_count": 1, "frequent": false}, "geometry": {"type": "Point", "coordinates": [-94.592943, 39.056875]}}, {"type": "Feature", "properties": {"stop_id": "390069", "stop_name": "ON 39TH AT SUMMIT WESTBOUND", "route_count": 1, "frequent": false}, "geometry": {"type": "Point", "coordinates": [-94.595954, 39.056988]}}, {"type": "Feature", "properties": {"stop_id": "4700135", "stop_name": "ON 39TH AT ROANOKE WESTBOUND", "route_count": 1, "frequent": false}, "geometry": {"type": "Point", "coordinates": [-94.599703, 39.05715]}}, {"type": "Feature", "properties": {"stop_id": "390074", "stop_name": "ON 39TH AT WYOMING WESTBOUND", "route_count": 1, "frequent": false}, "geometry": {"type": "Point", "coordinates": [-94.603556, 39.057257]}}, {"type": "Feature", "properties": {"stop_id": "390076", "stop_name": "ON 39TH AT STATE LINE WESTBOUND", "route_count": 1, "frequent": false}, "geometry": {"type": "Point", "coordinates": [-94.607172, 39.057401]}}, {"type": "Feature", "properties": {"stop_id": "392314", "stop_name": "ON 39TH ST AT KU MED CENTER LIBRARY WESTBOUND", "route_count": 1, "frequent": false}, "geometry": {"type": "Point", "coordinates": [-94.610259, 39.05747]}}, {"type": "Feature", "properties": {"stop_id": "392901", "stop_name": "ON 39TH AT RAINBOW WESTBOUND", "route_count": 1, "frequent": false}, "geometry": {"type": "Point", "coordinates": [-94.612147, 39.057423]}}, {"type": "Feature", "properties": {"stop_id": "5600036", "stop_name": "ON MAIN AT 47TH SOUTHBOUND", "route_count": 1, "frequent": false}, "geometry": {"type": "Point", "coordinates": [-94.586907, 39.042096]}}, {"type": "Feature", "properties": {"stop_id": "4700167", "stop_name": "ON CLEAVER II BLVD AT OAK EASTBOUND", "route_count": 1, "frequent": false}, "geometry": {"type": "Point", "coordinates": [-94.582451, 39.041922]}}, {"type": "Feature", "properties": {"stop_id": "4700169", "stop_name": "ON CLEAVER II BLVD AT ROCKHILL EB", "route_count": 1, "frequent": false}, "geometry": {"type": "Point", "coordinates": [-94.578787, 39.041844]}}, {"type": "Feature", "properties": {"stop_id": "4700170", "stop_name": "ON CLEAVER II BLVD AT CHARLOTTE EB", "route_count": 1, "frequent": false}, "geometry": {"type": "Point", "coordinates": [-94.576592, 39.041743]}}, {"type": "Feature", "properties": {"stop_id": "4700171", "stop_name": "ON CLEAVER II BLVD AT CAMPBELL EB", "route_count": 1, "frequent": false}, "geometry": {"type": "Point", "coordinates": [-94.575105, 39.041672]}}, {"type": "Feature", "properties": {"stop_id": "4700034", "stop_name": "ON CLEAVER II BLVD AT TROOST WB", "route_count": 1, "frequent": false}, "geometry": {"type": "Point", "coordinates": [-94.573337, 39.041739]}}, {"type": "Feature", "properties": {"stop_id": "4700173", "stop_name": "ON CLEAVER II BLVD BETWEEN FOREST & TRACY EB", "route_count": 1, "frequent": false}, "geometry": {"type": "Point", "coordinates": [-94.571245, 39.041564]}}, {"type": "Feature", "properties": {"stop_id": "472500", "stop_name": "ON CLEAVER II BLVD AT PASEO EB", "route_count": 1, "frequent": false}, "geometry": {"type": "Point", "coordinates": [-94.567858, 39.041606]}}, {"type": "Feature", "properties": {"stop_id": "4700174", "stop_name": "ON CLEAVER II BLVD AT 1525 E CLEAVER II BLVD EB", "route_count": 1, "frequent": false}, "geometry": {"type": "Point", "coordinates": [-94.565847, 39.042017]}}, {"type": "Feature", "properties": {"stop_id": "4700175", "stop_name": "ON CLEAVER II BLVD AT WOODLAND EASTBOUND", "route_count": 1, "frequent": false}, "geometry": {"type": "Point", "coordinates": [-94.563636, 39.043292]}}, {"type": "Feature", "properties": {"stop_id": "5300110", "stop_name": "ON SWOPE PKWY AT 2323 E 47TH EASTBOUND", "route_count": 1, "frequent": false}, "geometry": {"type": "Point", "coordinates": [-94.555574, 39.039182]}}, {"type": "Feature", "properties": {"stop_id": "5300112", "stop_name": "ON SWOPE PKWY AT PROSPECT EASTBOUND", "route_count": 1, "frequent": false}, "geometry": {"type": "Point", "coordinates": [-94.554658, 39.038825]}}, {"type": "Feature", "properties": {"stop_id": "4700177", "stop_name": "ON SWOPE PKWY AT CHESTNUT EASTBOUND", "route_count": 1, "frequent": false}, "geometry": {"type": "Point", "coordinates": [-94.552328, 39.038637]}}, {"type": "Feature", "properties": {"stop_id": "4700178", "stop_name": "ON SWOPE PKWY AT AGNES EASTBOUND", "route_count": 1, "frequent": false}, "geometry": {"type": "Point", "coordinates": [-94.550027, 39.038566]}}, {"type": "Feature", "properties": {"stop_id": "4700179", "stop_name": "ON SWOPE PKWY AT COLLEGE EASTBOUND", "route_count": 1, "frequent": false}, "geometry": {"type": "Point", "coordinates": [-94.546622, 39.037803]}}, {"type": "Feature", "properties": {"stop_id": "4700180", "stop_name": "ON SWOPE PKWY AT BENTON EB", "route_count": 1, "frequent": false}, "geometry": {"type": "Point", "coordinates": [-94.544455, 39.037084]}}, {"type": "Feature", "properties": {"stop_id": "472501", "stop_name": "ON BLUE PKWY AT SWOPE PARK HEALTH EB", "route_count": 1, "frequent": false}, "geometry": {"type": "Point", "coordinates": [-94.539655, 39.03582]}}, {"type": "Feature", "properties": {"stop_id": "4700202", "stop_name": "ON BLUE PKWY AT 4001 BLUE PKWY EASTBOUND", "route_count": 1, "frequent": false}, "geometry": {"type": "Point", "coordinates": [-94.537647, 39.035112]}}, {"type": "Feature", "properties": {"stop_id": "47", "stop_name": "SHOPS AT BLUE PKWY & KENSINGTON", "route_count": 1, "frequent": false}, "geometry": {"type": "Point", "coordinates": [-94.534061, 39.034101]}}, {"type": "Feature", "properties": {"stop_id": "472600", "stop_name": "ON BLUE PKWY AT LAWN EB", "route_count": 1, "frequent": false}, "geometry": {"type": "Point", "coordinates": [-94.5306, 39.034621]}}, {"type": "Feature", "properties": {"stop_id": "4700185", "stop_name": "ON BLUE PKWY AT HARDESTY EASTBOUND", "route_count": 1, "frequent": false}, "geometry": {"type": "Point", "coordinates": [-94.521839, 39.034538]}}, {"type": "Feature", "properties": {"stop_id": "4700186", "stop_name": "ON BLUE PKWY AT SNI-A-BAR EASTBOUND", "route_count": 1, "frequent": false}, "geometry": {"type": "Point", "coordinates": [-94.518045, 39.034671]}}, {"type": "Feature", "properties": {"stop_id": "4700187", "stop_name": "ON BLUE PKWY AT 6201 BLUE PKWY EASTBOUND", "route_count": 1, "frequent": false}, "geometry": {"type": "Point", "coordinates": [-94.511129, 39.030974]}}, {"type": "Feature", "properties": {"stop_id": "472504", "stop_name": "ON EASTWOOD TFWY AT BLUE PKWY  NORTHEASTBOUND", "route_count": 1, "frequent": false}, "geometry": {"type": "Point", "coordinates": [-94.508748, 39.029463]}}, {"type": "Feature", "properties": {"stop_id": "47171", "stop_name": "ON EASTWOOD TRAFFICWAY AT CRAB APPLE LANE EB", "route_count": 1, "frequent": false}, "geometry": {"type": "Point", "coordinates": [-94.50539, 39.030015]}}, {"type": "Feature", "properties": {"stop_id": "4700190", "stop_name": "ON ARARAT AT EASTWOOD TFWY NORTHBOUND", "route_count": 1, "frequent": false}, "geometry": {"type": "Point", "coordinates": [-94.503885, 39.031316]}}, {"type": "Feature", "properties": {"stop_id": "4700191", "stop_name": "ON ARARAT AT BRISTOL NORTHBOUND", "route_count": 1, "frequent": false}, "geometry": {"type": "Point", "coordinates": [-94.503441, 39.032781]}}, {"type": "Feature", "properties": {"stop_id": "472505", "stop_name": "ON SNI-A-BAR AT 7145 EB", "route_count": 1, "frequent": false}, "geometry": {"type": "Point", "coordinates": [-94.501766, 39.035586]}}, {"type": "Feature", "properties": {"stop_id": "4700193", "stop_name": "ON SNI-A-BAR AT EASTERN EASTBOUND", "route_count": 1, "frequent": false}, "geometry": {"type": "Point", "coordinates": [-94.499369, 39.036101]}}, {"type": "Feature", "properties": {"stop_id": "4700194", "stop_name": "ON SNI-A-BAR AT 49TH EASTBOUND", "route_count": 1, "frequent": false}, "geometry": {"type": "Point", "coordinates": [-94.496592, 39.035699]}}, {"type": "Feature", "properties": {"stop_id": "4700195", "stop_name": "ON SNI-A-BAR AT 49TH TERR EASTBOUND", "route_count": 1, "frequent": false}, "geometry": {"type": "Point", "coordinates": [-94.495106, 39.034835]}}, {"type": "Feature", "properties": {"stop_id": "4700196", "stop_name": "ON SNI-A-BAR AT 7711 SNI-A-BAR EASTBOUND", "route_count": 1, "frequent": false}, "geometry": {"type": "Point", "coordinates": [-94.493783, 39.033812]}}, {"type": "Feature", "properties": {"stop_id": "4700197", "stop_name": "ON SNI-A-BAR AT SKILES EB", "route_count": 1, "frequent": false}, "geometry": {"type": "Point", "coordinates": [-94.490449, 39.031348]}}, {"type": "Feature", "properties": {"stop_id": "4700198", "stop_name": "ON 51ST BETWEEN MARSH AND RINKER EB", "route_count": 1, "frequent": false}, "geometry": {"type": "Point", "coordinates": [-94.487609, 39.031221]}}, {"type": "Feature", "properties": {"stop_id": "4700199", "stop_name": "ON 51ST AT BYRAMS FORD RD EASTBOUND", "route_count": 1, "frequent": false}, "geometry": {"type": "Point", "coordinates": [-94.481019, 39.031046]}}, {"type": "Feature", "properties": {"stop_id": "4700200", "stop_name": "ON SNI A BAR AT BLUE RIDGE EASTBOUND", "route_count": 1, "frequent": false}, "geometry": {"type": "Point", "coordinates": [-94.480586, 39.031049]}}, {"type": "Feature", "properties": {"stop_id": "2803015", "stop_name": "ON BLUE RIDGE CUTOFF AT 43RD TERR NB", "route_count": 1, "frequent": false}, "geometry": {"type": "Point", "coordinates": [-94.475759, 39.043903]}}, {"type": "Feature", "properties": {"stop_id": "4707", "stop_name": "ON BLUE RIDGE CUTOFF AT 40TH TERR NB", "route_count": 1, "frequent": false}, "geometry": {"type": "Point", "coordinates": [-94.475532, 39.049498]}}, {"type": "Feature", "properties": {"stop_id": "4708", "stop_name": "ON BLUE RIDGE CUT OFF AT 38TH TERR NB", "route_count": 1, "frequent": false}, "geometry": {"type": "Point", "coordinates": [-94.473229, 39.053566]}}, {"type": "Feature", "properties": {"stop_id": "479901", "stop_name": "ON US40 HWY SOUTHBOUND NEARSIDE STERLING", "route_count": 1, "frequent": false}, "geometry": {"type": "Point", "coordinates": [-94.447827, 39.049451]}}, {"type": "Feature", "properties": {"stop_id": "31006", "stop_name": "ON US 40 HWY WESTBOUND NEARSIDE STERLING", "route_count": 1, "frequent": false}, "geometry": {"type": "Point", "coordinates": [-94.44725, 39.049432]}}, {"type": "Feature", "properties": {"stop_id": "479902", "stop_name": "ON US 40 HWY WESTBOUND FARSIDE STERLING", "route_count": 1, "frequent": false}, "geometry": {"type": "Point", "coordinates": [-94.449638, 39.050535]}}, {"type": "Feature", "properties": {"stop_id": "220702", "stop_name": "ON 40 HWY AT 10440 EAST 40 HWY WB", "route_count": 1, "frequent": false}, "geometry": {"type": "Point", "coordinates": [-94.455826, 39.053311]}}, {"type": "Feature", "properties": {"stop_id": "4709", "stop_name": "ON BLUE RIDGE CUT OFF AT 38TH TERR SB", "route_count": 1, "frequent": false}, "geometry": {"type": "Point", "coordinates": [-94.473604, 39.053399]}}, {"type": "Feature", "properties": {"stop_id": "282507", "stop_name": "ON BLUE RIDGE CUT OFF AT RED COAT LANE SOUTHBOUND", "route_count": 1, "frequent": false}, "geometry": {"type": "Point", "coordinates": [-94.475586, 39.050168]}}, {"type": "Feature", "properties": {"stop_id": "282508", "stop_name": "ON BLUE RIDGE CUT OFF AT 43RD TERR SB", "route_count": 1, "frequent": false}, "geometry": {"type": "Point", "coordinates": [-94.4759, 39.044255]}}, {"type": "Feature", "properties": {"stop_id": "4700007", "stop_name": "ON SNI-A-BAR AT BLUE RIDGE CUTOFF WB", "route_count": 1, "frequent": false}, "geometry": {"type": "Point", "coordinates": [-94.48109, 39.031169]}}, {"type": "Feature", "properties": {"stop_id": "47152", "stop_name": "ON SNI-A-BAR AT BRYAMS FORD WB", "route_count": 1, "frequent": false}, "geometry": {"type": "Point", "coordinates": [-94.483498, 39.031177]}}, {"type": "Feature", "properties": {"stop_id": "4700009", "stop_name": "ON SNI-A-BAR AT RINKER WESTBOUND", "route_count": 1, "frequent": false}, "geometry": {"type": "Point", "coordinates": [-94.48724, 39.03133]}}, {"type": "Feature", "properties": {"stop_id": "4700010", "stop_name": "ON SNI-A-BAR AT SKILES WESTBOUND", "route_count": 1, "frequent": false}, "geometry": {"type": "Point", "coordinates": [-94.4908, 39.031718]}}, {"type": "Feature", "properties": {"stop_id": "4700011", "stop_name": "ON SNI-A-BAR AT 7714 SNI-A-BAR WESTBOUND", "route_count": 1, "frequent": false}, "geometry": {"type": "Point", "coordinates": [-94.493591, 39.033844]}}, {"type": "Feature", "properties": {"stop_id": "4700012", "stop_name": "ON SNI-A-BAR AT RICHMOND WESTBOUND", "route_count": 1, "frequent": false}, "geometry": {"type": "Point", "coordinates": [-94.496902, 39.035914]}}, {"type": "Feature", "properties": {"stop_id": "4700013", "stop_name": "ON SNI-A-BAR AT EASTERN/OZARK WESTBOUND", "route_count": 1, "frequent": false}, "geometry": {"type": "Point", "coordinates": [-94.499821, 39.036222]}}, {"type": "Feature", "properties": {"stop_id": "4700014", "stop_name": "ON SNI-A-BAR AT 7150 SNI-A-BAR WESTBOUND", "route_count": 1, "frequent": false}, "geometry": {"type": "Point", "coordinates": [-94.501052, 39.035985]}}, {"type": "Feature", "properties": {"stop_id": "4700015", "stop_name": "ON ARARAT DR AT 48TH TERRACE SOUTHBOUND", "route_count": 1, "frequent": false}, "geometry": {"type": "Point", "coordinates": [-94.503447, 39.034219]}}, {"type": "Feature", "properties": {"stop_id": "4700016", "stop_name": "ON ARARAT DR AT 5100  ARARAT SOUTHBOUND", "route_count": 1, "frequent": false}, "geometry": {"type": "Point", "coordinates": [-94.503597, 39.032827]}}, {"type": "Feature", "properties": {"stop_id": "4700017", "stop_name": "ON ARARAT DR AT EASTWOOD SOUTHBOUND", "route_count": 1, "frequent": false}, "geometry": {"type": "Point", "coordinates": [-94.504047, 39.031074]}}, {"type": "Feature", "properties": {"stop_id": "4700018", "stop_name": "ON EASTWOOD TFWY AT ROYAL WOODS WB", "route_count": 1, "frequent": false}, "geometry": {"type": "Point", "coordinates": [-94.505436, 39.030129]}}, {"type": "Feature", "properties": {"stop_id": "4705", "stop_name": "ON EASTWOOD TFWY AT BLUE PKWY SOUTHWESTBOUND", "route_count": 1, "frequent": false}, "geometry": {"type": "Point", "coordinates": [-94.508835, 39.02957]}}, {"type": "Feature", "properties": {"stop_id": "4700020", "stop_name": "ON BLUE PKWY AT FAIRWAY WESTBOUND", "route_count": 1, "frequent": false}, "geometry": {"type": "Point", "coordinates": [-94.510609, 39.030802]}}, {"type": "Feature", "properties": {"stop_id": "4700021", "stop_name": "ON BLUE PKWY AT 6300 BLUE PKWY WESTBOUND", "route_count": 1, "frequent": false}, "geometry": {"type": "Point", "coordinates": [-94.512655, 39.032182]}}, {"type": "Feature", "properties": {"stop_id": "4700022", "stop_name": "ON BLUE PKWY AT SNI-A-BAR WESTBOUND", "route_count": 1, "frequent": false}, "geometry": {"type": "Point", "coordinates": [-94.518172, 39.034812]}}, {"type": "Feature", "properties": {"stop_id": "4700023", "stop_name": "ON BLUE PKWY AT HARDESTY  WB", "route_count": 1, "frequent": false}, "geometry": {"type": "Point", "coordinates": [-94.521576, 39.034664]}}, {"type": "Feature", "properties": {"stop_id": "4700024", "stop_name": "ON BLUE PKWY AT ELMWOOD WESTBOUND", "route_count": 1, "frequent": false}, "geometry": {"type": "Point", "coordinates": [-94.531447, 39.034814]}}, {"type": "Feature", "properties": {"stop_id": "4700203", "stop_name": "ON BLUE PKWY AT 4000 BLUE PKWY WESTBOUND", "route_count": 1, "frequent": false}, "geometry": {"type": "Point", "coordinates": [-94.537437, 39.035375]}}, {"type": "Feature", "properties": {"stop_id": "472508", "stop_name": "ON BLUE PKWY AT CLEVELAND WB", "route_count": 1, "frequent": false}, "geometry": {"type": "Point", "coordinates": [-94.540556, 39.036199]}}, {"type": "Feature", "properties": {"stop_id": "4700025", "stop_name": "ON SWOPE PKWY AT BENTON WESTBOUND", "route_count": 1, "frequent": false}, "geometry": {"type": "Point", "coordinates": [-94.544062, 39.037122]}}, {"type": "Feature", "properties": {"stop_id": "5300003", "stop_name": "ON SWOPE PKWY AT COLLEGE WESTBOUND", "route_count": 1, "frequent": false}, "geometry": {"type": "Point", "coordinates": [-94.546503, 39.03808]}}, {"type": "Feature", "properties": {"stop_id": "4700027", "stop_name": "ON SWOPE PKWY AT AGNES WESTBOUND", "route_count": 1, "frequent": false}, "geometry": {"type": "Point", "coordinates": [-94.550006, 39.038851]}}, {"type": "Feature", "properties": {"stop_id": "5300005", "stop_name": "ON SWOPE PKWY AT CHESTNUT WESTBOUND", "route_count": 1, "frequent": false}, "geometry": {"type": "Point", "coordinates": [-94.552342, 39.038921]}}, {"type": "Feature", "properties": {"stop_id": "4700029", "stop_name": "ON SWOPE PKWY AT PROSPECT WB NEARSIDE", "route_count": 1, "frequent": false}, "geometry": {"type": "Point", "coordinates": [-94.554219, 39.039015]}}, {"type": "Feature", "properties": {"stop_id": "5300007", "stop_name": "ON SWOPE PKWY AT BRUCE WATKINS PKWY WESTBOUND", "route_count": 1, "frequent": false}, "geometry": {"type": "Point", "coordinates": [-94.556684, 39.04005]}}, {"type": "Feature", "properties": {"stop_id": "4700030", "stop_name": "ON CLEAVER II BLVD AT WOODLAND WESTBOUND", "route_count": 1, "frequent": false}, "geometry": {"type": "Point", "coordinates": [-94.563457, 39.043479]}}, {"type": "Feature", "properties": {"stop_id": "4702", "stop_name": "ON CLEAVER II BLVD AT 1706 EAST", "route_count": 1, "frequent": false}, "geometry": {"type": "Point", "coordinates": [-94.564173, 39.043182]}}, {"type": "Feature", "properties": {"stop_id": "4700031", "stop_name": "ON CLEAVER II BLVD AT 1526 CLEAVER II BLVD WB", "route_count": 1, "frequent": false}, "geometry": {"type": "Point", "coordinates": [-94.56666, 39.042043]}}, {"type": "Feature", "properties": {"stop_id": "4700032", "stop_name": "ON CLEAVER II BLVD AT PASEO WB", "route_count": 1, "frequent": false}, "geometry": {"type": "Point", "coordinates": [-94.567958, 39.041868]}}, {"type": "Feature", "properties": {"stop_id": "4700033", "stop_name": "ON CLEAVER II BLVD AT FOREST/TRACY WB", "route_count": 1, "frequent": false}, "geometry": {"type": "Point", "coordinates": [-94.571209, 39.04167]}}, {"type": "Feature", "properties": {"stop_id": "4700035", "stop_name": "ON CLEAVER II BLVD AT CAMPBELL WB", "route_count": 1, "frequent": false}, "geometry": {"type": "Point", "coordinates": [-94.575095, 39.041812]}}, {"type": "Feature", "properties": {"stop_id": "4700036", "stop_name": "ON CLEAVER II BLVD AT CHARLOTTE WB", "route_count": 1, "frequent": false}, "geometry": {"type": "Point", "coordinates": [-94.576235, 39.041846]}}, {"type": "Feature", "properties": {"stop_id": "4700037", "stop_name": "ON CLEAVER II BLVD AT ROCKHILL WB", "route_count": 1, "frequent": false}, "geometry": {"type": "Point", "coordinates": [-94.578398, 39.041921]}}, {"type": "Feature", "properties": {"stop_id": "4700038", "stop_name": "ON CLEAVER II BLVD AT LOCUST WESTBOUND", "route_count": 1, "frequent": false}, "geometry": {"type": "Point", "coordinates": [-94.580423, 39.042157]}}, {"type": "Feature", "properties": {"stop_id": "4700039", "stop_name": "ON CLEAVER II BLVD AT OAK WESTBOUND", "route_count": 1, "frequent": false}, "geometry": {"type": "Point", "coordinates": [-94.583365, 39.042144]}}, {"type": "Feature", "properties": {"stop_id": "4700041", "stop_name": "ON CLEAVER II BLVD AT MAIN WESTBOUND", "route_count": 1, "frequent": false}, "geometry": {"type": "Point", "coordinates": [-94.586276, 39.042254]}}, {"type": "Feature", "properties": {"stop_id": "5600167", "stop_name": "ON WORNALL AT 73RD TERRACE NB", "route_count": 1, "frequent": false}, "geometry": {"type": "Point", "coordinates": [-94.594087, 38.994966]}}, {"type": "Feature", "properties": {"stop_id": "5600168", "stop_name": "ON WORNALL AT 73RD NB", "route_count": 1, "frequent": false}, "geometry": {"type": "Point", "coordinates": [-94.594014, 38.995827]}}, {"type": "Feature", "properties": {"stop_id": "5600169", "stop_name": "ON WORNALL AT 72ND NB", "route_count": 1, "frequent": false}, "geometry": {"type": "Point", "coordinates": [-94.593889, 38.997689]}}, {"type": "Feature", "properties": {"stop_id": "5600170", "stop_name": "ON WORNALL AT GREGORY NB", "route_count": 1, "frequent": false}, "geometry": {"type": "Point", "coordinates": [-94.593784, 38.999508]}}, {"type": "Feature", "properties": {"stop_id": "5600171", "stop_name": "ON WORNALL AT 70TH NB", "route_count": 1, "frequent": false}, "geometry": {"type": "Point", "coordinates": [-94.593583, 39.001779]}}, {"type": "Feature", "properties": {"stop_id": "5600172", "stop_name": "ON WORNALL AT 68TH TERRACE NB", "route_count": 1, "frequent": false}, "geometry": {"type": "Point", "coordinates": [-94.593407, 39.004687]}}, {"type": "Feature", "properties": {"stop_id": "5600173", "stop_name": "ON WORNALL AT 67TH TERRACE NB", "route_count": 1, "frequent": false}, "geometry": {"type": "Point", "coordinates": [-94.593284, 39.006598]}}, {"type": "Feature", "properties": {"stop_id": "5600174", "stop_name": "ON WORNALL AT 66TH TERRACE NB", "route_count": 1, "frequent": false}, "geometry": {"type": "Point", "coordinates": [-94.593207, 39.008107]}}, {"type": "Feature", "properties": {"stop_id": "5600176", "stop_name": "ON WORNALL AT MEYER NB", "route_count": 1, "frequent": false}, "geometry": {"type": "Point", "coordinates": [-94.593134, 39.012262]}}, {"type": "Feature", "properties": {"stop_id": "562307", "stop_name": "ON BROOKSIDE AT MEYER NB", "route_count": 1, "frequent": false}, "geometry": {"type": "Point", "coordinates": [-94.592119, 39.012565]}}, {"type": "Feature", "properties": {"stop_id": "5600178", "stop_name": "ON BROOKSIDE AT 63RD NB", "route_count": 1, "frequent": false}, "geometry": {"type": "Point", "coordinates": [-94.591503, 39.013937]}}, {"type": "Feature", "properties": {"stop_id": "5600179", "stop_name": "ON BROOKSIDE AT 62ND NB", "route_count": 1, "frequent": false}, "geometry": {"type": "Point", "coordinates": [-94.590632, 39.015848]}}, {"type": "Feature", "properties": {"stop_id": "5600180", "stop_name": "ON BROOKSIDE AT 61ST NB", "route_count": 1, "frequent": false}, "geometry": {"type": "Point", "coordinates": [-94.589777, 39.017598]}}, {"type": "Feature", "properties": {"stop_id": "5600181", "stop_name": "ON BROOKSIDE AT 59TH NB", "route_count": 1, "frequent": false}, "geometry": {"type": "Point", "coordinates": [-94.588213, 39.020292]}}, {"type": "Feature", "properties": {"stop_id": "5600182", "stop_name": "ON BROOKSIDE AT 58TH NB", "route_count": 1, "frequent": false}, "geometry": {"type": "Point", "coordinates": [-94.58743, 39.0217]}}, {"type": "Feature", "properties": {"stop_id": "5600183", "stop_name": "ON BROOKSIDE AT 57TH NB", "route_count": 1, "frequent": false}, "geometry": {"type": "Point", "coordinates": [-94.586363, 39.023901]}}, {"type": "Feature", "properties": {"stop_id": "5600184", "stop_name": "ON BROOKSIDE AT 56TH NB", "route_count": 1, "frequent": false}, "geometry": {"type": "Point", "coordinates": [-94.585565, 39.02567]}}, {"type": "Feature", "properties": {"stop_id": "5600185", "stop_name": "ON BROOKSIDE AT 55TH NB", "route_count": 1, "frequent": false}, "geometry": {"type": "Point", "coordinates": [-94.584795, 39.027461]}}, {"type": "Feature", "properties": {"stop_id": "5600186", "stop_name": "ON BROOKSIDE AT 54TH NB", "route_count": 1, "frequent": false}, "geometry": {"type": "Point", "coordinates": [-94.584392, 39.029081]}}, {"type": "Feature", "properties": {"stop_id": "5600188", "stop_name": "ON BROOKSIDE AT 52ND NORTHBOUND", "route_count": 1, "frequent": false}, "geometry": {"type": "Point", "coordinates": [-94.584112, 39.032401]}}, {"type": "Feature", "properties": {"stop_id": "90082", "stop_name": "UMKC (51ST & BROOKSIDE BLVD)", "route_count": 1, "frequent": false}, "geometry": {"type": "Point", "coordinates": [-94.584139, 39.034573]}}, {"type": "Feature", "properties": {"stop_id": "5133050", "stop_name": "ON MAIN ST AT 49TH ST NB", "route_count": 1, "frequent": false}, "geometry": {"type": "Point", "coordinates": [-94.58714, 39.038439]}}, {"type": "Feature", "properties": {"stop_id": "390107", "stop_name": "ON JC NICHOLS AT 4419 J C NICHOLS NORTHBOUND", "route_count": 1, "frequent": false}, "geometry": {"type": "Point", "coordinates": [-94.588545, 39.047239]}}, {"type": "Feature", "properties": {"stop_id": "6757", "stop_name": "ON BROADWAY AT 43RD NB", "route_count": 1, "frequent": false}, "geometry": {"type": "Point", "coordinates": [-94.588171, 39.049622]}}, {"type": "Feature", "properties": {"stop_id": "47191", "stop_name": "ON BROADWAY AT WESTPORT NORTHBOUND FARSIDE", "route_count": 1, "frequent": false}, "geometry": {"type": "Point", "coordinates": [-94.590615, 39.053516]}}, {"type": "Feature", "properties": {"stop_id": "5100054", "stop_name": "ON BROADWAY AT 39TH NORTHBOUND", "route_count": 1, "frequent": false}, "geometry": {"type": "Point", "coordinates": [-94.590684, 39.056872]}}, {"type": "Feature", "properties": {"stop_id": "5100058", "stop_name": "ON BROADWAY AT ARMOUR NORTHBOUND", "route_count": 1, "frequent": false}, "geometry": {"type": "Point", "coordinates": [-94.590266, 39.064135]}}, {"type": "Feature", "properties": {"stop_id": "5100060", "stop_name": "ON BROADWAY AT LINWOOD NORTHBOUND", "route_count": 1, "frequent": false}, "geometry": {"type": "Point", "coordinates": [-94.590115, 39.067037]}}, {"type": "Feature", "properties": {"stop_id": "5100062", "stop_name": "Null BROADWAY AT 31ST NORTHBOUND", "route_count": 1, "frequent": false}, "geometry": {"type": "Point", "coordinates": [-94.589965, 39.070974]}}, {"type": "Feature", "properties": {"stop_id": "2220021", "stop_name": "ON GRAND AT PERSHING SOUTHBOUND", "route_count": 1, "frequent": false}, "geometry": {"type": "Point", "coordinates": [-94.581855, 39.084285]}}, {"type": "Feature", "properties": {"stop_id": "5100110", "stop_name": "ON BROADWAY AT 31ST SOUTHBOUND", "route_count": 1, "frequent": false}, "geometry": {"type": "Point", "coordinates": [-94.590078, 39.071303]}}, {"type": "Feature", "properties": {"stop_id": "5134050", "stop_name": "ON MAIN ST AT 49TH ST SB", "route_count": 1, "frequent": false}, "geometry": {"type": "Point", "coordinates": [-94.587209, 39.03843]}}, {"type": "Feature", "properties": {"stop_id": "5600040", "stop_name": "ON BROOKSIDE AT 51ST SB", "route_count": 1, "frequent": false}, "geometry": {"type": "Point", "coordinates": [-94.584317, 39.034696]}}, {"type": "Feature", "properties": {"stop_id": "5600041", "stop_name": "ON BROOKSIDE AT 52ND SB", "route_count": 1, "frequent": false}, "geometry": {"type": "Point", "coordinates": [-94.584212, 39.031853]}}, {"type": "Feature", "properties": {"stop_id": "5600042", "stop_name": "ON BROOKSIDE AT 54TH SB", "route_count": 1, "frequent": false}, "geometry": {"type": "Point", "coordinates": [-94.584525, 39.029319]}}, {"type": "Feature", "properties": {"stop_id": "5600043", "stop_name": "ON BROOKSIDE AT 55TH SB", "route_count": 1, "frequent": false}, "geometry": {"type": "Point", "coordinates": [-94.584929, 39.027446]}}, {"type": "Feature", "properties": {"stop_id": "5600044", "stop_name": "ON BROOKSIDE AT 56TH SB", "route_count": 1, "frequent": false}, "geometry": {"type": "Point", "coordinates": [-94.585612, 39.025853]}}, {"type": "Feature", "properties": {"stop_id": "5600045", "stop_name": "ON BROOKSIDE AT 57TH SB", "route_count": 1, "frequent": false}, "geometry": {"type": "Point", "coordinates": [-94.586428, 39.024072]}}, {"type": "Feature", "properties": {"stop_id": "5600046", "stop_name": "ON BROOKSIDE AT 58TH SB", "route_count": 1, "frequent": false}, "geometry": {"type": "Point", "coordinates": [-94.587184, 39.022426]}}, {"type": "Feature", "properties": {"stop_id": "5600047", "stop_name": "ON BROOKSIDE AT 59TH SB", "route_count": 1, "frequent": false}, "geometry": {"type": "Point", "coordinates": [-94.58847, 39.020336]}}, {"type": "Feature", "properties": {"stop_id": "5600048", "stop_name": "ON BROOKSIDE AT 61ST SB", "route_count": 1, "frequent": false}, "geometry": {"type": "Point", "coordinates": [-94.589926, 39.017572]}}, {"type": "Feature", "properties": {"stop_id": "5600049", "stop_name": "ON BROOKSIDE AT 62ND ST SB", "route_count": 1, "frequent": false}, "geometry": {"type": "Point", "coordinates": [-94.590862, 39.015624]}}, {"type": "Feature", "properties": {"stop_id": "5600050", "stop_name": "ON BROOKSIDE AT 63RD SB", "route_count": 2, "frequent": false}, "geometry": {"type": "Point", "coordinates": [-94.59162, 39.013924]}}, {"type": "Feature", "properties": {"stop_id": "562305", "stop_name": "ON BROOKSIDE AT MEYER SB", "route_count": 2, "frequent": false}, "geometry": {"type": "Point", "coordinates": [-94.592221, 39.012568]}}, {"type": "Feature", "properties": {"stop_id": "5600051", "stop_name": "ON WORNALL AT MEYER SB", "route_count": 1, "frequent": false}, "geometry": {"type": "Point", "coordinates": [-94.593239, 39.012199]}}, {"type": "Feature", "properties": {"stop_id": "5600052", "stop_name": "ON WORNALL AT 65TH SB", "route_count": 1, "frequent": false}, "geometry": {"type": "Point", "coordinates": [-94.593245, 39.0101]}}, {"type": "Feature", "properties": {"stop_id": "5600053", "stop_name": "ON WORNALL AT 66TH TERRACE SB", "route_count": 1, "frequent": false}, "geometry": {"type": "Point", "coordinates": [-94.593326, 39.00827]}}, {"type": "Feature", "properties": {"stop_id": "5600054", "stop_name": "ON WORNALL AT 67TH TERRACE SB", "route_count": 1, "frequent": false}, "geometry": {"type": "Point", "coordinates": [-94.593399, 39.006764]}}, {"type": "Feature", "properties": {"stop_id": "5600055", "stop_name": "ON WORNALL AT 68TH TERRACE SB", "route_count": 1, "frequent": false}, "geometry": {"type": "Point", "coordinates": [-94.593526, 39.00485]}}, {"type": "Feature", "properties": {"stop_id": "5600056", "stop_name": "ON WORNALL AT 70TH SB", "route_count": 1, "frequent": false}, "geometry": {"type": "Point", "coordinates": [-94.593698, 39.001945]}}, {"type": "Feature", "properties": {"stop_id": "5600057", "stop_name": "ON WORNALL AT GREGORY SOUTHBOUND", "route_count": 1, "frequent": false}, "geometry": {"type": "Point", "coordinates": [-94.593866, 39.00003]}}, {"type": "Feature", "properties": {"stop_id": "5600058", "stop_name": "ON WORNALL AT 73RD ST SB", "route_count": 1, "frequent": false}, "geometry": {"type": "Point", "coordinates": [-94.594145, 38.996108]}}, {"type": "Feature", "properties": {"stop_id": "290054", "stop_name": "ON GRAND AT 12TH NORTHBOUND", "route_count": 2, "frequent": false}, "geometry": {"type": "Point", "coordinates": [-94.58085, 39.09978]}}, {"type": "Feature", "properties": {"stop_id": "1520008", "stop_name": "350 Hwy at Blue Ridge Southbound", "route_count": 1, "frequent": false}, "geometry": {"type": "Point", "coordinates": [-94.48256, 39.000543]}}, {"type": "Feature", "properties": {"stop_id": "1520007", "stop_name": "ON 350 HWY AT WESTRIDGE SOUTHBOUND", "route_count": 1, "frequent": false}, "geometry": {"type": "Point", "coordinates": [-94.442414, 38.971709]}}, {"type": "Feature", "properties": {"stop_id": "1520001", "stop_name": "ON 350 HWY AND CHIPMAN SOUTHBOUND", "route_count": 1, "frequent": false}, "geometry": {"type": "Point", "coordinates": [-94.402623, 38.923253]}}, {"type": "Feature", "properties": {"stop_id": "1363", "stop_name": "Null Lee Summit N", "route_count": 1, "frequent": false}, "geometry": {"type": "Point", "coordinates": [-94.408815, 38.944113]}}, {"type": "Feature", "properties": {"stop_id": "550191", "stop_name": "ON 350 HWY AT S NOLAND RD NORTHBOUND NEARSIDE", "route_count": 1, "frequent": false}, "geometry": {"type": "Point", "coordinates": [-94.428468, 38.965338]}}, {"type": "Feature", "properties": {"stop_id": "1520006", "stop_name": "ON 350 HWY AT WESTRIDGE NORTHBOUND", "route_count": 1, "frequent": false}, "geometry": {"type": "Point", "coordinates": [-94.441542, 38.974144]}}, {"type": "Feature", "properties": {"stop_id": "1520003", "stop_name": "350 Hwy at Blue Ridge NorthBound", "route_count": 1, "frequent": false}, "geometry": {"type": "Point", "coordinates": [-94.482144, 39.000624]}}, {"type": "Feature", "properties": {"stop_id": "282308", "stop_name": "ON LOCUST AT 12TH NORTHBOUND", "route_count": 1, "frequent": false}, "geometry": {"type": "Point", "coordinates": [-94.577337, 39.099635]}}, {"type": "Feature", "properties": {"stop_id": "1420025", "stop_name": "ON LOCUST AT 11TH ST NORTHBOUND", "route_count": 1, "frequent": false}, "geometry": {"type": "Point", "coordinates": [-94.577265, 39.100817]}}, {"type": "Feature", "properties": {"stop_id": "3000053", "stop_name": "ON 9TH AT MCGEE WESTBOUND", "route_count": 1, "frequent": false}, "geometry": {"type": "Point", "coordinates": [-94.579431, 39.103511]}}, {"type": "Feature", "properties": {"stop_id": "290091", "stop_name": "ON GRAND AT 12TH SOUTHBOUND", "route_count": 1, "frequent": false}, "geometry": {"type": "Point", "coordinates": [-94.581015, 39.099025]}}, {"type": "Feature", "properties": {"stop_id": "57171", "stop_name": "ON W 136TH AT STATE LINE ROAD WESTBOUND", "route_count": 1, "frequent": false}, "geometry": {"type": "Point", "coordinates": [-94.607818, 38.881483]}}, {"type": "Feature", "properties": {"stop_id": "571729", "stop_name": "ON STATE LINE AT 135TH NORTHBOUND FARSIDE", "route_count": 1, "frequent": false}, "geometry": {"type": "Point", "coordinates": [-94.607823, 38.885731]}}, {"type": "Feature", "properties": {"stop_id": "571730", "stop_name": "ON STATE LINE BETWEEN BLUE RIDGE AND 133RD NB", "route_count": 1, "frequent": false}, "geometry": {"type": "Point", "coordinates": [-94.607905, 38.888819]}}, {"type": "Feature", "properties": {"stop_id": "571731", "stop_name": "ON BLUE RIDGE AT INVERNESS DRIVE EASTBOUND FARSIDE", "route_count": 1, "frequent": false}, "geometry": {"type": "Point", "coordinates": [-94.603907, 38.890585]}}, {"type": "Feature", "properties": {"stop_id": "571732", "stop_name": "ON WORNALL AT BLUE RIDGE BLVD NORTHBOUND FARSIDE", "route_count": 1, "frequent": false}, "geometry": {"type": "Point", "coordinates": [-94.595161, 38.890329]}}, {"type": "Feature", "properties": {"stop_id": "571733", "stop_name": "ON WORNALL AT WOODBRIDGE LANE NORTHBOUND", "route_count": 1, "frequent": false}, "geometry": {"type": "Point", "coordinates": [-94.594911, 38.893839]}}, {"type": "Feature", "properties": {"stop_id": "571734", "stop_name": "ON WORNALL AT 126TH NORTHBOUND NEARSIDE", "route_count": 1, "frequent": false}, "geometry": {"type": "Point", "coordinates": [-94.594558, 38.898689]}}, {"type": "Feature", "properties": {"stop_id": "571735", "stop_name": "ON WORNALL AT 124TH ST NORTHBOUND FARSIDE", "route_count": 1, "frequent": false}, "geometry": {"type": "Point", "coordinates": [-94.594237, 38.9031]}}, {"type": "Feature", "properties": {"stop_id": "571736", "stop_name": "ON WORNALL AT SANTA FE NORTHBOUND NEARSIDE", "route_count": 1, "frequent": false}, "geometry": {"type": "Point", "coordinates": [-94.593718, 38.909781]}}, {"type": "Feature", "properties": {"stop_id": "57174", "stop_name": "ON WORNALL AT CENTRAL NORTHBOUND - AVILA COLLEGE", "route_count": 1, "frequent": false}, "geometry": {"type": "Point", "coordinates": [-94.59347, 38.913024]}}, {"type": "Feature", "properties": {"stop_id": "571738", "stop_name": "ON WORNALL AT MINOR NORTHBOUND NEARSIDE", "route_count": 1, "frequent": false}, "geometry": {"type": "Point", "coordinates": [-94.593214, 38.916307]}}, {"type": "Feature", "properties": {"stop_id": "571739", "stop_name": "ON MINOR AT 115TH NORTHBOUND", "route_count": 1, "frequent": false}, "geometry": {"type": "Point", "coordinates": [-94.589927, 38.918898]}}, {"type": "Feature", "properties": {"stop_id": "5610001", "stop_name": "ON OAK AT MINOR NORTHBOUND", "route_count": 1, "frequent": false}, "geometry": {"type": "Point", "coordinates": [-94.588374, 38.921687]}}, {"type": "Feature", "properties": {"stop_id": "1562300", "stop_name": "ON OAK AT 112TH NORTHBOUND", "route_count": 1, "frequent": false}, "geometry": {"type": "Point", "coordinates": [-94.588194, 38.924036]}}, {"type": "Feature", "properties": {"stop_id": "5610002", "stop_name": "ON OAK AT RED BRIDGE NORTHBOUND", "route_count": 1, "frequent": false}, "geometry": {"type": "Point", "coordinates": [-94.58809, 38.925973]}}, {"type": "Feature", "properties": {"stop_id": "5610004", "stop_name": "ON RED BRIDGE AT GRAND WESTBOUND", "route_count": 1, "frequent": false}, "geometry": {"type": "Point", "coordinates": [-94.590178, 38.926364]}}, {"type": "Feature", "properties": {"stop_id": "5610005", "stop_name": "ON RED BRIDGE AT WORNALL WESTBOUND", "route_count": 1, "frequent": false}, "geometry": {"type": "Point", "coordinates": [-94.592519, 38.926466]}}, {"type": "Feature", "properties": {"stop_id": "5610006", "stop_name": "ON WORNALL AT 109TH TERR  NORTHBOUND", "route_count": 1, "frequent": false}, "geometry": {"type": "Point", "coordinates": [-94.593432, 38.928335]}}, {"type": "Feature", "properties": {"stop_id": "5610007", "stop_name": "ON WORNALL AT COUNTRY LANE NORTHBOUND", "route_count": 1, "frequent": false}, "geometry": {"type": "Point", "coordinates": [-94.593911, 38.929283]}}, {"type": "Feature", "properties": {"stop_id": "1562502", "stop_name": "ON WORNALL AT 108TH TER NORTHBOUND", "route_count": 1, "frequent": false}, "geometry": {"type": "Point", "coordinates": [-94.595506, 38.932373]}}, {"type": "Feature", "properties": {"stop_id": "5610008", "stop_name": "ON WORNALL AT BRIDLESPUR NORTHBOUND", "route_count": 1, "frequent": false}, "geometry": {"type": "Point", "coordinates": [-94.59587, 38.933145]}}, {"type": "Feature", "properties": {"stop_id": "5610010", "stop_name": "ON WORNALL AT 107TH NORTHBOUND", "route_count": 1, "frequent": false}, "geometry": {"type": "Point", "coordinates": [-94.59628, 38.933873]}}, {"type": "Feature", "properties": {"stop_id": "5610011", "stop_name": "ON WORNALL AT 106TH NORTHBOUND", "route_count": 1, "frequent": false}, "geometry": {"type": "Point", "coordinates": [-94.596836, 38.936097]}}, {"type": "Feature", "properties": {"stop_id": "5600128", "stop_name": "ON CARONDELET AT WASHINGTON WB", "route_count": 1, "frequent": false}, "geometry": {"type": "Point", "coordinates": [-94.597697, 38.936765]}}, {"type": "Feature", "properties": {"stop_id": "5600129", "stop_name": "ON CARONDELET AT JEFFERSON WESTBOUND", "route_count": 1, "frequent": false}, "geometry": {"type": "Point", "coordinates": [-94.599726, 38.936927]}}, {"type": "Feature", "properties": {"stop_id": "5600130", "stop_name": "ON CARONDELET SHELTER SOUTHBOUND", "route_count": 1, "frequent": false}, "geometry": {"type": "Point", "coordinates": [-94.6016, 38.935638]}}, {"type": "Feature", "properties": {"stop_id": "5600131", "stop_name": "ON CARONDELET AT BLDG A WESTBOUND", "route_count": 1, "frequent": false}, "geometry": {"type": "Point", "coordinates": [-94.605602, 38.935589]}}, {"type": "Feature", "properties": {"stop_id": "5600132", "stop_name": "ON CARONDELET AT STATE LN WESTBOUND", "route_count": 1, "frequent": false}, "geometry": {"type": "Point", "coordinates": [-94.607422, 38.935204]}}, {"type": "Feature", "properties": {"stop_id": "5600133", "stop_name": "ON STATE LN AT 103RD TERRACE NORTHBOUND", "route_count": 1, "frequent": false}, "geometry": {"type": "Point", "coordinates": [-94.608486, 38.940096]}}, {"type": "Feature", "properties": {"stop_id": "1562308", "stop_name": "ON 103RD AT WATTS MILL EASTBOUND", "route_count": 1, "frequent": false}, "geometry": {"type": "Point", "coordinates": [-94.606656, 38.941952]}}, {"type": "Feature", "properties": {"stop_id": "1562309", "stop_name": "ON 103RD AT MADISON WESTBOUND", "route_count": 1, "frequent": false}, "geometry": {"type": "Point", "coordinates": [-94.603928, 38.941806]}}, {"type": "Feature", "properties": {"stop_id": "5600134", "stop_name": "ON 103RD AT 601 W 103RD STREET EASTBOUN", "route_count": 1, "frequent": false}, "geometry": {"type": "Point", "coordinates": [-94.600454, 38.941664]}}, {"type": "Feature", "properties": {"stop_id": "5600135", "stop_name": "ON 103RD AT 555 W 103RD STREET EASTBOUND", "route_count": 1, "frequent": false}, "geometry": {"type": "Point", "coordinates": [-94.597469, 38.941535]}}, {"type": "Feature", "properties": {"stop_id": "5600137", "stop_name": "ON WORNALL AT 101ST TERRACE NORTHBOUND", "route_count": 1, "frequent": false}, "geometry": {"type": "Point", "coordinates": [-94.59644, 38.944529]}}, {"type": "Feature", "properties": {"stop_id": "5600139", "stop_name": "ON WORNALL AT 100TH TERRACE NORTHBOUND", "route_count": 1, "frequent": false}, "geometry": {"type": "Point", "coordinates": [-94.596354, 38.946398]}}, {"type": "Feature", "properties": {"stop_id": "5600140", "stop_name": "ON WORNALL AT 10000 WORNALL KINGSWOOD MANOR NB", "route_count": 1, "frequent": false}, "geometry": {"type": "Point", "coordinates": [-94.596281, 38.947832]}}, {"type": "Feature", "properties": {"stop_id": "5600141", "stop_name": "ON WORNALL AT 99TH NORTHBOUND", "route_count": 1, "frequent": false}, "geometry": {"type": "Point", "coordinates": [-94.596203, 38.948726]}}, {"type": "Feature", "properties": {"stop_id": "5600142", "stop_name": "ON WORNALL AT 98TH NB", "route_count": 1, "frequent": false}, "geometry": {"type": "Point", "coordinates": [-94.596069, 38.95056]}}, {"type": "Feature", "properties": {"stop_id": "5600143", "stop_name": "ON WORNALL AT 97TH NORTHBOUND", "route_count": 1, "frequent": false}, "geometry": {"type": "Point", "coordinates": [-94.595965, 38.952348]}}, {"type": "Feature", "properties": {"stop_id": "5600144", "stop_name": "ON WORNALL AT 96TH TERRACE NORTHBOUND", "route_count": 1, "frequent": false}, "geometry": {"type": "Point", "coordinates": [-94.59587, 38.95359]}}, {"type": "Feature", "properties": {"stop_id": "5600145", "stop_name": "ON WORNALL AT BANNISTER NORTHBOUND", "route_count": 1, "frequent": false}, "geometry": {"type": "Point", "coordinates": [-94.595643, 38.957497]}}, {"type": "Feature", "properties": {"stop_id": "5600146", "stop_name": "ON WORNALL AT WARD PARKWAY NORTHBOUND", "route_count": 1, "frequent": false}, "geometry": {"type": "Point", "coordinates": [-94.595281, 38.959329]}}, {"type": "Feature", "properties": {"stop_id": "5600147", "stop_name": "ON WORNALL AT 91ST TERRACE NORTHBOUND", "route_count": 1, "frequent": false}, "geometry": {"type": "Point", "coordinates": [-94.595095, 38.962159]}}, {"type": "Feature", "properties": {"stop_id": "5600148", "stop_name": "ON WORNALL AT 91ST NORTHBOUND", "route_count": 1, "frequent": false}, "geometry": {"type": "Point", "coordinates": [-94.59552, 38.963631]}}, {"type": "Feature", "properties": {"stop_id": "5600149", "stop_name": "ON WORNALL AT 90TH NORTHBOUND", "route_count": 1, "frequent": false}, "geometry": {"type": "Point", "coordinates": [-94.595456, 38.965264]}}, {"type": "Feature", "properties": {"stop_id": "5600150", "stop_name": "ON WORNALL AT 89TH NORTHBOUND NEARSIDE", "route_count": 1, "frequent": false}, "geometry": {"type": "Point", "coordinates": [-94.595361, 38.966835]}}, {"type": "Feature", "properties": {"stop_id": "5600151", "stop_name": "ON WORNALL AT 88TH NORTHBOUND", "route_count": 1, "frequent": false}, "geometry": {"type": "Point", "coordinates": [-94.595268, 38.969204]}}, {"type": "Feature", "properties": {"stop_id": "5600152", "stop_name": "ON WORNALL AT SWEENEY NORTHBOUND", "route_count": 1, "frequent": false}, "geometry": {"type": "Point", "coordinates": [-94.595229, 38.97056]}}, {"type": "Feature", "properties": {"stop_id": "5600154", "stop_name": "ON WORNALL AT 85TH NORTHBOUND", "route_count": 1, "frequent": false}, "geometry": {"type": "Point", "coordinates": [-94.595025, 38.974049]}}, {"type": "Feature", "properties": {"stop_id": "57181", "stop_name": "ON WORNALL AT 84TH TERR NORTHBOUND", "route_count": 1, "frequent": false}, "geometry": {"type": "Point", "coordinates": [-94.594968, 38.975413]}}, {"type": "Feature", "properties": {"stop_id": "5600157", "stop_name": "ON WORNALL AT 83RD TERRACE NORTHBOUND", "route_count": 1, "frequent": false}, "geometry": {"type": "Point", "coordinates": [-94.59488, 38.97711]}}, {"type": "Feature", "properties": {"stop_id": "5600158", "stop_name": "ON WORNALL AT 82ND NORTHBOUND NEARSIDE", "route_count": 1, "frequent": false}, "geometry": {"type": "Point", "coordinates": [-94.59476, 38.979525]}}, {"type": "Feature", "properties": {"stop_id": "5600159", "stop_name": "ON WORNALL AT 81ST NORTHBOUND NEARSIDE", "route_count": 1, "frequent": false}, "geometry": {"type": "Point", "coordinates": [-94.594667, 38.98125]}}, {"type": "Feature", "properties": {"stop_id": "5600160", "stop_name": "ON WORNALL AT 80TH NORTHBOUND NEARSIDE", "route_count": 1, "frequent": false}, "geometry": {"type": "Point", "coordinates": [-94.594579, 38.983138]}}, {"type": "Feature", "properties": {"stop_id": "5600161", "stop_name": "ON WORNALL AT 79TH NORTHBOUND NEARSIDE", "route_count": 1, "frequent": false}, "geometry": {"type": "Point", "coordinates": [-94.594501, 38.984897]}}, {"type": "Feature", "properties": {"stop_id": "5600162", "stop_name": "ON WORNALL AT 78TH NORTHBOUND", "route_count": 1, "frequent": false}, "geometry": {"type": "Point", "coordinates": [-94.594422, 38.986854]}}, {"type": "Feature", "properties": {"stop_id": "5600163", "stop_name": "ON WORNALL AT 77TH NORTHBOUND NEARSIDE", "route_count": 1, "frequent": false}, "geometry": {"type": "Point", "coordinates": [-94.594295, 38.988617]}}, {"type": "Feature", "properties": {"stop_id": "5600164", "stop_name": "ON WORNALL BETWEEN 76TH AND 75TH NORTHBOUND", "route_count": 1, "frequent": false}, "geometry": {"type": "Point", "coordinates": [-94.594235, 38.991891]}}, {"type": "Feature", "properties": {"stop_id": "6003", "stop_name": "BROOKSIDE @ GREGORY SB", "route_count": 1, "frequent": false}, "geometry": {"type": "Point", "coordinates": [-94.593349, 39.000168]}}, {"type": "Feature", "properties": {"stop_id": "5600061", "stop_name": "ON WORNALL BETWEEN 75TH AND 76TH SOUTHBOUND", "route_count": 1, "frequent": false}, "geometry": {"type": "Point", "coordinates": [-94.594372, 38.991811]}}, {"type": "Feature", "properties": {"stop_id": "5600062", "stop_name": "ON WORNALL AT 77TH SOUTHBOUND NEARSIDE", "route_count": 1, "frequent": false}, "geometry": {"type": "Point", "coordinates": [-94.59443, 38.988799]}}, {"type": "Feature", "properties": {"stop_id": "5600063", "stop_name": "ON WORNALL AT 78TH SOUTHBOUND", "route_count": 1, "frequent": false}, "geometry": {"type": "Point", "coordinates": [-94.594521, 38.986995]}}, {"type": "Feature", "properties": {"stop_id": "5600064", "stop_name": "ON WORNALL AT 79TH SOUTHBOUND FARSIDE", "route_count": 1, "frequent": false}, "geometry": {"type": "Point", "coordinates": [-94.594641, 38.984842]}}, {"type": "Feature", "properties": {"stop_id": "5600065", "stop_name": "ON WORNALL AT 80TH SOUTHBOUND NEARSIDE", "route_count": 1, "frequent": false}, "geometry": {"type": "Point", "coordinates": [-94.594722, 38.983126]}}, {"type": "Feature", "properties": {"stop_id": "5600067", "stop_name": "ON WORNALL AT 82ND SOUTHBOUND", "route_count": 1, "frequent": false}, "geometry": {"type": "Point", "coordinates": [-94.594927, 38.979368]}}, {"type": "Feature", "properties": {"stop_id": "5600068", "stop_name": "ON WORNALL AT 83RD TERRACE SOUTHBOUND", "route_count": 1, "frequent": false}, "geometry": {"type": "Point", "coordinates": [-94.595035, 38.976984]}}, {"type": "Feature", "properties": {"stop_id": "5600069", "stop_name": "ON WORNALL AT 84TH SOUTHBOUND", "route_count": 1, "frequent": false}, "geometry": {"type": "Point", "coordinates": [-94.595085, 38.976089]}}, {"type": "Feature", "properties": {"stop_id": "5600070", "stop_name": "ON WORNALL AT 84TH TERR SOUTHBOUND", "route_count": 1, "frequent": false}, "geometry": {"type": "Point", "coordinates": [-94.595117, 38.975283]}}, {"type": "Feature", "properties": {"stop_id": "5600071", "stop_name": "ON WORNALL AT 85TH SOUTHBOUND NEARSIDE", "route_count": 1, "frequent": false}, "geometry": {"type": "Point", "coordinates": [-94.595168, 38.974311]}}, {"type": "Feature", "properties": {"stop_id": "5600073", "stop_name": "ON WORNALL AT 87TH SOUTHBOUND", "route_count": 1, "frequent": false}, "geometry": {"type": "Point", "coordinates": [-94.59531, 38.971134]}}, {"type": "Feature", "properties": {"stop_id": "5600074", "stop_name": "ON WORNALL AT 88TH SOUTHBOUND", "route_count": 1, "frequent": false}, "geometry": {"type": "Point", "coordinates": [-94.595409, 38.969123]}}, {"type": "Feature", "properties": {"stop_id": "5600075", "stop_name": "ON WORNALL AT 89TH SOUTHBOUND NEARSIDE", "route_count": 1, "frequent": false}, "geometry": {"type": "Point", "coordinates": [-94.595491, 38.966995]}}, {"type": "Feature", "properties": {"stop_id": "5600076", "stop_name": "ON WORNALL AT 90TH SOUTHBOUND", "route_count": 1, "frequent": false}, "geometry": {"type": "Point", "coordinates": [-94.595555, 38.965404]}}, {"type": "Feature", "properties": {"stop_id": "5600077", "stop_name": "ON WORNALL AT 91ST SOUTHBOUND", "route_count": 1, "frequent": false}, "geometry": {"type": "Point", "coordinates": [-94.595632, 38.963354]}}, {"type": "Feature", "properties": {"stop_id": "5600078", "stop_name": "ON WORNALL AT 91ST TERRACE SOUTHBOUND", "route_count": 1, "frequent": false}, "geometry": {"type": "Point", "coordinates": [-94.595102, 38.961868]}}, {"type": "Feature", "properties": {"stop_id": "5700134", "stop_name": "ON WORNALL AT S  WARD PKWY SOUTHBOUND", "route_count": 1, "frequent": false}, "geometry": {"type": "Point", "coordinates": [-94.595871, 38.958987]}}, {"type": "Feature", "properties": {"stop_id": "1562501", "stop_name": "ON WORNALL AT 9450 WORNALL RD SOUTHBOUND", "route_count": 1, "frequent": false}, "geometry": {"type": "Point", "coordinates": [-94.59599, 38.957685]}}, {"type": "Feature", "properties": {"stop_id": "5600080", "stop_name": "ON WORNALL AT BANNISTER SOUTHBOUND", "route_count": 1, "frequent": false}, "geometry": {"type": "Point", "coordinates": [-94.596058, 38.956269]}}, {"type": "Feature", "properties": {"stop_id": "5600081", "stop_name": "ON WORNALL AT 96TH TERR SB", "route_count": 1, "frequent": false}, "geometry": {"type": "Point", "coordinates": [-94.596007, 38.953528]}}, {"type": "Feature", "properties": {"stop_id": "1562310", "stop_name": "ON WORNALL AT 97TH TER SOUTHBOUND", "route_count": 1, "frequent": false}, "geometry": {"type": "Point", "coordinates": [-94.596138, 38.951683]}}, {"type": "Feature", "properties": {"stop_id": "5600084", "stop_name": "ON WORNALL AT 98TH SOUTHBOUND", "route_count": 1, "frequent": false}, "geometry": {"type": "Point", "coordinates": [-94.596204, 38.950745]}}, {"type": "Feature", "properties": {"stop_id": "5600085", "stop_name": "ON WORNALL AT 99TH SOUTHBOUND", "route_count": 1, "frequent": false}, "geometry": {"type": "Point", "coordinates": [-94.596356, 38.948684]}}, {"type": "Feature", "properties": {"stop_id": "5600138", "stop_name": "ON WORNALL AT 100TH KINGSWOOD MANOR SOUTHBOUND", "route_count": 1, "frequent": false}, "geometry": {"type": "Point", "coordinates": [-94.596442, 38.946952]}}, {"type": "Feature", "properties": {"stop_id": "5600088", "stop_name": "ON WORNALL AT 101ST TERRACE SOUTHBOUND", "route_count": 1, "frequent": false}, "geometry": {"type": "Point", "coordinates": [-94.596541, 38.944485]}}, {"type": "Feature", "properties": {"stop_id": "5600089", "stop_name": "ON 103RD AT 400 W 103RD ST WESTBOUND", "route_count": 1, "frequent": false}, "geometry": {"type": "Point", "coordinates": [-94.597344, 38.941621]}}, {"type": "Feature", "properties": {"stop_id": "5600091", "stop_name": "ON 103RD AT 1120 W 103RD STREET WESTBOUND", "route_count": 1, "frequent": false}, "geometry": {"type": "Point", "coordinates": [-94.604143, 38.941919]}}, {"type": "Feature", "properties": {"stop_id": "5600094", "stop_name": "ON STATE LN AT 103RD TERRACE SOUTHBOUND", "route_count": 1, "frequent": false}, "geometry": {"type": "Point", "coordinates": [-94.608911, 38.940246]}}, {"type": "Feature", "properties": {"stop_id": "5600095", "stop_name": "ON CARONDELET AT STATE LINE EASTBOUND", "route_count": 1, "frequent": false}, "geometry": {"type": "Point", "coordinates": [-94.607373, 38.935117]}}, {"type": "Feature", "properties": {"stop_id": "5600096", "stop_name": "ON CARONDELET AT BLDG A EASTBOUND", "route_count": 1, "frequent": false}, "geometry": {"type": "Point", "coordinates": [-94.605713, 38.935299]}}, {"type": "Feature", "properties": {"stop_id": "1562305", "stop_name": "ON CARONDELET AT 621 NORTHBOUND", "route_count": 1, "frequent": false}, "geometry": {"type": "Point", "coordinates": [-94.60146, 38.935782]}}, {"type": "Feature", "properties": {"stop_id": "1562306", "stop_name": "ON CARONDELET AT JEFFERSON EASTBOUND", "route_count": 1, "frequent": false}, "geometry": {"type": "Point", "coordinates": [-94.59969, 38.936782]}}, {"type": "Feature", "properties": {"stop_id": "1562307", "stop_name": "ON CARONDELET AT WORNALL EASTBOUND", "route_count": 1, "frequent": false}, "geometry": {"type": "Point", "coordinates": [-94.596996, 38.936646]}}, {"type": "Feature", "properties": {"stop_id": "5610056", "stop_name": "ON WORNALL AT 106TH SOUTHBOUND", "route_count": 1, "frequent": false}, "geometry": {"type": "Point", "coordinates": [-94.596993, 38.935816]}}, {"type": "Feature", "properties": {"stop_id": "5610057", "stop_name": "ON WORNALL AT 107TH SOUTHBOUND FARSIDE", "route_count": 1, "frequent": false}, "geometry": {"type": "Point", "coordinates": [-94.596517, 38.934043]}}, {"type": "Feature", "properties": {"stop_id": "5600099", "stop_name": "ON WORNALL AT BRIDLSPUR TERR SOUTHBOUND", "route_count": 1, "frequent": false}, "geometry": {"type": "Point", "coordinates": [-94.596001, 38.933046]}}, {"type": "Feature", "properties": {"stop_id": "5610059", "stop_name": "ON WORNALL AT 108TH TERR SOUTHBOUND", "route_count": 1, "frequent": false}, "geometry": {"type": "Point", "coordinates": [-94.59532, 38.931724]}}, {"type": "Feature", "properties": {"stop_id": "5610060", "stop_name": "ON WORNALL AT 109TH ST SOUTHBOUND", "route_count": 1, "frequent": false}, "geometry": {"type": "Point", "coordinates": [-94.594104, 38.929365]}}, {"type": "Feature", "properties": {"stop_id": "5610061", "stop_name": "ON WORNALL AT 109TH TERR SOUTHBOUND", "route_count": 1, "frequent": false}, "geometry": {"type": "Point", "coordinates": [-94.593294, 38.92776]}}, {"type": "Feature", "properties": {"stop_id": "5610062", "stop_name": "ON RED BRIDGE AT WALNUT EB", "route_count": 1, "frequent": false}, "geometry": {"type": "Point", "coordinates": [-94.591492, 38.926321]}}, {"type": "Feature", "properties": {"stop_id": "5600105", "stop_name": "ON RED BRIDGE AT GRAND EASTBOUND", "route_count": 1, "frequent": false}, "geometry": {"type": "Point", "coordinates": [-94.590468, 38.926255]}}, {"type": "Feature", "properties": {"stop_id": "571717", "stop_name": "ON OAK AT RED BRIDGE SOUTHBOUND FARSIDE", "route_count": 1, "frequent": false}, "geometry": {"type": "Point", "coordinates": [-94.588183, 38.925769]}}, {"type": "Feature", "properties": {"stop_id": "571718", "stop_name": "ON OAK AT 112TH SOUTHBOUND FARSIDE", "route_count": 1, "frequent": false}, "geometry": {"type": "Point", "coordinates": [-94.588342, 38.92398]}}, {"type": "Feature", "properties": {"stop_id": "571719", "stop_name": "ON OAK AT MINOR SOUTHBOUND", "route_count": 1, "frequent": false}, "geometry": {"type": "Point", "coordinates": [-94.588498, 38.921645]}}, {"type": "Feature", "properties": {"stop_id": "571720", "stop_name": "ON MINOR AT 115TH SOUTHBOUND", "route_count": 1, "frequent": false}, "geometry": {"type": "Point", "coordinates": [-94.590046, 38.919086]}}, {"type": "Feature", "properties": {"stop_id": "571721", "stop_name": "ON WORNALL AT MINOR DR SOUTHBOUND", "route_count": 1, "frequent": false}, "geometry": {"type": "Point", "coordinates": [-94.593359, 38.91622]}}, {"type": "Feature", "properties": {"stop_id": "57173", "stop_name": "ON WORNALL AT CENTRAL SOUTHBOUND - AVILA COLLEGE", "route_count": 1, "frequent": false}, "geometry": {"type": "Point", "coordinates": [-94.593579, 38.913426]}}, {"type": "Feature", "properties": {"stop_id": "571722", "stop_name": "ON WORNALL AT SANTA FE TRAIL SOUTHBOUND", "route_count": 1, "frequent": false}, "geometry": {"type": "Point", "coordinates": [-94.593838, 38.910023]}}, {"type": "Feature", "properties": {"stop_id": "571723", "stop_name": "ON WORNALL AT 124TH ST SOUTHBOUND FARSIDE", "route_count": 1, "frequent": false}, "geometry": {"type": "Point", "coordinates": [-94.59442, 38.902573]}}, {"type": "Feature", "properties": {"stop_id": "571724", "stop_name": "ON WORNALL AT 125TH ST SOUTHBOUND", "route_count": 1, "frequent": false}, "geometry": {"type": "Point", "coordinates": [-94.594727, 38.898273]}}, {"type": "Feature", "properties": {"stop_id": "571725", "stop_name": "ON WORNALL AT WOODBRIDGE LANE SOUTHBOUND FARSIDE", "route_count": 1, "frequent": false}, "geometry": {"type": "Point", "coordinates": [-94.595052, 38.893785]}}, {"type": "Feature", "properties": {"stop_id": "571726", "stop_name": "ON WORNALL AT BLUE RIDGE BLVD SOUTHBOUND", "route_count": 1, "frequent": false}, "geometry": {"type": "Point", "coordinates": [-94.5953, 38.890309]}}, {"type": "Feature", "properties": {"stop_id": "571727", "stop_name": "ON WORNALL AT 133RD ST SOUTHBOUND", "route_count": 1, "frequent": false}, "geometry": {"type": "Point", "coordinates": [-94.595587, 38.886693]}}, {"type": "Feature", "properties": {"stop_id": "57172", "stop_name": "ON 135TH AT WORNALL WESTBOUND", "route_count": 1, "frequent": false}, "geometry": {"type": "Point", "coordinates": [-94.596766, 38.883023]}}, {"type": "Feature", "properties": {"stop_id": "571728", "stop_name": "ON W 135TH AT WASHINGTON/INVERNESS DR WESTBOUND", "route_count": 1, "frequent": false}, "geometry": {"type": "Point", "coordinates": [-94.600573, 38.883279]}}, {"type": "Feature", "properties": {"stop_id": "571818", "stop_name": "ON W 135TH ST AT MADISON WESTBOUND FARSIDE", "route_count": 1, "frequent": false}, "geometry": {"type": "Point", "coordinates": [-94.605655, 38.881573]}}, {"type": "Feature", "properties": {"stop_id": "5710090", "stop_name": "ON 63RD AT BROOKSIDE EASTBOUND", "route_count": 1, "frequent": false}, "geometry": {"type": "Point", "coordinates": [-94.591216, 39.013981]}}, {"type": "Feature", "properties": {"stop_id": "5700152", "stop_name": "ON 63RD AT MAIN EASTBOUND", "route_count": 1, "frequent": false}, "geometry": {"type": "Point", "coordinates": [-94.588497, 39.013832]}}, {"type": "Feature", "properties": {"stop_id": "5700153", "stop_name": "ON 63RD AT MORNINGSIDE EASTBOUND", "route_count": 1, "frequent": false}, "geometry": {"type": "Point", "coordinates": [-94.586213, 39.013721]}}, {"type": "Feature", "properties": {"stop_id": "6300058", "stop_name": "ON 63RD AT OAK EASTBOUND", "route_count": 1, "frequent": false}, "geometry": {"type": "Point", "coordinates": [-94.583905, 39.013609]}}, {"type": "Feature", "properties": {"stop_id": "6300059", "stop_name": "ON 63RD AT CHERRY EASTBOUND", "route_count": 1, "frequent": false}, "geometry": {"type": "Point", "coordinates": [-94.58167, 39.013491]}}, {"type": "Feature", "properties": {"stop_id": "6300060", "stop_name": "ON 63RD AT HOLMES EASTBOUND", "route_count": 1, "frequent": false}, "geometry": {"type": "Point", "coordinates": [-94.5793, 39.013418]}}, {"type": "Feature", "properties": {"stop_id": "6300061", "stop_name": "ON 63RD AT ROCKHILL EASTBOUND", "route_count": 1, "frequent": false}, "geometry": {"type": "Point", "coordinates": [-94.576651, 39.013296]}}, {"type": "Feature", "properties": {"stop_id": "6300062", "stop_name": "ON 63RD AT TROOST EASTBOUND", "route_count": 1, "frequent": false}, "geometry": {"type": "Point", "coordinates": [-94.574097, 39.01316]}}, {"type": "Feature", "properties": {"stop_id": "6300063", "stop_name": "ON 63RD BETWEEN TRACY AND PASEO EASTBOUND", "route_count": 1, "frequent": false}, "geometry": {"type": "Point", "coordinates": [-94.571312, 39.013073]}}, {"type": "Feature", "properties": {"stop_id": "6300064", "stop_name": "ON 63RD AT PASEO/BUSHMAN EASTBOUND", "route_count": 1, "frequent": false}, "geometry": {"type": "Point", "coordinates": [-94.568291, 39.012901]}}, {"type": "Feature", "properties": {"stop_id": "6300065", "stop_name": "ON 63RD AT WOODLAND EASTBOUND", "route_count": 1, "frequent": false}, "geometry": {"type": "Point", "coordinates": [-94.564868, 39.012824]}}, {"type": "Feature", "properties": {"stop_id": "6300066", "stop_name": "ON 63RD AT EUCLID EASTBOUND", "route_count": 1, "frequent": false}, "geometry": {"type": "Point", "coordinates": [-94.56315, 39.012749]}}, {"type": "Feature", "properties": {"stop_id": "6300067", "stop_name": "ON 63RD AT BROOKLYN EASTBOUND", "route_count": 1, "frequent": false}, "geometry": {"type": "Point", "coordinates": [-94.560876, 39.012648]}}, {"type": "Feature", "properties": {"stop_id": "6300068", "stop_name": "ON 63RD AT PARK EASTBOUND", "route_count": 1, "frequent": false}, "geometry": {"type": "Point", "coordinates": [-94.559554, 39.012595]}}, {"type": "Feature", "properties": {"stop_id": "6300069", "stop_name": "ON 63RD AT PROSPECT EASTBOUND", "route_count": 1, "frequent": false}, "geometry": {"type": "Point", "coordinates": [-94.556306, 39.012397]}}, {"type": "Feature", "properties": {"stop_id": "6300070", "stop_name": "ON 63RD AT SOUTH BENTON EASTBOUND", "route_count": 1, "frequent": false}, "geometry": {"type": "Point", "coordinates": [-94.552522, 39.01223]}}, {"type": "Feature", "properties": {"stop_id": "6300071", "stop_name": "ON 63RD STREET AT BELLEFONTAINE EB", "route_count": 1, "frequent": false}, "geometry": {"type": "Point", "coordinates": [-94.550489, 39.012147]}}, {"type": "Feature", "properties": {"stop_id": "6300072", "stop_name": "ON 63RD AT COLLEGE EASTBOUND", "route_count": 1, "frequent": false}, "geometry": {"type": "Point", "coordinates": [-94.549303, 39.012151]}}, {"type": "Feature", "properties": {"stop_id": "6300074", "stop_name": "ON 63RD AT INDIANA EASTBOUND", "route_count": 1, "frequent": false}, "geometry": {"type": "Point", "coordinates": [-94.546966, 39.012046]}}, {"type": "Feature", "properties": {"stop_id": "6300097", "stop_name": "ON 63RD AT SOUTHEAST COMMUNITY CTR EB", "route_count": 1, "frequent": false}, "geometry": {"type": "Point", "coordinates": [-94.54449, 39.011895]}}, {"type": "Feature", "properties": {"stop_id": "6300076", "stop_name": "ON 63RD AT SWOPE PKWY EASTBOUND", "route_count": 1, "frequent": false}, "geometry": {"type": "Point", "coordinates": [-94.542528, 39.011776]}}, {"type": "Feature", "properties": {"stop_id": "6300077", "stop_name": "ON 63RD AT JACKSON EASTBOUND", "route_count": 1, "frequent": false}, "geometry": {"type": "Point", "coordinates": [-94.537673, 39.011442]}}, {"type": "Feature", "properties": {"stop_id": "1750118", "stop_name": "ON 63RD AT ELMWOOD EASTBOUND", "route_count": 1, "frequent": false}, "geometry": {"type": "Point", "coordinates": [-94.532968, 39.012082]}}, {"type": "Feature", "properties": {"stop_id": "1632302", "stop_name": "ON 63RD BETW YATES AND MANCHESTER EASTBOUND", "route_count": 1, "frequent": false}, "geometry": {"type": "Point", "coordinates": [-94.529809, 39.012872]}}, {"type": "Feature", "properties": {"stop_id": "1632300", "stop_name": "ON 63RD AT MANCHESTER TRAFFICWAY EASTBOUND", "route_count": 1, "frequent": false}, "geometry": {"type": "Point", "coordinates": [-94.528036, 39.013481]}}, {"type": "Feature", "properties": {"stop_id": "6300083", "stop_name": "ON 63RD AT LEWIS RD EASTBOUND", "route_count": 1, "frequent": false}, "geometry": {"type": "Point", "coordinates": [-94.521204, 39.014614]}}, {"type": "Feature", "properties": {"stop_id": "6300085", "stop_name": "ON 63RD AT WINCHESTER EASTBOUND", "route_count": 1, "frequent": false}, "geometry": {"type": "Point", "coordinates": [-94.506236, 39.012244]}}, {"type": "Feature", "properties": {"stop_id": "163151", "stop_name": "ON 63RD ST AT BLUE RIDGE CUTOFF", "route_count": 1, "frequent": false}, "geometry": {"type": "Point", "coordinates": [-94.482135, 39.009494]}}, {"type": "Feature", "properties": {"stop_id": "6300003", "stop_name": "ON BLUE RIDGE BETWEEN 63RD & 63TER SB", "route_count": 1, "frequent": false}, "geometry": {"type": "Point", "coordinates": [-94.482099, 39.008668]}}, {"type": "Feature", "properties": {"stop_id": "1632501", "stop_name": "ON BLUE RIDGE CUTOFF AT BLUE RIDGE SB", "route_count": 1, "frequent": false}, "geometry": {"type": "Point", "coordinates": [-94.4822, 39.004514]}}, {"type": "Feature", "properties": {"stop_id": "1632301", "stop_name": "ON 67TH AT BLUE RIDGE WESTBOUND", "route_count": 1, "frequent": false}, "geometry": {"type": "Point", "coordinates": [-94.482577, 39.002459]}}, {"type": "Feature", "properties": {"stop_id": "6300007", "stop_name": "ON 67TH AT BOOTH WESTBOUND", "route_count": 1, "frequent": false}, "geometry": {"type": "Point", "coordinates": [-94.487333, 39.002647]}}, {"type": "Feature", "properties": {"stop_id": "6300008", "stop_name": "ON 67TH AT JAMES A. REED WESTBOUND", "route_count": 1, "frequent": false}, "geometry": {"type": "Point", "coordinates": [-94.491414, 39.002795]}}, {"type": "Feature", "properties": {"stop_id": "6300089", "stop_name": "ON 67TH AT MANCHESTER WESTBOUND", "route_count": 1, "frequent": false}, "geometry": {"type": "Point", "coordinates": [-94.495999, 39.002923]}}, {"type": "Feature", "properties": {"stop_id": "6300088", "stop_name": "ON MANCHESTER AT 66TH NORTHBOUND", "route_count": 1, "frequent": false}, "geometry": {"type": "Point", "coordinates": [-94.496064, 39.004532]}}, {"type": "Feature", "properties": {"stop_id": "6300087", "stop_name": "ON MANCHESTER AT 6392 MANCHESTER NB", "route_count": 1, "frequent": false}, "geometry": {"type": "Point", "coordinates": [-94.495876, 39.008112]}}, {"type": "Feature", "properties": {"stop_id": "6300100", "stop_name": "ON MANCHESTER AT 63RD NORTHBOUND", "route_count": 1, "frequent": false}, "geometry": {"type": "Point", "coordinates": [-94.495784, 39.010248]}}, {"type": "Feature", "properties": {"stop_id": "163154", "stop_name": "ON WINCHESTER AT 63RD ST SB", "route_count": 1, "frequent": false}, "geometry": {"type": "Point", "coordinates": [-94.506335, 39.01201]}}, {"type": "Feature", "properties": {"stop_id": "6300015", "stop_name": "ON 63RD AT LEWIS RD WESTBOUND", "route_count": 1, "frequent": false}, "geometry": {"type": "Point", "coordinates": [-94.521182, 39.014847]}}, {"type": "Feature", "properties": {"stop_id": "6300016", "stop_name": "ON 63RD AT MANCHESTER TFWY WESTBOUND", "route_count": 1, "frequent": false}, "geometry": {"type": "Point", "coordinates": [-94.527256, 39.013727]}}, {"type": "Feature", "properties": {"stop_id": "1632304", "stop_name": "ON 63RD ST BETWEEN MANCHESTER AND ELMWOOD WB", "route_count": 1, "frequent": false}, "geometry": {"type": "Point", "coordinates": [-94.529519, 39.01319]}}, {"type": "Feature", "properties": {"stop_id": "6300017", "stop_name": "ON 63RD AT ELMWOOD WESTBOUND", "route_count": 1, "frequent": false}, "geometry": {"type": "Point", "coordinates": [-94.532733, 39.012289]}}, {"type": "Feature", "properties": {"stop_id": "1750003", "stop_name": "ON 63RD AT JACKSON WESTBOUND", "route_count": 1, "frequent": false}, "geometry": {"type": "Point", "coordinates": [-94.537447, 39.011737]}}, {"type": "Feature", "properties": {"stop_id": "6300021", "stop_name": "ON 63RD AT SWOPE PKWY WESTBOUND", "route_count": 1, "frequent": false}, "geometry": {"type": "Point", "coordinates": [-94.542476, 39.011964]}}, {"type": "Feature", "properties": {"stop_id": "6300022", "stop_name": "ON 63RD AT 3630 EAST 63RD ST WESTBOUND", "route_count": 1, "frequent": false}, "geometry": {"type": "Point", "coordinates": [-94.544303, 39.012054]}}, {"type": "Feature", "properties": {"stop_id": "6300023", "stop_name": "ON 63RD AT INDIANA WESTBOUND", "route_count": 1, "frequent": false}, "geometry": {"type": "Point", "coordinates": [-94.546723, 39.012118]}}, {"type": "Feature", "properties": {"stop_id": "6300026", "stop_name": "ON 63RD STREET AT BELLEFONTAINE WB", "route_count": 1, "frequent": false}, "geometry": {"type": "Point", "coordinates": [-94.550196, 39.012299]}}, {"type": "Feature", "properties": {"stop_id": "6300027", "stop_name": "ON 63RD AT SOUTH BENTON WESTBOUND", "route_count": 1, "frequent": false}, "geometry": {"type": "Point", "coordinates": [-94.552445, 39.012349]}}, {"type": "Feature", "properties": {"stop_id": "6300028", "stop_name": "ON 63RD AT PROSPECT WESTBOUND", "route_count": 1, "frequent": false}, "geometry": {"type": "Point", "coordinates": [-94.556051, 39.012588]}}, {"type": "Feature", "properties": {"stop_id": "6300029", "stop_name": "ON 63RD AT PARK WESTBOUND", "route_count": 1, "frequent": false}, "geometry": {"type": "Point", "coordinates": [-94.559343, 39.012672]}}, {"type": "Feature", "properties": {"stop_id": "6300030", "stop_name": "ON 63RD AT BROOKLYN WESTBOUND", "route_count": 1, "frequent": false}, "geometry": {"type": "Point", "coordinates": [-94.56052, 39.012723]}}, {"type": "Feature", "properties": {"stop_id": "6300031", "stop_name": "ON 63RD AT EUCLID WESTBOUND", "route_count": 1, "frequent": false}, "geometry": {"type": "Point", "coordinates": [-94.562928, 39.012816]}}, {"type": "Feature", "properties": {"stop_id": "6300032", "stop_name": "ON 63RD AT CITADEL WESTBOUND", "route_count": 1, "frequent": false}, "geometry": {"type": "Point", "coordinates": [-94.564846, 39.012914]}}, {"type": "Feature", "properties": {"stop_id": "6300033", "stop_name": "ON 63RD AT BUSHMAN WESTBOUND", "route_count": 1, "frequent": false}, "geometry": {"type": "Point", "coordinates": [-94.566135, 39.012999]}}, {"type": "Feature", "properties": {"stop_id": "6300034", "stop_name": "ON 63RD AT PASEO WESTBOUND", "route_count": 1, "frequent": false}, "geometry": {"type": "Point", "coordinates": [-94.568062, 39.013059]}}, {"type": "Feature", "properties": {"stop_id": "1632305", "stop_name": "ON 63RD ST BETWEEN PASEO AND TRACY WESTBOUND", "route_count": 1, "frequent": false}, "geometry": {"type": "Point", "coordinates": [-94.571296, 39.01319]}}, {"type": "Feature", "properties": {"stop_id": "6300035", "stop_name": "ON 63RD AT TRACY WESTBOUND", "route_count": 1, "frequent": false}, "geometry": {"type": "Point", "coordinates": [-94.572474, 39.013217]}}, {"type": "Feature", "properties": {"stop_id": "6300036", "stop_name": "ON 63RD AT TROOST WESTBOUND", "route_count": 1, "frequent": false}, "geometry": {"type": "Point", "coordinates": [-94.574436, 39.013294]}}, {"type": "Feature", "properties": {"stop_id": "6300037", "stop_name": "ON 63RD AT ROCKHILL WB", "route_count": 1, "frequent": false}, "geometry": {"type": "Point", "coordinates": [-94.576751, 39.013401]}}, {"type": "Feature", "properties": {"stop_id": "6300038", "stop_name": "ON 63RD AT HOLMES WESTBOUND", "route_count": 1, "frequent": false}, "geometry": {"type": "Point", "coordinates": [-94.579081, 39.013511]}}, {"type": "Feature", "properties": {"stop_id": "6300039", "stop_name": "ON 63RD AT CHERRY WESTBOUND", "route_count": 1, "frequent": false}, "geometry": {"type": "Point", "coordinates": [-94.580242, 39.013534]}}, {"type": "Feature", "properties": {"stop_id": "6300040", "stop_name": "ON 63RD AT OAK WESTBOUND", "route_count": 1, "frequent": false}, "geometry": {"type": "Point", "coordinates": [-94.583901, 39.013691]}}, {"type": "Feature", "properties": {"stop_id": "5710027", "stop_name": "ON 63RD AT MORNINGSIDE WESTBOUND", "route_count": 1, "frequent": false}, "geometry": {"type": "Point", "coordinates": [-94.585998, 39.013792]}}, {"type": "Feature", "properties": {"stop_id": "6300042", "stop_name": "ON 63RD AT MAIN WESTBOUND", "route_count": 1, "frequent": false}, "geometry": {"type": "Point", "coordinates": [-94.588279, 39.013897]}}, {"type": "Feature", "properties": {"stop_id": "712401", "stop_name": "ON PROSPECT AT 75TH TRANSIT CENTER NORTHBOUND", "route_count": 2, "frequent": false}, "geometry": {"type": "Point", "coordinates": [-94.55723, 38.990374]}}, {"type": "Feature", "properties": {"stop_id": "7100013", "stop_name": "ON PROSPECT AT 74TH NORTHBOUND", "route_count": 1, "frequent": false}, "geometry": {"type": "Point", "coordinates": [-94.55713, 38.992501]}}, {"type": "Feature", "properties": {"stop_id": "7100017", "stop_name": "ON PROSPECT AT 70TH NORTHBOUND", "route_count": 1, "frequent": false}, "geometry": {"type": "Point", "coordinates": [-94.55675, 38.999758]}}, {"type": "Feature", "properties": {"stop_id": "7100020", "stop_name": "ON PROSPECT AT 67TH NORTHBOUND", "route_count": 1, "frequent": false}, "geometry": {"type": "Point", "coordinates": [-94.556478, 39.005187]}}, {"type": "Feature", "properties": {"stop_id": "7100024", "stop_name": "ON PROSPECT 6407 PROSPECT NORTHBOUND", "route_count": 1, "frequent": false}, "geometry": {"type": "Point", "coordinates": [-94.556211, 39.010271]}}, {"type": "Feature", "properties": {"stop_id": "7100028", "stop_name": "ON PROSPECT 6025 PROSPECT NORTHBOUND", "route_count": 1, "frequent": false}, "geometry": {"type": "Point", "coordinates": [-94.555906, 39.016708]}}, {"type": "Feature", "properties": {"stop_id": "71192", "stop_name": "ON PROSPECT AT 58TH NORTHBOUND NEARISDE", "route_count": 1, "frequent": false}, "geometry": {"type": "Point", "coordinates": [-94.555468, 39.021008]}}, {"type": "Feature", "properties": {"stop_id": "7100032", "stop_name": "ON PROSPECT AT 57TH NORTHBOUND", "route_count": 1, "frequent": false}, "geometry": {"type": "Point", "coordinates": [-94.555337, 39.022815]}}, {"type": "Feature", "properties": {"stop_id": "7100033", "stop_name": "ON PROSPECT AT 56TH NORTHBOUND", "route_count": 1, "frequent": false}, "geometry": {"type": "Point", "coordinates": [-94.555224, 39.024625]}}, {"type": "Feature", "properties": {"stop_id": "7100035", "stop_name": "ON PROSPECT AT 54TH NORTHBOUND", "route_count": 1, "frequent": false}, "geometry": {"type": "Point", "coordinates": [-94.555001, 39.028259]}}, {"type": "Feature", "properties": {"stop_id": "7100036", "stop_name": "ON PROSPECT AT 53RD NB", "route_count": 1, "frequent": false}, "geometry": {"type": "Point", "coordinates": [-94.5549, 39.03004]}}, {"type": "Feature", "properties": {"stop_id": "7100037", "stop_name": "ON PROSPECT AT 52ND NORTHBOUND", "route_count": 1, "frequent": false}, "geometry": {"type": "Point", "coordinates": [-94.554794, 39.031842]}}, {"type": "Feature", "properties": {"stop_id": "7100039", "stop_name": "ON PROSPECT AT 50TH NORTHBOUND", "route_count": 1, "frequent": false}, "geometry": {"type": "Point", "coordinates": [-94.554579, 39.035457]}}, {"type": "Feature", "properties": {"stop_id": "7100041", "stop_name": "ON PROSPECT AT CLEAVER II BLVD NB", "route_count": 1, "frequent": false}, "geometry": {"type": "Point", "coordinates": [-94.554283, 39.041218]}}, {"type": "Feature", "properties": {"stop_id": "7100042", "stop_name": "ON PROSPECT AT 46TH NORTHBOUND", "route_count": 1, "frequent": false}, "geometry": {"type": "Point", "coordinates": [-94.554199, 39.042666]}}, {"type": "Feature", "properties": {"stop_id": "7100044", "stop_name": "ON PROSPECT AT 44TH NORTHBOUND", "route_count": 1, "frequent": false}, "geometry": {"type": "Point", "coordinates": [-94.553994, 39.046295]}}, {"type": "Feature", "properties": {"stop_id": "712301", "stop_name": "ON PROSPECT AT 42ND NORTHBOUND", "route_count": 1, "frequent": false}, "geometry": {"type": "Point", "coordinates": [-94.55381, 39.049914]}}, {"type": "Feature", "properties": {"stop_id": "7100046", "stop_name": "ON PROSPECT AT 41ST NORTHBOUND", "route_count": 1, "frequent": false}, "geometry": {"type": "Point", "coordinates": [-94.553713, 39.051757]}}, {"type": "Feature", "properties": {"stop_id": "7100047", "stop_name": "ON PROSPECT AT 40TH NORTHBOUND", "route_count": 1, "frequent": false}, "geometry": {"type": "Point", "coordinates": [-94.553622, 39.053543]}}, {"type": "Feature", "properties": {"stop_id": "7100050", "stop_name": "ON PROSPECT AT 37TH NORTHBOUND", "route_count": 1, "frequent": false}, "geometry": {"type": "Point", "coordinates": [-94.553307, 39.059263]}}, {"type": "Feature", "properties": {"stop_id": "7100053", "stop_name": "ON PROSPECT AT 34TH NORTHBOUND", "route_count": 1, "frequent": false}, "geometry": {"type": "Point", "coordinates": [-94.553036, 39.064313]}}, {"type": "Feature", "properties": {"stop_id": "7100055", "stop_name": "ON PROSPECT AT LINWOOD NORTHBOUND", "route_count": 1, "frequent": false}, "geometry": {"type": "Point", "coordinates": [-94.552859, 39.067943]}}, {"type": "Feature", "properties": {"stop_id": "7100058", "stop_name": "ON PROSPECT AT 29TH NORTHBOUND", "route_count": 1, "frequent": false}, "geometry": {"type": "Point", "coordinates": [-94.552616, 39.072843]}}, {"type": "Feature", "properties": {"stop_id": "7100059", "stop_name": "ON PROSPECT AT VICTOR NORTHBOUND", "route_count": 1, "frequent": false}, "geometry": {"type": "Point", "coordinates": [-94.55258, 39.073727]}}, {"type": "Feature", "properties": {"stop_id": "7100064", "stop_name": "ON PROSPECT AT 25TH NORTHBOUND", "route_count": 1, "frequent": false}, "geometry": {"type": "Point", "coordinates": [-94.55226, 39.080639]}}, {"type": "Feature", "properties": {"stop_id": "7100065", "stop_name": "ON PROSPECT AT 24TH TERRACE NORTHBOUND", "route_count": 1, "frequent": false}, "geometry": {"type": "Point", "coordinates": [-94.552196, 39.081714]}}, {"type": "Feature", "properties": {"stop_id": "7100066", "stop_name": "ON PROSPECT AT 24TH NORTHBOUND", "route_count": 1, "frequent": false}, "geometry": {"type": "Point", "coordinates": [-94.552147, 39.08302]}}, {"type": "Feature", "properties": {"stop_id": "7100069", "stop_name": "ON PROSPECT AT 21ST NORTHBOUND", "route_count": 1, "frequent": false}, "geometry": {"type": "Point", "coordinates": [-94.551978, 39.086623]}}, {"type": "Feature", "properties": {"stop_id": "7100070", "stop_name": "ON PROSPECT AT 20TH NORTHBOUND", "route_count": 1, "frequent": false}, "geometry": {"type": "Point", "coordinates": [-94.551909, 39.087956]}}, {"type": "Feature", "properties": {"stop_id": "7100072", "stop_name": "ON PROSPECT AT 16TH NORTHBOUND", "route_count": 1, "frequent": false}, "geometry": {"type": "Point", "coordinates": [-94.551644, 39.093094]}}, {"type": "Feature", "properties": {"stop_id": "208", "stop_name": "EAST VILLAGE - BAY K", "route_count": 1, "frequent": false}, "geometry": {"type": "Point", "coordinates": [-94.57382, 39.099667]}}, {"type": "Feature", "properties": {"stop_id": "7100132", "stop_name": "ON TRUMAN AT PASEO EASTBOUND FARSIDE", "route_count": 1, "frequent": false}, "geometry": {"type": "Point", "coordinates": [-94.56243, 39.095044]}}, {"type": "Feature", "properties": {"stop_id": "7100139", "stop_name": "ON PROSPECT AT 16TH SOUTHBOUND", "route_count": 1, "frequent": false}, "geometry": {"type": "Point", "coordinates": [-94.551769, 39.093642]}}, {"type": "Feature", "properties": {"stop_id": "7100141", "stop_name": "ON PROSPECT AT 20TH SOUTHBOUND", "route_count": 1, "frequent": false}, "geometry": {"type": "Point", "coordinates": [-94.552029, 39.088166]}}, {"type": "Feature", "properties": {"stop_id": "7100142", "stop_name": "ON PROSPECT AT 21ST SOUTHBOUND", "route_count": 1, "frequent": false}, "geometry": {"type": "Point", "coordinates": [-94.552109, 39.086824]}}, {"type": "Feature", "properties": {"stop_id": "7100145", "stop_name": "ON PROSPECT AT 24TH SOUTHBOUND", "route_count": 1, "frequent": false}, "geometry": {"type": "Point", "coordinates": [-94.552292, 39.083225]}}, {"type": "Feature", "properties": {"stop_id": "712501", "stop_name": "ON PROPSECT AT 24TH TERR SB", "route_count": 1, "frequent": false}, "geometry": {"type": "Point", "coordinates": [-94.552359, 39.081628]}}, {"type": "Feature", "properties": {"stop_id": "7100146", "stop_name": "ON PROSPECT AT 25TH SOUTHBOUND", "route_count": 1, "frequent": false}, "geometry": {"type": "Point", "coordinates": [-94.552395, 39.080829]}}, {"type": "Feature", "properties": {"stop_id": "7100150", "stop_name": "ON PROSPECT AT 29TH SOUTHBOUND", "route_count": 1, "frequent": false}, "geometry": {"type": "Point", "coordinates": [-94.552742, 39.07358]}}, {"type": "Feature", "properties": {"stop_id": "7100153", "stop_name": "ON PROSPECT AT LINWOOD SOUTHBOUND", "route_count": 1, "frequent": false}, "geometry": {"type": "Point", "coordinates": [-94.553017, 39.067871]}}, {"type": "Feature", "properties": {"stop_id": "7100155", "stop_name": "ON PROSPECT AT 34TH SOUTHBOUND", "route_count": 1, "frequent": false}, "geometry": {"type": "Point", "coordinates": [-94.553197, 39.064557]}}, {"type": "Feature", "properties": {"stop_id": "7100159", "stop_name": "ON PROSPECT AT 37TH SOUTHBOUND", "route_count": 1, "frequent": false}, "geometry": {"type": "Point", "coordinates": [-94.553455, 39.059201]}}, {"type": "Feature", "properties": {"stop_id": "7100162", "stop_name": "ON PROSPECT AT 40TH SOUTHBOUND", "route_count": 1, "frequent": false}, "geometry": {"type": "Point", "coordinates": [-94.553757, 39.0537]}}, {"type": "Feature", "properties": {"stop_id": "7100163", "stop_name": "ON PROSPECT AT 41ST SOUTHBOUND", "route_count": 1, "frequent": false}, "geometry": {"type": "Point", "coordinates": [-94.553844, 39.051965]}}, {"type": "Feature", "properties": {"stop_id": "7100164", "stop_name": "ON PROSPECT AT 42ND SOUTHBOUND", "route_count": 1, "frequent": false}, "geometry": {"type": "Point", "coordinates": [-94.553956, 39.050174]}}, {"type": "Feature", "properties": {"stop_id": "7100166", "stop_name": "ON PROSPECT AT 44TH SOUTHBOUND", "route_count": 1, "frequent": false}, "geometry": {"type": "Point", "coordinates": [-94.554155, 39.046591]}}, {"type": "Feature", "properties": {"stop_id": "7100168", "stop_name": "ON PROSPECT AT 46TH SOUTHBOUND", "route_count": 1, "frequent": false}, "geometry": {"type": "Point", "coordinates": [-94.554338, 39.042923]}}, {"type": "Feature", "properties": {"stop_id": "7100169", "stop_name": "ON PROSPECT AT CLEAVER II BLVD SB", "route_count": 1, "frequent": false}, "geometry": {"type": "Point", "coordinates": [-94.554436, 39.041232]}}, {"type": "Feature", "properties": {"stop_id": "7100171", "stop_name": "ON PROSPECT AT 50TH SOUTHBOUND", "route_count": 1, "frequent": false}, "geometry": {"type": "Point", "coordinates": [-94.554711, 39.035433]}}, {"type": "Feature", "properties": {"stop_id": "7100173", "stop_name": "ON PROSPECT AT 52ND SOUTHBOUND", "route_count": 1, "frequent": false}, "geometry": {"type": "Point", "coordinates": [-94.554918, 39.032051]}}, {"type": "Feature", "properties": {"stop_id": "7100174", "stop_name": "ON PROSPECT AT 53RD SOUTHBOUND", "route_count": 1, "frequent": false}, "geometry": {"type": "Point", "coordinates": [-94.555025, 39.030225]}}, {"type": "Feature", "properties": {"stop_id": "7100175", "stop_name": "ON PROSPECT AT 54TH SOUTHBOUND", "route_count": 1, "frequent": false}, "geometry": {"type": "Point", "coordinates": [-94.555126, 39.028444]}}, {"type": "Feature", "properties": {"stop_id": "7100177", "stop_name": "ON PROSPECT AT 56TH SOUTHBOUND", "route_count": 1, "frequent": false}, "geometry": {"type": "Point", "coordinates": [-94.555349, 39.02481]}}, {"type": "Feature", "properties": {"stop_id": "7100178", "stop_name": "ON PROSPECT AT 57TH SOUTHBOUND", "route_count": 1, "frequent": false}, "geometry": {"type": "Point", "coordinates": [-94.555458, 39.023]}}, {"type": "Feature", "properties": {"stop_id": "71911", "stop_name": "ON PROSPECT AT 58TH SOUTHBOUND NEARSIDE", "route_count": 1, "frequent": false}, "geometry": {"type": "Point", "coordinates": [-94.555589, 39.021196]}}, {"type": "Feature", "properties": {"stop_id": "7100182", "stop_name": "ON PROSPECT AT 6024 SOUTHBOUND", "route_count": 1, "frequent": false}, "geometry": {"type": "Point", "coordinates": [-94.556024, 39.016961]}}, {"type": "Feature", "properties": {"stop_id": "7100186", "stop_name": "ON PROSPECT AT 64TH SOUTHBOUND", "route_count": 1, "frequent": false}, "geometry": {"type": "Point", "coordinates": [-94.55635, 39.010245]}}, {"type": "Feature", "properties": {"stop_id": "7100190", "stop_name": "ON PROSPECT AT 67TH SOUTHBOUND", "route_count": 1, "frequent": false}, "geometry": {"type": "Point", "coordinates": [-94.556603, 39.005372]}}, {"type": "Feature", "properties": {"stop_id": "7100193", "stop_name": "ON PROSPECT AT 70TH SOUTHBOUND", "route_count": 1, "frequent": false}, "geometry": {"type": "Point", "coordinates": [-94.556875, 38.999943]}}, {"type": "Feature", "properties": {"stop_id": "7100197", "stop_name": "ON PROSPECT AT 74TH SOUTHBOUND", "route_count": 1, "frequent": false}, "geometry": {"type": "Point", "coordinates": [-94.557257, 38.992687]}}, {"type": "Feature", "properties": {"stop_id": "5100005", "stop_name": "ON STATE LINE AT 88TH NORTHBOUND", "route_count": 2, "frequent": false}, "geometry": {"type": "Point", "coordinates": [-94.607989, 38.968486]}}, {"type": "Feature", "properties": {"stop_id": "1750066", "stop_name": "ON STATE LINE BTWN AT 85TH TERR & 85TH ST NB", "route_count": 2, "frequent": false}, "geometry": {"type": "Point", "coordinates": [-94.608107, 38.974291]}}, {"type": "Feature", "properties": {"stop_id": "1750067", "stop_name": "ON STATE LINE AT 84TH NORTHBOUND", "route_count": 1, "frequent": false}, "geometry": {"type": "Point", "coordinates": [-94.60821, 38.97648]}}, {"type": "Feature", "properties": {"stop_id": "1750068", "stop_name": "ON STATE LINE AT 83RD NORTHBOUND", "route_count": 1, "frequent": false}, "geometry": {"type": "Point", "coordinates": [-94.608314, 38.978568]}}, {"type": "Feature", "properties": {"stop_id": "1750069", "stop_name": "ON STATE LINE AT 82ND SPRINT NORTHBOUND", "route_count": 1, "frequent": false}, "geometry": {"type": "Point", "coordinates": [-94.608263, 38.980221]}}, {"type": "Feature", "properties": {"stop_id": "1750070", "stop_name": "ON STATE LINE AT 8015 NORTHBOUND", "route_count": 1, "frequent": false}, "geometry": {"type": "Point", "coordinates": [-94.608184, 38.983417]}}, {"type": "Feature", "properties": {"stop_id": "1750071", "stop_name": "ON STATE LINE AT 79TH NB", "route_count": 1, "frequent": false}, "geometry": {"type": "Point", "coordinates": [-94.608066, 38.98521]}}, {"type": "Feature", "properties": {"stop_id": "1750072", "stop_name": "ON STATE LINE AT MEADOWLAKE TERR NORTHBOUND", "route_count": 1, "frequent": false}, "geometry": {"type": "Point", "coordinates": [-94.607937, 38.987588]}}, {"type": "Feature", "properties": {"stop_id": "1750073", "stop_name": "ON STATE LINE AT MEADOWLAKE NORTHBOUND", "route_count": 1, "frequent": false}, "geometry": {"type": "Point", "coordinates": [-94.607912, 38.989864]}}, {"type": "Feature", "properties": {"stop_id": "1750074", "stop_name": "ON 75TH AT STATE LINE EASTBOUND", "route_count": 1, "frequent": false}, "geometry": {"type": "Point", "coordinates": [-94.60736, 38.992897]}}, {"type": "Feature", "properties": {"stop_id": "1750076", "stop_name": "ON 75TH AT WARD PKWY EASTBOUND", "route_count": 1, "frequent": false}, "geometry": {"type": "Point", "coordinates": [-94.603934, 38.992791]}}, {"type": "Feature", "properties": {"stop_id": "1750077", "stop_name": "ON 75TH AT MADISON EASTBOUND", "route_count": 1, "frequent": false}, "geometry": {"type": "Point", "coordinates": [-94.600888, 38.992668]}}, {"type": "Feature", "properties": {"stop_id": "1750078", "stop_name": "ON 75TH AT JEFFERSON EASTBOUND", "route_count": 1, "frequent": false}, "geometry": {"type": "Point", "coordinates": [-94.597424, 38.992515]}}, {"type": "Feature", "properties": {"stop_id": "1750080", "stop_name": "ON 75TH AT BROADWAY EB", "route_count": 1, "frequent": false}, "geometry": {"type": "Point", "coordinates": [-94.593703, 38.992282]}}, {"type": "Feature", "properties": {"stop_id": "1750081", "stop_name": "ON 75TH AT WYANDOTTE EASTBOUND", "route_count": 1, "frequent": false}, "geometry": {"type": "Point", "coordinates": [-94.591989, 38.992196]}}, {"type": "Feature", "properties": {"stop_id": "57101", "stop_name": "ON 75TH AT MAIN EB", "route_count": 1, "frequent": false}, "geometry": {"type": "Point", "coordinates": [-94.589652, 38.992097]}}, {"type": "Feature", "properties": {"stop_id": "5700199", "stop_name": "ON 75TH AT GRAND EASTBOUND", "route_count": 1, "frequent": false}, "geometry": {"type": "Point", "coordinates": [-94.587357, 38.991986]}}, {"type": "Feature", "properties": {"stop_id": "1750084", "stop_name": "ON 75TH AT OAK EASTBOUND", "route_count": 1, "frequent": false}, "geometry": {"type": "Point", "coordinates": [-94.585071, 38.991899]}}, {"type": "Feature", "properties": {"stop_id": "1750086", "stop_name": "ON 75TH AT HOLMES EASTBOUND", "route_count": 1, "frequent": false}, "geometry": {"type": "Point", "coordinates": [-94.580402, 38.991684]}}, {"type": "Feature", "properties": {"stop_id": "1750088", "stop_name": "ON 75TH AT TROOST EASTBOUND", "route_count": 1, "frequent": false}, "geometry": {"type": "Point", "coordinates": [-94.575833, 38.991516]}}, {"type": "Feature", "properties": {"stop_id": "1750090", "stop_name": "ON 75TH AT LYDIA EASTBOUND", "route_count": 1, "frequent": false}, "geometry": {"type": "Point", "coordinates": [-94.571186, 38.991363]}}, {"type": "Feature", "properties": {"stop_id": "1750091", "stop_name": "ON 75TH BETWEEN WAYNE & HIGHLAND EB", "route_count": 1, "frequent": false}, "geometry": {"type": "Point", "coordinates": [-94.568204, 38.991211]}}, {"type": "Feature", "properties": {"stop_id": "1750092", "stop_name": "ON 75TH AT PASEO EASTBOUND", "route_count": 1, "frequent": false}, "geometry": {"type": "Point", "coordinates": [-94.566653, 38.99111]}}, {"type": "Feature", "properties": {"stop_id": "75191", "stop_name": "ON E 75TH AT BROOKLYN/PARK EASTBOUND", "route_count": 1, "frequent": false}, "geometry": {"type": "Point", "coordinates": [-94.56155, 38.990928]}}, {"type": "Feature", "properties": {"stop_id": "2020", "stop_name": "75TH & PROSPECT TRANSIT CENTER (LOCAL A)", "route_count": 1, "frequent": false}, "geometry": {"type": "Point", "coordinates": [-94.556634, 38.989691]}}, {"type": "Feature", "properties": {"stop_id": "17101", "stop_name": "ON PROSPECT AT 77TH ST SB", "route_count": 1, "frequent": false}, "geometry": {"type": "Point", "coordinates": [-94.557522, 38.987282]}}, {"type": "Feature", "properties": {"stop_id": "712402", "stop_name": "ON PROSPECT AT 77TH TERR SB", "route_count": 1, "frequent": false}, "geometry": {"type": "Point", "coordinates": [-94.557679, 38.985105]}}, {"type": "Feature", "properties": {"stop_id": "17102", "stop_name": "ON PROSPECT AT 79TH SB", "route_count": 1, "frequent": false}, "geometry": {"type": "Point", "coordinates": [-94.55773, 38.983656]}}, {"type": "Feature", "properties": {"stop_id": "17103", "stop_name": "ON PROSPECT AT 80TH SB", "route_count": 1, "frequent": false}, "geometry": {"type": "Point", "coordinates": [-94.557792, 38.981855]}}, {"type": "Feature", "properties": {"stop_id": "5400002", "stop_name": "ON PROSPECT AT 85TH SOUTHBOUND", "route_count": 1, "frequent": false}, "geometry": {"type": "Point", "coordinates": [-94.558204, 38.972748]}}, {"type": "Feature", "properties": {"stop_id": "1751410", "stop_name": "ON 85TH AT HICKMAN MILLS DR EASTBOUND", "route_count": 1, "frequent": false}, "geometry": {"type": "Point", "coordinates": [-94.5505, 38.972519]}}, {"type": "Feature", "properties": {"stop_id": "75184", "stop_name": "ON E 87TH STREET AT ELMWOOD EASTBOUND", "route_count": 1, "frequent": false}, "geometry": {"type": "Point", "coordinates": [-94.535855, 38.968354]}}, {"type": "Feature", "properties": {"stop_id": "75182", "stop_name": "ON E 87TH AT HILLCREST EASTBOUND", "route_count": 1, "frequent": false}, "geometry": {"type": "Point", "coordinates": [-94.522426, 38.967333]}}, {"type": "Feature", "properties": {"stop_id": "281502", "stop_name": "ON 87TH STREET AT 6101 87TH STREET EASTBOUND", "route_count": 1, "frequent": false}, "geometry": {"type": "Point", "coordinates": [-94.517543, 38.967232]}}, {"type": "Feature", "properties": {"stop_id": "282311", "stop_name": "ON 87TH AT 6501 E 87TH ST EASTBOUND", "route_count": 1, "frequent": false}, "geometry": {"type": "Point", "coordinates": [-94.514163, 38.967104]}}, {"type": "Feature", "properties": {"stop_id": "2800036", "stop_name": "ON 87TH AT NEWTON EASTBOUND", "route_count": 1, "frequent": false}, "geometry": {"type": "Point", "coordinates": [-94.511263, 38.966965]}}, {"type": "Feature", "properties": {"stop_id": "2800037", "stop_name": "ON 87TH AT WINCHESTER EASTBOUND", "route_count": 1, "frequent": false}, "geometry": {"type": "Point", "coordinates": [-94.507901, 38.966825]}}, {"type": "Feature", "properties": {"stop_id": "2800038", "stop_name": "ON 87TH AT CRYSTAL EASTBOUND", "route_count": 1, "frequent": false}, "geometry": {"type": "Point", "coordinates": [-94.50437, 38.96671]}}, {"type": "Feature", "properties": {"stop_id": "2800039", "stop_name": "ON 87TH AT EASTERN EASTBOUND", "route_count": 1, "frequent": false}, "geometry": {"type": "Point", "coordinates": [-94.503292, 38.966645]}}, {"type": "Feature", "properties": {"stop_id": "2960027", "stop_name": "ON BLUE RIDGE BLVD AT 96TH TERR SOUTHBOUND", "route_count": 1, "frequent": false}, "geometry": {"type": "Point", "coordinates": [-94.508107, 38.950205]}}, {"type": "Feature", "properties": {"stop_id": "2960028", "stop_name": "ON BLUE RIDGE BLVD AT FAIRLANE SOUTHBOUND", "route_count": 1, "frequent": false}, "geometry": {"type": "Point", "coordinates": [-94.508193, 38.948378]}}, {"type": "Feature", "properties": {"stop_id": "2960029", "stop_name": "ON BLUE RIDGE BLVD AT 98TH TERR SOUTHBOUND", "route_count": 1, "frequent": false}, "geometry": {"type": "Point", "coordinates": [-94.508281, 38.946703]}}, {"type": "Feature", "properties": {"stop_id": "2960030", "stop_name": "ON BLUE RIDGE BLVD AT 99TH ST SOUTHBOUND", "route_count": 1, "frequent": false}, "geometry": {"type": "Point", "coordinates": [-94.508359, 38.945247]}}, {"type": "Feature", "properties": {"stop_id": "2960031", "stop_name": "ON BLUE RIDGE BLVD AT 100TH ST SOUTHBOUND", "route_count": 1, "frequent": false}, "geometry": {"type": "Point", "coordinates": [-94.508455, 38.943445]}}, {"type": "Feature", "properties": {"stop_id": "2960032", "stop_name": "ON BLUE RIDGE BLVD AT 102ND ST SOUTHBOUND", "route_count": 1, "frequent": false}, "geometry": {"type": "Point", "coordinates": [-94.508623, 38.940186]}}, {"type": "Feature", "properties": {"stop_id": "2960033", "stop_name": "ON BLUE RIDGE BLVD AT 103RD TERR SOUTHBOUND", "route_count": 1, "frequent": false}, "geometry": {"type": "Point", "coordinates": [-94.508672, 38.937266]}}, {"type": "Feature", "properties": {"stop_id": "2960034", "stop_name": "ON BLUE RIDGE BLVD AT 104TH ST SOUTHBOUND", "route_count": 1, "frequent": false}, "geometry": {"type": "Point", "coordinates": [-94.508467, 38.935925]}}, {"type": "Feature", "properties": {"stop_id": "2960035", "stop_name": "ON BLUE RIDGE BLVD AT 10512 BLUE RIDGE SOUTHBOUND", "route_count": 1, "frequent": false}, "geometry": {"type": "Point", "coordinates": [-94.508054, 38.933112]}}, {"type": "Feature", "properties": {"stop_id": "2960036", "stop_name": "ON BLUE RIDGE BLVD AT 107TH ST SOUTHBOUND", "route_count": 1, "frequent": false}, "geometry": {"type": "Point", "coordinates": [-94.507822, 38.930679]}}, {"type": "Feature", "properties": {"stop_id": "2960037", "stop_name": "ON BLUE RIDGE BLVD AT CAMBRIDGE SOUTHBOUND", "route_count": 1, "frequent": false}, "geometry": {"type": "Point", "coordinates": [-94.507825, 38.929767]}}, {"type": "Feature", "properties": {"stop_id": "282505", "stop_name": "ON BLUE RIDGE BLVD AT 107TH PLACE SOUTHBOUND", "route_count": 1, "frequent": false}, "geometry": {"type": "Point", "coordinates": [-94.507886, 38.928686]}}, {"type": "Feature", "properties": {"stop_id": "2960038", "stop_name": "ON BLUE RIDGE BLVD AT 108TH ST SOUTHBOUND", "route_count": 1, "frequent": false}, "geometry": {"type": "Point", "coordinates": [-94.508198, 38.926492]}}, {"type": "Feature", "properties": {"stop_id": "2960039", "stop_name": "ON BLUE RIDGE AT 10908 BLUE RIDGE SOUTHBOUND", "route_count": 1, "frequent": false}, "geometry": {"type": "Point", "coordinates": [-94.509036, 38.92369]}}, {"type": "Feature", "properties": {"stop_id": "2960040", "stop_name": "ON BLUE RIDGE BLVD AT RED BRIDGE ROAD SOUTHBOUND", "route_count": 1, "frequent": false}, "geometry": {"type": "Point", "coordinates": [-94.509355, 38.922719]}}, {"type": "Feature", "properties": {"stop_id": "2960041", "stop_name": "ON BLUE RIDGE BLVD AT 11118 BLUE RIDGE SOUTHBOUND", "route_count": 1, "frequent": false}, "geometry": {"type": "Point", "coordinates": [-94.509513, 38.922237]}}, {"type": "Feature", "properties": {"stop_id": "2960042", "stop_name": "ON BLUE RIDGE BLVD AT 113TH ST SOUTHBOUND", "route_count": 1, "frequent": false}, "geometry": {"type": "Point", "coordinates": [-94.510467, 38.919004]}}, {"type": "Feature", "properties": {"stop_id": "2960043", "stop_name": "ON BLUE RIDGE BLVD AT 114TH ST SOUTHBOUND", "route_count": 1, "frequent": false}, "geometry": {"type": "Point", "coordinates": [-94.511396, 38.917353]}}, {"type": "Feature", "properties": {"stop_id": "2800400", "stop_name": "ON HOLIDAY DR AT BLUE RIDGE", "route_count": 1, "frequent": false}, "geometry": {"type": "Point", "coordinates": [-94.514214, 38.914273]}}, {"type": "Feature", "properties": {"stop_id": "1664", "stop_name": "GREENWOOD AT LONGVIEW NB", "route_count": 1, "frequent": false}, "geometry": {"type": "Point", "coordinates": [-94.497031, 38.914492]}}, {"type": "Feature", "properties": {"stop_id": "2005", "stop_name": "ON HOLIDAY AT BLUE RIDGE WB", "route_count": 1, "frequent": false}, "geometry": {"type": "Point", "coordinates": [-94.514487, 38.914555]}}, {"type": "Feature", "properties": {"stop_id": "2800009", "stop_name": "ON BLUE RIDGE BLVD AT 114TH NORTHBOUND", "route_count": 1, "frequent": false}, "geometry": {"type": "Point", "coordinates": [-94.511423, 38.917162]}}, {"type": "Feature", "properties": {"stop_id": "2800010", "stop_name": "ON BLUE RIDGE BLVD AT 112TH NB", "route_count": 1, "frequent": false}, "geometry": {"type": "Point", "coordinates": [-94.510189, 38.919507]}}, {"type": "Feature", "properties": {"stop_id": "2800011", "stop_name": "ON BLUE RIDGE AT 11117 BLUE RIDGE NORTHBOUND", "route_count": 1, "frequent": false}, "geometry": {"type": "Point", "coordinates": [-94.509307, 38.922129]}}, {"type": "Feature", "properties": {"stop_id": "2800012", "stop_name": "ON BLUE RIDGE BLVD AT 111TH NORTHBOUND", "route_count": 1, "frequent": false}, "geometry": {"type": "Point", "coordinates": [-94.509111, 38.922747]}}, {"type": "Feature", "properties": {"stop_id": "2800013", "stop_name": "ON BLUE RIDGE BLVD AT 10905 BLUE RIDGE NORTHBOUND", "route_count": 1, "frequent": false}, "geometry": {"type": "Point", "coordinates": [-94.508629, 38.924458]}}, {"type": "Feature", "properties": {"stop_id": "2800014", "stop_name": "ON BLUE RIDGE BLVD AT RUSKIN WAY NORTHBOUND", "route_count": 1, "frequent": false}, "geometry": {"type": "Point", "coordinates": [-94.508092, 38.926294]}}, {"type": "Feature", "properties": {"stop_id": "282309", "stop_name": "ON BLUE RIDGE BLVD AT 107TH PLACE NORTHBOUND", "route_count": 1, "frequent": false}, "geometry": {"type": "Point", "coordinates": [-94.50776, 38.928456]}}, {"type": "Feature", "properties": {"stop_id": "282310", "stop_name": "ON BLUE RIDGE BLVD AT SYCAMORE NORTHBOUND", "route_count": 1, "frequent": false}, "geometry": {"type": "Point", "coordinates": [-94.50769, 38.929518]}}, {"type": "Feature", "properties": {"stop_id": "2800015", "stop_name": "ON BLUE RIDGE BLVD AT 107TH ST NORTHBOUND", "route_count": 1, "frequent": false}, "geometry": {"type": "Point", "coordinates": [-94.507682, 38.930448]}}, {"type": "Feature", "properties": {"stop_id": "2800016", "stop_name": "ON BLUE RIDGE BLVD AT 105TH NORTHBOUND", "route_count": 1, "frequent": false}, "geometry": {"type": "Point", "coordinates": [-94.507995, 38.933737]}}, {"type": "Feature", "properties": {"stop_id": "2800017", "stop_name": "ON BLUE RIDGE BLVD AT 104TH NORTHBOUND", "route_count": 1, "frequent": false}, "geometry": {"type": "Point", "coordinates": [-94.508293, 38.935755]}}, {"type": "Feature", "properties": {"stop_id": "2800018", "stop_name": "ON BLUE RIDGE BLVD AT 103RD TERRACE NORTHBOUND", "route_count": 1, "frequent": false}, "geometry": {"type": "Point", "coordinates": [-94.508524, 38.937273]}}, {"type": "Feature", "properties": {"stop_id": "2800019", "stop_name": "ON BLUE RIDGE BLVD AT 102ND NORTHBOUND", "route_count": 1, "frequent": false}, "geometry": {"type": "Point", "coordinates": [-94.508491, 38.93998]}}, {"type": "Feature", "properties": {"stop_id": "2800020", "stop_name": "ON BLUE RIDGE BLVD AT 100TH ST NORTHBOUND", "route_count": 1, "frequent": false}, "geometry": {"type": "Point", "coordinates": [-94.508307, 38.943441]}}, {"type": "Feature", "properties": {"stop_id": "2800021", "stop_name": "ON BLUE RIDGE BLVD AT 99TH ST NORTHBOUND", "route_count": 1, "frequent": false}, "geometry": {"type": "Point", "coordinates": [-94.50822, 38.945062]}}, {"type": "Feature", "properties": {"stop_id": "2800022", "stop_name": "ON BLUE RIDGE BLVD AT 98TH TERR NORTHBOUND", "route_count": 1, "frequent": false}, "geometry": {"type": "Point", "coordinates": [-94.508141, 38.946667]}}, {"type": "Feature", "properties": {"stop_id": "2800023", "stop_name": "ON BLUE RIDGE BLVD AT FAIRLANE NORTHBOUND", "route_count": 1, "frequent": false}, "geometry": {"type": "Point", "coordinates": [-94.508046, 38.948373]}}, {"type": "Feature", "properties": {"stop_id": "2800024", "stop_name": "ON BLUE RIDGE BLVD AT 96TH TERR NORTHBOUND", "route_count": 1, "frequent": false}, "geometry": {"type": "Point", "coordinates": [-94.507959, 38.9502]}}, {"type": "Feature", "properties": {"stop_id": "282519", "stop_name": "ON BLUE RIDGE BLVD AT BANNISTER NB FS", "route_count": 1, "frequent": false}, "geometry": {"type": "Point", "coordinates": [-94.507846, 38.953406]}}, {"type": "Feature", "properties": {"stop_id": "2800329", "stop_name": "ON 87TH AT OLD SANTA FE WESTBOUND", "route_count": 1, "frequent": false}, "geometry": {"type": "Point", "coordinates": [-94.500907, 38.966552]}}, {"type": "Feature", "properties": {"stop_id": "2800330", "stop_name": "ON 87TH AT EASTERN WESTBOUND", "route_count": 1, "frequent": false}, "geometry": {"type": "Point", "coordinates": [-94.50331, 38.966767]}}, {"type": "Feature", "properties": {"stop_id": "2800332", "stop_name": "ON 87TH AT WINCHESTER  WESTBOUND", "route_count": 1, "frequent": false}, "geometry": {"type": "Point", "coordinates": [-94.507689, 38.966918]}}, {"type": "Feature", "properties": {"stop_id": "2800333", "stop_name": "ON 87TH AT NEWTON  WESTBOUND", "route_count": 1, "frequent": false}, "geometry": {"type": "Point", "coordinates": [-94.510643, 38.967037]}}, {"type": "Feature", "properties": {"stop_id": "2800334", "stop_name": "ON 87TH AT 6408 E 87TH ST WESTBOUND", "route_count": 1, "frequent": false}, "geometry": {"type": "Point", "coordinates": [-94.51441, 38.96723]}}, {"type": "Feature", "properties": {"stop_id": "281501", "stop_name": "ON 87TH STREET AT 6300 E 87TH STREET WESTBOUND", "route_count": 1, "frequent": false}, "geometry": {"type": "Point", "coordinates": [-94.51728, 38.967434]}}, {"type": "Feature", "properties": {"stop_id": "75181", "stop_name": "ON E 87TH ST AT HILLCREST WESTBOUND", "route_count": 1, "frequent": false}, "geometry": {"type": "Point", "coordinates": [-94.522473, 38.967735]}}, {"type": "Feature", "properties": {"stop_id": "75183", "stop_name": "ON E 87TH AT ELMWOOD WESTBOUND", "route_count": 1, "frequent": false}, "geometry": {"type": "Point", "coordinates": [-94.535768, 38.96864]}}, {"type": "Feature", "properties": {"stop_id": "1751411", "stop_name": "ON 85TH AT HICKMAN MILLS DR WESTBOUND", "route_count": 1, "frequent": false}, "geometry": {"type": "Point", "coordinates": [-94.550673, 38.972595]}}, {"type": "Feature", "properties": {"stop_id": "5400183", "stop_name": "ON PROSPECT AT 85TH NORTHBOUND", "route_count": 1, "frequent": false}, "geometry": {"type": "Point", "coordinates": [-94.558092, 38.972799]}}, {"type": "Feature", "properties": {"stop_id": "175157", "stop_name": "ON PROSPECT AT 81ST NB", "route_count": 1, "frequent": false}, "geometry": {"type": "Point", "coordinates": [-94.557715, 38.980069]}}, {"type": "Feature", "properties": {"stop_id": "17108", "stop_name": "ON PROSPECT AT 80TH NORTHBOUND", "route_count": 1, "frequent": false}, "geometry": {"type": "Point", "coordinates": [-94.55767, 38.98167]}}, {"type": "Feature", "properties": {"stop_id": "712403", "stop_name": "ON PROSPECT AT 79TH NB", "route_count": 1, "frequent": false}, "geometry": {"type": "Point", "coordinates": [-94.557616, 38.983517]}}, {"type": "Feature", "properties": {"stop_id": "17109", "stop_name": "ON PROSPECT AT 78TH NORTHBOUND", "route_count": 1, "frequent": false}, "geometry": {"type": "Point", "coordinates": [-94.557515, 38.98494]}}, {"type": "Feature", "properties": {"stop_id": "17110", "stop_name": "ON PROSPECT AT 77TH NORTHBOUND", "route_count": 1, "frequent": false}, "geometry": {"type": "Point", "coordinates": [-94.55743, 38.986743]}}, {"type": "Feature", "properties": {"stop_id": "1750026", "stop_name": "ON 75TH AT BROOKLYN WESTBOUND NEARSIDE", "route_count": 1, "frequent": false}, "geometry": {"type": "Point", "coordinates": [-94.561738, 38.99104]}}, {"type": "Feature", "properties": {"stop_id": "1750028", "stop_name": "ON 75TH AT PASEO WESTBOUND", "route_count": 1, "frequent": false}, "geometry": {"type": "Point", "coordinates": [-94.56593, 38.991218]}}, {"type": "Feature", "properties": {"stop_id": "1750029", "stop_name": "ON 75TH AT WAYNE WESTBOUND", "route_count": 1, "frequent": false}, "geometry": {"type": "Point", "coordinates": [-94.568659, 38.991346]}}, {"type": "Feature", "properties": {"stop_id": "1750030", "stop_name": "ON 75TH AT LYDIA WESTBOUND", "route_count": 1, "frequent": false}, "geometry": {"type": "Point", "coordinates": [-94.570945, 38.991405]}}, {"type": "Feature", "properties": {"stop_id": "1750032", "stop_name": "ON 75TH AT TROOST WESTBOUND", "route_count": 1, "frequent": false}, "geometry": {"type": "Point", "coordinates": [-94.575539, 38.991603]}}, {"type": "Feature", "properties": {"stop_id": "1750034", "stop_name": "ON 75TH AT HOLMES WESTBOUND", "route_count": 1, "frequent": false}, "geometry": {"type": "Point", "coordinates": [-94.580222, 38.99177]}}, {"type": "Feature", "properties": {"stop_id": "1750036", "stop_name": "ON 75TH AT OAK WESTBOUND", "route_count": 1, "frequent": false}, "geometry": {"type": "Point", "coordinates": [-94.584798, 38.991985]}}, {"type": "Feature", "properties": {"stop_id": "5700167", "stop_name": "ON 75TH AT GRAND WESTBOUND NEARSIDE", "route_count": 1, "frequent": false}, "geometry": {"type": "Point", "coordinates": [-94.587431, 38.992097]}}, {"type": "Feature", "properties": {"stop_id": "1750038", "stop_name": "ON 75TH AT MAIN WESTBOUND", "route_count": 1, "frequent": false}, "geometry": {"type": "Point", "coordinates": [-94.589444, 38.992192]}}, {"type": "Feature", "properties": {"stop_id": "1750039", "stop_name": "ON 75TH AT WYANDOTTE WESTBOUND", "route_count": 1, "frequent": false}, "geometry": {"type": "Point", "coordinates": [-94.591748, 38.992301]}}, {"type": "Feature", "properties": {"stop_id": "1750040", "stop_name": "ON 75TH AT BROADWAY WESTBOUND", "route_count": 1, "frequent": false}, "geometry": {"type": "Point", "coordinates": [-94.593737, 38.992384]}}, {"type": "Feature", "properties": {"stop_id": "1750042", "stop_name": "ON 75TH AT JEFFERSON WESTBOUND", "route_count": 1, "frequent": false}, "geometry": {"type": "Point", "coordinates": [-94.597268, 38.992609]}}, {"type": "Feature", "properties": {"stop_id": "1750043", "stop_name": "ON 75TH AT MADISON WESTBOUND", "route_count": 1, "frequent": false}, "geometry": {"type": "Point", "coordinates": [-94.601028, 38.992758]}}, {"type": "Feature", "properties": {"stop_id": "1750045", "stop_name": "ON 75TH AT WARD PKWY WESTBOUND", "route_count": 1, "frequent": false}, "geometry": {"type": "Point", "coordinates": [-94.603343, 38.992853]}}, {"type": "Feature", "properties": {"stop_id": "1750047", "stop_name": "ON 75TH AT WYOMING WESTBOUND", "route_count": 1, "frequent": false}, "geometry": {"type": "Point", "coordinates": [-94.606781, 38.992984]}}, {"type": "Feature", "properties": {"stop_id": "1750048", "stop_name": "ON STATE LINE AT 7532 STATE LINE SOUTHBOUND", "route_count": 1, "frequent": false}, "geometry": {"type": "Point", "coordinates": [-94.608024, 38.992249]}}, {"type": "Feature", "properties": {"stop_id": "1750049", "stop_name": "ON STATE LINE BETWEEN 76TH & MEADOWLAKE SB", "route_count": 1, "frequent": false}, "geometry": {"type": "Point", "coordinates": [-94.608043, 38.990357]}}, {"type": "Feature", "properties": {"stop_id": "1750050", "stop_name": "ON STATE LINE AT 79TH SOUTHBOUND", "route_count": 1, "frequent": false}, "geometry": {"type": "Point", "coordinates": [-94.608063, 38.987603]}}, {"type": "Feature", "properties": {"stop_id": "1750051", "stop_name": "ON STATE LINE AT 7920 SB", "route_count": 1, "frequent": false}, "geometry": {"type": "Point", "coordinates": [-94.60822, 38.985214]}}, {"type": "Feature", "properties": {"stop_id": "1750053", "stop_name": "ON STATE LINE AT 81ST SOUTHBOUND", "route_count": 1, "frequent": false}, "geometry": {"type": "Point", "coordinates": [-94.608374, 38.981949]}}, {"type": "Feature", "properties": {"stop_id": "1750054", "stop_name": "ON STATE LINE AT 82ND STREET SOUTHBOUND", "route_count": 1, "frequent": false}, "geometry": {"type": "Point", "coordinates": [-94.608529, 38.980108]}}, {"type": "Feature", "properties": {"stop_id": "1750055", "stop_name": "ON STATE LINE AT 83RD SOUTHBOUND", "route_count": 1, "frequent": false}, "geometry": {"type": "Point", "coordinates": [-94.60858, 38.978906]}}, {"type": "Feature", "properties": {"stop_id": "1750056", "stop_name": "ON STATE LINE AT 84TH TERRACE SOUTHBOUND NEARSIDE", "route_count": 1, "frequent": false}, "geometry": {"type": "Point", "coordinates": [-94.608425, 38.975214]}}, {"type": "Feature", "properties": {"stop_id": "540008", "stop_name": "ON WARD PKWY BETWEEN 85TH ST & 85TH TERR SB", "route_count": 2, "frequent": false}, "geometry": {"type": "Point", "coordinates": [-94.606906, 38.974246]}}, {"type": "Feature", "properties": {"stop_id": "512402", "stop_name": "ON WARD PKWY BETWEEN 85TH TERR & 86TH TERR SB", "route_count": 2, "frequent": false}, "geometry": {"type": "Point", "coordinates": [-94.606195, 38.972842]}}, {"type": "Feature", "properties": {"stop_id": "5100168", "stop_name": "ON WARD PKWY AT 87TH SOUTHBOUND", "route_count": 2, "frequent": false}, "geometry": {"type": "Point", "coordinates": [-94.605294, 38.970729]}}, {"type": "Feature", "properties": {"stop_id": "1750061", "stop_name": "ON WARD PKWY AT 89TH SOUTHBOUND", "route_count": 2, "frequent": false}, "geometry": {"type": "Point", "coordinates": [-94.606576, 38.967194]}}, {"type": "Feature", "properties": {"stop_id": "5100171", "stop_name": "ON 89TH BETWEEN WARD PKWY AND STATE LINE WB", "route_count": 1, "frequent": false}, "geometry": {"type": "Point", "coordinates": [-94.606432, 38.967116]}}, {"type": "Feature", "properties": {"stop_id": "85192", "stop_name": "ON 85TH AT MADISON EASTBOUND NEARSIDE", "route_count": 1, "frequent": false}, "geometry": {"type": "Point", "coordinates": [-94.601176, 38.974393]}}, {"type": "Feature", "properties": {"stop_id": "540010", "stop_name": "ON 85TH ST AT SUMMIT EASTBOUND FARSIDE", "route_count": 1, "frequent": false}, "geometry": {"type": "Point", "coordinates": [-94.599554, 38.974318]}}, {"type": "Feature", "properties": {"stop_id": "540011", "stop_name": "ON 85TH ST AT WORNALL EASTBOUND NEARSIDE", "route_count": 1, "frequent": false}, "geometry": {"type": "Point", "coordinates": [-94.595267, 38.97407]}}, {"type": "Feature", "properties": {"stop_id": "540012", "stop_name": "ON 85TH ST AT MAIN EB", "route_count": 1, "frequent": false}, "geometry": {"type": "Point", "coordinates": [-94.590587, 38.973971]}}, {"type": "Feature", "properties": {"stop_id": "540013", "stop_name": "ON 85TH ST AT OAK/ SLEEPY HOLLOW EASTBOUND", "route_count": 1, "frequent": false}, "geometry": {"type": "Point", "coordinates": [-94.58752, 38.973849]}}, {"type": "Feature", "properties": {"stop_id": "540015", "stop_name": "ON 85TH AT HOLMES EB", "route_count": 1, "frequent": false}, "geometry": {"type": "Point", "coordinates": [-94.58067, 38.973706]}}, {"type": "Feature", "properties": {"stop_id": "540016", "stop_name": "ON 85TH ST AT TROOST EASTBOUND", "route_count": 1, "frequent": false}, "geometry": {"type": "Point", "coordinates": [-94.57703, 38.973437]}}, {"type": "Feature", "properties": {"stop_id": "540018", "stop_name": "ON 85TH ST AT FLORA EB", "route_count": 1, "frequent": false}, "geometry": {"type": "Point", "coordinates": [-94.571006, 38.973165]}}, {"type": "Feature", "properties": {"stop_id": "540019", "stop_name": "ON PASEO AT 85TH ST NB", "route_count": 1, "frequent": false}, "geometry": {"type": "Point", "coordinates": [-94.567287, 38.97322]}}, {"type": "Feature", "properties": {"stop_id": "5400010", "stop_name": "ON PASEO AT 83RD NORTHBOUND", "route_count": 1, "frequent": false}, "geometry": {"type": "Point", "coordinates": [-94.567105, 38.977166]}}, {"type": "Feature", "properties": {"stop_id": "5400011", "stop_name": "ON PASEO AT 81ST TERRACE NORTHBOUND", "route_count": 1, "frequent": false}, "geometry": {"type": "Point", "coordinates": [-94.566985, 38.979146]}}, {"type": "Feature", "properties": {"stop_id": "5400012", "stop_name": "ON PASEO AT 80TH NORTHBOUND", "route_count": 1, "frequent": false}, "geometry": {"type": "Point", "coordinates": [-94.566844, 38.982035]}}, {"type": "Feature", "properties": {"stop_id": "5400014", "stop_name": "ON PASEO AT 79TH NORTHBOUND", "route_count": 1, "frequent": false}, "geometry": {"type": "Point", "coordinates": [-94.566389, 38.984091]}}, {"type": "Feature", "properties": {"stop_id": "542502", "stop_name": "ON PASEO AT RACHEL MORADO 77TH NB", "route_count": 1, "frequent": false}, "geometry": {"type": "Point", "coordinates": [-94.566242, 38.98712]}}, {"type": "Feature", "properties": {"stop_id": "5400016", "stop_name": "ON PASEO AT 76TH TERRACE NORTHBOUND", "route_count": 1, "frequent": false}, "geometry": {"type": "Point", "coordinates": [-94.566196, 38.987907]}}, {"type": "Feature", "properties": {"stop_id": "5400019", "stop_name": "ON PASEO AT 75TH NORTHBOUND", "route_count": 1, "frequent": false}, "geometry": {"type": "Point", "coordinates": [-94.56603, 38.991323]}}, {"type": "Feature", "properties": {"stop_id": "5400020", "stop_name": "ON PASEO AT 74TH NORTHBOUND", "route_count": 1, "frequent": false}, "geometry": {"type": "Point", "coordinates": [-94.565942, 38.992853]}}, {"type": "Feature", "properties": {"stop_id": "5400022", "stop_name": "ON PASEO AT 72ND NORTHBOUND", "route_count": 1, "frequent": false}, "geometry": {"type": "Point", "coordinates": [-94.565162, 38.996435]}}, {"type": "Feature", "properties": {"stop_id": "5400023", "stop_name": "ON PASEO AT GREGORY NORTHBOUND", "route_count": 1, "frequent": false}, "geometry": {"type": "Point", "coordinates": [-94.564011, 38.998242]}}, {"type": "Feature", "properties": {"stop_id": "5400025", "stop_name": "ON PASEO AT 69TH NORTHBOUND", "route_count": 1, "frequent": false}, "geometry": {"type": "Point", "coordinates": [-94.56226, 39.001724]}}, {"type": "Feature", "properties": {"stop_id": "5400026", "stop_name": "ON PASEO AT 68TH NORTHBOUND", "route_count": 1, "frequent": false}, "geometry": {"type": "Point", "coordinates": [-94.562152, 39.003578]}}, {"type": "Feature", "properties": {"stop_id": "541512", "stop_name": "ON 67TH AT PASEO WB", "route_count": 1, "frequent": false}, "geometry": {"type": "Point", "coordinates": [-94.562304, 39.005561]}}, {"type": "Feature", "properties": {"stop_id": "5400027", "stop_name": "ON 67TH AT SB PASEO WB", "route_count": 1, "frequent": false}, "geometry": {"type": "Point", "coordinates": [-94.563714, 39.005649]}}, {"type": "Feature", "properties": {"stop_id": "5400028", "stop_name": "ON PASEO AT WOODLAND NORTHBOUND", "route_count": 1, "frequent": false}, "geometry": {"type": "Point", "coordinates": [-94.565632, 39.007115]}}, {"type": "Feature", "properties": {"stop_id": "5400029", "stop_name": "ON PASEO NORTH OF 66TH", "route_count": 1, "frequent": false}, "geometry": {"type": "Point", "coordinates": [-94.56826, 39.008328]}}, {"type": "Feature", "properties": {"stop_id": "85161", "stop_name": "ON PASEO AT MEYER NORTHBOUND", "route_count": 1, "frequent": false}, "geometry": {"type": "Point", "coordinates": [-94.56867, 39.012395]}}, {"type": "Feature", "properties": {"stop_id": "5400032", "stop_name": "ON PASEO AT 63RD NORTHBOUND", "route_count": 1, "frequent": false}, "geometry": {"type": "Point", "coordinates": [-94.569837, 39.013279]}}, {"type": "Feature", "properties": {"stop_id": "5400034", "stop_name": "ON PASEO AT 61ST NORTHBOUND", "route_count": 1, "frequent": false}, "geometry": {"type": "Point", "coordinates": [-94.569729, 39.016298]}}, {"type": "Feature", "properties": {"stop_id": "5400036", "stop_name": "ON PASEO AT 59TH NORTHBOUND", "route_count": 1, "frequent": false}, "geometry": {"type": "Point", "coordinates": [-94.569543, 39.019321]}}, {"type": "Feature", "properties": {"stop_id": "5400038", "stop_name": "ON PASEO AT 57TH NORTHBOUND", "route_count": 1, "frequent": false}, "geometry": {"type": "Point", "coordinates": [-94.567607, 39.023223]}}, {"type": "Feature", "properties": {"stop_id": "5400040", "stop_name": "ON PASEO AT 55TH NORTHBOUND", "route_count": 1, "frequent": false}, "geometry": {"type": "Point", "coordinates": [-94.567423, 39.026852]}}, {"type": "Feature", "properties": {"stop_id": "5400042", "stop_name": "ON PASEO AT 53RD NORTHBOUND", "route_count": 1, "frequent": false}, "geometry": {"type": "Point", "coordinates": [-94.567226, 39.030468]}}, {"type": "Feature", "properties": {"stop_id": "5400044", "stop_name": "ON PASEO AT BROOKWOOD NORTHBOUND", "route_count": 1, "frequent": false}, "geometry": {"type": "Point", "coordinates": [-94.566982, 39.033961]}}, {"type": "Feature", "properties": {"stop_id": "542503", "stop_name": "ON PASEO AT 49TH NB", "route_count": 1, "frequent": false}, "geometry": {"type": "Point", "coordinates": [-94.567481, 39.037765]}}, {"type": "Feature", "properties": {"stop_id": "5400092", "stop_name": "ON PASEO AT VOLKER NB", "route_count": 1, "frequent": false}, "geometry": {"type": "Point", "coordinates": [-94.567985, 39.039569]}}, {"type": "Feature", "properties": {"stop_id": "5400065", "stop_name": "ON PASEO AT CLEAVER II BLVD  NB", "route_count": 1, "frequent": false}, "geometry": {"type": "Point", "coordinates": [-94.568049, 39.041939]}}, {"type": "Feature", "properties": {"stop_id": "5400047", "stop_name": "ON PASEO AT 45TH NORTHBOUND", "route_count": 1, "frequent": false}, "geometry": {"type": "Point", "coordinates": [-94.567997, 39.044965]}}, {"type": "Feature", "properties": {"stop_id": "5400048", "stop_name": "ON PASEO AT 44TH NORTHBOUND", "route_count": 1, "frequent": false}, "geometry": {"type": "Point", "coordinates": [-94.567887, 39.046795]}}, {"type": "Feature", "properties": {"stop_id": "5400049", "stop_name": "ON PASEO AT 43RD NORTHBOUND", "route_count": 1, "frequent": false}, "geometry": {"type": "Point", "coordinates": [-94.567812, 39.048567]}}, {"type": "Feature", "properties": {"stop_id": "5400051", "stop_name": "ON PASEO AT 41ST NORTHBOUND", "route_count": 1, "frequent": false}, "geometry": {"type": "Point", "coordinates": [-94.56758, 39.052174]}}, {"type": "Feature", "properties": {"stop_id": "5400053", "stop_name": "ON PASEO AT 39TH NORTHBOUND", "route_count": 1, "frequent": false}, "geometry": {"type": "Point", "coordinates": [-94.567366, 39.05577]}}, {"type": "Feature", "properties": {"stop_id": "5400055", "stop_name": "ON PASEO AT 37TH NORTHBOUND", "route_count": 1, "frequent": false}, "geometry": {"type": "Point", "coordinates": [-94.567192, 39.059347]}}, {"type": "Feature", "properties": {"stop_id": "5400064", "stop_name": "ON GILLHAM AT ARMOUR NORTHBOUND", "route_count": 1, "frequent": false}, "geometry": {"type": "Point", "coordinates": [-94.580887, 39.064103]}}, {"type": "Feature", "properties": {"stop_id": "5300032", "stop_name": "ON GILLHAM RD AT GILLHAM PLAZA NB", "route_count": 1, "frequent": false}, "geometry": {"type": "Point", "coordinates": [-94.579237, 39.066978]}}, {"type": "Feature", "properties": {"stop_id": "5300033", "stop_name": "ON GILLHAM AT LINWOOD NORTHBOUND", "route_count": 1, "frequent": false}, "geometry": {"type": "Point", "coordinates": [-94.578913, 39.069122]}}, {"type": "Feature", "properties": {"stop_id": "25530", "stop_name": "ON GILLHAM AT 31ST NORTHBOUND", "route_count": 1, "frequent": false}, "geometry": {"type": "Point", "coordinates": [-94.578822, 39.070958]}}, {"type": "Feature", "properties": {"stop_id": "85193", "stop_name": "ON MCGEE TRAFFICWAY AT 29TH NORTHBOUND", "route_count": 1, "frequent": false}, "geometry": {"type": "Point", "coordinates": [-94.579272, 39.074522]}}, {"type": "Feature", "properties": {"stop_id": "85194", "stop_name": "ON MCGEE TRAFFICWAY AT 27TH NORTHBOUND", "route_count": 1, "frequent": false}, "geometry": {"type": "Point", "coordinates": [-94.579994, 39.076755]}}, {"type": "Feature", "properties": {"stop_id": "5400071", "stop_name": "ON 27TH AT WARWICK WESTBOUND", "route_count": 1, "frequent": false}, "geometry": {"type": "Point", "coordinates": [-94.581863, 39.078167]}}, {"type": "Feature", "properties": {"stop_id": "5552", "stop_name": "3rd At Locust", "route_count": 1, "frequent": false}, "geometry": {"type": "Point", "coordinates": [-94.578683, 39.110783]}}, {"type": "Feature", "properties": {"stop_id": "85197", "stop_name": "ON 27TH AT WARWICK EASTBOUND", "route_count": 1, "frequent": false}, "geometry": {"type": "Point", "coordinates": [-94.582151, 39.07807]}}, {"type": "Feature", "properties": {"stop_id": "85196", "stop_name": "ON MCGEE TRAFFICWAY AT 27TH SOUTHBOUND", "route_count": 1, "frequent": false}, "geometry": {"type": "Point", "coordinates": [-94.580028, 39.076558]}}, {"type": "Feature", "properties": {"stop_id": "85191", "stop_name": "ON 29TH AT GILLHAM RD EASTBOUND", "route_count": 1, "frequent": false}, "geometry": {"type": "Point", "coordinates": [-94.578814, 39.074338]}}, {"type": "Feature", "properties": {"stop_id": "5400117", "stop_name": "ON GILLHAM AT 31ST SOUTHBOUND", "route_count": 1, "frequent": false}, "geometry": {"type": "Point", "coordinates": [-94.578987, 39.070925]}}, {"type": "Feature", "properties": {"stop_id": "5400118", "stop_name": "ON GILLHAM AT LINWOOD SOUTHBOUND", "route_count": 1, "frequent": false}, "geometry": {"type": "Point", "coordinates": [-94.57913, 39.068769]}}, {"type": "Feature", "properties": {"stop_id": "5300085", "stop_name": "ON GILLHAM BETWEEN LINWOOD AND 33RD SB", "route_count": 1, "frequent": false}, "geometry": {"type": "Point", "coordinates": [-94.579362, 39.067026]}}, {"type": "Feature", "properties": {"stop_id": "85171", "stop_name": "ON PASEO AT ARMOUR SOUTHBOUND FARSIDE", "route_count": 1, "frequent": false}, "geometry": {"type": "Point", "coordinates": [-94.567154, 39.062989]}}, {"type": "Feature", "properties": {"stop_id": "5400130", "stop_name": "ON PASEO AT 37TH SOUTHBOUND", "route_count": 1, "frequent": false}, "geometry": {"type": "Point", "coordinates": [-94.567403, 39.059656]}}, {"type": "Feature", "properties": {"stop_id": "5400132", "stop_name": "ON PASEO AT 39TH SOUTHBOUND", "route_count": 1, "frequent": false}, "geometry": {"type": "Point", "coordinates": [-94.56756, 39.056069]}}, {"type": "Feature", "properties": {"stop_id": "5400134", "stop_name": "ON PASEO AT 41ST SOUTHBOUND", "route_count": 1, "frequent": false}, "geometry": {"type": "Point", "coordinates": [-94.567776, 39.052561]}}, {"type": "Feature", "properties": {"stop_id": "5400136", "stop_name": "ON PASEO AT 43RD SOUTHBOUND", "route_count": 1, "frequent": false}, "geometry": {"type": "Point", "coordinates": [-94.568009, 39.048925]}}, {"type": "Feature", "properties": {"stop_id": "5400137", "stop_name": "ON PASEO AT 44TH SOUTHBOUND", "route_count": 1, "frequent": false}, "geometry": {"type": "Point", "coordinates": [-94.568091, 39.047235]}}, {"type": "Feature", "properties": {"stop_id": "5400138", "stop_name": "ON PASEO AT 45TH SOUTHBOUND", "route_count": 1, "frequent": false}, "geometry": {"type": "Point", "coordinates": [-94.568207, 39.045296]}}, {"type": "Feature", "properties": {"stop_id": "5400139", "stop_name": "ON PASEO AT CLEAVER II BLVD SB", "route_count": 1, "frequent": false}, "geometry": {"type": "Point", "coordinates": [-94.568504, 39.041859]}}, {"type": "Feature", "properties": {"stop_id": "5400090", "stop_name": "ON PASEO AT VOLKER SOUTHBOUND", "route_count": 1, "frequent": false}, "geometry": {"type": "Point", "coordinates": [-94.568555, 39.04008]}}, {"type": "Feature", "properties": {"stop_id": "5400140", "stop_name": "ON PASEO AT 49TH SOUTHBOUND", "route_count": 1, "frequent": false}, "geometry": {"type": "Point", "coordinates": [-94.568082, 39.036983]}}, {"type": "Feature", "properties": {"stop_id": "5400142", "stop_name": "ON PASEO AT 51ST SOUTHBOUND", "route_count": 1, "frequent": false}, "geometry": {"type": "Point", "coordinates": [-94.567655, 39.034396]}}, {"type": "Feature", "properties": {"stop_id": "5400144", "stop_name": "ON PASEO AT 53RD SOUTHBOUND", "route_count": 1, "frequent": false}, "geometry": {"type": "Point", "coordinates": [-94.567844, 39.030728]}}, {"type": "Feature", "properties": {"stop_id": "5400146", "stop_name": "ON PASEO AT 55TH SOUTHBOUND FARSIDE", "route_count": 1, "frequent": false}, "geometry": {"type": "Point", "coordinates": [-94.568056, 39.026863]}}, {"type": "Feature", "properties": {"stop_id": "5400148", "stop_name": "ON PASEO AT 57TH SOUTHBOUND", "route_count": 1, "frequent": false}, "geometry": {"type": "Point", "coordinates": [-94.568289, 39.023529]}}, {"type": "Feature", "properties": {"stop_id": "5400150", "stop_name": "ON PASEO AT 59TH SOUTHBOUND", "route_count": 1, "frequent": false}, "geometry": {"type": "Point", "coordinates": [-94.569684, 39.01991]}}, {"type": "Feature", "properties": {"stop_id": "5400152", "stop_name": "ON PASEO AT 61ST SOUTHBOUND", "route_count": 1, "frequent": false}, "geometry": {"type": "Point", "coordinates": [-94.570409, 39.016574]}}, {"type": "Feature", "properties": {"stop_id": "5400154", "stop_name": "ON PASEO AT 63RD SOUTHBOUND", "route_count": 1, "frequent": false}, "geometry": {"type": "Point", "coordinates": [-94.570543, 39.013234]}}, {"type": "Feature", "properties": {"stop_id": "54152", "stop_name": "ON PASEO AT MEYER SB", "route_count": 1, "frequent": false}, "geometry": {"type": "Point", "coordinates": [-94.568805, 39.012374]}}, {"type": "Feature", "properties": {"stop_id": "5400157", "stop_name": "ON PASEO AT 66TH SOUTHBOUND", "route_count": 1, "frequent": false}, "geometry": {"type": "Point", "coordinates": [-94.568473, 39.008356]}}, {"type": "Feature", "properties": {"stop_id": "5400159", "stop_name": "ON PASEO AT WOODLAND SOUTHBOUND", "route_count": 1, "frequent": false}, "geometry": {"type": "Point", "coordinates": [-94.565926, 39.007072]}}, {"type": "Feature", "properties": {"stop_id": "5400160", "stop_name": "ON PASEO AT 67TH SOUTHBOUND", "route_count": 1, "frequent": false}, "geometry": {"type": "Point", "coordinates": [-94.564082, 39.005674]}}, {"type": "Feature", "properties": {"stop_id": "5400161", "stop_name": "ON PASEO AT 68TH SOUTHBOUND", "route_count": 1, "frequent": false}, "geometry": {"type": "Point", "coordinates": [-94.56296, 39.003852]}}, {"type": "Feature", "properties": {"stop_id": "5400162", "stop_name": "ON PASEO AT 69TH SOUTHBOUND", "route_count": 1, "frequent": false}, "geometry": {"type": "Point", "coordinates": [-94.562713, 39.002045]}}, {"type": "Feature", "properties": {"stop_id": "5400164", "stop_name": "ON PASEO AT GREGORY SOUTHBOUND", "route_count": 1, "frequent": false}, "geometry": {"type": "Point", "coordinates": [-94.564418, 38.998474]}}, {"type": "Feature", "properties": {"stop_id": "5400165", "stop_name": "ON PASEO AT 72ND SOUTHBOUND", "route_count": 1, "frequent": false}, "geometry": {"type": "Point", "coordinates": [-94.565667, 38.996472]}}, {"type": "Feature", "properties": {"stop_id": "5400167", "stop_name": "ON PASEO AT 74TH SOUTHBOUND", "route_count": 1, "frequent": false}, "geometry": {"type": "Point", "coordinates": [-94.56649, 38.993092]}}, {"type": "Feature", "properties": {"stop_id": "5400168", "stop_name": "ON PASEO AT 75TH SOUTHBOUND", "route_count": 1, "frequent": false}, "geometry": {"type": "Point", "coordinates": [-94.566594, 38.99132]}}, {"type": "Feature", "properties": {"stop_id": "5400171", "stop_name": "ON PASEO AT 76TH TERRACE SOUTHBOUND", "route_count": 1, "frequent": false}, "geometry": {"type": "Point", "coordinates": [-94.566746, 38.988181]}}, {"type": "Feature", "properties": {"stop_id": "5400172", "stop_name": "ON PASEO AT 77TH TERR SOUTHBOUND", "route_count": 1, "frequent": false}, "geometry": {"type": "Point", "coordinates": [-94.566799, 38.986087]}}, {"type": "Feature", "properties": {"stop_id": "5400173", "stop_name": "ON PASEO AT 79TH SOUTHBOUND", "route_count": 1, "frequent": false}, "geometry": {"type": "Point", "coordinates": [-94.566945, 38.984091]}}, {"type": "Feature", "properties": {"stop_id": "5400174", "stop_name": "ON PASEO AT 80TH SOUTHBOUND", "route_count": 1, "frequent": false}, "geometry": {"type": "Point", "coordinates": [-94.567, 38.98296]}}, {"type": "Feature", "properties": {"stop_id": "5400176", "stop_name": "ON PASEO AT 82ND SOUTHBOUND", "route_count": 1, "frequent": false}, "geometry": {"type": "Point", "coordinates": [-94.567204, 38.978389]}}, {"type": "Feature", "properties": {"stop_id": "5400177", "stop_name": "ON PASEO AT 83RD SOUTHBOUND", "route_count": 1, "frequent": false}, "geometry": {"type": "Point", "coordinates": [-94.567267, 38.977171]}}, {"type": "Feature", "properties": {"stop_id": "540002", "stop_name": "ON PASEO AT 85TH ST SB", "route_count": 1, "frequent": false}, "geometry": {"type": "Point", "coordinates": [-94.567442, 38.973205]}}, {"type": "Feature", "properties": {"stop_id": "540003", "stop_name": "ON 85TH ST AT FLORA WB", "route_count": 1, "frequent": false}, "geometry": {"type": "Point", "coordinates": [-94.571, 38.973292]}}, {"type": "Feature", "properties": {"stop_id": "540005", "stop_name": "ON 85TH ST AT TROOST WB", "route_count": 1, "frequent": false}, "geometry": {"type": "Point", "coordinates": [-94.57607, 38.973491]}}, {"type": "Feature", "properties": {"stop_id": "5710125", "stop_name": "ON 85TH AT HOLMES WESTBOUND", "route_count": 1, "frequent": false}, "geometry": {"type": "Point", "coordinates": [-94.580453, 38.973832]}}, {"type": "Feature", "properties": {"stop_id": "5710127", "stop_name": "ON 85TH AT OAK / SLEEPY HOLLOW WESTBOUND", "route_count": 1, "frequent": false}, "geometry": {"type": "Point", "coordinates": [-94.587398, 38.973951]}}, {"type": "Feature", "properties": {"stop_id": "5710129", "stop_name": "ON 85TH AT MAIN WB", "route_count": 1, "frequent": false}, "geometry": {"type": "Point", "coordinates": [-94.590315, 38.974075]}}, {"type": "Feature", "properties": {"stop_id": "540001", "stop_name": "ON 85TH ST AT WORNALL WESTBOUND FARSIDE", "route_count": 1, "frequent": false}, "geometry": {"type": "Point", "coordinates": [-94.595285, 38.974287]}}, {"type": "Feature", "properties": {"stop_id": "540006", "stop_name": "ON 85TH ST AT SUMMIT WESTBOUND NEARSIDE", "route_count": 1, "frequent": false}, "geometry": {"type": "Point", "coordinates": [-94.599624, 38.974428]}}, {"type": "Feature", "properties": {"stop_id": "85172", "stop_name": "ON 85TH AT MADISON/BELLEVIEW WESTBOUND", "route_count": 1, "frequent": false}, "geometry": {"type": "Point", "coordinates": [-94.60162, 38.974513]}}, {"type": "Feature", "properties": {"stop_id": "1200102", "stop_name": "ON WYOMING AT 12TH NORTHBOUND", "route_count": 1, "frequent": false}, "geometry": {"type": "Point", "coordinates": [-94.603657, 39.100028]}}, {"type": "Feature", "properties": {"stop_id": "109162", "stop_name": "ON 10TH AT TROOST EASTBOUND FARSIDE", "route_count": 1, "frequent": false}, "geometry": {"type": "Point", "coordinates": [-94.569599, 39.101858]}}, {"type": "Feature", "properties": {"stop_id": "110069", "stop_name": "ON 10TH AT LYDIA EASTBOUND", "route_count": 1, "frequent": false}, "geometry": {"type": "Point", "coordinates": [-94.565262, 39.101686]}}, {"type": "Feature", "properties": {"stop_id": "110070", "stop_name": "ON 10TH AT SOUTHBOUND PASEO EASTBOUND", "route_count": 1, "frequent": false}, "geometry": {"type": "Point", "coordinates": [-94.564031, 39.101647]}}, {"type": "Feature", "properties": {"stop_id": "1090059", "stop_name": "ON MARYLOU WMS AT HIGHLAND EB", "route_count": 1, "frequent": false}, "geometry": {"type": "Point", "coordinates": [-94.561805, 39.102281]}}, {"type": "Feature", "properties": {"stop_id": "1090061", "stop_name": "ON 9TH AT WOODLAND EASTBOUND", "route_count": 1, "frequent": false}, "geometry": {"type": "Point", "coordinates": [-94.56033, 39.102749]}}, {"type": "Feature", "properties": {"stop_id": "1090062", "stop_name": "ON 9TH AT EUCLID EASTBOUND", "route_count": 1, "frequent": false}, "geometry": {"type": "Point", "coordinates": [-94.558385, 39.102642]}}, {"type": "Feature", "properties": {"stop_id": "1090063", "stop_name": "ON 9TH AT BROOKLYN EASTBOUND FARSIDE", "route_count": 1, "frequent": false}, "geometry": {"type": "Point", "coordinates": [-94.555666, 39.102558]}}, {"type": "Feature", "properties": {"stop_id": "1090064", "stop_name": "ON 9TH AT OLIVE EASTBOUND", "route_count": 1, "frequent": false}, "geometry": {"type": "Point", "coordinates": [-94.553695, 39.1025]}}, {"type": "Feature", "properties": {"stop_id": "1090068", "stop_name": "ON 9TH AT BELLEFONTAINE EASTBOUND", "route_count": 1, "frequent": false}, "geometry": {"type": "Point", "coordinates": [-94.545979, 39.102263]}}, {"type": "Feature", "properties": {"stop_id": "1090069", "stop_name": "ON 9TH AT BENTON EASTBOUND FARSIDE", "route_count": 1, "frequent": false}, "geometry": {"type": "Point", "coordinates": [-94.544084, 39.102187]}}, {"type": "Feature", "properties": {"stop_id": "1090071", "stop_name": "ON 9TH AT BALES EASTBOUND", "route_count": 1, "frequent": false}, "geometry": {"type": "Point", "coordinates": [-94.539936, 39.102036]}}, {"type": "Feature", "properties": {"stop_id": "1090072", "stop_name": "ON 9TH AT CLEVELAND EASTBOUND FARSIDE", "route_count": 1, "frequent": false}, "geometry": {"type": "Point", "coordinates": [-94.537254, 39.101961]}}, {"type": "Feature", "properties": {"stop_id": "1090074", "stop_name": "ON 9TH AT JACKSON EASTBOUND", "route_count": 1, "frequent": false}, "geometry": {"type": "Point", "coordinates": [-94.533247, 39.101881]}}, {"type": "Feature", "properties": {"stop_id": "1090078", "stop_name": "ON 9TH ST AT VAN BRUNT EASTBOUND FARSIDE", "route_count": 1, "frequent": false}, "geometry": {"type": "Point", "coordinates": [-94.525763, 39.101625]}}, {"type": "Feature", "properties": {"stop_id": "1090080", "stop_name": "ON 9TH AT DENVER EASTBOUND", "route_count": 1, "frequent": false}, "geometry": {"type": "Point", "coordinates": [-94.521471, 39.101487]}}, {"type": "Feature", "properties": {"stop_id": "10901", "stop_name": "ON WINNER RD AT 10TH ST SOUTHWESTBOUND", "route_count": 1, "frequent": false}, "geometry": {"type": "Point", "coordinates": [-94.51771, 39.100076]}}, {"type": "Feature", "properties": {"stop_id": "1090088", "stop_name": "ON 12TH BETWEEN HARDESTY & DRURY EB", "route_count": 1, "frequent": false}, "geometry": {"type": "Point", "coordinates": [-94.518607, 39.097651]}}, {"type": "Feature", "properties": {"stop_id": "1090090", "stop_name": "ON 12TH AT TOPPING EASTBOUND", "route_count": 1, "frequent": false}, "geometry": {"type": "Point", "coordinates": [-94.514743, 39.097557]}}, {"type": "Feature", "properties": {"stop_id": "1090093", "stop_name": "ON 12TH AT BELMONT EASTBOUND", "route_count": 1, "frequent": false}, "geometry": {"type": "Point", "coordinates": [-94.51015, 39.097449]}}, {"type": "Feature", "properties": {"stop_id": "1090095", "stop_name": "ON 12TH AT BENNINGTON EASTBOUND", "route_count": 1, "frequent": false}, "geometry": {"type": "Point", "coordinates": [-94.505562, 39.097325]}}, {"type": "Feature", "properties": {"stop_id": "1090096", "stop_name": "ON 12TH AT EWING EASTBOUND", "route_count": 1, "frequent": false}, "geometry": {"type": "Point", "coordinates": [-94.503213, 39.097265]}}, {"type": "Feature", "properties": {"stop_id": "1090097", "stop_name": "ON WINCHESTER AT 12TH TERR SOUTHBOUND", "route_count": 1, "frequent": false}, "geometry": {"type": "Point", "coordinates": [-94.500939, 39.096466]}}, {"type": "Feature", "properties": {"stop_id": "1200002", "stop_name": "ON TRUMAN AT EWING WESTBOUND", "route_count": 1, "frequent": false}, "geometry": {"type": "Point", "coordinates": [-94.503358, 39.093761]}}, {"type": "Feature", "properties": {"stop_id": "91818", "stop_name": "ON EWING AT TRUMAN ROAD NORTHBOUND", "route_count": 1, "frequent": false}, "geometry": {"type": "Point", "coordinates": [-94.503454, 39.093897]}}, {"type": "Feature", "properties": {"stop_id": "91901", "stop_name": "ON EWING AT 12TH TERR NORTHBOUND NEARSIDE", "route_count": 1, "frequent": false}, "geometry": {"type": "Point", "coordinates": [-94.503329, 39.096321]}}, {"type": "Feature", "properties": {"stop_id": "1090004", "stop_name": "ON 12TH AT BENNINGTON WESTBOUND", "route_count": 1, "frequent": false}, "geometry": {"type": "Point", "coordinates": [-94.505274, 39.097446]}}, {"type": "Feature", "properties": {"stop_id": "1090006", "stop_name": "ON 12TH AT BELMONT WESTBOUND", "route_count": 1, "frequent": false}, "geometry": {"type": "Point", "coordinates": [-94.509824, 39.097563]}}, {"type": "Feature", "properties": {"stop_id": "1090009", "stop_name": "ON 12TH AT TOPPING WESTBOUND FARSIDE", "route_count": 1, "frequent": false}, "geometry": {"type": "Point", "coordinates": [-94.514752, 39.09767]}}, {"type": "Feature", "properties": {"stop_id": "1090010", "stop_name": "ON 12TH AT OAKLEY WESTBOUND", "route_count": 1, "frequent": false}, "geometry": {"type": "Point", "coordinates": [-94.516729, 39.097751]}}, {"type": "Feature", "properties": {"stop_id": "1090012", "stop_name": "ON HARDESTY AT WINNER NORTHBOUND FARSIDE", "route_count": 1, "frequent": false}, "geometry": {"type": "Point", "coordinates": [-94.51901, 39.099325]}}, {"type": "Feature", "properties": {"stop_id": "1090014", "stop_name": "ON 9TH AT DENVER WESTBOUND", "route_count": 1, "frequent": false}, "geometry": {"type": "Point", "coordinates": [-94.521145, 39.101601]}}, {"type": "Feature", "properties": {"stop_id": "1090016", "stop_name": "ON 9TH AT VAN BRUNT WESTBOUND", "route_count": 1, "frequent": false}, "geometry": {"type": "Point", "coordinates": [-94.52575, 39.10175]}}, {"type": "Feature", "properties": {"stop_id": "1090020", "stop_name": "ON 9TH AT JACKSON WESTBOUND", "route_count": 1, "frequent": false}, "geometry": {"type": "Point", "coordinates": [-94.533002, 39.102002]}}, {"type": "Feature", "properties": {"stop_id": "1090023", "stop_name": "ON 9TH AT CLEVELAND WESTBOUND NEARSIDE", "route_count": 1, "frequent": false}, "geometry": {"type": "Point", "coordinates": [-94.537308, 39.102063]}}, {"type": "Feature", "properties": {"stop_id": "1090024", "stop_name": "ON 9TH AT BALES WESTBOUND", "route_count": 1, "frequent": false}, "geometry": {"type": "Point", "coordinates": [-94.540405, 39.102173]}}, {"type": "Feature", "properties": {"stop_id": "1090026", "stop_name": "ON 9TH AT BENTON WESTBOUND FARSIDE", "route_count": 1, "frequent": false}, "geometry": {"type": "Point", "coordinates": [-94.544429, 39.102307]}}, {"type": "Feature", "properties": {"stop_id": "1090027", "stop_name": "ON 9TH AT BELLEFONTAINE WESTBOUND", "route_count": 1, "frequent": false}, "geometry": {"type": "Point", "coordinates": [-94.545982, 39.10237]}}, {"type": "Feature", "properties": {"stop_id": "1090030", "stop_name": "ON 9TH AT OLIVE WESTBOUND", "route_count": 1, "frequent": false}, "geometry": {"type": "Point", "coordinates": [-94.55346, 39.102617]}}, {"type": "Feature", "properties": {"stop_id": "1090031", "stop_name": "ON 9TH AT BROOKLYN WESTBOUND", "route_count": 1, "frequent": false}, "geometry": {"type": "Point", "coordinates": [-94.555714, 39.10267]}}, {"type": "Feature", "properties": {"stop_id": "1090032", "stop_name": "ON 9TH AT EUCLID WESTBOUND", "route_count": 1, "frequent": false}, "geometry": {"type": "Point", "coordinates": [-94.556951, 39.102693]}}, {"type": "Feature", "properties": {"stop_id": "1090033", "stop_name": "ON 9TH AT WOODLAND WESTBOUND", "route_count": 1, "frequent": false}, "geometry": {"type": "Point", "coordinates": [-94.560334, 39.102884]}}, {"type": "Feature", "properties": {"stop_id": "1010200", "stop_name": "ON 12TH AT WASHINGTON WESTBOUND", "route_count": 1, "frequent": false}, "geometry": {"type": "Point", "coordinates": [-94.589931, 39.100218]}}, {"type": "Feature", "properties": {"stop_id": "9171", "stop_name": "ON 14TH AT GENESSEE ST EASTBOUND FARSIDE", "route_count": 1, "frequent": false}, "geometry": {"type": "Point", "coordinates": [-94.603751, 39.09786]}}, {"type": "Feature", "properties": {"stop_id": "1630", "stop_name": "UMKC (51ST & BROOKSIDE BLVD)", "route_count": 1, "frequent": true}, "geometry": {"type": "Point", "coordinates": [-94.584119, 39.035832]}}, {"type": "Feature", "properties": {"stop_id": "1817", "stop_name": "PLAZA (CLEAVER II & MAIN ST)", "route_count": 1, "frequent": true}, "geometry": {"type": "Point", "coordinates": [-94.586367, 39.041626]}}, {"type": "Feature", "properties": {"stop_id": "1816", "stop_name": "ART MUSEUMS (45TH & MAIN ST)", "route_count": 1, "frequent": true}, "geometry": {"type": "Point", "coordinates": [-94.586609, 39.045936]}}, {"type": "Feature", "properties": {"stop_id": "1815", "stop_name": "SOUTHMORELAND (43RD & MAIN ST)", "route_count": 1, "frequent": true}, "geometry": {"type": "Point", "coordinates": [-94.586426, 39.049567]}}, {"type": "Feature", "properties": {"stop_id": "1814", "stop_name": "WESTPORT(39TH & MAIN ST)", "route_count": 1, "frequent": true}, "geometry": {"type": "Point", "coordinates": [-94.586006, 39.056776]}}, {"type": "Feature", "properties": {"stop_id": "1813", "stop_name": "ARMOUR (35TH & MAIN ST)", "route_count": 1, "frequent": true}, "geometry": {"type": "Point", "coordinates": [-94.585558, 39.06407]}}, {"type": "Feature", "properties": {"stop_id": "1812", "stop_name": "UNION HILL (31ST & MAIN ST)", "route_count": 1, "frequent": true}, "geometry": {"type": "Point", "coordinates": [-94.585195, 39.071313]}}, {"type": "Feature", "properties": {"stop_id": "1811", "stop_name": "WWI MUSEUM & MEMORIAL (27TH & MAIN ST)", "route_count": 1, "frequent": true}, "geometry": {"type": "Point", "coordinates": [-94.584421, 39.078482]}}, {"type": "Feature", "properties": {"stop_id": "1619", "stop_name": "UNION STATION (PERSHING & MAIN ST)", "route_count": 1, "frequent": true}, "geometry": {"type": "Point", "coordinates": [-94.583924, 39.08445]}}, {"type": "Feature", "properties": {"stop_id": "1609", "stop_name": "CROSSROADS (19TH & MAIN ST)", "route_count": 1, "frequent": true}, "geometry": {"type": "Point", "coordinates": [-94.583569, 39.09058]}}, {"type": "Feature", "properties": {"stop_id": "1610", "stop_name": "KAUFFMAN CENTER (16TH & MAIN ST)", "route_count": 1, "frequent": true}, "geometry": {"type": "Point", "coordinates": [-94.583375, 39.094764]}}, {"type": "Feature", "properties": {"stop_id": "1611", "stop_name": "POWER & LIGHT (14TH & MAIN ST)", "route_count": 1, "frequent": true}, "geometry": {"type": "Point", "coordinates": [-94.583248, 39.097126]}}, {"type": "Feature", "properties": {"stop_id": "1612", "stop_name": "METRO CENTER (12TH & MAIN ST)", "route_count": 1, "frequent": true}, "geometry": {"type": "Point", "coordinates": [-94.583101, 39.100125]}}, {"type": "Feature", "properties": {"stop_id": "1613", "stop_name": "LIBRARY (9TH & MAIN ST)", "route_count": 1, "frequent": true}, "geometry": {"type": "Point", "coordinates": [-94.583036, 39.103362]}}, {"type": "Feature", "properties": {"stop_id": "1614", "stop_name": "NORTH LOOP (7TH & MAIN ST)", "route_count": 1, "frequent": true}, "geometry": {"type": "Point", "coordinates": [-94.582915, 39.105249]}}, {"type": "Feature", "properties": {"stop_id": "1615", "stop_name": "CITY MARKET (5TH & WALNUT ST)", "route_count": 1, "frequent": true}, "geometry": {"type": "Point", "coordinates": [-94.581756, 39.108477]}}, {"type": "Feature", "properties": {"stop_id": "1599", "stop_name": "RIVER MARKET (3RD & GRAND)", "route_count": 1, "frequent": true}, "geometry": {"type": "Point", "coordinates": [-94.581039, 39.110619]}}, {"type": "Feature", "properties": {"stop_id": "1598", "stop_name": "RIVERFRONT (BERKLEY RIVERFRONT)", "route_count": 1, "frequent": true}, "geometry": {"type": "Point", "coordinates": [-94.572115, 39.117173]}}, {"type": "Feature", "properties": {"stop_id": "1620", "stop_name": "WW1 MUSEUM & MEMORIAL (27TH & MAIN)", "route_count": 1, "frequent": true}, "geometry": {"type": "Point", "coordinates": [-94.584645, 39.078566]}}, {"type": "Feature", "properties": {"stop_id": "1621", "stop_name": "UNION HILL (31ST & MAIN ST)", "route_count": 1, "frequent": true}, "geometry": {"type": "Point", "coordinates": [-94.585426, 39.070761]}}, {"type": "Feature", "properties": {"stop_id": "1622", "stop_name": "ARMOUR (35TH & MAIN ST)", "route_count": 1, "frequent": true}, "geometry": {"type": "Point", "coordinates": [-94.585788, 39.063441]}}, {"type": "Feature", "properties": {"stop_id": "1623", "stop_name": "WESTPORT (39TH & MAIN ST)", "route_count": 1, "frequent": true}, "geometry": {"type": "Point", "coordinates": [-94.586212, 39.055969]}}, {"type": "Feature", "properties": {"stop_id": "1627", "stop_name": "SOUTHMORELAND (43RD & MAIN ST)", "route_count": 1, "frequent": true}, "geometry": {"type": "Point", "coordinates": [-94.586639, 39.049071]}}, {"type": "Feature", "properties": {"stop_id": "1628", "stop_name": "ART MUSEUMS (45TH & MAIN ST)", "route_count": 1, "frequent": true}, "geometry": {"type": "Point", "coordinates": [-94.586873, 39.045893]}}, {"type": "Feature", "properties": {"stop_id": "1629", "stop_name": "PLAZA (CLEAVER/BROOKSIDE)", "route_count": 1, "frequent": true}, "geometry": {"type": "Point", "coordinates": [-94.586367, 39.041626]}}, {"type": "Feature", "properties": {"stop_id": "1600", "stop_name": "RIVER MARKET (3RD & GRAND)", "route_count": 1, "frequent": true}, "geometry": {"type": "Point", "coordinates": [-94.581659, 39.110246]}}, {"type": "Feature", "properties": {"stop_id": "1601", "stop_name": "DELAWARE  (4TH & DELWARE)", "route_count": 1, "frequent": true}, "geometry": {"type": "Point", "coordinates": [-94.584417, 39.108848]}}, {"type": "Feature", "properties": {"stop_id": "1602", "stop_name": "NORTH LOOP (7TH & MAIN ST)", "route_count": 1, "frequent": true}, "geometry": {"type": "Point", "coordinates": [-94.583146, 39.105236]}}, {"type": "Feature", "properties": {"stop_id": "1603", "stop_name": "LIBRARY (9TH & MAIN ST)", "route_count": 1, "frequent": true}, "geometry": {"type": "Point", "coordinates": [-94.583139, 39.10305]}}, {"type": "Feature", "properties": {"stop_id": "1604", "stop_name": "METRO CENTER (12TH & MAIN ST)", "route_count": 1, "frequent": true}, "geometry": {"type": "Point", "coordinates": [-94.583256, 39.099829]}}, {"type": "Feature", "properties": {"stop_id": "1605", "stop_name": "POWER & LIGHT (14TH & MAIN ST)", "route_count": 1, "frequent": true}, "geometry": {"type": "Point", "coordinates": [-94.583399, 39.096872]}}, {"type": "Feature", "properties": {"stop_id": "1606", "stop_name": "KAUFFMAN CENTER (16TH & MAIN ST)", "route_count": 1, "frequent": true}, "geometry": {"type": "Point", "coordinates": [-94.58353, 39.094329]}}, {"type": "Feature", "properties": {"stop_id": "1607", "stop_name": "CROSSROADS (19TH & MAIN ST)", "route_count": 1, "frequent": true}, "geometry": {"type": "Point", "coordinates": [-94.58372, 39.090282]}}, {"type": "Feature", "properties": {"stop_id": "1608", "stop_name": "UNION STATION (PERSHING & MAIN ST)", "route_count": 1, "frequent": true}, "geometry": {"type": "Point", "coordinates": [-94.584179, 39.084903]}}]}