{
  "type": "FeatureCollection",
  "meta": {
    "walkshed_miles": 0.25,
    "exclusionary_codes": [
      "AG-R",
      "R-10",
      "R-20",
      "R-6",
      "R-7.5",
      "R-80"
    ],
    "opportunity_parcel_count": 7,
    "opportunity_acres": 320,
    "total_exclusionary_acres_citywide": 123177,
    "source": "Open Data KC (data.kcmo.org, dataset mreg-j9sj), fetched once -- zoning changes rarely enough that this isn't a daily pipeline step."
  },
  "features": [
    {
      "type": "Feature",
      "properties": {
        "classification": "R-80",
        "acres": 14.14,
        "distance_to_frequent_stop_miles": 0.22
      },
      "geometry": {
        "type": "MultiPolygon",
        "coordinates": [
          [
            [
              [
                -94.477067570438,
                39.063562987394
              ],
              [
                -94.477389680554,
                39.06357927738
              ],
              [
                -94.477239813008,
                39.067118674672
              ],
              [
                -94.476604577899,
                39.067084584668
              ],
              [
                -94.476625688381,
                39.066617710262
              ],
              [
                -94.475997077134,
                39.066590784548
              ],
              [
                -94.476009353845,
                39.06621989804
              ],
              [
                -94.475354330703,
                39.066193649849
              ],
              [
                -94.475470963288,
                39.063497726687
              ],
              [
                -94.477067570438,
                39.063562987394
              ]
            ]
          ]
        ]
      }
    },
    {
      "type": "Feature",
      "properties": {
        "classification": "R-6",
        "acres": 2.76,
        "distance_to_frequent_stop_miles": 0.14
      },
      "geometry": {
        "type": "MultiPolygon",
        "coordinates": [
          [
            [
              [
                -94.589052551207,
                39.055220927829
              ],
              [
                -94.58866264456,
                39.055207523826
              ],
              [
                -94.588626116132,
                39.055206267973
              ],
              [
                -94.588518940256,
                39.055202583175
              ],
              [
                -94.588494038088,
                39.055612315972
              ],
              [
                -94.588395888724,
                39.055606489428
              ],
              [
                -94.588365029888,
                39.055605339024
              ],
              [
                -94.587936894824,
                39.055589378305
              ],
              [
                -94.58794045955,
                39.05552956504
              ],
              [
                -94.587945057595,
                39.055451103092
              ],
              [
                -94.587947212907,
                39.055414309038
              ],
              [
                -94.587951121677,
                39.055347974465
              ],
              [
                -94.58795402482,
                39.055298961465
              ],
              [
                -94.58795721523,
                39.055244960219
              ],
              [
                -94.58796103603,
                39.055178694353
              ],
              [
                -94.587903251989,
                39.055177113377
              ],
              [
                -94.58790460092,
                39.055152652716
              ],
              [
                -94.587906294568,
                39.055122197008
              ],
              [
                -94.587909593738,
                39.055061217016
              ],
              [
                -94.588530538605,
                39.055011712492
              ],
              [
                -94.588533445024,
                39.054963892709
              ],
              [
                -94.588545368949,
                39.054767666503
              ],
              [
                -94.588548161087,
                39.054721758501
              ],
              [
                -94.588661132303,
                39.054725672252
              ],
              [
                -94.589080676891,
                39.054740202249
              ],
              [
                -94.589076596125,
                39.054808916607
              ],
              [
                -94.589068522405,
                39.054946185087
              ],
              [
                -94.589060566066,
                39.055083476355
              ],
              [
                -94.589052551207,
                39.055220927829
              ]
            ]
          ],
          [
            [
              [
                -94.589028388688,
                39.055632984869
              ],
              [
                -94.589020314927,
                39.055770367731
              ],
              [
                -94.589451252383,
                39.055785139383
              ],
              [
                -94.589521498379,
                39.055787550898
              ],
              [
                -94.589520632945,
                39.055804040656
              ],
              [
                -94.589504715902,
                39.056062325174
              ],
              [
                -94.589493096918,
                39.056252339046
              ],
              [
                -94.589492076076,
                39.056268939893
              ],
              [
                -94.589490753368,
                39.056290508407
              ],
              [
                -94.589422605205,
                39.056288149035
              ],
              [
                -94.589376682025,
                39.056286566559
              ],
              [
                -94.589073714697,
                39.056276131281
              ],
              [
                -94.589081013079,
                39.056152294489
              ],
              [
                -94.589077491382,
                39.056152182775
              ],
              [
                -94.589083640433,
                39.056047875101
              ],
              [
                -94.589087603978,
                39.055979241502
              ],
              [
                -94.589091626106,
                39.055910527202
              ],
              [
                -94.589095765583,
                39.055841789931
              ],
              [
                -94.589016351401,
                39.055839059105
              ],
              [
                -94.588590167952,
                39.055824419521
              ],
              [
                -94.588481374105,
                39.055820683292
              ],
              [
                -94.588494038088,
                39.055612315972
              ],
              [
                -94.588602091874,
                39.055618224146
              ],
              [
                -94.588633998328,
                39.055619337082
              ],
              [
                -94.589028388688,
                39.055632984869
              ]
            ]
          ],
          [
            [
              [
                -94.589052551207,
                39.055220927829
              ],
              [
                -94.589482487511,
                39.055235654371
              ],
              [
                -94.589550331624,
                39.055237979049
              ],
              [
                -94.58954454452,
                39.055348283558
              ],
              [
                -94.589535916847,
                39.055512730944
              ],
              [
                -94.589466805416,
                39.055510374053
              ],
              [
                -94.589424419109,
                39.055508928456
              ],
              [
                -94.589036462532,
                39.055495693527
              ],
              [
                -94.58904048454,
                39.055426864819
              ],
              [
                -94.589044477539,
                39.055358310703
              ],
              [
                -94.589052551207,
                39.055220927829
              ]
            ]
          ],
          [
            [
              [
                -94.58836832439,
                39.056030660296
              ],
              [
                -94.588333324531,
                39.056029443806
              ],
              [
                -94.587911949863,
                39.056014752341
              ],
              [
                -94.587920741642,
                39.055864189643
              ],
              [
                -94.588316993747,
                39.055878991627
              ],
              [
                -94.588376892077,
                39.055881200019
              ],
              [
                -94.588477469085,
                39.055884942579
              ],
              [
                -94.588468511687,
                39.056032358181
              ],
              [
                -94.58836832439,
                39.056030660296
              ]
            ]
          ],
          [
            [
              [
                -94.589427753483,
                39.055646728185
              ],
              [
                -94.589028388688,
                39.055632984869
              ],
              [
                -94.589032469489,
                39.055564224761
              ],
              [
                -94.589462906811,
                39.055578996752
              ],
              [
                -94.58953231547,
                39.055581378586
              ],
              [
                -94.58952870477,
                39.055650202418
              ],
              [
                -94.58945926669,
                39.055647813739
              ],
              [
                -94.589427753483,
                39.055646728185
              ]
            ]
          ]
        ]
      }
    },
    {
      "type": "Feature",
      "properties": {
        "classification": "R-80",
        "acres": 3.77,
        "distance_to_frequent_stop_miles": 0.11
      },
      "geometry": {
        "type": "MultiPolygon",
        "coordinates": [
          [
            [
              [
                -94.46819096373,
                39.056158982987
              ],
              [
                -94.468100643445,
                39.056156611885
              ],
              [
                -94.467467122875,
                39.056139969527
              ],
              [
                -94.467429310265,
                39.057014882033
              ],
              [
                -94.465838737968,
                39.056365730471
              ],
              [
                -94.465865076448,
                39.055786504482
              ],
              [
                -94.466948239824,
                39.055844119321
              ],
              [
                -94.468200510975,
                39.055898557858
              ],
              [
                -94.46819096373,
                39.056158982987
              ]
            ]
          ]
        ]
      }
    },
    {
      "type": "Feature",
      "properties": {
        "classification": "R-6",
        "acres": 11.47,
        "distance_to_frequent_stop_miles": 0.15
      },
      "geometry": {
        "type": "MultiPolygon",
        "coordinates": [
          [
            [
              [
                -94.586202492225,
                39.067234235183
              ],
              [
                -94.586204979788,
                39.067184829655
              ],
              [
                -94.586205995845,
                39.067165950513
              ],
              [
                -94.586205995832,
                39.067165939644
              ],
              [
                -94.586206198878,
                39.067162148143
              ],
              [
                -94.586207315981,
                39.067141284015
              ],
              [
                -94.586211644139,
                39.067059553965
              ],
              [
                -94.586213255191,
                39.067029140735
              ],
              [
                -94.586216899432,
                39.066960655751
              ],
              [
                -94.58622060245,
                39.066892239365
              ],
              [
                -94.58622789098,
                39.066755338035
              ],
              [
                -94.586233371986,
                39.066652621983
              ],
              [
                -94.586235208861,
                39.06661845956
              ],
              [
                -94.58623885306,
                39.066549974571
              ],
              [
                -94.586242497279,
                39.066481512461
              ],
              [
                -94.58624433409,
                39.066447304276
              ],
              [
                -94.586249844539,
                39.0663447026
              ],
              [
                -94.586255728118,
                39.066235190638
              ],
              [
                -94.586257162364,
                39.066207846995
              ],
              [
                -94.586260806521,
                39.066139362
              ],
              [
                -94.586261582301,
                39.066125655814
              ],
              [
                -94.586264509456,
                39.066070945603
              ],
              [
                -94.58626743655,
                39.06601618963
              ],
              [
                -94.586271885954,
                39.065934112828
              ],
              [
                -94.586273378832,
                39.065906723379
              ],
              [
                -94.586279291802,
                39.065797302909
              ],
              [
                -94.586279467912,
                39.065797309643
              ],
              [
                -94.586494937883,
                39.065805037054
              ],
              [
                -94.586705564862,
                39.065812568605
              ],
              [
                -94.586796443255,
                39.065815818723
              ],
              [
                -94.586809114801,
                39.065579413774
              ],
              [
                -94.586291995215,
                39.065563961734
              ],
              [
                -94.586296200092,
                39.06548599679
              ],
              [
                -94.586296372544,
                39.065482999275
              ],
              [
                -94.58630078469,
                39.065401714168
              ],
              [
                -94.586304668621,
                39.065330149226
              ],
              [
                -94.586310325649,
                39.065227547419
              ],
              [
                -94.586311071642,
                39.06521349804
              ],
              [
                -94.586312132989,
                39.065193293486
              ],
              [
                -94.586316611585,
                39.065111170887
              ],
              [
                -94.586319626651,
                39.065056414839
              ],
              [
                -94.586321522089,
                39.065022206601
              ],
              [
                -94.586327090963,
                39.064919559091
              ],
              [
                -94.586334672422,
                39.064782520206
              ],
              [
                -94.586342195293,
                39.064645595765
              ],
              [
                -94.586349688646,
                39.064508556938
              ],
              [
                -94.586773726968,
                39.064524350305
              ],
              [
                -94.586857809095,
                39.064527481876
              ],
              [
                -94.586859927854,
                39.064481736946
              ],
              [
                -94.586864139603,
                39.064390780228
              ],
              [
                -94.586956794912,
                39.064394143303
              ],
              [
                -94.586960698609,
                39.064394293694
              ],
              [
                -94.587034598809,
                39.064397128415
              ],
              [
                -94.587414055795,
                39.064411687406
              ],
              [
                -94.587414052959,
                39.064411767491
              ],
              [
                -94.587411905162,
                39.064452714344
              ],
              [
                -94.587871837251,
                39.06447016999
              ],
              [
                -94.587975370431,
                39.064474098368
              ],
              [
                -94.587977635455,
                39.064433274974
              ],
              [
                -94.588084876361,
                39.064437930356
              ],
              [
                -94.588553555044,
                39.064455628396
              ],
              [
                -94.588987012483,
                39.064471909941
              ],
              [
                -94.588990886789,
                39.064472021389
              ],
              [
                -94.589080630775,
                39.064475357541
              ],
              [
                -94.589028110816,
                39.065294311578
              ],
              [
                -94.589026861855,
                39.065314081564
              ],
              [
                -94.588943048561,
                39.065310823219
              ],
              [
                -94.588876071312,
                39.065308220105
              ],
              [
                -94.588771072099,
                39.065304135766
              ],
              [
                -94.58876716834,
                39.065303978572
              ],
              [
                -94.588760476741,
                39.065421339415
              ],
              [
                -94.588751748992,
                39.065576821257
              ],
              [
                -94.588751720272,
                39.065577324657
              ],
              [
                -94.58874720426,
                39.065657806814
              ],
              [
                -94.588486912575,
                39.06564679071
              ],
              [
                -94.588487641711,
                39.065633686309
              ],
              [
                -94.588491358962,
                39.065566725046
              ],
              [
                -94.588495679221,
                39.065489080267
              ],
              [
                -94.588498891112,
                39.065431102397
              ],
              [
                -94.588500010625,
                39.065410966422
              ],
              [
                -94.588506702854,
                39.065293765759
              ],
              [
                -94.588507735627,
                39.065274682368
              ],
              [
                -94.588400264997,
                39.065270427964
              ],
              [
                -94.588323898219,
                39.065267426659
              ],
              [
                -94.588247537277,
                39.065264393267
              ],
              [
                -94.58817116756,
                39.065261378135
              ],
              [
                -94.588041486654,
                39.065256227246
              ],
              [
                -94.588037550643,
                39.065256092933
              ],
              [
                -94.588021806485,
                39.065255466442
              ],
              [
                -94.587942387135,
                39.065252307025
              ],
              [
                -94.587932202155,
                39.065251900562
              ],
              [
                -94.587936341868,
                39.065177289933
              ],
              [
                -94.587939743807,
                39.065116003365
              ],
              [
                -94.588045984259,
                39.065120135565
              ],
              [
                -94.58851548995,
                39.065138398287
              ],
              [
                -94.588518591482,
                39.06508373364
              ],
              [
                -94.588523185258,
                39.065001885439
              ],
              [
                -94.588054033086,
                39.064983958829
              ],
              [
                -94.58794729689,
                39.064979879636
              ],
              [
                -94.587939783975,
                39.065115259708
              ],
              [
                -94.587835272671,
                39.065111464745
              ],
              [
                -94.587376625897,
                39.065094822552
              ],
              [
                -94.587373199551,
                39.065155752182
              ],
              [
                -94.587368957551,
                39.065231198018
              ],
              [
                -94.587365597547,
                39.065291194058
              ],
              [
                -94.587361318527,
                39.065367573457
              ],
              [
                -94.587128180553,
                39.065359465009
              ],
              [
                -94.587119945455,
                39.065512726924
              ],
              [
                -94.587115718846,
                39.065591378338
              ],
              [
                -94.58791163242,
                39.0656224367
              ],
              [
                -94.587893270169,
                39.065983946951
              ],
              [
                -94.58799845833,
                39.065988150918
              ],
              [
                -94.587998458355,
                39.06598817151
              ],
              [
                -94.588002362122,
                39.06598830585
              ],
              [
                -94.588170988421,
                39.065995042729
              ],
              [
                -94.58816565876,
                39.066099154499
              ],
              [
                -94.587997795666,
                39.066092691606
              ],
              [
                -94.587993891922,
                39.066092580147
              ],
              [
                -94.587993894808,
                39.066092541247
              ],
              [
                -94.587887964084,
                39.066088463681
              ],
              [
                -94.587831114068,
                39.067207753839
              ],
              [
                -94.587829876327,
                39.06723213657
              ],
              [
                -94.58772609595,
                39.067228560617
              ],
              [
                -94.587722233209,
                39.067228428526
              ],
              [
                -94.587262749004,
                39.067212601084
              ],
              [
                -94.586810321786,
                39.067197453003
              ],
              [
                -94.58681031004,
                39.067197448436
              ],
              [
                -94.586810648314,
                39.067190863085
              ],
              [
                -94.586722544389,
                39.067194514059
              ],
              [
                -94.586709218009,
                39.067443126335
              ],
              [
                -94.586622262588,
                39.067440555085
              ],
              [
                -94.586192160623,
                39.067427838558
              ],
              [
                -94.586199047464,
                39.067302654805
              ],
              [
                -94.586199053905,
                39.067302520948
              ],
              [
                -94.586202486498,
                39.067234353023
              ],
              [
                -94.586202492225,
                39.067234235183
              ]
            ],
            [
              [
                -94.587947339964,
                39.064979113095
              ],
              [
                -94.587954867278,
                39.064843533945
              ],
              [
                -94.588061905548,
                39.064847592311
              ],
              [
                -94.588530851187,
                39.06486537261
              ],
              [
                -94.588535386263,
                39.064783547331
              ],
              [
                -94.588538487736,
                39.0647288598
              ],
              [
                -94.588540038557,
                39.064701584676
              ],
              [
                -94.588071182066,
                39.064683818075
              ],
              [
                -94.587963956199,
                39.064679755282
              ],
              [
                -94.587962483513,
                39.064706314169
              ],
              [
                -94.587858888389,
                39.064702408708
              ],
              [
                -94.587399277799,
                39.064685078615
              ],
              [
                -94.587391785949,
                39.064821705649
              ],
              [
                -94.587384464388,
                39.064953641982
              ],
              [
                -94.587384235344,
                39.064958309842
              ],
              [
                -94.587839473925,
                39.064975128467
              ],
              [
                -94.587947339964,
                39.064979113095
              ]
            ]
          ]
        ]
      }
    },
    {
      "type": "Feature",
      "properties": {
        "classification": "R-6",
        "acres": 236.62,
        "distance_to_frequent_stop_miles": 0.22
      },
      "geometry": {
        "type": "MultiPolygon",
        "coordinates": [
          [
            [
              [
                -94.555525746846,
                39.030814097129
              ],
              [
                -94.555557129467,
                39.030250935873
              ],
              [
                -94.55555572424,
                39.030250870187
              ],
              [
                -94.555555274556,
                39.030099890343
              ],
              [
                -94.555560775414,
                39.030006785069
              ],
              [
                -94.555566298862,
                39.029912576919
              ],
              [
                -94.555568800572,
                39.029870593728
              ],
              [
                -94.555575227308,
                39.029761118963
              ],
              [
                -94.555583287421,
                39.029624680484
              ],
              [
                -94.555590374677,
                39.029504634392
              ],
              [
                -94.555596801498,
                39.029395351819
              ],
              [
                -94.55560340216,
                39.029283323445
              ],
              [
                -94.555608995256,
                39.029188291533
              ],
              [
                -94.555614032483,
                39.029102677692
              ],
              [
                -94.555614102113,
                39.029101689201
              ],
              [
                -94.555616185924,
                39.029065554579
              ],
              [
                -94.555619486442,
                39.02900981496
              ],
              [
                -94.555622369846,
                39.028960857459
              ],
              [
                -94.555627650119,
                39.028870987637
              ],
              [
                -94.555630429283,
                39.028823787443
              ],
              [
                -94.555630672318,
                39.028819476552
              ],
              [
                -94.555634181142,
                39.028760057571
              ],
              [
                -94.555635918295,
                39.028730787403
              ],
              [
                -94.555636752207,
                39.028716838765
              ],
              [
                -94.555637933036,
                39.028696382612
              ],
              [
                -94.555638072143,
                39.02869421343
              ],
              [
                -94.555641372089,
                39.028637787377
              ],
              [
                -94.555645158635,
                39.028573425971
              ],
              [
                -94.555646131629,
                39.028557280693
              ],
              [
                -94.555652314925,
                39.028451897133
              ],
              [
                -94.555651907158,
                39.028451881311
              ],
              [
                -94.555660483619,
                39.02831214769
              ],
              [
                -94.555660724155,
                39.028312136135
              ],
              [
                -94.555666947628,
                39.028213150071
              ],
              [
                -94.555668129496,
                39.028194039317
              ],
              [
                -94.555672962394,
                39.028117376594
              ],
              [
                -94.555675361239,
                39.02807904524
              ],
              [
                -94.555679012217,
                39.028021438356
              ],
              [
                -94.555682592872,
                39.027963941332
              ],
              [
                -94.555684991685,
                39.02792558252
              ],
              [
                -94.555689824504,
                39.027848864878
              ],
              [
                -94.55569104154,
                39.027829726649
              ],
              [
                -94.55569705622,
                39.027733925708
              ],
              [
                -94.555702201387,
                39.027651551736
              ],
              [
                -94.555703070712,
                39.027637905107
              ],
              [
                -94.555709085252,
                39.027541966876
              ],
              [
                -94.55571509969,
                39.027445918814
              ],
              [
                -94.555721114133,
                39.027349898207
              ],
              [
                -94.555727128539,
                39.027253850142
              ],
              [
                -94.555733142886,
                39.02715774716
              ],
              [
                -94.555739157195,
                39.027061616719
              ],
              [
                -94.555745171423,
                39.026965403905
              ],
              [
                -94.555749290072,
                39.026965559816
              ],
              [
                -94.555767891923,
                39.026496447359
              ],
              [
                -94.555772611924,
                39.026496641879
              ],
              [
                -94.555778498484,
                39.026417260365
              ],
              [
                -94.555779961726,
                39.026397929812
              ],
              [
                -94.555782818217,
                39.026359790426
              ],
              [
                -94.55578327095,
                39.026353584888
              ],
              [
                -94.555785918218,
                39.026317971662
              ],
              [
                -94.555786963126,
                39.026303830716
              ],
              [
                -94.555787137231,
                39.026301414401
              ],
              [
                -94.555788008293,
                39.026290019255
              ],
              [
                -94.555792710427,
                39.026226453639
              ],
              [
                -94.555795253206,
                39.026192268235
              ],
              [
                -94.555802463762,
                39.026095615517
              ],
              [
                -94.555809674255,
                39.025998907882
              ],
              [
                -94.555816849572,
                39.025902255176
              ],
              [
                -94.55582406007,
                39.025805602451
              ],
              [
                -94.555831235347,
                39.025708949742
              ],
              [
                -94.555838445785,
                39.025612269556
              ],
              [
                -94.555845621261,
                39.025515918871
              ],
              [
                -94.555852796351,
                39.025419101412
              ],
              [
                -94.555860006773,
                39.025322476134
              ],
              [
                -94.555867182062,
                39.0252259607
              ],
              [
                -94.555874357245,
                39.025129335435
              ],
              [
                -94.555880522543,
                39.025046603987
              ],
              [
                -94.555881567738,
                39.025032874895
              ],
              [
                -94.555881602939,
                39.025032874878
              ],
              [
                -94.555883066298,
                39.025013763977
              ],
              [
                -94.555887175786,
                39.024957721895
              ],
              [
                -94.555888742991,
                39.024936386912
              ],
              [
                -94.555889857956,
                39.024921861527
              ],
              [
                -94.555891982717,
                39.024893359951
              ],
              [
                -94.555896440883,
                39.024833116751
              ],
              [
                -94.555896606179,
                39.024830698152
              ],
              [
                -94.55589665555,
                39.024830068901
              ],
              [
                -94.555902667165,
                39.024753391831
              ],
              [
                -94.556460394449,
                39.02477318757
              ],
              [
                -94.557624360777,
                39.024815577473
              ],
              [
                -94.558791420727,
                39.024855030013
              ],
              [
                -94.559867692707,
                39.024891579586
              ],
              [
                -94.559949775723,
                39.024894365522
              ],
              [
                -94.561110318531,
                39.024931681719
              ],
              [
                -94.562289871164,
                39.024969635194
              ],
              [
                -94.563443094585,
                39.025006712433
              ],
              [
                -94.564614489427,
                39.025051428762
              ],
              [
                -94.565772967964,
                39.025096881954
              ],
              [
                -94.566927294195,
                39.025142161281
              ],
              [
                -94.566886195922,
                39.025868372366
              ],
              [
                -94.566821822674,
                39.026961726564
              ],
              [
                -94.566710843624,
                39.028844830215
              ],
              [
                -94.566611496223,
                39.030524743553
              ],
              [
                -94.566609758309,
                39.030585930531
              ],
              [
                -94.566607543251,
                39.030663843766
              ],
              [
                -94.566573318774,
                39.031256525992
              ],
              [
                -94.566532754197,
                39.031921204414
              ],
              [
                -94.566505161366,
                39.032341589107
              ],
              [
                -94.566503583958,
                39.032373845291
              ],
              [
                -94.566509343564,
                39.032381019763
              ],
              [
                -94.566550024617,
                39.03239683476
              ],
              [
                -94.5665975343,
                39.032414792078
              ],
              [
                -94.567155912743,
                39.032432813329
              ],
              [
                -94.567398562235,
                39.032435900741
              ],
              [
                -94.567306831879,
                39.034264268839
              ],
              [
                -94.567076604082,
                39.03425724887
              ],
              [
                -94.566982780911,
                39.034254447241
              ],
              [
                -94.566738630788,
                39.034245443955
              ],
              [
                -94.565226752054,
                39.034189684819
              ],
              [
                -94.564072663589,
                39.034147159531
              ],
              [
                -94.562900728221,
                39.034098539252
              ],
              [
                -94.561728892722,
                39.034058336488
              ],
              [
                -94.560562449675,
                39.034010042175
              ],
              [
                -94.559402725076,
                39.033963654776
              ],
              [
                -94.559382200133,
                39.033962834648
              ],
              [
                -94.558233459813,
                39.033907989248
              ],
              [
                -94.557061745938,
                39.033862280139
              ],
              [
                -94.555908584256,
                39.033813937364
              ],
              [
                -94.555356020334,
                39.033791068249
              ],
              [
                -94.555362025889,
                39.033686117334
              ],
              [
                -94.555366937616,
                39.03360055168
              ],
              [
                -94.555368500537,
                39.033573285994
              ],
              [
                -94.555372633246,
                39.033500742258
              ],
              [
                -94.555376280073,
                39.03343714978
              ],
              [
                -94.55537832884,
                39.033400905377
              ],
              [
                -94.555384024439,
                39.033301095951
              ],
              [
                -94.555389719872,
                39.033201094324
              ],
              [
                -94.555391803701,
                39.033164685159
              ],
              [
                -94.55539541531,
                39.033101120151
              ],
              [
                -94.555399583019,
                39.033028384192
              ],
              [
                -94.555401145915,
                39.033001118503
              ],
              [
                -94.555407258668,
                39.032894609327
              ],
              [
                -94.555407258646,
                39.03289458187
              ],
              [
                -94.555412537185,
                39.032801774205
              ],
              [
                -94.555417886096,
                39.032708939048
              ],
              [
                -94.555419587628,
                39.03267890012
              ],
              [
                -94.555423164564,
                39.032616076465
              ],
              [
                -94.555426602758,
                39.032555916219
              ],
              [
                -94.555428478222,
                39.032523213864
              ],
              [
                -94.555433688336,
                39.032433014654
              ],
              [
                -94.555433827006,
                39.032430268873
              ],
              [
                -94.555439175776,
                39.03233732388
              ],
              [
                -94.555440738578,
                39.032309975816
              ],
              [
                -94.555444489285,
                39.032244323988
              ],
              [
                -94.555447788753,
                39.032186882062
              ],
              [
                -94.555449837985,
                39.032151324078
              ],
              [
                -94.555454734474,
                39.032065298497
              ],
              [
                -94.555462754956,
                39.031922572411
              ],
              [
                -94.555469561185,
                39.031802746164
              ],
              [
                -94.555475812079,
                39.031693079325
              ],
              [
                -94.555482027772,
                39.031583439957
              ],
              [
                -94.555488278584,
                39.031473718199
              ],
              [
                -94.555494494132,
                39.03136394154
              ],
              [
                -94.555500744777,
                39.031254055034
              ],
              [
                -94.555506995404,
                39.031144168526
              ],
              [
                -94.555513245925,
                39.031034172186
              ],
              [
                -94.555519496449,
                39.030924203301
              ],
              [
                -94.555525746846,
                39.030814097129
              ]
            ],
            [
              [
                -94.565546698173,
                39.028727170359
              ],
              [
                -94.564388795297,
                39.028686210759
              ],
              [
                -94.564269610455,
                39.030506809859
              ],
              [
                -94.565446615062,
                39.030545611383
              ],
              [
                -94.565546698173,
                39.028727170359
              ]
            ],
            [
              [
                -94.563356235377,
                39.026482239846
              ],
              [
                -94.56275587403,
                39.02646322078
              ],
              [
                -94.562753751526,
                39.026497845421
              ],
              [
                -94.562273739178,
                39.026482424604
              ],
              [
                -94.562201472187,
                39.02647946804
              ],
              [
                -94.562182974281,
                39.026784309756
              ],
              [
                -94.562735975209,
                39.026803290894
              ],
              [
                -94.563336123761,
                39.026823886675
              ],
              [
                -94.563356235377,
                39.026482239846
              ]
            ]
          ]
        ]
      }
    },
    {
      "type": "Feature",
      "properties": {
        "classification": "R-7.5",
        "acres": 1.21,
        "distance_to_frequent_stop_miles": 0.16
      },
      "geometry": {
        "type": "MultiPolygon",
        "coordinates": [
          [
            [
              [
                -94.553534770383,
                39.101176340241
              ],
              [
                -94.552118028555,
                39.101128960158
              ],
              [
                -94.55213686342,
                39.100770393047
              ],
              [
                -94.553552999021,
                39.100817745727
              ],
              [
                -94.553534770383,
                39.101176340241
              ]
            ]
          ]
        ]
      }
    },
    {
      "type": "Feature",
      "properties": {
        "classification": "R-6",
        "acres": 49.62,
        "distance_to_frequent_stop_miles": 0.21
      },
      "geometry": {
        "type": "MultiPolygon",
        "coordinates": [
          [
            [
              [
                -94.584254186452,
                39.057975458638
              ],
              [
                -94.584720708628,
                39.057993288081
              ],
              [
                -94.584727781621,
                39.057993580394
              ],
              [
                -94.584836937165,
                39.057997754594
              ],
              [
                -94.584842256412,
                39.057913226561
              ],
              [
                -94.584845637428,
                39.057859476974
              ],
              [
                -94.58494910794,
                39.0578633875
              ],
              [
                -94.584956154509,
                39.057863679818
              ],
              [
                -94.585420266512,
                39.057881325172
              ],
              [
                -94.585412241188,
                39.058018639055
              ],
              [
                -94.585408447631,
                39.058082822629
              ],
              [
                -94.585404250913,
                39.058155838505
              ],
              [
                -94.585396802755,
                39.058282649648
              ],
              [
                -94.585396460194,
                39.058288187065
              ],
              [
                -94.585391653069,
                39.05836610904
              ],
              [
                -94.58539306767,
                39.058366162919
              ],
              [
                -94.585392371118,
                39.058377496315
              ],
              [
                -94.585387820309,
                39.058451379631
              ],
              [
                -94.585387471824,
                39.058456873579
              ],
              [
                -94.585379909951,
                39.058584348341
              ],
              [
                -94.585379621684,
                39.058588670745
              ],
              [
                -94.585375766411,
                39.058652831475
              ],
              [
                -94.585371593738,
                39.058721499965
              ],
              [
                -94.585370817754,
                39.058735114639
              ],
              [
                -94.585367479587,
                39.058790031125
              ],
              [
                -94.585363365621,
                39.05885872245
              ],
              [
                -94.585361696477,
                39.058886134931
              ],
              [
                -94.585359222051,
                39.058927207869
              ],
              [
                -94.585354961222,
                39.058995807776
              ],
              [
                -94.585353236627,
                39.059025920237
              ],
              [
                -94.585349304927,
                39.059090016951
              ],
              [
                -94.585346847016,
                39.059130192945
              ],
              [
                -94.585346674291,
                39.059132984536
              ],
              [
                -94.585340635096,
                39.059235815492
              ],
              [
                -94.585340434594,
                39.059239911311
              ],
              [
                -94.585338533984,
                39.059270092541
              ],
              [
                -94.585334185017,
                39.059338646747
              ],
              [
                -94.585334044862,
                39.059344115372
              ],
              [
                -94.585330246963,
                39.059407246412
              ],
              [
                -94.585328145787,
                39.059441477699
              ],
              [
                -94.585327570373,
                39.059451065195
              ],
              [
                -94.585322103124,
                39.059541471426
              ],
              [
                -94.585321930398,
                39.059544263016
              ],
              [
                -94.585316551288,
                39.059634760704
              ],
              [
                -94.585313643341,
                39.05968143976
              ],
              [
                -94.585310852424,
                39.059727821279
              ],
              [
                -94.585305414618,
                39.059818341888
              ],
              [
                -94.585300006092,
                39.059908816711
              ],
              [
                -94.585297186029,
                39.059955381297
              ],
              [
                -94.585289182981,
                39.060087203704
              ],
              [
                -94.585286055123,
                39.060165790256
              ],
              [
                -94.585285101274,
                39.060165756632
              ],
              [
                -94.585279963722,
                39.060252204222
              ],
              [
                -94.585273606491,
                39.060359176821
              ],
              [
                -94.585272342426,
                39.060381829781
              ],
              [
                -94.585265613088,
                39.060496650779
              ],
              [
                -94.585264779551,
                39.060511249367
              ],
              [
                -94.585261554578,
                39.060565250517
              ],
              [
                -94.585257560819,
                39.060634010372
              ],
              [
                -94.585257099972,
                39.060641263936
              ],
              [
                -94.585249420586,
                39.060771461549
              ],
              [
                -94.585248644666,
                39.060785167741
              ],
              [
                -94.585241571448,
                39.060784921222
              ],
              [
                -94.58478245622,
                39.060767385945
              ],
              [
                -94.584775412298,
                39.060767093615
              ],
              [
                -94.584668430555,
                39.060763274723
              ],
              [
                -94.584661179299,
                39.060886719847
              ],
              [
                -94.584767959002,
                39.060890769988
              ],
              [
                -94.584775061605,
                39.060891039396
              ],
              [
                -94.585241338962,
                39.060908866917
              ],
              [
                -94.585233345353,
                39.061046272218
              ],
              [
                -94.585225146193,
                39.061183609022
              ],
              [
                -94.585217064312,
                39.061320877094
              ],
              [
                -94.58520889441,
                39.061458190989
              ],
              [
                -94.585200900595,
                39.061595527632
              ],
              [
                -94.58519270109,
                39.061732681374
              ],
              [
                -94.585184730954,
                39.061865350301
              ],
              [
                -94.585184414745,
                39.061870864814
              ],
              [
                -94.585179970072,
                39.061969932939
              ],
              [
                -94.585175239565,
                39.062075380449
              ],
              [
                -94.585174923355,
                39.062080894962
              ],
              [
                -94.585167068398,
                39.062211779091
              ],
              [
                -94.585158927593,
                39.062349047178
              ],
              [
                -94.58515066939,
                39.062486338228
              ],
              [
                -94.585237311503,
                39.062489729942
              ],
              [
                -94.585229024031,
                39.062626975254
              ],
              [
                -94.585220736693,
                39.062764357847
              ],
              [
                -94.585134182264,
                39.062760943175
              ],
              [
                -94.58513380724,
                39.062766366207
              ],
              [
                -94.585125777111,
                39.062898142798
              ],
              [
                -94.585117448572,
                39.063033180121
              ],
              [
                -94.585117316192,
                39.063035367626
              ],
              [
                -94.584940147441,
                39.063028319079
              ],
              [
                -94.584640261175,
                39.063016394249
              ],
              [
                -94.584538080206,
                39.063012329219
              ],
              [
                -94.584537854207,
                39.063012320231
              ],
              [
                -94.584541721148,
                39.062944809813
              ],
              [
                -94.584426115329,
                39.062940180107
              ],
              [
                -94.58396763104,
                39.062921817468
              ],
              [
                -94.583960586962,
                39.06292157085
              ],
              [
                -94.583956559474,
                39.062990284896
              ],
              [
                -94.583757181307,
                39.062982259798
              ],
              [
                -94.583508171664,
                39.062972416561
              ],
              [
                -94.583464909034,
                39.062970706299
              ],
              [
                -94.583386246226,
                39.062967752596
              ],
              [
                -94.583450202296,
                39.06190630716
              ],
              [
                -94.583504805787,
                39.060979731312
              ],
              [
                -94.583364711208,
                39.060974358439
              ],
              [
                -94.583223207868,
                39.060968931489
              ],
              [
                -94.582918479603,
                39.060957241351
              ],
              [
                -94.58291442157,
                39.061025703717
              ],
              [
                -94.58291036361,
                39.061094234725
              ],
              [
                -94.582902215358,
                39.061231273879
              ],
              [
                -94.582434765104,
                39.061213140386
              ],
              [
                -94.582279719324,
                39.061207124672
              ],
              [
                -94.5823098685,
                39.060794756293
              ],
              [
                -94.58245984758,
                39.060800516996
              ],
              [
                -94.582926760748,
                39.06081845171
              ],
              [
                -94.582937138721,
                39.06064197754
              ],
              [
                -94.582944142974,
                39.060642245413
              ],
              [
                -94.583376460908,
                39.060658800331
              ],
              [
                -94.583383393231,
                39.060659042488
              ],
              [
                -94.583524335406,
                39.060664462782
              ],
              [
                -94.583558803445,
                39.060108051452
              ],
              [
                -94.582969650696,
                39.060089138327
              ],
              [
                -94.582362882972,
                39.060069656927
              ],
              [
                -94.582363335594,
                39.060062650492
              ],
              [
                -94.582390546121,
                39.059640832008
              ],
              [
                -94.582518168168,
                39.059645606249
              ],
              [
                -94.582536247167,
                39.059646279881
              ],
              [
                -94.582993886699,
                39.059663390321
              ],
              [
                -94.582997944445,
                39.059594813532
              ],
              [
                -94.583004045657,
                39.059491891134
              ],
              [
                -94.583006059941,
                39.059457682832
              ],
              [
                -94.583010058915,
                39.059389060321
              ],
              [
                -94.583014058123,
                39.059320643736
              ],
              [
                -94.583018086295,
                39.059251906797
              ],
              [
                -94.58302217345,
                39.059183421505
              ],
              [
                -94.583024819803,
                39.059137635041
              ],
              [
                -94.583026172366,
                39.059114776109
              ],
              [
                -94.583030288799,
                39.059046245033
              ],
              [
                -94.583031641278,
                39.059023317458
              ],
              [
                -94.583038345557,
                39.058909183002
              ],
              [
                -94.582569793245,
                39.058891737247
              ],
              [
                -94.582566711634,
                39.058891625024
              ],
              [
                -94.582562837588,
                39.058891467601
              ],
              [
                -94.582439181211,
                39.058886873652
              ],
              [
                -94.582464899748,
                39.058488170358
              ],
              [
                -94.582500349584,
                39.058264809858
              ],
              [
                -94.582505676303,
                39.058264986848
              ],
              [
                -94.583074634597,
                39.058283860084
              ],
              [
                -94.583070195754,
                39.05836519095
              ],
              [
                -94.583062339268,
                39.058497745325
              ],
              [
                -94.583054400098,
                39.058634898806
              ],
              [
                -94.583047866755,
                39.058744594261
              ],
              [
                -94.583046314162,
                39.058772052388
              ],
              [
                -94.583492765985,
                39.058788459534
              ],
              [
                -94.583640207829,
                39.058793877326
              ],
              [
                -94.583640233772,
                39.058793479181
              ],
              [
                -94.583640791872,
                39.058793902076
              ],
              [
                -94.583638773814,
                39.058827124231
              ],
              [
                -94.583749764761,
                39.058831272963
              ],
              [
                -94.583756239087,
                39.058831515427
              ],
              [
                -94.583822664027,
                39.058833998327
              ],
              [
                -94.584195736139,
                39.058847947757
              ],
              [
                -94.584202779867,
                39.058848240123
              ],
              [
                -94.584204707062,
                39.058815336068
              ],
              [
                -94.584208421151,
                39.05875495082
              ],
              [
                -94.584210837489,
                39.058713832186
              ],
              [
                -94.584212996058,
                39.058678067856
              ],
              [
                -94.584219209964,
                39.058572742809
              ],
              [
                -94.584221079835,
                39.058541005717
              ],
              [
                -94.58422381433,
                39.058495974225
              ],
              [
                -94.584228735172,
                39.058413874173
              ],
              [
                -94.584229051522,
                39.058408428302
              ],
              [
                -94.584234136572,
                39.058323754034
              ],
              [
                -94.584233197422,
                39.058323720391
              ],
              [
                -94.58423804088,
                39.058243199171
              ],
              [
                -94.584245897479,
                39.058112612465
              ],
              [
                -94.584254186452,
                39.057975458638
              ]
            ],
            [
              [
                -94.584171990434,
                39.059363950941
              ],
              [
                -94.583726326838,
                39.059347223213
              ],
              [
                -94.583714293781,
                39.059346774234
              ],
              [
                -94.583563959041,
                39.061531421537
              ],
              [
                -94.583595254853,
                39.061532668995
              ],
              [
                -94.584041138817,
                39.061550424404
              ],
              [
                -94.584049105715,
                39.061413248024
              ],
              [
                -94.584057189976,
                39.061276071556
              ],
              [
                -94.584065186026,
                39.061138780743
              ],
              [
                -94.584072259303,
                39.061139050214
              ],
              [
                -94.584531582727,
                39.061157025158
              ],
              [
                -94.584538656059,
                39.061157338075
              ],
              [
                -94.584645048642,
                39.061161285645
              ],
              [
                -94.584653099603,
                39.061024246439
              ],
              [
                -94.584539604393,
                39.061019846408
              ],
              [
                -94.584073241067,
                39.061001764454
              ],
              [
                -94.584081178414,
                39.060864519438
              ],
              [
                -94.584089174427,
                39.060727274375
              ],
              [
                -94.584555656223,
                39.060745310419
              ],
              [
                -94.584669230223,
                39.060749701226
              ],
              [
                -94.584669238894,
                39.060749589104
              ],
              [
                -94.584704726784,
                39.060145408364
              ],
              [
                -94.584126887151,
                39.060126574668
              ],
              [
                -94.584131356618,
                39.060042305865
              ],
              [
                -94.584131699341,
                39.060036814214
              ],
              [
                -94.584136824119,
                39.059950801416
              ],
              [
                -94.584139185264,
                39.059912565818
              ],
              [
                -94.584142641447,
                39.059854857829
              ],
              [
                -94.584147474647,
                39.059775412041
              ],
              [
                -94.584148394166,
                39.059758891406
              ],
              [
                -94.584153888827,
                39.059665579345
              ],
              [
                -94.584155529189,
                39.059638235549
              ],
              [
                -94.584159328118,
                39.059575081667
              ],
              [
                -94.584163730466,
                39.059501081828
              ],
              [
                -94.584164822805,
                39.059481815365
              ],
              [
                -94.584170464188,
                39.059388526074
              ],
              [
                -94.584171990434,
                39.059363950941
              ]
            ]
          ],
          [
            [
              [
                -94.589212379614,
                39.062118402931
              ],
              [
                -94.588117769557,
                39.062075468652
              ],
              [
                -94.587636640322,
                39.062056165104
              ],
              [
                -94.587548959524,
                39.062052647819
              ],
              [
                -94.587554484979,
                39.061961021359
              ],
              [
                -94.587554489947,
                39.061960884642
              ],
              [
                -94.58755449418,
                39.061960747926
              ],
              [
                -94.587559867585,
                39.061871370766
              ],
              [
                -94.58756265683,
                39.061824760403
              ],
              [
                -94.587565445733,
                39.061777875471
              ],
              [
                -94.58757090992,
                39.061687171722
              ],
              [
                -94.587579192411,
                39.061549651657
              ],
              [
                -94.587581952933,
                39.061503567572
              ],
              [
                -94.587587416118,
                39.061412085871
              ],
              [
                -94.587593137487,
                39.061315798997
              ],
              [
                -94.588059595753,
                39.061334690511
              ],
              [
                -94.588163975523,
                39.061338663848
              ],
              [
                -94.588173598775,
                39.061185213078
              ],
              [
                -94.588068972453,
                39.061181038585
              ],
              [
                -94.587602310097,
                39.06116242183
              ],
              [
                -94.587610532051,
                39.06102529077
              ],
              [
                -94.587908710202,
                39.061037067396
              ],
              [
                -94.588077400924,
                39.061043728866
              ],
              [
                -94.588182211892,
                39.061047866604
              ],
              [
                -94.588190822108,
                39.060910572753
              ],
              [
                -94.588085653205,
                39.060906364363
              ],
              [
                -94.587618699086,
                39.06088767925
              ],
              [
                -94.58762692298,
                39.060750388016
              ],
              [
                -94.587632556878,
                39.060654650335
              ],
              [
                -94.587635059337,
                39.060613531579
              ],
              [
                -94.587180374971,
                39.060594995655
              ],
              [
                -94.587097260085,
                39.060591840709
              ],
              [
                -94.587090458882,
                39.060700719705
              ],
              [
                -94.587082932371,
                39.060821229573
              ],
              [
                -94.58708014193,
                39.060865897349
              ],
              [
                -94.587163691744,
                39.06086925791
              ],
              [
                -94.587618699086,
                39.06088767925
              ],
              [
                -94.587610532051,
                39.06102529077
              ],
              [
                -94.587303359597,
                39.061013019025
              ],
              [
                -94.587155172663,
                39.06100709847
              ],
              [
                -94.587071534665,
                39.061003756274
              ],
              [
                -94.587062925866,
                39.061141587739
              ],
              [
                -94.587007380951,
                39.062030915907
              ],
              [
                -94.58661958,
                39.062017768951
              ],
              [
                -94.586493662856,
                39.062013501316
              ],
              [
                -94.586499322392,
                39.061918198427
              ],
              [
                -94.586500186127,
                39.061904492164
              ],
              [
                -94.586507434192,
                39.061783378509
              ],
              [
                -94.586515835397,
                39.06164524065
              ],
              [
                -94.586523197368,
                39.06152131256
              ],
              [
                -94.586524031718,
                39.061507583437
              ],
              [
                -94.586532228482,
                39.061370315195
              ],
              [
                -94.586540454703,
                39.06123316133
              ],
              [
                -94.586547272799,
                39.061120559651
              ],
              [
                -94.586547272771,
                39.06112053677
              ],
              [
                -94.586563592425,
                39.060845757777
              ],
              [
                -94.58656363557,
                39.060845039286
              ],
              [
                -94.58656612406,
                39.060801582143
              ],
              [
                -94.586566164119,
                39.060800740098
              ],
              [
                -94.586496399945,
                39.060797927178
              ],
              [
                -94.586501775909,
                39.060706015421
              ],
              [
                -94.586508045757,
                39.060601079222
              ],
              [
                -94.586509970225,
                39.06056677941
              ],
              [
                -94.586514082841,
                39.060497813496
              ],
              [
                -94.586518136976,
                39.060429030671
              ],
              [
                -94.586523505747,
                39.060338484898
              ],
              [
                -94.586526446666,
                39.060288192907
              ],
              [
                -94.586530875129,
                39.060213534001
              ],
              [
                -94.586531165688,
                39.060213545225
              ],
              [
                -94.586531289482,
                39.060211577381
              ],
              [
                -94.586603356845,
                39.060214347384
              ],
              [
                -94.587119597634,
                39.0602341827
              ],
              [
                -94.587134614092,
                39.059977960926
              ],
              [
                -94.587139997997,
                39.059886069713
              ],
              [
                -94.587044879991,
                39.059882358539
              ],
              [
                -94.586624038181,
                39.059865939114
              ],
              [
                -94.586623630227,
                39.0598659234
              ],
              [
                -94.58663156268,
                39.059728815474
              ],
              [
                -94.586639495159,
                39.059591753306
              ],
              [
                -94.586647368829,
                39.059454622535
              ],
              [
                -94.586655301136,
                39.059317468837
              ],
              [
                -94.586663262816,
                39.059180360874
              ],
              [
                -94.586671165687,
                39.059043184308
              ],
              [
                -94.586679068751,
                39.058906190786
              ],
              [
                -94.586687030257,
                39.058769014169
              ],
              [
                -94.586694874399,
                39.058631883398
              ],
              [
                -94.586702519068,
                39.058499649274
              ],
              [
                -94.58670849257,
                39.058443149721
              ],
              [
                -94.586708909494,
                39.058436108973
              ],
              [
                -94.58671132989,
                39.05841629922
              ],
              [
                -94.58665864911,
                39.058414269946
              ],
              [
                -94.586661851318,
                39.058361799484
              ],
              [
                -94.586675423146,
                39.05813272918
              ],
              [
                -94.586725667758,
                39.058134636701
              ],
              [
                -94.586728199969,
                39.058093490468
              ],
              [
                -94.5867295694,
                39.058071018163
              ],
              [
                -94.586731048149,
                39.058046747342
              ],
              [
                -94.586731942522,
                39.058031771158
              ],
              [
                -94.586736195655,
                39.057960414053
              ],
              [
                -94.586736541101,
                39.057954922391
              ],
              [
                -94.5867381804,
                39.05792755567
              ],
              [
                -94.586741216229,
                39.057878284069
              ],
              [
                -94.58674140327,
                39.05787524764
              ],
              [
                -94.586746552207,
                39.057790104151
              ],
              [
                -94.587168845056,
                39.057805645724
              ],
              [
                -94.587250960473,
                39.057807709953
              ],
              [
                -94.587279308125,
                39.057122294992
              ],
              [
                -94.587282867563,
                39.057036221407
              ],
              [
                -94.587284987797,
                39.056984920937
              ],
              [
                -94.587396246166,
                39.056989155237
              ],
              [
                -94.587851689545,
                39.057006504539
              ],
              [
                -94.588314869276,
                39.057024134504
              ],
              [
                -94.588315808397,
                39.057024156674
              ],
              [
                -94.588412259795,
                39.057027028364
              ],
              [
                -94.588412050918,
                39.057031320971
              ],
              [
                -94.588419358525,
                39.057031551104
              ],
              [
                -94.588531549362,
                39.057035067443
              ],
              [
                -94.588531666748,
                39.057035067354
              ],
              [
                -94.588531907405,
                39.057035078611
              ],
              [
                -94.58898125553,
                39.057056690833
              ],
              [
                -94.588973762138,
                39.057189039427
              ],
              [
                -94.588530430052,
                39.057172765291
              ],
              [
                -94.588405345641,
                39.057168174173
              ],
              [
                -94.588395240589,
                39.057374523684
              ],
              [
                -94.588511024537,
                39.057378456038
              ],
              [
                -94.58851812683,
                39.057378748099
              ],
              [
                -94.588831343441,
                39.057389512788
              ],
              [
                -94.588958419189,
                39.057393893714
              ],
              [
                -94.588962221983,
                39.057394037822
              ],
              [
                -94.588958346296,
                39.057462683346
              ],
              [
                -94.588951084849,
                39.057594597016
              ],
              [
                -94.588951072621,
                39.057594791513
              ],
              [
                -94.588951060392,
                39.057594986009
              ],
              [
                -94.588943571319,
                39.057732620063
              ],
              [
                -94.588935703453,
                39.057870689138
              ],
              [
                -94.588930389898,
                39.05796288015
              ],
              [
                -94.588927719059,
                39.058009467605
              ],
              [
                -94.588925048503,
                39.058056283867
              ],
              [
                -94.588919965565,
                39.058145179857
              ],
              [
                -94.588768146074,
                39.058139758343
              ],
              [
                -94.588610544942,
                39.058134112214
              ],
              [
                -94.588466972402,
                39.058128981493
              ],
              [
                -94.588358477123,
                39.058125103064
              ],
              [
                -94.58834111677,
                39.058479501723
              ],
              [
                -94.587894547197,
                39.058462129347
              ],
              [
                -94.587840759879,
                39.058460037375
              ],
              [
                -94.587843629523,
                39.05840514405
              ],
              [
                -94.587857189204,
                39.058145664967
              ],
              [
                -94.587785190754,
                39.058137638237
              ],
              [
                -94.587785507936,
                39.058133086424
              ],
              [
                -94.587795164948,
                39.05796865963
              ],
              [
                -94.587338121807,
                39.057951270124
              ],
              [
                -94.587245121065,
                39.057948932666
              ],
              [
                -94.587224974991,
                39.058436081095
              ],
              [
                -94.587200807049,
                39.058848455581
              ],
              [
                -94.587196255418,
                39.058926126887
              ],
              [
                -94.587280132553,
                39.058929035225
              ],
              [
                -94.587736945279,
                39.058944869228
              ],
              [
                -94.587738613392,
                39.058917365191
              ],
              [
                -94.587745139634,
                39.058807783889
              ],
              [
                -94.588206001418,
                39.058823452843
              ],
              [
                -94.588209552623,
                39.058823587442
              ],
              [
                -94.588426205452,
                39.058831800058
              ],
              [
                -94.588426381548,
                39.058831809077
              ],
              [
                -94.588426557643,
                39.058831817524
              ],
              [
                -94.588879175208,
                39.058849161515
              ],
              [
                -94.588872445343,
                39.058958790512
              ],
              [
                -94.588871266192,
                39.058978011324
              ],
              [
                -94.588878368618,
                39.058978280482
              ],
              [
                -94.589037146063,
                39.058984337204
              ],
              [
                -94.58903686242,
                39.058989828824
              ],
              [
                -94.589326382995,
                39.059000590244
              ],
              [
                -94.589404538737,
                39.059003280636
              ],
              [
                -94.589393755107,
                39.059193625534
              ],
              [
                -94.589388961465,
                39.059278220849
              ],
              [
                -94.589487506127,
                39.059282152859
              ],
              [
                -94.589969712349,
                39.059301390755
              ],
              [
                -94.589961786457,
                39.059438544672
              ],
              [
                -94.589479521429,
                39.059419375432
              ],
              [
                -94.589381186441,
                39.059415466708
              ],
              [
                -94.589373395571,
                39.059552969412
              ],
              [
                -94.589471448212,
                39.059556826877
              ],
              [
                -94.589954066113,
                39.059575812831
              ],
              [
                -94.589946345624,
                39.059712989463
              ],
              [
                -94.589938625019,
                39.059850097449
              ],
              [
                -94.58993090453,
                39.059987319836
              ],
              [
                -94.589454742469,
                39.059969999139
              ],
              [
                -94.589447639999,
                39.059969775778
              ],
              [
                -94.589349983323,
                39.059966187412
              ],
              [
                -94.58935767455,
                39.059830470645
              ],
              [
                -94.589269494803,
                39.059827135792
              ],
              [
                -94.588821156168,
                39.059810180181
              ],
              [
                -94.588829436079,
                39.059672705748
              ],
              [
                -94.588375756722,
                39.059655340637
              ],
              [
                -94.588269040384,
                39.059651352095
              ],
              [
                -94.588230623777,
                39.060275905846
              ],
              [
                -94.589330271493,
                39.060314112626
              ],
              [
                -94.589270557493,
                39.061228012339
              ],
              [
                -94.589270360851,
                39.061228005625
              ],
              [
                -94.589183326836,
                39.061224626358
              ],
              [
                -94.588768937021,
                39.061208903035
              ],
              [
                -94.588747482389,
                39.061208141414
              ],
              [
                -94.588747166374,
                39.061213587295
              ],
              [
                -94.588742782973,
                39.061298981928
              ],
              [
                -94.588740579745,
                39.061344196146
              ],
              [
                -94.58874768238,
                39.06134444243
              ],
              [
                -94.588761538402,
                39.061344935264
              ],
              [
                -94.589175250285,
                39.061360041348
              ],
              [
                -94.589261726565,
                39.061363199104
              ],
              [
                -94.589258000637,
                39.061420191265
              ],
              [
                -94.589237070504,
                39.06174054361
              ],
              [
                -94.589152774108,
                39.06173718053
              ],
              [
                -94.588719067158,
                39.061719252356
              ],
              [
                -94.588716969499,
                39.061755039584
              ],
              [
                -94.58871110444,
                39.061854918906
              ],
              [
                -94.589144492606,
                39.061873076161
              ],
              [
                -94.589228214884,
                39.061876032407
              ],
              [
                -94.589222457536,
                39.061964155495
              ],
              [
                -94.589212379614,
                39.062118402931
              ]
            ],
            [
              [
                -94.588259965043,
                39.061599936199
              ],
              [
                -94.588704119657,
                39.06161819906
              ],
              [
                -94.588718382675,
                39.06161789076
              ],
              [
                -94.588725484792,
                39.06161770231
              ],
              [
                -94.588727586309,
                39.061585003992
              ],
              [
                -94.588735324343,
                39.06148324701
              ],
              [
                -94.588714838643,
                39.061482896502
              ],
              [
                -94.588267983416,
                39.061463512276
              ],
              [
                -94.588156450149,
                39.06145867268
              ],
              [
                -94.588147859965,
                39.061595659897
              ],
              [
                -94.588259965043,
                39.061599936199
              ]
            ]
          ],
          [
            [
              [
                -94.584262446042,
                39.057838302541
              ],
              [
                -94.584254186452,
                39.057975458638
              ],
              [
                -94.583809825435,
                39.057958446558
              ],
              [
                -94.583809617057,
                39.057958435267
              ],
              [
                -94.583692234544,
                39.057953941101
              ],
              [
                -94.583726208217,
                39.057405428289
              ],
              [
                -94.583847559862,
                39.057410045413
              ],
              [
                -94.584287195209,
                39.057426774758
              ],
              [
                -94.584295513343,
                39.05728959801
              ],
              [
                -94.583856991167,
                39.057272936539
              ],
              [
                -94.583734699941,
                39.057268331539
              ],
              [
                -94.583756350629,
                39.056918783433
              ],
              [
                -94.583760169143,
                39.056857121353
              ],
              [
                -94.583885384728,
                39.056861678461
              ],
              [
                -94.584320291529,
                39.056878113633
              ],
              [
                -94.584785218193,
                39.056895394837
              ],
              [
                -94.584898444148,
                39.056898556976
              ],
              [
                -94.585004859658,
                39.05690246531
              ],
              [
                -94.585011903141,
                39.056902711866
              ],
              [
                -94.585476568477,
                39.056919601529
              ],
              [
                -94.585468575759,
                39.057057006938
              ],
              [
                -94.58546690678,
                39.057084488071
              ],
              [
                -94.585462362707,
                39.057161393963
              ],
              [
                -94.58546043636,
                39.057194481094
              ],
              [
                -94.585459660492,
                39.057208164415
              ],
              [
                -94.585452443664,
                39.057331955139
              ],
              [
                -94.58544433344,
                39.057469337743
              ],
              [
                -94.584980104053,
                39.057451898496
              ],
              [
                -94.584973031171,
                39.057451654248
              ],
              [
                -94.584871530523,
                39.057447820105
              ],
              [
                -94.584854199392,
                39.057723370844
              ],
              [
                -94.584743917356,
                39.057719204342
              ],
              [
                -94.584736873707,
                39.05771888684
              ],
              [
                -94.584270734873,
                39.057701082353
              ],
              [
                -94.584262446042,
                39.057838302541
              ]
            ]
          ],
          [
            [
              [
                -94.586934576461,
                39.063149216134
              ],
              [
                -94.586979465243,
                39.062459712178
              ],
              [
                -94.58706683243,
                39.062463186651
              ],
              [
                -94.587348098358,
                39.062474370988
              ],
              [
                -94.587524375142,
                39.062481354769
              ],
              [
                -94.58751623907,
                39.062618783174
              ],
              [
                -94.587508016557,
                39.062756348926
              ],
              [
                -94.587499908362,
                39.062893823065
              ],
              [
                -94.58749171364,
                39.063031365908
              ],
              [
                -94.587483577643,
                39.063168955608
              ],
              [
                -94.587475324131,
                39.063306474463
              ],
              [
                -94.587475322686,
                39.063306492768
              ],
              [
                -94.58746718807,
                39.063444063011
              ],
              [
                -94.58731544468,
                39.063438067537
              ],
              [
                -94.587162233851,
                39.063432072962
              ],
              [
                -94.587009225502,
                39.063426032273
              ],
              [
                -94.586922253396,
                39.063422598648
              ],
              [
                -94.586916791225,
                39.063422383063
              ],
              [
                -94.586934576461,
                39.063149216134
              ]
            ]
          ],
          [
            [
              [
                -94.589880686317,
                39.058317559956
              ],
              [
                -94.589544352461,
                39.05830573758
              ],
              [
                -94.589444488327,
                39.058302226493
              ],
              [
                -94.589468325176,
                39.057889128728
              ],
              [
                -94.589568394261,
                39.057892720864
              ],
              [
                -94.590049413939,
                39.057909990453
              ],
              [
                -94.590049327671,
                39.057911386251
              ],
              [
                -94.590049245071,
                39.057912782047
              ],
              [
                -94.590041283532,
                39.058047625064
              ],
              [
                -94.590033270396,
                39.058185190938
              ],
              [
                -94.590025110347,
                39.058322642518
              ],
              [
                -94.589880686317,
                39.058317559956
              ]
            ]
          ],
          [
            [
              [
                -94.588656294751,
                39.06280208879
              ],
              [
                -94.588194405691,
                39.062783654976
              ],
              [
                -94.588075116431,
                39.062778894388
              ],
              [
                -94.5881001286,
                39.062366386654
              ],
              [
                -94.588212352549,
                39.062370871127
              ],
              [
                -94.588680930836,
                39.062389598381
              ],
              [
                -94.588679090723,
                39.062420145697
              ],
              [
                -94.588672650445,
                39.062527164264
              ],
              [
                -94.588664040894,
                39.062671434477
              ],
              [
                -94.588663594542,
                39.062678276187
              ],
              [
                -94.588656294751,
                39.06280208879
              ]
            ]
          ],
          [
            [
              [
                -94.589212379614,
                39.062118402931
              ],
              [
                -94.589755598812,
                39.062139100567
              ],
              [
                -94.589751350261,
                39.062211867186
              ],
              [
                -94.58974902632,
                39.062251656462
              ],
              [
                -94.589739316928,
                39.062417938971
              ],
              [
                -94.589738599717,
                39.0624309816
              ],
              [
                -94.589730673619,
                39.062568593045
              ],
              [
                -94.589296315648,
                39.062550576
              ],
              [
                -94.589292808292,
                39.062550452841
              ],
              [
                -94.589189215727,
                39.062546134413
              ],
              [
                -94.589212379614,
                39.062118402931
              ]
            ]
          ],
          [
            [
              [
                -94.58890110172,
                39.058850002263
              ],
              [
                -94.588879175208,
                39.058849161515
              ],
              [
                -94.588887690311,
                39.058712193114
              ],
              [
                -94.588895979177,
                39.058582062253
              ],
              [
                -94.588901116528,
                39.058501405623
              ],
              [
                -94.589064158938,
                39.058507783966
              ],
              [
                -94.589431797245,
                39.058522162397
              ],
              [
                -94.589412132827,
                39.058869241084
              ],
              [
                -94.58933458108,
                39.058866570827
              ],
              [
                -94.589327508011,
                39.058866301675
              ],
              [
                -94.58890110172,
                39.058850002263
              ]
            ]
          ]
        ]
      }
    }
  ]
}